-- FieldVibe Demo Seed Data (schema-correct)
-- Generated: 100 customers, 50 products, 3 warehouses, 500 orders, 2000 visits

INSERT OR IGNORE INTO warehouses (id,tenant_id,name,code,type,latitude,longitude,status) VALUES ('wh-001','default-tenant-001','Johannesburg Main','JHB-MAIN','main',-26.2041,28.0473,'active');
INSERT OR IGNORE INTO warehouses (id,tenant_id,name,code,type,latitude,longitude,status) VALUES ('wh-002','default-tenant-001','Cape Town Hub','CPT-HUB','regional',-33.9249,18.4241,'active');
INSERT OR IGNORE INTO warehouses (id,tenant_id,name,code,type,latitude,longitude,status) VALUES ('wh-003','default-tenant-001','Durban Depot','DBN-DEP','regional',-29.8587,31.0218,'active');
INSERT OR IGNORE INTO products (id,tenant_id,name,code,sku,category_id,price,cost_price,tax_rate,status) VALUES ('prod-001','default-tenant-001','Premium Cola 2L','P0001','SKU-00001',NULL,9.91,5.95,15,'active');
INSERT OR IGNORE INTO products (id,tenant_id,name,code,sku,category_id,price,cost_price,tax_rate,status) VALUES ('prod-002','default-tenant-001','Orange Juice 1L','P0002','SKU-00002',NULL,94.91,56.95,15,'active');
INSERT OR IGNORE INTO products (id,tenant_id,name,code,sku,category_id,price,cost_price,tax_rate,status) VALUES ('prod-003','default-tenant-001','Mineral Water 500ml','P0003','SKU-00003',NULL,31.57,18.94,15,'active');
INSERT OR IGNORE INTO products (id,tenant_id,name,code,sku,category_id,price,cost_price,tax_rate,status) VALUES ('prod-004','default-tenant-001','Energy Drink 250ml','P0004','SKU-00004',NULL,148.07,88.84,15,'active');
INSERT OR IGNORE INTO products (id,tenant_id,name,code,sku,category_id,price,cost_price,tax_rate,status) VALUES ('prod-005','default-tenant-001','Iced Tea 1.5L','P0005','SKU-00005',NULL,84.6,50.76,15,'active');
INSERT OR IGNORE INTO products (id,tenant_id,name,code,sku,category_id,price,cost_price,tax_rate,status) VALUES ('prod-006','default-tenant-001','White Bread 700g','P0006','SKU-00006',NULL,23.02,13.81,15,'active');
INSERT OR IGNORE INTO products (id,tenant_id,name,code,sku,category_id,price,cost_price,tax_rate,status) VALUES ('prod-007','default-tenant-001','Brown Bread 700g','P0007','SKU-00007',NULL,114.89,68.93,15,'active');
INSERT OR IGNORE INTO products (id,tenant_id,name,code,sku,category_id,price,cost_price,tax_rate,status) VALUES ('prod-008','default-tenant-001','Maize Meal 5kg','P0008','SKU-00008',NULL,121.79,73.07,15,'active');
INSERT OR IGNORE INTO products (id,tenant_id,name,code,sku,category_id,price,cost_price,tax_rate,status) VALUES ('prod-009','default-tenant-001','Rice 2kg','P0009','SKU-00009',NULL,167.15,100.29,15,'active');
INSERT OR IGNORE INTO products (id,tenant_id,name,code,sku,category_id,price,cost_price,tax_rate,status) VALUES ('prod-010','default-tenant-001','Pasta 500g','P0010','SKU-00010',NULL,128.33,77.0,15,'active');
INSERT OR IGNORE INTO products (id,tenant_id,name,code,sku,category_id,price,cost_price,tax_rate,status) VALUES ('prod-011','default-tenant-001','Dish Soap 750ml','P0011','SKU-00011',NULL,155.87,93.52,15,'active');
INSERT OR IGNORE INTO products (id,tenant_id,name,code,sku,category_id,price,cost_price,tax_rate,status) VALUES ('prod-012','default-tenant-001','Laundry Powder 2kg','P0012','SKU-00012',NULL,190.49,114.29,15,'active');
INSERT OR IGNORE INTO products (id,tenant_id,name,code,sku,category_id,price,cost_price,tax_rate,status) VALUES ('prod-013','default-tenant-001','Floor Cleaner 1L','P0013','SKU-00013',NULL,81.26,48.76,15,'active');
INSERT OR IGNORE INTO products (id,tenant_id,name,code,sku,category_id,price,cost_price,tax_rate,status) VALUES ('prod-014','default-tenant-001','Toilet Paper 9pk','P0014','SKU-00014',NULL,41.99,25.19,15,'active');
INSERT OR IGNORE INTO products (id,tenant_id,name,code,sku,category_id,price,cost_price,tax_rate,status) VALUES ('prod-015','default-tenant-001','Paper Towels 4pk','P0015','SKU-00015',NULL,128.35,77.01,15,'active');
INSERT OR IGNORE INTO products (id,tenant_id,name,code,sku,category_id,price,cost_price,tax_rate,status) VALUES ('prod-016','default-tenant-001','Potato Chips 125g','P0016','SKU-00016',NULL,107.58,64.55,15,'active');
INSERT OR IGNORE INTO products (id,tenant_id,name,code,sku,category_id,price,cost_price,tax_rate,status) VALUES ('prod-017','default-tenant-001','Chocolate Bar 80g','P0017','SKU-00017',NULL,47.23,28.34,15,'active');
INSERT OR IGNORE INTO products (id,tenant_id,name,code,sku,category_id,price,cost_price,tax_rate,status) VALUES ('prod-018','default-tenant-001','Biscuits 200g','P0018','SKU-00018',NULL,138.09,82.85,15,'active');
INSERT OR IGNORE INTO products (id,tenant_id,name,code,sku,category_id,price,cost_price,tax_rate,status) VALUES ('prod-019','default-tenant-001','Popcorn 100g','P0019','SKU-00019',NULL,23.55,14.13,15,'active');
INSERT OR IGNORE INTO products (id,tenant_id,name,code,sku,category_id,price,cost_price,tax_rate,status) VALUES ('prod-020','default-tenant-001','Sweets 500g','P0020','SKU-00020',NULL,147.32,88.39,15,'active');
INSERT OR IGNORE INTO products (id,tenant_id,name,code,sku,category_id,price,cost_price,tax_rate,status) VALUES ('prod-021','default-tenant-001','Full Cream Milk 1L','P0021','SKU-00021',NULL,98.8,59.28,15,'active');
INSERT OR IGNORE INTO products (id,tenant_id,name,code,sku,category_id,price,cost_price,tax_rate,status) VALUES ('prod-022','default-tenant-001','Low Fat Milk 1L','P0022','SKU-00022',NULL,72.47,43.48,15,'active');
INSERT OR IGNORE INTO products (id,tenant_id,name,code,sku,category_id,price,cost_price,tax_rate,status) VALUES ('prod-023','default-tenant-001','Yoghurt 6pk','P0023','SKU-00023',NULL,77.53,46.52,15,'active');
INSERT OR IGNORE INTO products (id,tenant_id,name,code,sku,category_id,price,cost_price,tax_rate,status) VALUES ('prod-024','default-tenant-001','Cheese 400g','P0024','SKU-00024',NULL,46.24,27.74,15,'active');
INSERT OR IGNORE INTO products (id,tenant_id,name,code,sku,category_id,price,cost_price,tax_rate,status) VALUES ('prod-025','default-tenant-001','Butter 500g','P0025','SKU-00025',NULL,132.15,79.29,15,'active');
INSERT OR IGNORE INTO products (id,tenant_id,name,code,sku,category_id,price,cost_price,tax_rate,status) VALUES ('prod-026','default-tenant-001','Shampoo 400ml','P0026','SKU-00026',NULL,154.69,92.81,15,'active');
INSERT OR IGNORE INTO products (id,tenant_id,name,code,sku,category_id,price,cost_price,tax_rate,status) VALUES ('prod-027','default-tenant-001','Conditioner 400ml','P0027','SKU-00027',NULL,12.95,7.77,15,'active');
INSERT OR IGNORE INTO products (id,tenant_id,name,code,sku,category_id,price,cost_price,tax_rate,status) VALUES ('prod-028','default-tenant-001','Body Wash 750ml','P0028','SKU-00028',NULL,90.29,54.17,15,'active');
INSERT OR IGNORE INTO products (id,tenant_id,name,code,sku,category_id,price,cost_price,tax_rate,status) VALUES ('prod-029','default-tenant-001','Deodorant 150ml','P0029','SKU-00029',NULL,163.65,98.19,15,'active');
INSERT OR IGNORE INTO products (id,tenant_id,name,code,sku,category_id,price,cost_price,tax_rate,status) VALUES ('prod-030','default-tenant-001','Toothpaste 100ml','P0030','SKU-00030',NULL,86.33,51.8,15,'active');
INSERT OR IGNORE INTO products (id,tenant_id,name,code,sku,category_id,price,cost_price,tax_rate,status) VALUES ('prod-031','default-tenant-001','Baby Formula 900g','P0031','SKU-00031',NULL,131.25,78.75,15,'active');
INSERT OR IGNORE INTO products (id,tenant_id,name,code,sku,category_id,price,cost_price,tax_rate,status) VALUES ('prod-032','default-tenant-001','Baby Wipes 80pk','P0032','SKU-00032',NULL,79.12,47.47,15,'active');
INSERT OR IGNORE INTO products (id,tenant_id,name,code,sku,category_id,price,cost_price,tax_rate,status) VALUES ('prod-033','default-tenant-001','Nappies 50pk','P0033','SKU-00033',NULL,159.15,95.49,15,'active');
INSERT OR IGNORE INTO products (id,tenant_id,name,code,sku,category_id,price,cost_price,tax_rate,status) VALUES ('prod-034','default-tenant-001','Baby Cereal 500g','P0034','SKU-00034',NULL,91.16,54.7,15,'active');
INSERT OR IGNORE INTO products (id,tenant_id,name,code,sku,category_id,price,cost_price,tax_rate,status) VALUES ('prod-035','default-tenant-001','Baby Lotion 400ml','P0035','SKU-00035',NULL,77.72,46.63,15,'active');
INSERT OR IGNORE INTO products (id,tenant_id,name,code,sku,category_id,price,cost_price,tax_rate,status) VALUES ('prod-036','default-tenant-001','Frozen Peas 1kg','P0036','SKU-00036',NULL,89.06,53.44,15,'active');
INSERT OR IGNORE INTO products (id,tenant_id,name,code,sku,category_id,price,cost_price,tax_rate,status) VALUES ('prod-037','default-tenant-001','Frozen Chips 2kg','P0037','SKU-00037',NULL,48.45,29.07,15,'active');
INSERT OR IGNORE INTO products (id,tenant_id,name,code,sku,category_id,price,cost_price,tax_rate,status) VALUES ('prod-038','default-tenant-001','Fish Fingers 400g','P0038','SKU-00038',NULL,67.54,40.52,15,'active');
INSERT OR IGNORE INTO products (id,tenant_id,name,code,sku,category_id,price,cost_price,tax_rate,status) VALUES ('prod-039','default-tenant-001','Ice Cream 2L','P0039','SKU-00039',NULL,154.66,92.8,15,'active');
INSERT OR IGNORE INTO products (id,tenant_id,name,code,sku,category_id,price,cost_price,tax_rate,status) VALUES ('prod-040','default-tenant-001','Frozen Pizza','P0040','SKU-00040',NULL,83.99,50.39,15,'active');
INSERT OR IGNORE INTO products (id,tenant_id,name,code,sku,category_id,price,cost_price,tax_rate,status) VALUES ('prod-041','default-tenant-001','Baked Beans 410g','P0041','SKU-00041',NULL,120.47,72.28,15,'active');
INSERT OR IGNORE INTO products (id,tenant_id,name,code,sku,category_id,price,cost_price,tax_rate,status) VALUES ('prod-042','default-tenant-001','Tuna 170g','P0042','SKU-00042',NULL,44.12,26.47,15,'active');
INSERT OR IGNORE INTO products (id,tenant_id,name,code,sku,category_id,price,cost_price,tax_rate,status) VALUES ('prod-043','default-tenant-001','Sweetcorn 410g','P0043','SKU-00043',NULL,136.77,82.06,15,'active');
INSERT OR IGNORE INTO products (id,tenant_id,name,code,sku,category_id,price,cost_price,tax_rate,status) VALUES ('prod-044','default-tenant-001','Tomato Sauce 700ml','P0044','SKU-00044',NULL,130.0,78.0,15,'active');
INSERT OR IGNORE INTO products (id,tenant_id,name,code,sku,category_id,price,cost_price,tax_rate,status) VALUES ('prod-045','default-tenant-001','Soup 400g','P0045','SKU-00045',NULL,190.09,114.05,15,'active');
INSERT OR IGNORE INTO products (id,tenant_id,name,code,sku,category_id,price,cost_price,tax_rate,status) VALUES ('prod-046','default-tenant-001','White Rolls 6pk','P0046','SKU-00046',NULL,116.96,70.18,15,'active');
INSERT OR IGNORE INTO products (id,tenant_id,name,code,sku,category_id,price,cost_price,tax_rate,status) VALUES ('prod-047','default-tenant-001','Muffins 4pk','P0047','SKU-00047',NULL,114.68,68.81,15,'active');
INSERT OR IGNORE INTO products (id,tenant_id,name,code,sku,category_id,price,cost_price,tax_rate,status) VALUES ('prod-048','default-tenant-001','Croissants 4pk','P0048','SKU-00048',NULL,156.18,93.71,15,'active');
INSERT OR IGNORE INTO products (id,tenant_id,name,code,sku,category_id,price,cost_price,tax_rate,status) VALUES ('prod-049','default-tenant-001','Rusks 500g','P0049','SKU-00049',NULL,43.23,25.94,15,'active');
INSERT OR IGNORE INTO products (id,tenant_id,name,code,sku,category_id,price,cost_price,tax_rate,status) VALUES ('prod-050','default-tenant-001','Scones 6pk','P0050','SKU-00050',NULL,126.86,76.12,15,'active');
INSERT OR IGNORE INTO customers (id,tenant_id,name,code,type,contact_phone,phone,address,latitude,longitude,credit_limit,category,status) VALUES ('cust-001','default-tenant-001','Shoprite Johannesburg #1','C0001','retail','+27714402134','+27714402134','Johannesburg, South Africa',-26.1562,28.0670,10000,'A','active');
INSERT OR IGNORE INTO customers (id,tenant_id,name,code,type,contact_phone,phone,address,latitude,longitude,credit_limit,category,status) VALUES ('cust-002','default-tenant-001','Pick n Pay Pretoria #2','C0002','wholesale','+27714178848','+27714178848','Pretoria, South Africa',-25.7084,28.2635,50000,'B','active');
INSERT OR IGNORE INTO customers (id,tenant_id,name,code,type,contact_phone,phone,address,latitude,longitude,credit_limit,category,status) VALUES ('cust-003','default-tenant-001','Spar Cape Town #3','C0003','informal','+27717981159','+27717981159','Cape Town, South Africa',-33.9333,18.3768,10000,'C','active');
INSERT OR IGNORE INTO customers (id,tenant_id,name,code,type,contact_phone,phone,address,latitude,longitude,credit_limit,category,status) VALUES ('cust-004','default-tenant-001','Checkers Durban #4','C0004','on_trade','+27711822753','+27711822753','Durban, South Africa',-29.8374,31.0096,15000,'D','active');
INSERT OR IGNORE INTO customers (id,tenant_id,name,code,type,contact_phone,phone,address,latitude,longitude,credit_limit,category,status) VALUES ('cust-005','default-tenant-001','Woolworths Port Elizabeth #5','C0005','convenience','+27714357234','+27714357234','Port Elizabeth, South Africa',-33.9961,25.6522,10000,'A','active');
INSERT OR IGNORE INTO customers (id,tenant_id,name,code,type,contact_phone,phone,address,latitude,longitude,credit_limit,category,status) VALUES ('cust-006','default-tenant-001','Game Bloemfontein #6','C0006','retail','+27717167159','+27717167159','Bloemfontein, South Africa',-29.0571,26.1997,15000,'B','active');
INSERT OR IGNORE INTO customers (id,tenant_id,name,code,type,contact_phone,phone,address,latitude,longitude,credit_limit,category,status) VALUES ('cust-007','default-tenant-001','Makro Nelspruit #7','C0007','wholesale','+27711176614','+27711176614','Nelspruit, South Africa',-25.4503,30.9429,5000,'C','active');
INSERT OR IGNORE INTO customers (id,tenant_id,name,code,type,contact_phone,phone,address,latitude,longitude,credit_limit,category,status) VALUES ('cust-008','default-tenant-001','Boxer Polokwane #8','C0008','informal','+27715748888','+27715748888','Polokwane, South Africa',-23.8790,29.4586,15000,'D','active');
INSERT OR IGNORE INTO customers (id,tenant_id,name,code,type,contact_phone,phone,address,latitude,longitude,credit_limit,category,status) VALUES ('cust-009','default-tenant-001','OK Foods Kimberley #9','C0009','on_trade','+27715253985','+27715253985','Kimberley, South Africa',-28.7576,24.7334,15000,'A','active');
INSERT OR IGNORE INTO customers (id,tenant_id,name,code,type,contact_phone,phone,address,latitude,longitude,credit_limit,category,status) VALUES ('cust-010','default-tenant-001','KwikSpar East London #10','C0010','convenience','+27718764409','+27718764409','East London, South Africa',-32.9848,27.9493,10000,'B','active');
INSERT OR IGNORE INTO customers (id,tenant_id,name,code,type,contact_phone,phone,address,latitude,longitude,credit_limit,category,status) VALUES ('cust-011','default-tenant-001','USave Johannesburg #11','C0011','retail','+27716439232','+27716439232','Johannesburg, South Africa',-26.1672,28.0270,5000,'C','active');
INSERT OR IGNORE INTO customers (id,tenant_id,name,code,type,contact_phone,phone,address,latitude,longitude,credit_limit,category,status) VALUES ('cust-012','default-tenant-001','Cambridge Pretoria #12','C0012','wholesale','+27711404419','+27711404419','Pretoria, South Africa',-25.7663,28.2762,15000,'D','active');
INSERT OR IGNORE INTO customers (id,tenant_id,name,code,type,contact_phone,phone,address,latitude,longitude,credit_limit,category,status) VALUES ('cust-013','default-tenant-001','Massmart Cape Town #13','C0013','informal','+27714720641','+27714720641','Cape Town, South Africa',-33.8759,18.4250,5000,'A','active');
INSERT OR IGNORE INTO customers (id,tenant_id,name,code,type,contact_phone,phone,address,latitude,longitude,credit_limit,category,status) VALUES ('cust-014','default-tenant-001','Choppies Durban #14','C0014','on_trade','+27719275161','+27719275161','Durban, South Africa',-29.8196,30.9967,50000,'B','active');
INSERT OR IGNORE INTO customers (id,tenant_id,name,code,type,contact_phone,phone,address,latitude,longitude,credit_limit,category,status) VALUES ('cust-015','default-tenant-001','Food Lovers Port Elizabeth #15','C0015','convenience','+27716841851','+27716841851','Port Elizabeth, South Africa',-33.9615,25.5572,15000,'C','active');
INSERT OR IGNORE INTO customers (id,tenant_id,name,code,type,contact_phone,phone,address,latitude,longitude,credit_limit,category,status) VALUES ('cust-016','default-tenant-001','Tops Bloemfontein #16','C0016','retail','+27718433333','+27718433333','Bloemfontein, South Africa',-29.0907,26.1568,5000,'D','active');
INSERT OR IGNORE INTO customers (id,tenant_id,name,code,type,contact_phone,phone,address,latitude,longitude,credit_limit,category,status) VALUES ('cust-017','default-tenant-001','Liquor City Nelspruit #17','C0017','wholesale','+27711847278','+27711847278','Nelspruit, South Africa',-25.5076,30.9384,10000,'A','active');
INSERT OR IGNORE INTO customers (id,tenant_id,name,code,type,contact_phone,phone,address,latitude,longitude,credit_limit,category,status) VALUES ('cust-018','default-tenant-001','Dis-Chem Polokwane #18','C0018','informal','+27714230882','+27714230882','Polokwane, South Africa',-23.9479,29.4404,5000,'B','active');
INSERT OR IGNORE INTO customers (id,tenant_id,name,code,type,contact_phone,phone,address,latitude,longitude,credit_limit,category,status) VALUES ('cust-019','default-tenant-001','Clicks Kimberley #19','C0019','on_trade','+27713731482','+27713731482','Kimberley, South Africa',-28.6821,24.7271,20000,'C','active');
INSERT OR IGNORE INTO customers (id,tenant_id,name,code,type,contact_phone,phone,address,latitude,longitude,credit_limit,category,status) VALUES ('cust-020','default-tenant-001','Mr Price East London #20','C0020','convenience','+27715678106','+27715678106','East London, South Africa',-32.9736,27.8734,50000,'D','active');
INSERT OR IGNORE INTO customers (id,tenant_id,name,code,type,contact_phone,phone,address,latitude,longitude,credit_limit,category,status) VALUES ('cust-021','default-tenant-001','Shoprite Johannesburg #21','C0021','retail','+27716486754','+27716486754','Johannesburg, South Africa',-26.2429,28.0246,5000,'A','active');
INSERT OR IGNORE INTO customers (id,tenant_id,name,code,type,contact_phone,phone,address,latitude,longitude,credit_limit,category,status) VALUES ('cust-022','default-tenant-001','Pick n Pay Pretoria #22','C0022','wholesale','+27718392312','+27718392312','Pretoria, South Africa',-25.7607,28.1929,5000,'B','active');
INSERT OR IGNORE INTO customers (id,tenant_id,name,code,type,contact_phone,phone,address,latitude,longitude,credit_limit,category,status) VALUES ('cust-023','default-tenant-001','Spar Cape Town #23','C0023','informal','+27719911678','+27719911678','Cape Town, South Africa',-33.8882,18.3912,5000,'C','active');
INSERT OR IGNORE INTO customers (id,tenant_id,name,code,type,contact_phone,phone,address,latitude,longitude,credit_limit,category,status) VALUES ('cust-024','default-tenant-001','Checkers Durban #24','C0024','on_trade','+27717650084','+27717650084','Durban, South Africa',-29.8911,31.0125,50000,'D','active');
INSERT OR IGNORE INTO customers (id,tenant_id,name,code,type,contact_phone,phone,address,latitude,longitude,credit_limit,category,status) VALUES ('cust-025','default-tenant-001','Woolworths Port Elizabeth #25','C0025','convenience','+27714728018','+27714728018','Port Elizabeth, South Africa',-33.9496,25.6051,10000,'A','active');
INSERT OR IGNORE INTO customers (id,tenant_id,name,code,type,contact_phone,phone,address,latitude,longitude,credit_limit,category,status) VALUES ('cust-026','default-tenant-001','Game Bloemfontein #26','C0026','retail','+27716617258','+27716617258','Bloemfontein, South Africa',-29.0531,26.1464,5000,'B','active');
INSERT OR IGNORE INTO customers (id,tenant_id,name,code,type,contact_phone,phone,address,latitude,longitude,credit_limit,category,status) VALUES ('cust-027','default-tenant-001','Makro Nelspruit #27','C0027','wholesale','+27711105093','+27711105093','Nelspruit, South Africa',-25.4392,30.9248,10000,'C','active');
INSERT OR IGNORE INTO customers (id,tenant_id,name,code,type,contact_phone,phone,address,latitude,longitude,credit_limit,category,status) VALUES ('cust-028','default-tenant-001','Boxer Polokwane #28','C0028','informal','+27715538570','+27715538570','Polokwane, South Africa',-23.8820,29.4509,20000,'D','active');
INSERT OR IGNORE INTO customers (id,tenant_id,name,code,type,contact_phone,phone,address,latitude,longitude,credit_limit,category,status) VALUES ('cust-029','default-tenant-001','OK Foods Kimberley #29','C0029','on_trade','+27717437043','+27717437043','Kimberley, South Africa',-28.7680,24.7737,20000,'A','active');
INSERT OR IGNORE INTO customers (id,tenant_id,name,code,type,contact_phone,phone,address,latitude,longitude,credit_limit,category,status) VALUES ('cust-030','default-tenant-001','KwikSpar East London #30','C0030','convenience','+27719533045','+27719533045','East London, South Africa',-33.0138,27.9339,5000,'B','active');
INSERT OR IGNORE INTO customers (id,tenant_id,name,code,type,contact_phone,phone,address,latitude,longitude,credit_limit,category,status) VALUES ('cust-031','default-tenant-001','USave Johannesburg #31','C0031','retail','+27714463293','+27714463293','Johannesburg, South Africa',-26.2489,28.0101,50000,'C','active');
INSERT OR IGNORE INTO customers (id,tenant_id,name,code,type,contact_phone,phone,address,latitude,longitude,credit_limit,category,status) VALUES ('cust-032','default-tenant-001','Cambridge Pretoria #32','C0032','wholesale','+27713633072','+27713633072','Pretoria, South Africa',-25.7816,28.2545,15000,'D','active');
INSERT OR IGNORE INTO customers (id,tenant_id,name,code,type,contact_phone,phone,address,latitude,longitude,credit_limit,category,status) VALUES ('cust-033','default-tenant-001','Massmart Cape Town #33','C0033','informal','+27714183125','+27714183125','Cape Town, South Africa',-33.9183,18.4240,15000,'A','active');
INSERT OR IGNORE INTO customers (id,tenant_id,name,code,type,contact_phone,phone,address,latitude,longitude,credit_limit,category,status) VALUES ('cust-034','default-tenant-001','Choppies Durban #34','C0034','on_trade','+27712326543','+27712326543','Durban, South Africa',-29.8173,31.0173,5000,'B','active');
INSERT OR IGNORE INTO customers (id,tenant_id,name,code,type,contact_phone,phone,address,latitude,longitude,credit_limit,category,status) VALUES ('cust-035','default-tenant-001','Food Lovers Port Elizabeth #35','C0035','convenience','+27711386652','+27711386652','Port Elizabeth, South Africa',-33.9979,25.5668,20000,'C','active');
INSERT OR IGNORE INTO customers (id,tenant_id,name,code,type,contact_phone,phone,address,latitude,longitude,credit_limit,category,status) VALUES ('cust-036','default-tenant-001','Tops Bloemfontein #36','C0036','retail','+27713281867','+27713281867','Bloemfontein, South Africa',-29.0356,26.1602,15000,'D','active');
INSERT OR IGNORE INTO customers (id,tenant_id,name,code,type,contact_phone,phone,address,latitude,longitude,credit_limit,category,status) VALUES ('cust-037','default-tenant-001','Liquor City Nelspruit #37','C0037','wholesale','+27711660112','+27711660112','Nelspruit, South Africa',-25.4850,30.9902,20000,'A','active');
INSERT OR IGNORE INTO customers (id,tenant_id,name,code,type,contact_phone,phone,address,latitude,longitude,credit_limit,category,status) VALUES ('cust-038','default-tenant-001','Dis-Chem Polokwane #38','C0038','informal','+27715771992','+27715771992','Polokwane, South Africa',-23.9201,29.4573,50000,'B','active');
INSERT OR IGNORE INTO customers (id,tenant_id,name,code,type,contact_phone,phone,address,latitude,longitude,credit_limit,category,status) VALUES ('cust-039','default-tenant-001','Clicks Kimberley #39','C0039','on_trade','+27711026653','+27711026653','Kimberley, South Africa',-28.7170,24.7291,15000,'C','active');
INSERT OR IGNORE INTO customers (id,tenant_id,name,code,type,contact_phone,phone,address,latitude,longitude,credit_limit,category,status) VALUES ('cust-040','default-tenant-001','Mr Price East London #40','C0040','convenience','+27717581094','+27717581094','East London, South Africa',-33.0387,27.9607,50000,'D','active');
INSERT OR IGNORE INTO customers (id,tenant_id,name,code,type,contact_phone,phone,address,latitude,longitude,credit_limit,category,status) VALUES ('cust-041','default-tenant-001','Shoprite Johannesburg #41','C0041','retail','+27716827252','+27716827252','Johannesburg, South Africa',-26.1603,28.0142,5000,'A','active');
INSERT OR IGNORE INTO customers (id,tenant_id,name,code,type,contact_phone,phone,address,latitude,longitude,credit_limit,category,status) VALUES ('cust-042','default-tenant-001','Pick n Pay Pretoria #42','C0042','wholesale','+27715717160','+27715717160','Pretoria, South Africa',-25.7150,28.1880,20000,'B','active');
INSERT OR IGNORE INTO customers (id,tenant_id,name,code,type,contact_phone,phone,address,latitude,longitude,credit_limit,category,status) VALUES ('cust-043','default-tenant-001','Spar Cape Town #43','C0043','informal','+27717705858','+27717705858','Cape Town, South Africa',-33.9232,18.3948,5000,'C','active');
INSERT OR IGNORE INTO customers (id,tenant_id,name,code,type,contact_phone,phone,address,latitude,longitude,credit_limit,category,status) VALUES ('cust-044','default-tenant-001','Checkers Durban #44','C0044','on_trade','+27711616541','+27711616541','Durban, South Africa',-29.8883,30.9801,5000,'D','active');
INSERT OR IGNORE INTO customers (id,tenant_id,name,code,type,contact_phone,phone,address,latitude,longitude,credit_limit,category,status) VALUES ('cust-045','default-tenant-001','Woolworths Port Elizabeth #45','C0045','convenience','+27713728874','+27713728874','Port Elizabeth, South Africa',-33.9778,25.6305,5000,'A','active');
INSERT OR IGNORE INTO customers (id,tenant_id,name,code,type,contact_phone,phone,address,latitude,longitude,credit_limit,category,status) VALUES ('cust-046','default-tenant-001','Game Bloemfontein #46','C0046','retail','+27717668689','+27717668689','Bloemfontein, South Africa',-29.0806,26.1506,15000,'B','active');
INSERT OR IGNORE INTO customers (id,tenant_id,name,code,type,contact_phone,phone,address,latitude,longitude,credit_limit,category,status) VALUES ('cust-047','default-tenant-001','Makro Nelspruit #47','C0047','wholesale','+27718807866','+27718807866','Nelspruit, South Africa',-25.5237,31.0103,50000,'C','active');
INSERT OR IGNORE INTO customers (id,tenant_id,name,code,type,contact_phone,phone,address,latitude,longitude,credit_limit,category,status) VALUES ('cust-048','default-tenant-001','Boxer Polokwane #48','C0048','informal','+27714692360','+27714692360','Polokwane, South Africa',-23.9541,29.4303,20000,'D','active');
INSERT OR IGNORE INTO customers (id,tenant_id,name,code,type,contact_phone,phone,address,latitude,longitude,credit_limit,category,status) VALUES ('cust-049','default-tenant-001','OK Foods Kimberley #49','C0049','on_trade','+27718178532','+27718178532','Kimberley, South Africa',-28.6932,24.7918,20000,'A','active');
INSERT OR IGNORE INTO customers (id,tenant_id,name,code,type,contact_phone,phone,address,latitude,longitude,credit_limit,category,status) VALUES ('cust-050','default-tenant-001','KwikSpar East London #50','C0050','convenience','+27715659576','+27715659576','East London, South Africa',-33.0264,27.8677,15000,'B','active');
INSERT OR IGNORE INTO customers (id,tenant_id,name,code,type,contact_phone,phone,address,latitude,longitude,credit_limit,category,status) VALUES ('cust-051','default-tenant-001','USave Johannesburg #51','C0051','retail','+27712999561','+27712999561','Johannesburg, South Africa',-26.1799,28.0553,50000,'C','active');
INSERT OR IGNORE INTO customers (id,tenant_id,name,code,type,contact_phone,phone,address,latitude,longitude,credit_limit,category,status) VALUES ('cust-052','default-tenant-001','Cambridge Pretoria #52','C0052','wholesale','+27719137798','+27719137798','Pretoria, South Africa',-25.7084,28.2328,5000,'D','active');
INSERT OR IGNORE INTO customers (id,tenant_id,name,code,type,contact_phone,phone,address,latitude,longitude,credit_limit,category,status) VALUES ('cust-053','default-tenant-001','Massmart Cape Town #53','C0053','informal','+27717144759','+27717144759','Cape Town, South Africa',-33.8754,18.3950,10000,'A','active');
INSERT OR IGNORE INTO customers (id,tenant_id,name,code,type,contact_phone,phone,address,latitude,longitude,credit_limit,category,status) VALUES ('cust-054','default-tenant-001','Choppies Durban #54','C0054','on_trade','+27711523152','+27711523152','Durban, South Africa',-29.8687,31.0471,20000,'B','active');
INSERT OR IGNORE INTO customers (id,tenant_id,name,code,type,contact_phone,phone,address,latitude,longitude,credit_limit,category,status) VALUES ('cust-055','default-tenant-001','Food Lovers Port Elizabeth #55','C0055','convenience','+27716798270','+27716798270','Port Elizabeth, South Africa',-33.9577,25.6030,15000,'C','active');
INSERT OR IGNORE INTO customers (id,tenant_id,name,code,type,contact_phone,phone,address,latitude,longitude,credit_limit,category,status) VALUES ('cust-056','default-tenant-001','Tops Bloemfontein #56','C0056','retail','+27711620957','+27711620957','Bloemfontein, South Africa',-29.1028,26.1463,20000,'D','active');
INSERT OR IGNORE INTO customers (id,tenant_id,name,code,type,contact_phone,phone,address,latitude,longitude,credit_limit,category,status) VALUES ('cust-057','default-tenant-001','Liquor City Nelspruit #57','C0057','wholesale','+27714196907','+27714196907','Nelspruit, South Africa',-25.4328,30.9891,15000,'A','active');
INSERT OR IGNORE INTO customers (id,tenant_id,name,code,type,contact_phone,phone,address,latitude,longitude,credit_limit,category,status) VALUES ('cust-058','default-tenant-001','Dis-Chem Polokwane #58','C0058','informal','+27717855607','+27717855607','Polokwane, South Africa',-23.8642,29.4937,50000,'B','active');
INSERT OR IGNORE INTO customers (id,tenant_id,name,code,type,contact_phone,phone,address,latitude,longitude,credit_limit,category,status) VALUES ('cust-059','default-tenant-001','Clicks Kimberley #59','C0059','on_trade','+27715872403','+27715872403','Kimberley, South Africa',-28.6783,24.7651,50000,'C','active');
INSERT OR IGNORE INTO customers (id,tenant_id,name,code,type,contact_phone,phone,address,latitude,longitude,credit_limit,category,status) VALUES ('cust-060','default-tenant-001','Mr Price East London #60','C0060','convenience','+27715109429','+27715109429','East London, South Africa',-33.0295,27.9003,5000,'D','active');
INSERT OR IGNORE INTO customers (id,tenant_id,name,code,type,contact_phone,phone,address,latitude,longitude,credit_limit,category,status) VALUES ('cust-061','default-tenant-001','Shoprite Johannesburg #61','C0061','retail','+27718847462','+27718847462','Johannesburg, South Africa',-26.2187,28.0913,20000,'A','active');
INSERT OR IGNORE INTO customers (id,tenant_id,name,code,type,contact_phone,phone,address,latitude,longitude,credit_limit,category,status) VALUES ('cust-062','default-tenant-001','Pick n Pay Pretoria #62','C0062','wholesale','+27717598081','+27717598081','Pretoria, South Africa',-25.7939,28.2647,15000,'B','active');
INSERT OR IGNORE INTO customers (id,tenant_id,name,code,type,contact_phone,phone,address,latitude,longitude,credit_limit,category,status) VALUES ('cust-063','default-tenant-001','Spar Cape Town #63','C0063','informal','+27711033847','+27711033847','Cape Town, South Africa',-33.9654,18.4428,50000,'C','active');
INSERT OR IGNORE INTO customers (id,tenant_id,name,code,type,contact_phone,phone,address,latitude,longitude,credit_limit,category,status) VALUES ('cust-064','default-tenant-001','Checkers Durban #64','C0064','on_trade','+27717197555','+27717197555','Durban, South Africa',-29.8851,31.0266,20000,'D','active');
INSERT OR IGNORE INTO customers (id,tenant_id,name,code,type,contact_phone,phone,address,latitude,longitude,credit_limit,category,status) VALUES ('cust-065','default-tenant-001','Woolworths Port Elizabeth #65','C0065','convenience','+27718434828','+27718434828','Port Elizabeth, South Africa',-33.9156,25.5658,10000,'A','active');
INSERT OR IGNORE INTO customers (id,tenant_id,name,code,type,contact_phone,phone,address,latitude,longitude,credit_limit,category,status) VALUES ('cust-066','default-tenant-001','Game Bloemfontein #66','C0066','retail','+27719327035','+27719327035','Bloemfontein, South Africa',-29.0375,26.1310,5000,'B','active');
INSERT OR IGNORE INTO customers (id,tenant_id,name,code,type,contact_phone,phone,address,latitude,longitude,credit_limit,category,status) VALUES ('cust-067','default-tenant-001','Makro Nelspruit #67','C0067','wholesale','+27716044671','+27716044671','Nelspruit, South Africa',-25.5125,31.0177,20000,'C','active');
INSERT OR IGNORE INTO customers (id,tenant_id,name,code,type,contact_phone,phone,address,latitude,longitude,credit_limit,category,status) VALUES ('cust-068','default-tenant-001','Boxer Polokwane #68','C0068','informal','+27711155426','+27711155426','Polokwane, South Africa',-23.9462,29.4545,5000,'D','active');
INSERT OR IGNORE INTO customers (id,tenant_id,name,code,type,contact_phone,phone,address,latitude,longitude,credit_limit,category,status) VALUES ('cust-069','default-tenant-001','OK Foods Kimberley #69','C0069','on_trade','+27718022028','+27718022028','Kimberley, South Africa',-28.6876,24.7490,50000,'A','active');
INSERT OR IGNORE INTO customers (id,tenant_id,name,code,type,contact_phone,phone,address,latitude,longitude,credit_limit,category,status) VALUES ('cust-070','default-tenant-001','KwikSpar East London #70','C0070','convenience','+27718629719','+27718629719','East London, South Africa',-33.0221,27.9457,15000,'B','active');
INSERT OR IGNORE INTO customers (id,tenant_id,name,code,type,contact_phone,phone,address,latitude,longitude,credit_limit,category,status) VALUES ('cust-071','default-tenant-001','USave Johannesburg #71','C0071','retail','+27718679627','+27718679627','Johannesburg, South Africa',-26.2436,28.0406,15000,'C','active');
INSERT OR IGNORE INTO customers (id,tenant_id,name,code,type,contact_phone,phone,address,latitude,longitude,credit_limit,category,status) VALUES ('cust-072','default-tenant-001','Cambridge Pretoria #72','C0072','wholesale','+27715342144','+27715342144','Pretoria, South Africa',-25.7764,28.2446,5000,'D','active');
INSERT OR IGNORE INTO customers (id,tenant_id,name,code,type,contact_phone,phone,address,latitude,longitude,credit_limit,category,status) VALUES ('cust-073','default-tenant-001','Massmart Cape Town #73','C0073','informal','+27718287857','+27718287857','Cape Town, South Africa',-33.9090,18.3797,15000,'A','active');
INSERT OR IGNORE INTO customers (id,tenant_id,name,code,type,contact_phone,phone,address,latitude,longitude,credit_limit,category,status) VALUES ('cust-074','default-tenant-001','Choppies Durban #74','C0074','on_trade','+27718551015','+27718551015','Durban, South Africa',-29.9076,31.0364,10000,'B','active');
INSERT OR IGNORE INTO customers (id,tenant_id,name,code,type,contact_phone,phone,address,latitude,longitude,credit_limit,category,status) VALUES ('cust-075','default-tenant-001','Food Lovers Port Elizabeth #75','C0075','convenience','+27715972479','+27715972479','Port Elizabeth, South Africa',-33.9733,25.5834,20000,'C','active');
INSERT OR IGNORE INTO customers (id,tenant_id,name,code,type,contact_phone,phone,address,latitude,longitude,credit_limit,category,status) VALUES ('cust-076','default-tenant-001','Tops Bloemfontein #76','C0076','retail','+27719738795','+27719738795','Bloemfontein, South Africa',-29.0777,26.1536,20000,'D','active');
INSERT OR IGNORE INTO customers (id,tenant_id,name,code,type,contact_phone,phone,address,latitude,longitude,credit_limit,category,status) VALUES ('cust-077','default-tenant-001','Liquor City Nelspruit #77','C0077','wholesale','+27713016877','+27713016877','Nelspruit, South Africa',-25.4692,30.9706,20000,'A','active');
INSERT OR IGNORE INTO customers (id,tenant_id,name,code,type,contact_phone,phone,address,latitude,longitude,credit_limit,category,status) VALUES ('cust-078','default-tenant-001','Dis-Chem Polokwane #78','C0078','informal','+27714106383','+27714106383','Polokwane, South Africa',-23.9130,29.4289,20000,'B','active');
INSERT OR IGNORE INTO customers (id,tenant_id,name,code,type,contact_phone,phone,address,latitude,longitude,credit_limit,category,status) VALUES ('cust-079','default-tenant-001','Clicks Kimberley #79','C0079','on_trade','+27717438698','+27717438698','Kimberley, South Africa',-28.7316,24.7124,15000,'C','active');
INSERT OR IGNORE INTO customers (id,tenant_id,name,code,type,contact_phone,phone,address,latitude,longitude,credit_limit,category,status) VALUES ('cust-080','default-tenant-001','Mr Price East London #80','C0080','convenience','+27712287948','+27712287948','East London, South Africa',-33.0458,27.9028,10000,'D','active');
INSERT OR IGNORE INTO customers (id,tenant_id,name,code,type,contact_phone,phone,address,latitude,longitude,credit_limit,category,status) VALUES ('cust-081','default-tenant-001','Shoprite Johannesburg #81','C0081','retail','+27713276064','+27713276064','Johannesburg, South Africa',-26.2288,28.0753,10000,'A','active');
INSERT OR IGNORE INTO customers (id,tenant_id,name,code,type,contact_phone,phone,address,latitude,longitude,credit_limit,category,status) VALUES ('cust-082','default-tenant-001','Pick n Pay Pretoria #82','C0082','wholesale','+27711614806','+27711614806','Pretoria, South Africa',-25.7669,28.2757,20000,'B','active');
INSERT OR IGNORE INTO customers (id,tenant_id,name,code,type,contact_phone,phone,address,latitude,longitude,credit_limit,category,status) VALUES ('cust-083','default-tenant-001','Spar Cape Town #83','C0083','informal','+27717733706','+27717733706','Cape Town, South Africa',-33.9208,18.4586,50000,'C','active');
INSERT OR IGNORE INTO customers (id,tenant_id,name,code,type,contact_phone,phone,address,latitude,longitude,credit_limit,category,status) VALUES ('cust-084','default-tenant-001','Checkers Durban #84','C0084','on_trade','+27715017596','+27715017596','Durban, South Africa',-29.8524,31.0530,50000,'D','active');
INSERT OR IGNORE INTO customers (id,tenant_id,name,code,type,contact_phone,phone,address,latitude,longitude,credit_limit,category,status) VALUES ('cust-085','default-tenant-001','Woolworths Port Elizabeth #85','C0085','convenience','+27719107237','+27719107237','Port Elizabeth, South Africa',-33.9241,25.5678,15000,'A','active');
INSERT OR IGNORE INTO customers (id,tenant_id,name,code,type,contact_phone,phone,address,latitude,longitude,credit_limit,category,status) VALUES ('cust-086','default-tenant-001','Game Bloemfontein #86','C0086','retail','+27714185323','+27714185323','Bloemfontein, South Africa',-29.1091,26.1274,50000,'B','active');
INSERT OR IGNORE INTO customers (id,tenant_id,name,code,type,contact_phone,phone,address,latitude,longitude,credit_limit,category,status) VALUES ('cust-087','default-tenant-001','Makro Nelspruit #87','C0087','wholesale','+27712031138','+27712031138','Nelspruit, South Africa',-25.4292,30.9682,5000,'C','active');
INSERT OR IGNORE INTO customers (id,tenant_id,name,code,type,contact_phone,phone,address,latitude,longitude,credit_limit,category,status) VALUES ('cust-088','default-tenant-001','Boxer Polokwane #88','C0088','informal','+27713781209','+27713781209','Polokwane, South Africa',-23.8667,29.4893,20000,'D','active');
INSERT OR IGNORE INTO customers (id,tenant_id,name,code,type,contact_phone,phone,address,latitude,longitude,credit_limit,category,status) VALUES ('cust-089','default-tenant-001','OK Foods Kimberley #89','C0089','on_trade','+27712521820','+27712521820','Kimberley, South Africa',-28.7433,24.7319,10000,'A','active');
INSERT OR IGNORE INTO customers (id,tenant_id,name,code,type,contact_phone,phone,address,latitude,longitude,credit_limit,category,status) VALUES ('cust-090','default-tenant-001','KwikSpar East London #90','C0090','convenience','+27715020104','+27715020104','East London, South Africa',-33.0566,27.9540,20000,'B','active');
INSERT OR IGNORE INTO customers (id,tenant_id,name,code,type,contact_phone,phone,address,latitude,longitude,credit_limit,category,status) VALUES ('cust-091','default-tenant-001','USave Johannesburg #91','C0091','retail','+27715317538','+27715317538','Johannesburg, South Africa',-26.2467,28.0423,20000,'C','active');
INSERT OR IGNORE INTO customers (id,tenant_id,name,code,type,contact_phone,phone,address,latitude,longitude,credit_limit,category,status) VALUES ('cust-092','default-tenant-001','Cambridge Pretoria #92','C0092','wholesale','+27712534460','+27712534460','Pretoria, South Africa',-25.7023,28.1978,20000,'D','active');
INSERT OR IGNORE INTO customers (id,tenant_id,name,code,type,contact_phone,phone,address,latitude,longitude,credit_limit,category,status) VALUES ('cust-093','default-tenant-001','Massmart Cape Town #93','C0093','informal','+27713340882','+27713340882','Cape Town, South Africa',-33.8778,18.4042,15000,'A','active');
INSERT OR IGNORE INTO customers (id,tenant_id,name,code,type,contact_phone,phone,address,latitude,longitude,credit_limit,category,status) VALUES ('cust-094','default-tenant-001','Choppies Durban #94','C0094','on_trade','+27718019056','+27718019056','Durban, South Africa',-29.8932,31.0008,50000,'B','active');
INSERT OR IGNORE INTO customers (id,tenant_id,name,code,type,contact_phone,phone,address,latitude,longitude,credit_limit,category,status) VALUES ('cust-095','default-tenant-001','Food Lovers Port Elizabeth #95','C0095','convenience','+27718578841','+27718578841','Port Elizabeth, South Africa',-33.9719,25.5853,5000,'C','active');
INSERT OR IGNORE INTO customers (id,tenant_id,name,code,type,contact_phone,phone,address,latitude,longitude,credit_limit,category,status) VALUES ('cust-096','default-tenant-001','Tops Bloemfontein #96','C0096','retail','+27717700766','+27717700766','Bloemfontein, South Africa',-29.0456,26.1471,50000,'D','active');
INSERT OR IGNORE INTO customers (id,tenant_id,name,code,type,contact_phone,phone,address,latitude,longitude,credit_limit,category,status) VALUES ('cust-097','default-tenant-001','Liquor City Nelspruit #97','C0097','wholesale','+27711819986','+27711819986','Nelspruit, South Africa',-25.4861,30.9367,50000,'A','active');
INSERT OR IGNORE INTO customers (id,tenant_id,name,code,type,contact_phone,phone,address,latitude,longitude,credit_limit,category,status) VALUES ('cust-098','default-tenant-001','Dis-Chem Polokwane #98','C0098','informal','+27711702903','+27711702903','Polokwane, South Africa',-23.8690,29.4505,5000,'B','active');
INSERT OR IGNORE INTO customers (id,tenant_id,name,code,type,contact_phone,phone,address,latitude,longitude,credit_limit,category,status) VALUES ('cust-099','default-tenant-001','Clicks Kimberley #99','C0099','on_trade','+27716624594','+27716624594','Kimberley, South Africa',-28.7711,24.7114,15000,'C','active');
INSERT OR IGNORE INTO customers (id,tenant_id,name,code,type,contact_phone,phone,address,latitude,longitude,credit_limit,category,status) VALUES ('cust-100','default-tenant-001','Mr Price East London #100','C0100','convenience','+27712683580','+27712683580','East London, South Africa',-33.0351,27.9411,5000,'D','active');
INSERT OR IGNORE INTO trade_promotions (id,tenant_id,name,promotion_type,description,start_date,end_date,budget,status,created_by) VALUES ('promo-001','default-tenant-001','Summer Beverage Blast','DISCOUNT','Buy 10 get 2 free on all beverages','2026-01-01','2026-03-31',50000,'ACTIVE','admin-user-001');
INSERT OR IGNORE INTO trade_promotions (id,tenant_id,name,promotion_type,description,start_date,end_date,budget,status,created_by) VALUES ('promo-002','default-tenant-001','Grocery Bundle Deal','BUNDLE','20% off when buying 5+ grocery items','2026-02-01','2026-04-30',30000,'ACTIVE','admin-user-001');
INSERT OR IGNORE INTO trade_promotions (id,tenant_id,name,promotion_type,description,start_date,end_date,budget,status,created_by) VALUES ('promo-003','default-tenant-001','Household Essentials','VOLUME_DISCOUNT','15% off bulk household purchases','2026-03-01','2026-05-31',25000,'ACTIVE','admin-user-001');
INSERT OR IGNORE INTO trade_promotions (id,tenant_id,name,promotion_type,description,start_date,end_date,budget,status,created_by) VALUES ('promo-004','default-tenant-001','Back to School','DISCOUNT','Special pricing on baby and personal care','2026-01-15','2026-02-28',20000,'ACTIVE','admin-user-001');
INSERT OR IGNORE INTO trade_promotions (id,tenant_id,name,promotion_type,description,start_date,end_date,budget,status,created_by) VALUES ('promo-005','default-tenant-001','Easter Special','BUNDLE','Buy any 3 snacks get 1 free','2026-03-15','2026-04-15',15000,'ACTIVE','admin-user-001');
INSERT OR IGNORE INTO sales_orders (id,tenant_id,order_number,agent_id,customer_id,order_type,status,subtotal,tax_amount,total_amount,payment_method,payment_status,created_at) VALUES ('order-0001','default-tenant-001','SO-00001','agent-001','cust-020','direct_sale','completed',4237.17,635.58,4872.75,'card','paid','2025-12-30T10:00:00Z');
INSERT OR IGNORE INTO sales_order_items (id,sales_order_id,product_id,quantity,unit_price,discount_percent,line_total) VALUES ('oi-0001-1','order-0001','prod-031',6,58.42,0,350.52);
INSERT OR IGNORE INTO sales_order_items (id,sales_order_id,product_id,quantity,unit_price,discount_percent,line_total) VALUES ('oi-0001-2','order-0001','prod-010',1,120.99,5,114.94);
INSERT OR IGNORE INTO sales_order_items (id,sales_order_id,product_id,quantity,unit_price,discount_percent,line_total) VALUES ('oi-0001-3','order-0001','prod-033',14,167.93,5,2233.47);
INSERT OR IGNORE INTO sales_order_items (id,sales_order_id,product_id,quantity,unit_price,discount_percent,line_total) VALUES ('oi-0001-4','order-0001','prod-024',10,47.44,0,474.4);
INSERT OR IGNORE INTO sales_order_items (id,sales_order_id,product_id,quantity,unit_price,discount_percent,line_total) VALUES ('oi-0001-5','order-0001','prod-005',8,132.98,0,1063.84);
INSERT OR IGNORE INTO sales_orders (id,tenant_id,order_number,agent_id,customer_id,order_type,status,subtotal,tax_amount,total_amount,payment_method,payment_status,created_at) VALUES ('order-0002','default-tenant-001','SO-00002','agent-003','cust-079','direct_sale','pending',4257.25,638.59,4895.84,'mobile_money','pending','2026-01-04T10:00:00Z');
INSERT OR IGNORE INTO sales_order_items (id,sales_order_id,product_id,quantity,unit_price,discount_percent,line_total) VALUES ('oi-0002-1','order-0002','prod-006',4,149.94,0,599.76);
INSERT OR IGNORE INTO sales_order_items (id,sales_order_id,product_id,quantity,unit_price,discount_percent,line_total) VALUES ('oi-0002-2','order-0002','prod-018',8,131.37,10,945.86);
INSERT OR IGNORE INTO sales_order_items (id,sales_order_id,product_id,quantity,unit_price,discount_percent,line_total) VALUES ('oi-0002-3','order-0002','prod-021',7,81.29,0,569.03);
INSERT OR IGNORE INTO sales_order_items (id,sales_order_id,product_id,quantity,unit_price,discount_percent,line_total) VALUES ('oi-0002-4','order-0002','prod-033',13,173.49,5,2142.6);
INSERT OR IGNORE INTO sales_orders (id,tenant_id,order_number,agent_id,customer_id,order_type,status,subtotal,tax_amount,total_amount,payment_method,payment_status,created_at) VALUES ('order-0003','default-tenant-001','SO-00003','agent-004','cust-006','direct_sale','completed',1544.96,231.74,1776.7,'cash','paid','2025-12-09T10:00:00Z');
INSERT OR IGNORE INTO sales_order_items (id,sales_order_id,product_id,quantity,unit_price,discount_percent,line_total) VALUES ('oi-0003-1','order-0003','prod-013',9,91.54,0,823.86);
INSERT OR IGNORE INTO sales_order_items (id,sales_order_id,product_id,quantity,unit_price,discount_percent,line_total) VALUES ('oi-0003-2','order-0003','prod-029',10,72.11,0,721.1);
INSERT OR IGNORE INTO sales_orders (id,tenant_id,order_number,agent_id,customer_id,order_type,status,subtotal,tax_amount,total_amount,payment_method,payment_status,created_at) VALUES ('order-0004','default-tenant-001','SO-00004','agent-004','cust-100','direct_sale','draft',4852.02,727.8,5579.82,'card','pending','2025-10-11T10:00:00Z');
INSERT OR IGNORE INTO sales_order_items (id,sales_order_id,product_id,quantity,unit_price,discount_percent,line_total) VALUES ('oi-0004-1','order-0004','prod-005',6,68.48,0,410.88);
INSERT OR IGNORE INTO sales_order_items (id,sales_order_id,product_id,quantity,unit_price,discount_percent,line_total) VALUES ('oi-0004-2','order-0004','prod-032',19,67.85,0,1289.15);
INSERT OR IGNORE INTO sales_order_items (id,sales_order_id,product_id,quantity,unit_price,discount_percent,line_total) VALUES ('oi-0004-3','order-0004','prod-024',17,29.82,0,506.94);
INSERT OR IGNORE INTO sales_order_items (id,sales_order_id,product_id,quantity,unit_price,discount_percent,line_total) VALUES ('oi-0004-4','order-0004','prod-034',11,71.79,0,789.69);
INSERT OR IGNORE INTO sales_order_items (id,sales_order_id,product_id,quantity,unit_price,discount_percent,line_total) VALUES ('oi-0004-5','order-0004','prod-048',16,115.96,0,1855.36);
INSERT OR IGNORE INTO sales_orders (id,tenant_id,order_number,agent_id,customer_id,order_type,status,subtotal,tax_amount,total_amount,payment_method,payment_status,created_at) VALUES ('order-0005','default-tenant-001','SO-00005','agent-002','cust-015','direct_sale','completed',6718.150000000001,1007.72,7725.87,'mobile_money','paid','2025-11-01T10:00:00Z');
INSERT OR IGNORE INTO sales_order_items (id,sales_order_id,product_id,quantity,unit_price,discount_percent,line_total) VALUES ('oi-0005-1','order-0005','prod-010',8,58.6,5,445.36);
INSERT OR IGNORE INTO sales_order_items (id,sales_order_id,product_id,quantity,unit_price,discount_percent,line_total) VALUES ('oi-0005-2','order-0005','prod-025',20,175.71,0,3514.2);
INSERT OR IGNORE INTO sales_order_items (id,sales_order_id,product_id,quantity,unit_price,discount_percent,line_total) VALUES ('oi-0005-3','order-0005','prod-007',9,58.08,10,470.45);
INSERT OR IGNORE INTO sales_order_items (id,sales_order_id,product_id,quantity,unit_price,discount_percent,line_total) VALUES ('oi-0005-4','order-0005','prod-022',1,139.5,0,139.5);
INSERT OR IGNORE INTO sales_order_items (id,sales_order_id,product_id,quantity,unit_price,discount_percent,line_total) VALUES ('oi-0005-5','order-0005','prod-049',15,141.44,10,1909.44);
INSERT OR IGNORE INTO sales_order_items (id,sales_order_id,product_id,quantity,unit_price,discount_percent,line_total) VALUES ('oi-0005-6','order-0005','prod-028',8,29.9,0,239.2);
INSERT OR IGNORE INTO sales_orders (id,tenant_id,order_number,agent_id,customer_id,order_type,status,subtotal,tax_amount,total_amount,payment_method,payment_status,created_at) VALUES ('order-0006','default-tenant-001','SO-00006','agent-004','cust-076','direct_sale','completed',3510.42,526.56,4036.98,'mobile_money','paid','2026-01-27T10:00:00Z');
INSERT OR IGNORE INTO sales_order_items (id,sales_order_id,product_id,quantity,unit_price,discount_percent,line_total) VALUES ('oi-0006-1','order-0006','prod-030',8,110.44,5,839.34);
INSERT OR IGNORE INTO sales_order_items (id,sales_order_id,product_id,quantity,unit_price,discount_percent,line_total) VALUES ('oi-0006-2','order-0006','prod-013',2,61.05,0,122.1);
INSERT OR IGNORE INTO sales_order_items (id,sales_order_id,product_id,quantity,unit_price,discount_percent,line_total) VALUES ('oi-0006-3','order-0006','prod-039',20,123.18,5,2340.42);
INSERT OR IGNORE INTO sales_order_items (id,sales_order_id,product_id,quantity,unit_price,discount_percent,line_total) VALUES ('oi-0006-4','order-0006','prod-009',6,36.59,5,208.56);
INSERT OR IGNORE INTO sales_orders (id,tenant_id,order_number,agent_id,customer_id,order_type,status,subtotal,tax_amount,total_amount,payment_method,payment_status,created_at) VALUES ('order-0007','default-tenant-001','SO-00007','agent-user-001','cust-066','direct_sale','draft',6925.0199999999995,1038.75,7963.77,'cash','pending','2025-11-18T10:00:00Z');
INSERT OR IGNORE INTO sales_order_items (id,sales_order_id,product_id,quantity,unit_price,discount_percent,line_total) VALUES ('oi-0007-1','order-0007','prod-023',15,153.78,0,2306.7);
INSERT OR IGNORE INTO sales_order_items (id,sales_order_id,product_id,quantity,unit_price,discount_percent,line_total) VALUES ('oi-0007-2','order-0007','prod-045',13,75.71,0,984.23);
INSERT OR IGNORE INTO sales_order_items (id,sales_order_id,product_id,quantity,unit_price,discount_percent,line_total) VALUES ('oi-0007-3','order-0007','prod-002',18,150.05,5,2565.86);
INSERT OR IGNORE INTO sales_order_items (id,sales_order_id,product_id,quantity,unit_price,discount_percent,line_total) VALUES ('oi-0007-4','order-0007','prod-017',3,143.61,0,430.83);
INSERT OR IGNORE INTO sales_order_items (id,sales_order_id,product_id,quantity,unit_price,discount_percent,line_total) VALUES ('oi-0007-5','order-0007','prod-040',10,63.74,0,637.4);
INSERT OR IGNORE INTO sales_orders (id,tenant_id,order_number,agent_id,customer_id,order_type,status,subtotal,tax_amount,total_amount,payment_method,payment_status,created_at) VALUES ('order-0008','default-tenant-001','SO-00008','agent-002','cust-089','direct_sale','completed',7346.92,1102.04,8448.96,'card','paid','2026-01-16T10:00:00Z');
INSERT OR IGNORE INTO sales_order_items (id,sales_order_id,product_id,quantity,unit_price,discount_percent,line_total) VALUES ('oi-0008-1','order-0008','prod-021',20,91.43,5,1737.17);
INSERT OR IGNORE INTO sales_order_items (id,sales_order_id,product_id,quantity,unit_price,discount_percent,line_total) VALUES ('oi-0008-2','order-0008','prod-021',17,87.82,0,1492.94);
INSERT OR IGNORE INTO sales_order_items (id,sales_order_id,product_id,quantity,unit_price,discount_percent,line_total) VALUES ('oi-0008-3','order-0008','prod-006',11,141.91,5,1482.96);
INSERT OR IGNORE INTO sales_order_items (id,sales_order_id,product_id,quantity,unit_price,discount_percent,line_total) VALUES ('oi-0008-4','order-0008','prod-046',15,175.59,0,2633.85);
INSERT OR IGNORE INTO sales_orders (id,tenant_id,order_number,agent_id,customer_id,order_type,status,subtotal,tax_amount,total_amount,payment_method,payment_status,created_at) VALUES ('order-0009','default-tenant-001','SO-00009','agent-002','cust-013','direct_sale','draft',5149.06,772.36,5921.42,'mobile_money','pending','2025-12-13T10:00:00Z');
INSERT OR IGNORE INTO sales_order_items (id,sales_order_id,product_id,quantity,unit_price,discount_percent,line_total) VALUES ('oi-0009-1','order-0009','prod-025',7,135.81,0,950.67);
INSERT OR IGNORE INTO sales_order_items (id,sales_order_id,product_id,quantity,unit_price,discount_percent,line_total) VALUES ('oi-0009-2','order-0009','prod-036',15,143.36,0,2150.4);
INSERT OR IGNORE INTO sales_order_items (id,sales_order_id,product_id,quantity,unit_price,discount_percent,line_total) VALUES ('oi-0009-3','order-0009','prod-044',1,109.69,0,109.69);
INSERT OR IGNORE INTO sales_order_items (id,sales_order_id,product_id,quantity,unit_price,discount_percent,line_total) VALUES ('oi-0009-4','order-0009','prod-047',13,149.1,0,1938.3);
INSERT OR IGNORE INTO sales_orders (id,tenant_id,order_number,agent_id,customer_id,order_type,status,subtotal,tax_amount,total_amount,payment_method,payment_status,created_at) VALUES ('order-0010','default-tenant-001','SO-00010','agent-001','cust-022','direct_sale','completed',6730.01,1009.5,7739.51,'credit','paid','2025-12-23T10:00:00Z');
INSERT OR IGNORE INTO sales_order_items (id,sales_order_id,product_id,quantity,unit_price,discount_percent,line_total) VALUES ('oi-0010-1','order-0010','prod-043',11,41.56,10,411.44);
INSERT OR IGNORE INTO sales_order_items (id,sales_order_id,product_id,quantity,unit_price,discount_percent,line_total) VALUES ('oi-0010-2','order-0010','prod-001',20,168.96,0,3379.2);
INSERT OR IGNORE INTO sales_order_items (id,sales_order_id,product_id,quantity,unit_price,discount_percent,line_total) VALUES ('oi-0010-3','order-0010','prod-047',5,151.38,0,756.9);
INSERT OR IGNORE INTO sales_order_items (id,sales_order_id,product_id,quantity,unit_price,discount_percent,line_total) VALUES ('oi-0010-4','order-0010','prod-019',19,127.63,10,2182.47);
INSERT OR IGNORE INTO sales_orders (id,tenant_id,order_number,agent_id,customer_id,order_type,status,subtotal,tax_amount,total_amount,payment_method,payment_status,created_at) VALUES ('order-0011','default-tenant-001','SO-00011','agent-001','cust-039','direct_sale','completed',4421.38,663.21,5084.59,'card','paid','2025-11-05T10:00:00Z');
INSERT OR IGNORE INTO sales_order_items (id,sales_order_id,product_id,quantity,unit_price,discount_percent,line_total) VALUES ('oi-0011-1','order-0011','prod-040',10,37.97,0,379.7);
INSERT OR IGNORE INTO sales_order_items (id,sales_order_id,product_id,quantity,unit_price,discount_percent,line_total) VALUES ('oi-0011-2','order-0011','prod-041',14,59.16,0,828.24);
INSERT OR IGNORE INTO sales_order_items (id,sales_order_id,product_id,quantity,unit_price,discount_percent,line_total) VALUES ('oi-0011-3','order-0011','prod-025',1,58.44,0,58.44);
INSERT OR IGNORE INTO sales_order_items (id,sales_order_id,product_id,quantity,unit_price,discount_percent,line_total) VALUES ('oi-0011-4','order-0011','prod-046',1,169.53,0,169.53);
INSERT OR IGNORE INTO sales_order_items (id,sales_order_id,product_id,quantity,unit_price,discount_percent,line_total) VALUES ('oi-0011-5','order-0011','prod-035',13,129.75,0,1686.75);
INSERT OR IGNORE INTO sales_order_items (id,sales_order_id,product_id,quantity,unit_price,discount_percent,line_total) VALUES ('oi-0011-6','order-0011','prod-044',8,162.34,0,1298.72);
INSERT OR IGNORE INTO sales_orders (id,tenant_id,order_number,agent_id,customer_id,order_type,status,subtotal,tax_amount,total_amount,payment_method,payment_status,created_at) VALUES ('order-0012','default-tenant-001','SO-00012','agent-user-001','cust-086','direct_sale','completed',6589.34,988.4,7577.74,'mobile_money','paid','2026-03-01T10:00:00Z');
INSERT OR IGNORE INTO sales_order_items (id,sales_order_id,product_id,quantity,unit_price,discount_percent,line_total) VALUES ('oi-0012-1','order-0012','prod-044',14,81.58,0,1142.12);
INSERT OR IGNORE INTO sales_order_items (id,sales_order_id,product_id,quantity,unit_price,discount_percent,line_total) VALUES ('oi-0012-2','order-0012','prod-021',17,93.63,0,1591.71);
INSERT OR IGNORE INTO sales_order_items (id,sales_order_id,product_id,quantity,unit_price,discount_percent,line_total) VALUES ('oi-0012-3','order-0012','prod-024',2,83.79,0,167.58);
INSERT OR IGNORE INTO sales_order_items (id,sales_order_id,product_id,quantity,unit_price,discount_percent,line_total) VALUES ('oi-0012-4','order-0012','prod-050',6,174.39,0,1046.34);
INSERT OR IGNORE INTO sales_order_items (id,sales_order_id,product_id,quantity,unit_price,discount_percent,line_total) VALUES ('oi-0012-5','order-0012','prod-036',3,130.43,0,391.29);
INSERT OR IGNORE INTO sales_order_items (id,sales_order_id,product_id,quantity,unit_price,discount_percent,line_total) VALUES ('oi-0012-6','order-0012','prod-006',15,150.02,0,2250.3);
INSERT OR IGNORE INTO sales_orders (id,tenant_id,order_number,agent_id,customer_id,order_type,status,subtotal,tax_amount,total_amount,payment_method,payment_status,created_at) VALUES ('order-0013','default-tenant-001','SO-00013','agent-user-001','cust-088','direct_sale','delivered',870.4300000000001,130.56,1000.99,'card','paid','2026-03-09T10:00:00Z');
INSERT OR IGNORE INTO sales_order_items (id,sales_order_id,product_id,quantity,unit_price,discount_percent,line_total) VALUES ('oi-0013-1','order-0013','prod-034',7,84.92,0,594.44);
INSERT OR IGNORE INTO sales_order_items (id,sales_order_id,product_id,quantity,unit_price,discount_percent,line_total) VALUES ('oi-0013-2','order-0013','prod-050',8,27.41,10,197.35);
INSERT OR IGNORE INTO sales_order_items (id,sales_order_id,product_id,quantity,unit_price,discount_percent,line_total) VALUES ('oi-0013-3','order-0013','prod-044',4,19.66,0,78.64);
INSERT OR IGNORE INTO sales_orders (id,tenant_id,order_number,agent_id,customer_id,order_type,status,subtotal,tax_amount,total_amount,payment_method,payment_status,created_at) VALUES ('order-0014','default-tenant-001','SO-00014','agent-003','cust-071','direct_sale','draft',3118.42,467.76,3586.18,'card','pending','2025-11-20T10:00:00Z');
INSERT OR IGNORE INTO sales_order_items (id,sales_order_id,product_id,quantity,unit_price,discount_percent,line_total) VALUES ('oi-0014-1','order-0014','prod-046',7,50.11,10,315.69);
INSERT OR IGNORE INTO sales_order_items (id,sales_order_id,product_id,quantity,unit_price,discount_percent,line_total) VALUES ('oi-0014-2','order-0014','prod-003',15,166.45,0,2496.75);
INSERT OR IGNORE INTO sales_order_items (id,sales_order_id,product_id,quantity,unit_price,discount_percent,line_total) VALUES ('oi-0014-3','order-0014','prod-010',2,23.55,0,47.1);
INSERT OR IGNORE INTO sales_order_items (id,sales_order_id,product_id,quantity,unit_price,discount_percent,line_total) VALUES ('oi-0014-4','order-0014','prod-016',17,16.92,10,258.88);
INSERT OR IGNORE INTO sales_orders (id,tenant_id,order_number,agent_id,customer_id,order_type,status,subtotal,tax_amount,total_amount,payment_method,payment_status,created_at) VALUES ('order-0015','default-tenant-001','SO-00015','agent-user-001','cust-004','direct_sale','pending',4290.69,643.6,4934.29,'cash','pending','2025-10-13T10:00:00Z');
INSERT OR IGNORE INTO sales_order_items (id,sales_order_id,product_id,quantity,unit_price,discount_percent,line_total) VALUES ('oi-0015-1','order-0015','prod-024',18,70.04,10,1134.65);
INSERT OR IGNORE INTO sales_order_items (id,sales_order_id,product_id,quantity,unit_price,discount_percent,line_total) VALUES ('oi-0015-2','order-0015','prod-035',11,117.24,10,1160.68);
INSERT OR IGNORE INTO sales_order_items (id,sales_order_id,product_id,quantity,unit_price,discount_percent,line_total) VALUES ('oi-0015-3','order-0015','prod-043',12,126.37,0,1516.44);
INSERT OR IGNORE INTO sales_order_items (id,sales_order_id,product_id,quantity,unit_price,discount_percent,line_total) VALUES ('oi-0015-4','order-0015','prod-034',12,39.91,0,478.92);
INSERT OR IGNORE INTO sales_orders (id,tenant_id,order_number,agent_id,customer_id,order_type,status,subtotal,tax_amount,total_amount,payment_method,payment_status,created_at) VALUES ('order-0016','default-tenant-001','SO-00016','agent-003','cust-039','direct_sale','completed',5526.8,829.02,6355.82,'credit','paid','2026-03-01T10:00:00Z');
INSERT OR IGNORE INTO sales_order_items (id,sales_order_id,product_id,quantity,unit_price,discount_percent,line_total) VALUES ('oi-0016-1','order-0016','prod-008',15,82.23,0,1233.45);
INSERT OR IGNORE INTO sales_order_items (id,sales_order_id,product_id,quantity,unit_price,discount_percent,line_total) VALUES ('oi-0016-2','order-0016','prod-046',14,60.81,5,808.77);
INSERT OR IGNORE INTO sales_order_items (id,sales_order_id,product_id,quantity,unit_price,discount_percent,line_total) VALUES ('oi-0016-3','order-0016','prod-038',14,59.64,0,834.96);
INSERT OR IGNORE INTO sales_order_items (id,sales_order_id,product_id,quantity,unit_price,discount_percent,line_total) VALUES ('oi-0016-4','order-0016','prod-017',17,155.86,0,2649.62);
INSERT OR IGNORE INTO sales_orders (id,tenant_id,order_number,agent_id,customer_id,order_type,status,subtotal,tax_amount,total_amount,payment_method,payment_status,created_at) VALUES ('order-0017','default-tenant-001','SO-00017','agent-002','cust-049','direct_sale','completed',2454.23,368.13,2822.36,'cash','paid','2026-02-04T10:00:00Z');
INSERT OR IGNORE INTO sales_order_items (id,sales_order_id,product_id,quantity,unit_price,discount_percent,line_total) VALUES ('oi-0017-1','order-0017','prod-006',6,162.31,10,876.47);
INSERT OR IGNORE INTO sales_order_items (id,sales_order_id,product_id,quantity,unit_price,discount_percent,line_total) VALUES ('oi-0017-2','order-0017','prod-044',6,178.04,0,1068.24);
INSERT OR IGNORE INTO sales_order_items (id,sales_order_id,product_id,quantity,unit_price,discount_percent,line_total) VALUES ('oi-0017-3','order-0017','prod-050',8,63.69,0,509.52);
INSERT OR IGNORE INTO sales_orders (id,tenant_id,order_number,agent_id,customer_id,order_type,status,subtotal,tax_amount,total_amount,payment_method,payment_status,created_at) VALUES ('order-0018','default-tenant-001','SO-00018','agent-003','cust-019','direct_sale','completed',6431.150000000001,964.67,7395.82,'mobile_money','paid','2025-11-02T10:00:00Z');
INSERT OR IGNORE INTO sales_order_items (id,sales_order_id,product_id,quantity,unit_price,discount_percent,line_total) VALUES ('oi-0018-1','order-0018','prod-012',18,45.94,0,826.92);
INSERT OR IGNORE INTO sales_order_items (id,sales_order_id,product_id,quantity,unit_price,discount_percent,line_total) VALUES ('oi-0018-2','order-0018','prod-014',5,99.94,10,449.73);
INSERT OR IGNORE INTO sales_order_items (id,sales_order_id,product_id,quantity,unit_price,discount_percent,line_total) VALUES ('oi-0018-3','order-0018','prod-020',14,148.31,0,2076.34);
INSERT OR IGNORE INTO sales_order_items (id,sales_order_id,product_id,quantity,unit_price,discount_percent,line_total) VALUES ('oi-0018-4','order-0018','prod-015',17,178.67,0,3037.39);
INSERT OR IGNORE INTO sales_order_items (id,sales_order_id,product_id,quantity,unit_price,discount_percent,line_total) VALUES ('oi-0018-5','order-0018','prod-033',3,13.59,0,40.77);
INSERT OR IGNORE INTO sales_orders (id,tenant_id,order_number,agent_id,customer_id,order_type,status,subtotal,tax_amount,total_amount,payment_method,payment_status,created_at) VALUES ('order-0019','default-tenant-001','SO-00019','agent-001','cust-098','direct_sale','delivered',2518.3,377.75,2896.05,'card','paid','2025-11-11T10:00:00Z');
INSERT OR IGNORE INTO sales_order_items (id,sales_order_id,product_id,quantity,unit_price,discount_percent,line_total) VALUES ('oi-0019-1','order-0019','prod-025',8,158.17,5,1202.09);
INSERT OR IGNORE INTO sales_order_items (id,sales_order_id,product_id,quantity,unit_price,discount_percent,line_total) VALUES ('oi-0019-2','order-0019','prod-016',15,48.49,0,727.35);
INSERT OR IGNORE INTO sales_order_items (id,sales_order_id,product_id,quantity,unit_price,discount_percent,line_total) VALUES ('oi-0019-3','order-0019','prod-030',13,50.33,10,588.86);
INSERT OR IGNORE INTO sales_orders (id,tenant_id,order_number,agent_id,customer_id,order_type,status,subtotal,tax_amount,total_amount,payment_method,payment_status,created_at) VALUES ('order-0020','default-tenant-001','SO-00020','agent-001','cust-076','direct_sale','completed',4486.0,672.9,5158.9,'credit','paid','2025-11-05T10:00:00Z');
INSERT OR IGNORE INTO sales_order_items (id,sales_order_id,product_id,quantity,unit_price,discount_percent,line_total) VALUES ('oi-0020-1','order-0020','prod-042',13,163.62,10,1914.35);
INSERT OR IGNORE INTO sales_order_items (id,sales_order_id,product_id,quantity,unit_price,discount_percent,line_total) VALUES ('oi-0020-2','order-0020','prod-048',3,35.46,5,101.06);
INSERT OR IGNORE INTO sales_order_items (id,sales_order_id,product_id,quantity,unit_price,discount_percent,line_total) VALUES ('oi-0020-3','order-0020','prod-042',2,90.72,5,172.37);
INSERT OR IGNORE INTO sales_order_items (id,sales_order_id,product_id,quantity,unit_price,discount_percent,line_total) VALUES ('oi-0020-4','order-0020','prod-049',16,66.97,0,1071.52);
INSERT OR IGNORE INTO sales_order_items (id,sales_order_id,product_id,quantity,unit_price,discount_percent,line_total) VALUES ('oi-0020-5','order-0020','prod-011',18,68.15,0,1226.7);
INSERT OR IGNORE INTO sales_orders (id,tenant_id,order_number,agent_id,customer_id,order_type,status,subtotal,tax_amount,total_amount,payment_method,payment_status,created_at) VALUES ('order-0021','default-tenant-001','SO-00021','agent-004','cust-071','direct_sale','completed',802.93,120.44,923.37,'credit','paid','2025-12-25T10:00:00Z');
INSERT OR IGNORE INTO sales_order_items (id,sales_order_id,product_id,quantity,unit_price,discount_percent,line_total) VALUES ('oi-0021-1','order-0021','prod-012',6,95.23,5,542.81);
INSERT OR IGNORE INTO sales_order_items (id,sales_order_id,product_id,quantity,unit_price,discount_percent,line_total) VALUES ('oi-0021-2','order-0021','prod-013',2,144.51,10,260.12);
INSERT OR IGNORE INTO sales_orders (id,tenant_id,order_number,agent_id,customer_id,order_type,status,subtotal,tax_amount,total_amount,payment_method,payment_status,created_at) VALUES ('order-0022','default-tenant-001','SO-00022','agent-003','cust-057','direct_sale','pending',810.03,121.5,931.53,'card','pending','2025-10-20T10:00:00Z');
INSERT OR IGNORE INTO sales_order_items (id,sales_order_id,product_id,quantity,unit_price,discount_percent,line_total) VALUES ('oi-0022-1','order-0022','prod-021',6,98.64,0,591.84);
INSERT OR IGNORE INTO sales_order_items (id,sales_order_id,product_id,quantity,unit_price,discount_percent,line_total) VALUES ('oi-0022-2','order-0022','prod-050',7,31.17,0,218.19);
INSERT OR IGNORE INTO sales_orders (id,tenant_id,order_number,agent_id,customer_id,order_type,status,subtotal,tax_amount,total_amount,payment_method,payment_status,created_at) VALUES ('order-0023','default-tenant-001','SO-00023','agent-004','cust-004','direct_sale','completed',9166.32,1374.95,10541.27,'credit','paid','2025-11-11T10:00:00Z');
INSERT OR IGNORE INTO sales_order_items (id,sales_order_id,product_id,quantity,unit_price,discount_percent,line_total) VALUES ('oi-0023-1','order-0023','prod-035',18,133.19,0,2397.42);
INSERT OR IGNORE INTO sales_order_items (id,sales_order_id,product_id,quantity,unit_price,discount_percent,line_total) VALUES ('oi-0023-2','order-0023','prod-045',17,169.63,0,2883.71);
INSERT OR IGNORE INTO sales_order_items (id,sales_order_id,product_id,quantity,unit_price,discount_percent,line_total) VALUES ('oi-0023-3','order-0023','prod-018',10,77.0,0,770.0);
INSERT OR IGNORE INTO sales_order_items (id,sales_order_id,product_id,quantity,unit_price,discount_percent,line_total) VALUES ('oi-0023-4','order-0023','prod-021',8,112.64,0,901.12);
INSERT OR IGNORE INTO sales_order_items (id,sales_order_id,product_id,quantity,unit_price,discount_percent,line_total) VALUES ('oi-0023-5','order-0023','prod-049',15,115.32,5,1643.31);
INSERT OR IGNORE INTO sales_order_items (id,sales_order_id,product_id,quantity,unit_price,discount_percent,line_total) VALUES ('oi-0023-6','order-0023','prod-024',20,30.04,5,570.76);
INSERT OR IGNORE INTO sales_orders (id,tenant_id,order_number,agent_id,customer_id,order_type,status,subtotal,tax_amount,total_amount,payment_method,payment_status,created_at) VALUES ('order-0024','default-tenant-001','SO-00024','agent-003','cust-090','direct_sale','draft',2265.3,339.8,2605.1,'cash','pending','2025-12-22T10:00:00Z');
INSERT OR IGNORE INTO sales_order_items (id,sales_order_id,product_id,quantity,unit_price,discount_percent,line_total) VALUES ('oi-0024-1','order-0024','prod-050',10,143.52,0,1435.2);
INSERT OR IGNORE INTO sales_order_items (id,sales_order_id,product_id,quantity,unit_price,discount_percent,line_total) VALUES ('oi-0024-2','order-0024','prod-007',5,125.61,0,628.05);
INSERT OR IGNORE INTO sales_order_items (id,sales_order_id,product_id,quantity,unit_price,discount_percent,line_total) VALUES ('oi-0024-3','order-0024','prod-008',2,112.25,10,202.05);
INSERT OR IGNORE INTO sales_orders (id,tenant_id,order_number,agent_id,customer_id,order_type,status,subtotal,tax_amount,total_amount,payment_method,payment_status,created_at) VALUES ('order-0025','default-tenant-001','SO-00025','agent-002','cust-023','direct_sale','delivered',4474.01,671.1,5145.11,'card','paid','2026-01-02T10:00:00Z');
INSERT OR IGNORE INTO sales_order_items (id,sales_order_id,product_id,quantity,unit_price,discount_percent,line_total) VALUES ('oi-0025-1','order-0025','prod-019',17,64.43,0,1095.31);
INSERT OR IGNORE INTO sales_order_items (id,sales_order_id,product_id,quantity,unit_price,discount_percent,line_total) VALUES ('oi-0025-2','order-0025','prod-034',13,68.47,5,845.6);
INSERT OR IGNORE INTO sales_order_items (id,sales_order_id,product_id,quantity,unit_price,discount_percent,line_total) VALUES ('oi-0025-3','order-0025','prod-010',1,109.03,0,109.03);
INSERT OR IGNORE INTO sales_order_items (id,sales_order_id,product_id,quantity,unit_price,discount_percent,line_total) VALUES ('oi-0025-4','order-0025','prod-028',11,28.81,5,301.06);
INSERT OR IGNORE INTO sales_order_items (id,sales_order_id,product_id,quantity,unit_price,discount_percent,line_total) VALUES ('oi-0025-5','order-0025','prod-003',9,70.17,5,599.95);
INSERT OR IGNORE INTO sales_order_items (id,sales_order_id,product_id,quantity,unit_price,discount_percent,line_total) VALUES ('oi-0025-6','order-0025','prod-012',14,108.79,0,1523.06);
INSERT OR IGNORE INTO sales_orders (id,tenant_id,order_number,agent_id,customer_id,order_type,status,subtotal,tax_amount,total_amount,payment_method,payment_status,created_at) VALUES ('order-0026','default-tenant-001','SO-00026','agent-003','cust-023','direct_sale','completed',2827.4700000000003,424.12,3251.59,'cash','paid','2026-01-16T10:00:00Z');
INSERT OR IGNORE INTO sales_order_items (id,sales_order_id,product_id,quantity,unit_price,discount_percent,line_total) VALUES ('oi-0026-1','order-0026','prod-020',16,142.83,0,2285.28);
INSERT OR IGNORE INTO sales_order_items (id,sales_order_id,product_id,quantity,unit_price,discount_percent,line_total) VALUES ('oi-0026-2','order-0026','prod-006',11,49.29,0,542.19);
INSERT OR IGNORE INTO sales_orders (id,tenant_id,order_number,agent_id,customer_id,order_type,status,subtotal,tax_amount,total_amount,payment_method,payment_status,created_at) VALUES ('order-0027','default-tenant-001','SO-00027','agent-002','cust-062','direct_sale','completed',1316.19,197.43,1513.62,'mobile_money','paid','2025-11-30T10:00:00Z');
INSERT OR IGNORE INTO sales_order_items (id,sales_order_id,product_id,quantity,unit_price,discount_percent,line_total) VALUES ('oi-0027-1','order-0027','prod-020',6,55.93,10,302.02);
INSERT OR IGNORE INTO sales_order_items (id,sales_order_id,product_id,quantity,unit_price,discount_percent,line_total) VALUES ('oi-0027-2','order-0027','prod-007',14,80.49,10,1014.17);
INSERT OR IGNORE INTO sales_orders (id,tenant_id,order_number,agent_id,customer_id,order_type,status,subtotal,tax_amount,total_amount,payment_method,payment_status,created_at) VALUES ('order-0028','default-tenant-001','SO-00028','agent-003','cust-085','direct_sale','completed',6622.89,993.43,7616.32,'card','paid','2025-10-31T10:00:00Z');
INSERT OR IGNORE INTO sales_order_items (id,sales_order_id,product_id,quantity,unit_price,discount_percent,line_total) VALUES ('oi-0028-1','order-0028','prod-036',20,157.87,5,2999.53);
INSERT OR IGNORE INTO sales_order_items (id,sales_order_id,product_id,quantity,unit_price,discount_percent,line_total) VALUES ('oi-0028-2','order-0028','prod-023',19,60.62,0,1151.78);
INSERT OR IGNORE INTO sales_order_items (id,sales_order_id,product_id,quantity,unit_price,discount_percent,line_total) VALUES ('oi-0028-3','order-0028','prod-045',15,169.76,10,2291.76);
INSERT OR IGNORE INTO sales_order_items (id,sales_order_id,product_id,quantity,unit_price,discount_percent,line_total) VALUES ('oi-0028-4','order-0028','prod-045',2,89.91,0,179.82);
INSERT OR IGNORE INTO sales_orders (id,tenant_id,order_number,agent_id,customer_id,order_type,status,subtotal,tax_amount,total_amount,payment_method,payment_status,created_at) VALUES ('order-0029','default-tenant-001','SO-00029','agent-user-001','cust-049','direct_sale','draft',2414.41,362.16,2776.57,'mobile_money','pending','2026-02-23T10:00:00Z');
INSERT OR IGNORE INTO sales_order_items (id,sales_order_id,product_id,quantity,unit_price,discount_percent,line_total) VALUES ('oi-0029-1','order-0029','prod-001',4,90.69,5,344.62);
INSERT OR IGNORE INTO sales_order_items (id,sales_order_id,product_id,quantity,unit_price,discount_percent,line_total) VALUES ('oi-0029-2','order-0029','prod-010',1,50.28,0,50.28);
INSERT OR IGNORE INTO sales_order_items (id,sales_order_id,product_id,quantity,unit_price,discount_percent,line_total) VALUES ('oi-0029-3','order-0029','prod-039',9,86.4,0,777.6);
INSERT OR IGNORE INTO sales_order_items (id,sales_order_id,product_id,quantity,unit_price,discount_percent,line_total) VALUES ('oi-0029-4','order-0029','prod-043',10,137.99,10,1241.91);
INSERT OR IGNORE INTO sales_orders (id,tenant_id,order_number,agent_id,customer_id,order_type,status,subtotal,tax_amount,total_amount,payment_method,payment_status,created_at) VALUES ('order-0030','default-tenant-001','SO-00030','agent-002','cust-021','direct_sale','pending',5149.879999999999,772.48,5922.36,'mobile_money','pending','2025-10-14T10:00:00Z');
INSERT OR IGNORE INTO sales_order_items (id,sales_order_id,product_id,quantity,unit_price,discount_percent,line_total) VALUES ('oi-0030-1','order-0030','prod-032',18,120.9,0,2176.2);
INSERT OR IGNORE INTO sales_order_items (id,sales_order_id,product_id,quantity,unit_price,discount_percent,line_total) VALUES ('oi-0030-2','order-0030','prod-025',19,18.97,0,360.43);
INSERT OR IGNORE INTO sales_order_items (id,sales_order_id,product_id,quantity,unit_price,discount_percent,line_total) VALUES ('oi-0030-3','order-0030','prod-036',2,92.44,0,184.88);
INSERT OR IGNORE INTO sales_order_items (id,sales_order_id,product_id,quantity,unit_price,discount_percent,line_total) VALUES ('oi-0030-4','order-0030','prod-045',18,22.13,0,398.34);
INSERT OR IGNORE INTO sales_order_items (id,sales_order_id,product_id,quantity,unit_price,discount_percent,line_total) VALUES ('oi-0030-5','order-0030','prod-018',12,84.61,5,964.55);
INSERT OR IGNORE INTO sales_order_items (id,sales_order_id,product_id,quantity,unit_price,discount_percent,line_total) VALUES ('oi-0030-6','order-0030','prod-022',6,177.58,0,1065.48);
INSERT OR IGNORE INTO sales_orders (id,tenant_id,order_number,agent_id,customer_id,order_type,status,subtotal,tax_amount,total_amount,payment_method,payment_status,created_at) VALUES ('order-0031','default-tenant-001','SO-00031','agent-003','cust-088','direct_sale','delivered',1572.27,235.84,1808.11,'mobile_money','paid','2025-12-03T10:00:00Z');
INSERT OR IGNORE INTO sales_order_items (id,sales_order_id,product_id,quantity,unit_price,discount_percent,line_total) VALUES ('oi-0031-1','order-0031','prod-016',7,53.69,0,375.83);
INSERT OR IGNORE INTO sales_order_items (id,sales_order_id,product_id,quantity,unit_price,discount_percent,line_total) VALUES ('oi-0031-2','order-0031','prod-021',14,54.5,0,763.0);
INSERT OR IGNORE INTO sales_order_items (id,sales_order_id,product_id,quantity,unit_price,discount_percent,line_total) VALUES ('oi-0031-3','order-0031','prod-042',6,52.78,10,285.01);
INSERT OR IGNORE INTO sales_order_items (id,sales_order_id,product_id,quantity,unit_price,discount_percent,line_total) VALUES ('oi-0031-4','order-0031','prod-040',1,148.43,0,148.43);
INSERT OR IGNORE INTO sales_orders (id,tenant_id,order_number,agent_id,customer_id,order_type,status,subtotal,tax_amount,total_amount,payment_method,payment_status,created_at) VALUES ('order-0032','default-tenant-001','SO-00032','agent-003','cust-063','direct_sale','draft',4387.04,658.06,5045.1,'card','pending','2025-10-15T10:00:00Z');
INSERT OR IGNORE INTO sales_order_items (id,sales_order_id,product_id,quantity,unit_price,discount_percent,line_total) VALUES ('oi-0032-1','order-0032','prod-022',13,128.59,0,1671.67);
INSERT OR IGNORE INTO sales_order_items (id,sales_order_id,product_id,quantity,unit_price,discount_percent,line_total) VALUES ('oi-0032-2','order-0032','prod-014',6,133.86,5,763.0);
INSERT OR IGNORE INTO sales_order_items (id,sales_order_id,product_id,quantity,unit_price,discount_percent,line_total) VALUES ('oi-0032-3','order-0032','prod-004',4,24.21,0,96.84);
INSERT OR IGNORE INTO sales_order_items (id,sales_order_id,product_id,quantity,unit_price,discount_percent,line_total) VALUES ('oi-0032-4','order-0032','prod-046',3,99.85,10,269.59);
INSERT OR IGNORE INTO sales_order_items (id,sales_order_id,product_id,quantity,unit_price,discount_percent,line_total) VALUES ('oi-0032-5','order-0032','prod-025',5,174.64,0,873.2);
INSERT OR IGNORE INTO sales_order_items (id,sales_order_id,product_id,quantity,unit_price,discount_percent,line_total) VALUES ('oi-0032-6','order-0032','prod-017',6,118.79,0,712.74);
INSERT OR IGNORE INTO sales_orders (id,tenant_id,order_number,agent_id,customer_id,order_type,status,subtotal,tax_amount,total_amount,payment_method,payment_status,created_at) VALUES ('order-0033','default-tenant-001','SO-00033','agent-003','cust-061','direct_sale','completed',1273.0900000000001,190.96,1464.05,'card','paid','2025-12-13T10:00:00Z');
INSERT OR IGNORE INTO sales_order_items (id,sales_order_id,product_id,quantity,unit_price,discount_percent,line_total) VALUES ('oi-0033-1','order-0033','prod-035',13,61.63,0,801.19);
INSERT OR IGNORE INTO sales_order_items (id,sales_order_id,product_id,quantity,unit_price,discount_percent,line_total) VALUES ('oi-0033-2','order-0033','prod-046',11,42.9,0,471.9);
INSERT OR IGNORE INTO sales_orders (id,tenant_id,order_number,agent_id,customer_id,order_type,status,subtotal,tax_amount,total_amount,payment_method,payment_status,created_at) VALUES ('order-0034','default-tenant-001','SO-00034','agent-002','cust-041','direct_sale','delivered',1277.57,191.64,1469.21,'mobile_money','paid','2025-10-05T10:00:00Z');
INSERT OR IGNORE INTO sales_order_items (id,sales_order_id,product_id,quantity,unit_price,discount_percent,line_total) VALUES ('oi-0034-1','order-0034','prod-050',7,37.95,0,265.65);
INSERT OR IGNORE INTO sales_order_items (id,sales_order_id,product_id,quantity,unit_price,discount_percent,line_total) VALUES ('oi-0034-2','order-0034','prod-022',14,72.28,0,1011.92);
INSERT OR IGNORE INTO sales_orders (id,tenant_id,order_number,agent_id,customer_id,order_type,status,subtotal,tax_amount,total_amount,payment_method,payment_status,created_at) VALUES ('order-0035','default-tenant-001','SO-00035','agent-002','cust-097','direct_sale','pending',5868.39,880.26,6748.65,'cash','pending','2025-11-25T10:00:00Z');
INSERT OR IGNORE INTO sales_order_items (id,sales_order_id,product_id,quantity,unit_price,discount_percent,line_total) VALUES ('oi-0035-1','order-0035','prod-035',3,79.6,0,238.8);
INSERT OR IGNORE INTO sales_order_items (id,sales_order_id,product_id,quantity,unit_price,discount_percent,line_total) VALUES ('oi-0035-2','order-0035','prod-036',8,75.37,0,602.96);
INSERT OR IGNORE INTO sales_order_items (id,sales_order_id,product_id,quantity,unit_price,discount_percent,line_total) VALUES ('oi-0035-3','order-0035','prod-010',12,166.47,5,1897.76);
INSERT OR IGNORE INTO sales_order_items (id,sales_order_id,product_id,quantity,unit_price,discount_percent,line_total) VALUES ('oi-0035-4','order-0035','prod-011',20,115.32,10,2075.76);
INSERT OR IGNORE INTO sales_order_items (id,sales_order_id,product_id,quantity,unit_price,discount_percent,line_total) VALUES ('oi-0035-5','order-0035','prod-035',7,167.16,10,1053.11);
INSERT OR IGNORE INTO sales_orders (id,tenant_id,order_number,agent_id,customer_id,order_type,status,subtotal,tax_amount,total_amount,payment_method,payment_status,created_at) VALUES ('order-0036','default-tenant-001','SO-00036','agent-user-001','cust-059','direct_sale','completed',2530.7599999999998,379.61,2910.37,'cash','paid','2026-01-13T10:00:00Z');
INSERT OR IGNORE INTO sales_order_items (id,sales_order_id,product_id,quantity,unit_price,discount_percent,line_total) VALUES ('oi-0036-1','order-0036','prod-025',6,54.06,0,324.36);
INSERT OR IGNORE INTO sales_order_items (id,sales_order_id,product_id,quantity,unit_price,discount_percent,line_total) VALUES ('oi-0036-2','order-0036','prod-048',1,88.56,10,79.7);
INSERT OR IGNORE INTO sales_order_items (id,sales_order_id,product_id,quantity,unit_price,discount_percent,line_total) VALUES ('oi-0036-3','order-0036','prod-027',17,125.1,0,2126.7);
INSERT OR IGNORE INTO sales_orders (id,tenant_id,order_number,agent_id,customer_id,order_type,status,subtotal,tax_amount,total_amount,payment_method,payment_status,created_at) VALUES ('order-0037','default-tenant-001','SO-00037','agent-005','cust-064','direct_sale','draft',7153.7300000000005,1073.06,8226.79,'card','pending','2025-12-24T10:00:00Z');
INSERT OR IGNORE INTO sales_order_items (id,sales_order_id,product_id,quantity,unit_price,discount_percent,line_total) VALUES ('oi-0037-1','order-0037','prod-041',14,146.82,0,2055.48);
INSERT OR IGNORE INTO sales_order_items (id,sales_order_id,product_id,quantity,unit_price,discount_percent,line_total) VALUES ('oi-0037-2','order-0037','prod-010',15,169.13,0,2536.95);
INSERT OR IGNORE INTO sales_order_items (id,sales_order_id,product_id,quantity,unit_price,discount_percent,line_total) VALUES ('oi-0037-3','order-0037','prod-040',13,140.6,0,1827.8);
INSERT OR IGNORE INTO sales_order_items (id,sales_order_id,product_id,quantity,unit_price,discount_percent,line_total) VALUES ('oi-0037-4','order-0037','prod-003',1,120.29,0,120.29);
INSERT OR IGNORE INTO sales_order_items (id,sales_order_id,product_id,quantity,unit_price,discount_percent,line_total) VALUES ('oi-0037-5','order-0037','prod-041',9,71.72,5,613.21);
INSERT OR IGNORE INTO sales_orders (id,tenant_id,order_number,agent_id,customer_id,order_type,status,subtotal,tax_amount,total_amount,payment_method,payment_status,created_at) VALUES ('order-0038','default-tenant-001','SO-00038','agent-005','cust-075','direct_sale','completed',1669.1,250.36,1919.46,'card','paid','2025-10-05T10:00:00Z');
INSERT OR IGNORE INTO sales_order_items (id,sales_order_id,product_id,quantity,unit_price,discount_percent,line_total) VALUES ('oi-0038-1','order-0038','prod-030',10,71.19,0,711.9);
INSERT OR IGNORE INTO sales_order_items (id,sales_order_id,product_id,quantity,unit_price,discount_percent,line_total) VALUES ('oi-0038-2','order-0038','prod-023',6,35.88,0,215.28);
INSERT OR IGNORE INTO sales_order_items (id,sales_order_id,product_id,quantity,unit_price,discount_percent,line_total) VALUES ('oi-0038-3','order-0038','prod-050',14,15.31,5,203.62);
INSERT OR IGNORE INTO sales_order_items (id,sales_order_id,product_id,quantity,unit_price,discount_percent,line_total) VALUES ('oi-0038-4','order-0038','prod-045',6,61.3,0,367.8);
INSERT OR IGNORE INTO sales_order_items (id,sales_order_id,product_id,quantity,unit_price,discount_percent,line_total) VALUES ('oi-0038-5','order-0038','prod-050',11,15.5,0,170.5);
INSERT OR IGNORE INTO sales_orders (id,tenant_id,order_number,agent_id,customer_id,order_type,status,subtotal,tax_amount,total_amount,payment_method,payment_status,created_at) VALUES ('order-0039','default-tenant-001','SO-00039','agent-003','cust-032','direct_sale','draft',5786.0199999999995,867.9,6653.92,'cash','pending','2025-10-22T10:00:00Z');
INSERT OR IGNORE INTO sales_order_items (id,sales_order_id,product_id,quantity,unit_price,discount_percent,line_total) VALUES ('oi-0039-1','order-0039','prod-048',20,160.07,0,3201.4);
INSERT OR IGNORE INTO sales_order_items (id,sales_order_id,product_id,quantity,unit_price,discount_percent,line_total) VALUES ('oi-0039-2','order-0039','prod-022',9,139.4,0,1254.6);
INSERT OR IGNORE INTO sales_order_items (id,sales_order_id,product_id,quantity,unit_price,discount_percent,line_total) VALUES ('oi-0039-3','order-0039','prod-025',5,102.56,0,512.8);
INSERT OR IGNORE INTO sales_order_items (id,sales_order_id,product_id,quantity,unit_price,discount_percent,line_total) VALUES ('oi-0039-4','order-0039','prod-009',15,32.91,0,493.65);
INSERT OR IGNORE INTO sales_order_items (id,sales_order_id,product_id,quantity,unit_price,discount_percent,line_total) VALUES ('oi-0039-5','order-0039','prod-039',5,68.12,5,323.57);
INSERT OR IGNORE INTO sales_orders (id,tenant_id,order_number,agent_id,customer_id,order_type,status,subtotal,tax_amount,total_amount,payment_method,payment_status,created_at) VALUES ('order-0040','default-tenant-001','SO-00040','agent-002','cust-073','direct_sale','pending',4693.95,704.09,5398.04,'credit','pending','2026-01-23T10:00:00Z');
INSERT OR IGNORE INTO sales_order_items (id,sales_order_id,product_id,quantity,unit_price,discount_percent,line_total) VALUES ('oi-0040-1','order-0040','prod-003',4,149.33,0,597.32);
INSERT OR IGNORE INTO sales_order_items (id,sales_order_id,product_id,quantity,unit_price,discount_percent,line_total) VALUES ('oi-0040-2','order-0040','prod-018',20,60.16,0,1203.2);
INSERT OR IGNORE INTO sales_order_items (id,sales_order_id,product_id,quantity,unit_price,discount_percent,line_total) VALUES ('oi-0040-3','order-0040','prod-042',16,82.6,0,1321.6);
INSERT OR IGNORE INTO sales_order_items (id,sales_order_id,product_id,quantity,unit_price,discount_percent,line_total) VALUES ('oi-0040-4','order-0040','prod-009',13,99.97,5,1234.63);
INSERT OR IGNORE INTO sales_order_items (id,sales_order_id,product_id,quantity,unit_price,discount_percent,line_total) VALUES ('oi-0040-5','order-0040','prod-016',20,16.86,0,337.2);
INSERT OR IGNORE INTO sales_orders (id,tenant_id,order_number,agent_id,customer_id,order_type,status,subtotal,tax_amount,total_amount,payment_method,payment_status,created_at) VALUES ('order-0041','default-tenant-001','SO-00041','agent-001','cust-087','direct_sale','completed',2490.0600000000004,373.51,2863.57,'mobile_money','paid','2026-01-15T10:00:00Z');
INSERT OR IGNORE INTO sales_order_items (id,sales_order_id,product_id,quantity,unit_price,discount_percent,line_total) VALUES ('oi-0041-1','order-0041','prod-012',9,38.95,0,350.55);
INSERT OR IGNORE INTO sales_order_items (id,sales_order_id,product_id,quantity,unit_price,discount_percent,line_total) VALUES ('oi-0041-2','order-0041','prod-025',13,173.24,5,2139.51);
INSERT OR IGNORE INTO sales_orders (id,tenant_id,order_number,agent_id,customer_id,order_type,status,subtotal,tax_amount,total_amount,payment_method,payment_status,created_at) VALUES ('order-0042','default-tenant-001','SO-00042','agent-user-001','cust-015','direct_sale','delivered',5632.51,844.88,6477.39,'mobile_money','paid','2025-12-03T10:00:00Z');
INSERT OR IGNORE INTO sales_order_items (id,sales_order_id,product_id,quantity,unit_price,discount_percent,line_total) VALUES ('oi-0042-1','order-0042','prod-016',17,176.41,0,2998.97);
INSERT OR IGNORE INTO sales_order_items (id,sales_order_id,product_id,quantity,unit_price,discount_percent,line_total) VALUES ('oi-0042-2','order-0042','prod-037',5,74.35,0,371.75);
INSERT OR IGNORE INTO sales_order_items (id,sales_order_id,product_id,quantity,unit_price,discount_percent,line_total) VALUES ('oi-0042-3','order-0042','prod-019',3,86.81,10,234.39);
INSERT OR IGNORE INTO sales_order_items (id,sales_order_id,product_id,quantity,unit_price,discount_percent,line_total) VALUES ('oi-0042-4','order-0042','prod-015',12,168.95,0,2027.4);
INSERT OR IGNORE INTO sales_orders (id,tenant_id,order_number,agent_id,customer_id,order_type,status,subtotal,tax_amount,total_amount,payment_method,payment_status,created_at) VALUES ('order-0043','default-tenant-001','SO-00043','agent-user-001','cust-038','direct_sale','delivered',4358.13,653.72,5011.85,'cash','paid','2025-10-25T10:00:00Z');
INSERT OR IGNORE INTO sales_order_items (id,sales_order_id,product_id,quantity,unit_price,discount_percent,line_total) VALUES ('oi-0043-1','order-0043','prod-050',8,29.37,5,223.21);
INSERT OR IGNORE INTO sales_order_items (id,sales_order_id,product_id,quantity,unit_price,discount_percent,line_total) VALUES ('oi-0043-2','order-0043','prod-039',14,114.77,5,1526.44);
INSERT OR IGNORE INTO sales_order_items (id,sales_order_id,product_id,quantity,unit_price,discount_percent,line_total) VALUES ('oi-0043-3','order-0043','prod-028',15,67.46,0,1011.9);
INSERT OR IGNORE INTO sales_order_items (id,sales_order_id,product_id,quantity,unit_price,discount_percent,line_total) VALUES ('oi-0043-4','order-0043','prod-039',11,53.34,0,586.74);
INSERT OR IGNORE INTO sales_order_items (id,sales_order_id,product_id,quantity,unit_price,discount_percent,line_total) VALUES ('oi-0043-5','order-0043','prod-027',7,86.87,0,608.09);
INSERT OR IGNORE INTO sales_order_items (id,sales_order_id,product_id,quantity,unit_price,discount_percent,line_total) VALUES ('oi-0043-6','order-0043','prod-015',5,84.58,5,401.75);
INSERT OR IGNORE INTO sales_orders (id,tenant_id,order_number,agent_id,customer_id,order_type,status,subtotal,tax_amount,total_amount,payment_method,payment_status,created_at) VALUES ('order-0044','default-tenant-001','SO-00044','agent-004','cust-083','direct_sale','completed',3586.0000000000005,537.9,4123.9,'cash','paid','2025-10-09T10:00:00Z');
INSERT OR IGNORE INTO sales_order_items (id,sales_order_id,product_id,quantity,unit_price,discount_percent,line_total) VALUES ('oi-0044-1','order-0044','prod-020',14,165.32,5,2198.76);
INSERT OR IGNORE INTO sales_order_items (id,sales_order_id,product_id,quantity,unit_price,discount_percent,line_total) VALUES ('oi-0044-2','order-0044','prod-049',18,70.07,10,1135.13);
INSERT OR IGNORE INTO sales_order_items (id,sales_order_id,product_id,quantity,unit_price,discount_percent,line_total) VALUES ('oi-0044-3','order-0044','prod-037',2,140.06,10,252.11);
INSERT OR IGNORE INTO sales_orders (id,tenant_id,order_number,agent_id,customer_id,order_type,status,subtotal,tax_amount,total_amount,payment_method,payment_status,created_at) VALUES ('order-0045','default-tenant-001','SO-00045','agent-005','cust-100','direct_sale','completed',2026.58,303.99,2330.57,'credit','paid','2026-01-31T10:00:00Z');
INSERT OR IGNORE INTO sales_order_items (id,sales_order_id,product_id,quantity,unit_price,discount_percent,line_total) VALUES ('oi-0045-1','order-0045','prod-021',8,37.62,0,300.96);
INSERT OR IGNORE INTO sales_order_items (id,sales_order_id,product_id,quantity,unit_price,discount_percent,line_total) VALUES ('oi-0045-2','order-0045','prod-049',11,122.39,5,1278.98);
INSERT OR IGNORE INTO sales_order_items (id,sales_order_id,product_id,quantity,unit_price,discount_percent,line_total) VALUES ('oi-0045-3','order-0045','prod-001',5,94.03,5,446.64);
INSERT OR IGNORE INTO sales_orders (id,tenant_id,order_number,agent_id,customer_id,order_type,status,subtotal,tax_amount,total_amount,payment_method,payment_status,created_at) VALUES ('order-0046','default-tenant-001','SO-00046','agent-004','cust-045','direct_sale','draft',4818.83,722.82,5541.65,'mobile_money','pending','2025-12-15T10:00:00Z');
INSERT OR IGNORE INTO sales_order_items (id,sales_order_id,product_id,quantity,unit_price,discount_percent,line_total) VALUES ('oi-0046-1','order-0046','prod-043',14,55.96,0,783.44);
INSERT OR IGNORE INTO sales_order_items (id,sales_order_id,product_id,quantity,unit_price,discount_percent,line_total) VALUES ('oi-0046-2','order-0046','prod-041',14,124.13,10,1564.04);
INSERT OR IGNORE INTO sales_order_items (id,sales_order_id,product_id,quantity,unit_price,discount_percent,line_total) VALUES ('oi-0046-3','order-0046','prod-006',2,99.47,10,179.05);
INSERT OR IGNORE INTO sales_order_items (id,sales_order_id,product_id,quantity,unit_price,discount_percent,line_total) VALUES ('oi-0046-4','order-0046','prod-004',16,82.84,0,1325.44);
INSERT OR IGNORE INTO sales_order_items (id,sales_order_id,product_id,quantity,unit_price,discount_percent,line_total) VALUES ('oi-0046-5','order-0046','prod-050',6,23.33,0,139.98);
INSERT OR IGNORE INTO sales_order_items (id,sales_order_id,product_id,quantity,unit_price,discount_percent,line_total) VALUES ('oi-0046-6','order-0046','prod-027',16,51.68,0,826.88);
INSERT OR IGNORE INTO sales_orders (id,tenant_id,order_number,agent_id,customer_id,order_type,status,subtotal,tax_amount,total_amount,payment_method,payment_status,created_at) VALUES ('order-0047','default-tenant-001','SO-00047','agent-003','cust-088','direct_sale','completed',1666.59,249.99,1916.58,'cash','paid','2025-10-11T10:00:00Z');
INSERT OR IGNORE INTO sales_order_items (id,sales_order_id,product_id,quantity,unit_price,discount_percent,line_total) VALUES ('oi-0047-1','order-0047','prod-013',4,12.36,5,46.97);
INSERT OR IGNORE INTO sales_order_items (id,sales_order_id,product_id,quantity,unit_price,discount_percent,line_total) VALUES ('oi-0047-2','order-0047','prod-013',7,17.58,0,123.06);
INSERT OR IGNORE INTO sales_order_items (id,sales_order_id,product_id,quantity,unit_price,discount_percent,line_total) VALUES ('oi-0047-3','order-0047','prod-015',8,103.79,0,830.32);
INSERT OR IGNORE INTO sales_order_items (id,sales_order_id,product_id,quantity,unit_price,discount_percent,line_total) VALUES ('oi-0047-4','order-0047','prod-035',15,26.85,0,402.75);
INSERT OR IGNORE INTO sales_order_items (id,sales_order_id,product_id,quantity,unit_price,discount_percent,line_total) VALUES ('oi-0047-5','order-0047','prod-015',3,87.83,0,263.49);
INSERT OR IGNORE INTO sales_orders (id,tenant_id,order_number,agent_id,customer_id,order_type,status,subtotal,tax_amount,total_amount,payment_method,payment_status,created_at) VALUES ('order-0048','default-tenant-001','SO-00048','agent-001','cust-100','direct_sale','completed',2168.08,325.21,2493.29,'cash','paid','2026-01-04T10:00:00Z');
INSERT OR IGNORE INTO sales_order_items (id,sales_order_id,product_id,quantity,unit_price,discount_percent,line_total) VALUES ('oi-0048-1','order-0048','prod-005',4,112.27,0,449.08);
INSERT OR IGNORE INTO sales_order_items (id,sales_order_id,product_id,quantity,unit_price,discount_percent,line_total) VALUES ('oi-0048-2','order-0048','prod-007',5,59.76,0,298.8);
INSERT OR IGNORE INTO sales_order_items (id,sales_order_id,product_id,quantity,unit_price,discount_percent,line_total) VALUES ('oi-0048-3','order-0048','prod-050',9,157.8,0,1420.2);
INSERT OR IGNORE INTO sales_orders (id,tenant_id,order_number,agent_id,customer_id,order_type,status,subtotal,tax_amount,total_amount,payment_method,payment_status,created_at) VALUES ('order-0049','default-tenant-001','SO-00049','agent-003','cust-008','direct_sale','pending',1596.29,239.44,1835.73,'card','pending','2026-03-06T10:00:00Z');
INSERT OR IGNORE INTO sales_order_items (id,sales_order_id,product_id,quantity,unit_price,discount_percent,line_total) VALUES ('oi-0049-1','order-0049','prod-020',6,44.78,5,255.25);
INSERT OR IGNORE INTO sales_order_items (id,sales_order_id,product_id,quantity,unit_price,discount_percent,line_total) VALUES ('oi-0049-2','order-0049','prod-040',8,167.63,0,1341.04);
INSERT OR IGNORE INTO sales_orders (id,tenant_id,order_number,agent_id,customer_id,order_type,status,subtotal,tax_amount,total_amount,payment_method,payment_status,created_at) VALUES ('order-0050','default-tenant-001','SO-00050','agent-001','cust-093','direct_sale','completed',1381.1599999999999,207.17,1588.33,'credit','paid','2025-12-05T10:00:00Z');
INSERT OR IGNORE INTO sales_order_items (id,sales_order_id,product_id,quantity,unit_price,discount_percent,line_total) VALUES ('oi-0050-1','order-0050','prod-043',2,72.18,0,144.36);
INSERT OR IGNORE INTO sales_order_items (id,sales_order_id,product_id,quantity,unit_price,discount_percent,line_total) VALUES ('oi-0050-2','order-0050','prod-020',8,154.6,0,1236.8);
INSERT OR IGNORE INTO sales_orders (id,tenant_id,order_number,agent_id,customer_id,order_type,status,subtotal,tax_amount,total_amount,payment_method,payment_status,created_at) VALUES ('order-0051','default-tenant-001','SO-00051','agent-005','cust-005','direct_sale','pending',4266.85,640.03,4906.88,'mobile_money','pending','2025-12-09T10:00:00Z');
INSERT OR IGNORE INTO sales_order_items (id,sales_order_id,product_id,quantity,unit_price,discount_percent,line_total) VALUES ('oi-0051-1','order-0051','prod-005',13,168.6,0,2191.8);
INSERT OR IGNORE INTO sales_order_items (id,sales_order_id,product_id,quantity,unit_price,discount_percent,line_total) VALUES ('oi-0051-2','order-0051','prod-001',8,169.94,0,1359.52);
INSERT OR IGNORE INTO sales_order_items (id,sales_order_id,product_id,quantity,unit_price,discount_percent,line_total) VALUES ('oi-0051-3','order-0051','prod-034',15,30.52,5,434.91);
INSERT OR IGNORE INTO sales_order_items (id,sales_order_id,product_id,quantity,unit_price,discount_percent,line_total) VALUES ('oi-0051-4','order-0051','prod-033',6,46.77,0,280.62);
INSERT OR IGNORE INTO sales_orders (id,tenant_id,order_number,agent_id,customer_id,order_type,status,subtotal,tax_amount,total_amount,payment_method,payment_status,created_at) VALUES ('order-0052','default-tenant-001','SO-00052','agent-005','cust-051','direct_sale','completed',8155.59,1223.34,9378.93,'credit','paid','2025-12-11T10:00:00Z');
INSERT OR IGNORE INTO sales_order_items (id,sales_order_id,product_id,quantity,unit_price,discount_percent,line_total) VALUES ('oi-0052-1','order-0052','prod-008',1,146.14,0,146.14);
INSERT OR IGNORE INTO sales_order_items (id,sales_order_id,product_id,quantity,unit_price,discount_percent,line_total) VALUES ('oi-0052-2','order-0052','prod-026',6,83.4,0,500.4);
INSERT OR IGNORE INTO sales_order_items (id,sales_order_id,product_id,quantity,unit_price,discount_percent,line_total) VALUES ('oi-0052-3','order-0052','prod-012',15,177.01,0,2655.15);
INSERT OR IGNORE INTO sales_order_items (id,sales_order_id,product_id,quantity,unit_price,discount_percent,line_total) VALUES ('oi-0052-4','order-0052','prod-013',18,106.28,0,1913.04);
INSERT OR IGNORE INTO sales_order_items (id,sales_order_id,product_id,quantity,unit_price,discount_percent,line_total) VALUES ('oi-0052-5','order-0052','prod-048',4,177.9,0,711.6);
INSERT OR IGNORE INTO sales_order_items (id,sales_order_id,product_id,quantity,unit_price,discount_percent,line_total) VALUES ('oi-0052-6','order-0052','prod-049',15,165.13,10,2229.26);
INSERT OR IGNORE INTO sales_orders (id,tenant_id,order_number,agent_id,customer_id,order_type,status,subtotal,tax_amount,total_amount,payment_method,payment_status,created_at) VALUES ('order-0053','default-tenant-001','SO-00053','agent-004','cust-072','direct_sale','completed',1054.22,158.13,1212.35,'card','paid','2026-01-27T10:00:00Z');
INSERT OR IGNORE INTO sales_order_items (id,sales_order_id,product_id,quantity,unit_price,discount_percent,line_total) VALUES ('oi-0053-1','order-0053','prod-011',8,34.12,10,245.66);
INSERT OR IGNORE INTO sales_order_items (id,sales_order_id,product_id,quantity,unit_price,discount_percent,line_total) VALUES ('oi-0053-2','order-0053','prod-015',10,89.84,10,808.56);
INSERT OR IGNORE INTO sales_orders (id,tenant_id,order_number,agent_id,customer_id,order_type,status,subtotal,tax_amount,total_amount,payment_method,payment_status,created_at) VALUES ('order-0054','default-tenant-001','SO-00054','agent-user-001','cust-093','direct_sale','completed',7380.06,1107.01,8487.07,'card','paid','2025-12-19T10:00:00Z');
INSERT OR IGNORE INTO sales_order_items (id,sales_order_id,product_id,quantity,unit_price,discount_percent,line_total) VALUES ('oi-0054-1','order-0054','prod-010',7,90.38,10,569.39);
INSERT OR IGNORE INTO sales_order_items (id,sales_order_id,product_id,quantity,unit_price,discount_percent,line_total) VALUES ('oi-0054-2','order-0054','prod-002',18,143.64,0,2585.52);
INSERT OR IGNORE INTO sales_order_items (id,sales_order_id,product_id,quantity,unit_price,discount_percent,line_total) VALUES ('oi-0054-3','order-0054','prod-005',13,139.04,0,1807.52);
INSERT OR IGNORE INTO sales_order_items (id,sales_order_id,product_id,quantity,unit_price,discount_percent,line_total) VALUES ('oi-0054-4','order-0054','prod-035',16,20.8,0,332.8);
INSERT OR IGNORE INTO sales_order_items (id,sales_order_id,product_id,quantity,unit_price,discount_percent,line_total) VALUES ('oi-0054-5','order-0054','prod-010',16,137.16,5,2084.83);
INSERT OR IGNORE INTO sales_orders (id,tenant_id,order_number,agent_id,customer_id,order_type,status,subtotal,tax_amount,total_amount,payment_method,payment_status,created_at) VALUES ('order-0055','default-tenant-001','SO-00055','agent-005','cust-099','direct_sale','completed',3422.7799999999997,513.42,3936.2,'credit','paid','2025-12-15T10:00:00Z');
INSERT OR IGNORE INTO sales_order_items (id,sales_order_id,product_id,quantity,unit_price,discount_percent,line_total) VALUES ('oi-0055-1','order-0055','prod-028',20,155.71,5,2958.49);
INSERT OR IGNORE INTO sales_order_items (id,sales_order_id,product_id,quantity,unit_price,discount_percent,line_total) VALUES ('oi-0055-2','order-0055','prod-025',2,159.07,10,286.33);
INSERT OR IGNORE INTO sales_order_items (id,sales_order_id,product_id,quantity,unit_price,discount_percent,line_total) VALUES ('oi-0055-3','order-0055','prod-035',2,88.98,0,177.96);
INSERT OR IGNORE INTO sales_orders (id,tenant_id,order_number,agent_id,customer_id,order_type,status,subtotal,tax_amount,total_amount,payment_method,payment_status,created_at) VALUES ('order-0056','default-tenant-001','SO-00056','agent-003','cust-082','direct_sale','completed',4762.61,714.39,5477.0,'card','paid','2025-11-01T10:00:00Z');
INSERT OR IGNORE INTO sales_order_items (id,sales_order_id,product_id,quantity,unit_price,discount_percent,line_total) VALUES ('oi-0056-1','order-0056','prod-018',15,149.98,0,2249.7);
INSERT OR IGNORE INTO sales_order_items (id,sales_order_id,product_id,quantity,unit_price,discount_percent,line_total) VALUES ('oi-0056-2','order-0056','prod-026',8,49.53,5,376.43);
INSERT OR IGNORE INTO sales_order_items (id,sales_order_id,product_id,quantity,unit_price,discount_percent,line_total) VALUES ('oi-0056-3','order-0056','prod-026',2,90.74,5,172.41);
INSERT OR IGNORE INTO sales_order_items (id,sales_order_id,product_id,quantity,unit_price,discount_percent,line_total) VALUES ('oi-0056-4','order-0056','prod-037',6,46.34,0,278.04);
INSERT OR IGNORE INTO sales_order_items (id,sales_order_id,product_id,quantity,unit_price,discount_percent,line_total) VALUES ('oi-0056-5','order-0056','prod-023',1,170.78,0,170.78);
INSERT OR IGNORE INTO sales_order_items (id,sales_order_id,product_id,quantity,unit_price,discount_percent,line_total) VALUES ('oi-0056-6','order-0056','prod-009',19,79.75,0,1515.25);
INSERT OR IGNORE INTO sales_orders (id,tenant_id,order_number,agent_id,customer_id,order_type,status,subtotal,tax_amount,total_amount,payment_method,payment_status,created_at) VALUES ('order-0057','default-tenant-001','SO-00057','agent-005','cust-030','direct_sale','pending',2441.01,366.15,2807.16,'cash','pending','2026-01-28T10:00:00Z');
INSERT OR IGNORE INTO sales_order_items (id,sales_order_id,product_id,quantity,unit_price,discount_percent,line_total) VALUES ('oi-0057-1','order-0057','prod-042',6,93.08,5,530.56);
INSERT OR IGNORE INTO sales_order_items (id,sales_order_id,product_id,quantity,unit_price,discount_percent,line_total) VALUES ('oi-0057-2','order-0057','prod-027',20,100.55,5,1910.45);
INSERT OR IGNORE INTO sales_orders (id,tenant_id,order_number,agent_id,customer_id,order_type,status,subtotal,tax_amount,total_amount,payment_method,payment_status,created_at) VALUES ('order-0058','default-tenant-001','SO-00058','agent-003','cust-043','direct_sale','completed',496.65999999999997,74.5,571.16,'card','paid','2026-02-19T10:00:00Z');
INSERT OR IGNORE INTO sales_order_items (id,sales_order_id,product_id,quantity,unit_price,discount_percent,line_total) VALUES ('oi-0058-1','order-0058','prod-015',9,29.36,5,251.03);
INSERT OR IGNORE INTO sales_order_items (id,sales_order_id,product_id,quantity,unit_price,discount_percent,line_total) VALUES ('oi-0058-2','order-0058','prod-001',4,44.17,5,167.85);
INSERT OR IGNORE INTO sales_order_items (id,sales_order_id,product_id,quantity,unit_price,discount_percent,line_total) VALUES ('oi-0058-3','order-0058','prod-017',1,77.78,0,77.78);
INSERT OR IGNORE INTO sales_orders (id,tenant_id,order_number,agent_id,customer_id,order_type,status,subtotal,tax_amount,total_amount,payment_method,payment_status,created_at) VALUES ('order-0059','default-tenant-001','SO-00059','agent-002','cust-036','direct_sale','draft',7482.549999999999,1122.38,8604.93,'cash','pending','2026-01-11T10:00:00Z');
INSERT OR IGNORE INTO sales_order_items (id,sales_order_id,product_id,quantity,unit_price,discount_percent,line_total) VALUES ('oi-0059-1','order-0059','prod-042',16,129.41,0,2070.56);
INSERT OR IGNORE INTO sales_order_items (id,sales_order_id,product_id,quantity,unit_price,discount_percent,line_total) VALUES ('oi-0059-2','order-0059','prod-017',8,46.97,5,356.97);
INSERT OR IGNORE INTO sales_order_items (id,sales_order_id,product_id,quantity,unit_price,discount_percent,line_total) VALUES ('oi-0059-3','order-0059','prod-010',16,19.51,0,312.16);
INSERT OR IGNORE INTO sales_order_items (id,sales_order_id,product_id,quantity,unit_price,discount_percent,line_total) VALUES ('oi-0059-4','order-0059','prod-023',5,98.22,0,491.1);
INSERT OR IGNORE INTO sales_order_items (id,sales_order_id,product_id,quantity,unit_price,discount_percent,line_total) VALUES ('oi-0059-5','order-0059','prod-017',14,116.11,0,1625.54);
INSERT OR IGNORE INTO sales_order_items (id,sales_order_id,product_id,quantity,unit_price,discount_percent,line_total) VALUES ('oi-0059-6','order-0059','prod-012',19,153.58,10,2626.22);
INSERT OR IGNORE INTO sales_orders (id,tenant_id,order_number,agent_id,customer_id,order_type,status,subtotal,tax_amount,total_amount,payment_method,payment_status,created_at) VALUES ('order-0060','default-tenant-001','SO-00060','agent-003','cust-090','direct_sale','completed',3838.2499999999995,575.74,4413.99,'mobile_money','paid','2025-12-27T10:00:00Z');
INSERT OR IGNORE INTO sales_order_items (id,sales_order_id,product_id,quantity,unit_price,discount_percent,line_total) VALUES ('oi-0060-1','order-0060','prod-017',17,51.28,0,871.76);
INSERT OR IGNORE INTO sales_order_items (id,sales_order_id,product_id,quantity,unit_price,discount_percent,line_total) VALUES ('oi-0060-2','order-0060','prod-017',15,90.09,0,1351.35);
INSERT OR IGNORE INTO sales_order_items (id,sales_order_id,product_id,quantity,unit_price,discount_percent,line_total) VALUES ('oi-0060-3','order-0060','prod-013',9,149.09,10,1207.63);
INSERT OR IGNORE INTO sales_order_items (id,sales_order_id,product_id,quantity,unit_price,discount_percent,line_total) VALUES ('oi-0060-4','order-0060','prod-003',17,15.24,0,259.08);
INSERT OR IGNORE INTO sales_order_items (id,sales_order_id,product_id,quantity,unit_price,discount_percent,line_total) VALUES ('oi-0060-5','order-0060','prod-030',2,78.12,5,148.43);
INSERT OR IGNORE INTO sales_orders (id,tenant_id,order_number,agent_id,customer_id,order_type,status,subtotal,tax_amount,total_amount,payment_method,payment_status,created_at) VALUES ('order-0061','default-tenant-001','SO-00061','agent-005','cust-014','direct_sale','delivered',5193.18,778.98,5972.16,'credit','paid','2026-01-07T10:00:00Z');
INSERT OR IGNORE INTO sales_order_items (id,sales_order_id,product_id,quantity,unit_price,discount_percent,line_total) VALUES ('oi-0061-1','order-0061','prod-044',12,61.13,0,733.56);
INSERT OR IGNORE INTO sales_order_items (id,sales_order_id,product_id,quantity,unit_price,discount_percent,line_total) VALUES ('oi-0061-2','order-0061','prod-017',14,79.21,0,1108.94);
INSERT OR IGNORE INTO sales_order_items (id,sales_order_id,product_id,quantity,unit_price,discount_percent,line_total) VALUES ('oi-0061-3','order-0061','prod-010',11,24.87,0,273.57);
INSERT OR IGNORE INTO sales_order_items (id,sales_order_id,product_id,quantity,unit_price,discount_percent,line_total) VALUES ('oi-0061-4','order-0061','prod-015',11,14.23,0,156.53);
INSERT OR IGNORE INTO sales_order_items (id,sales_order_id,product_id,quantity,unit_price,discount_percent,line_total) VALUES ('oi-0061-5','order-0061','prod-031',17,148.54,0,2525.18);
INSERT OR IGNORE INTO sales_order_items (id,sales_order_id,product_id,quantity,unit_price,discount_percent,line_total) VALUES ('oi-0061-6','order-0061','prod-050',20,19.77,0,395.4);
INSERT OR IGNORE INTO sales_orders (id,tenant_id,order_number,agent_id,customer_id,order_type,status,subtotal,tax_amount,total_amount,payment_method,payment_status,created_at) VALUES ('order-0062','default-tenant-001','SO-00062','agent-002','cust-087','direct_sale','pending',1055.66,158.35,1214.01,'mobile_money','pending','2026-02-19T10:00:00Z');
INSERT OR IGNORE INTO sales_order_items (id,sales_order_id,product_id,quantity,unit_price,discount_percent,line_total) VALUES ('oi-0062-1','order-0062','prod-022',10,34.73,0,347.3);
INSERT OR IGNORE INTO sales_order_items (id,sales_order_id,product_id,quantity,unit_price,discount_percent,line_total) VALUES ('oi-0062-2','order-0062','prod-011',4,79.19,10,285.08);
INSERT OR IGNORE INTO sales_order_items (id,sales_order_id,product_id,quantity,unit_price,discount_percent,line_total) VALUES ('oi-0062-3','order-0062','prod-042',5,36.27,0,181.35);
INSERT OR IGNORE INTO sales_order_items (id,sales_order_id,product_id,quantity,unit_price,discount_percent,line_total) VALUES ('oi-0062-4','order-0062','prod-045',14,18.19,5,241.93);
INSERT OR IGNORE INTO sales_orders (id,tenant_id,order_number,agent_id,customer_id,order_type,status,subtotal,tax_amount,total_amount,payment_method,payment_status,created_at) VALUES ('order-0063','default-tenant-001','SO-00063','agent-002','cust-028','direct_sale','delivered',2306.45,345.97,2652.42,'cash','paid','2026-03-01T10:00:00Z');
INSERT OR IGNORE INTO sales_order_items (id,sales_order_id,product_id,quantity,unit_price,discount_percent,line_total) VALUES ('oi-0063-1','order-0063','prod-004',5,121.54,0,607.7);
INSERT OR IGNORE INTO sales_order_items (id,sales_order_id,product_id,quantity,unit_price,discount_percent,line_total) VALUES ('oi-0063-2','order-0063','prod-030',12,116.91,5,1332.77);
INSERT OR IGNORE INTO sales_order_items (id,sales_order_id,product_id,quantity,unit_price,discount_percent,line_total) VALUES ('oi-0063-3','order-0063','prod-007',4,96.31,5,365.98);
INSERT OR IGNORE INTO sales_orders (id,tenant_id,order_number,agent_id,customer_id,order_type,status,subtotal,tax_amount,total_amount,payment_method,payment_status,created_at) VALUES ('order-0064','default-tenant-001','SO-00064','agent-001','cust-055','direct_sale','completed',3105.2799999999997,465.79,3571.07,'card','paid','2026-02-23T10:00:00Z');
INSERT OR IGNORE INTO sales_order_items (id,sales_order_id,product_id,quantity,unit_price,discount_percent,line_total) VALUES ('oi-0064-1','order-0064','prod-018',11,168.55,5,1761.35);
INSERT OR IGNORE INTO sales_order_items (id,sales_order_id,product_id,quantity,unit_price,discount_percent,line_total) VALUES ('oi-0064-2','order-0064','prod-009',10,55.93,10,503.37);
INSERT OR IGNORE INTO sales_order_items (id,sales_order_id,product_id,quantity,unit_price,discount_percent,line_total) VALUES ('oi-0064-3','order-0064','prod-005',14,60.04,0,840.56);
INSERT OR IGNORE INTO sales_orders (id,tenant_id,order_number,agent_id,customer_id,order_type,status,subtotal,tax_amount,total_amount,payment_method,payment_status,created_at) VALUES ('order-0065','default-tenant-001','SO-00065','agent-user-001','cust-051','direct_sale','completed',2720.7200000000003,408.11,3128.83,'cash','paid','2026-02-05T10:00:00Z');
INSERT OR IGNORE INTO sales_order_items (id,sales_order_id,product_id,quantity,unit_price,discount_percent,line_total) VALUES ('oi-0065-1','order-0065','prod-026',19,46.7,0,887.3);
INSERT OR IGNORE INTO sales_order_items (id,sales_order_id,product_id,quantity,unit_price,discount_percent,line_total) VALUES ('oi-0065-2','order-0065','prod-003',12,17.91,10,193.43);
INSERT OR IGNORE INTO sales_order_items (id,sales_order_id,product_id,quantity,unit_price,discount_percent,line_total) VALUES ('oi-0065-3','order-0065','prod-016',20,17.6,10,316.8);
INSERT OR IGNORE INTO sales_order_items (id,sales_order_id,product_id,quantity,unit_price,discount_percent,line_total) VALUES ('oi-0065-4','order-0065','prod-008',4,156.06,0,624.24);
INSERT OR IGNORE INTO sales_order_items (id,sales_order_id,product_id,quantity,unit_price,discount_percent,line_total) VALUES ('oi-0065-5','order-0065','prod-044',7,99.85,0,698.95);
INSERT OR IGNORE INTO sales_orders (id,tenant_id,order_number,agent_id,customer_id,order_type,status,subtotal,tax_amount,total_amount,payment_method,payment_status,created_at) VALUES ('order-0066','default-tenant-001','SO-00066','agent-002','cust-038','direct_sale','pending',5516.69,827.5,6344.19,'mobile_money','pending','2026-02-14T10:00:00Z');
INSERT OR IGNORE INTO sales_order_items (id,sales_order_id,product_id,quantity,unit_price,discount_percent,line_total) VALUES ('oi-0066-1','order-0066','prod-033',12,151.75,10,1638.9);
INSERT OR IGNORE INTO sales_order_items (id,sales_order_id,product_id,quantity,unit_price,discount_percent,line_total) VALUES ('oi-0066-2','order-0066','prod-020',6,161.34,0,968.04);
INSERT OR IGNORE INTO sales_order_items (id,sales_order_id,product_id,quantity,unit_price,discount_percent,line_total) VALUES ('oi-0066-3','order-0066','prod-042',15,80.12,0,1201.8);
INSERT OR IGNORE INTO sales_order_items (id,sales_order_id,product_id,quantity,unit_price,discount_percent,line_total) VALUES ('oi-0066-4','order-0066','prod-026',18,99.88,5,1707.95);
INSERT OR IGNORE INTO sales_orders (id,tenant_id,order_number,agent_id,customer_id,order_type,status,subtotal,tax_amount,total_amount,payment_method,payment_status,created_at) VALUES ('order-0067','default-tenant-001','SO-00067','agent-002','cust-045','direct_sale','draft',980.09,147.01,1127.1,'cash','pending','2026-02-12T10:00:00Z');
INSERT OR IGNORE INTO sales_order_items (id,sales_order_id,product_id,quantity,unit_price,discount_percent,line_total) VALUES ('oi-0067-1','order-0067','prod-030',8,89.09,0,712.72);
INSERT OR IGNORE INTO sales_order_items (id,sales_order_id,product_id,quantity,unit_price,discount_percent,line_total) VALUES ('oi-0067-2','order-0067','prod-042',1,14.12,5,13.41);
INSERT OR IGNORE INTO sales_order_items (id,sales_order_id,product_id,quantity,unit_price,discount_percent,line_total) VALUES ('oi-0067-3','order-0067','prod-040',3,89.11,5,253.96);
INSERT OR IGNORE INTO sales_orders (id,tenant_id,order_number,agent_id,customer_id,order_type,status,subtotal,tax_amount,total_amount,payment_method,payment_status,created_at) VALUES ('order-0068','default-tenant-001','SO-00068','agent-005','cust-041','direct_sale','completed',5012.33,751.85,5764.18,'credit','paid','2025-11-20T10:00:00Z');
INSERT OR IGNORE INTO sales_order_items (id,sales_order_id,product_id,quantity,unit_price,discount_percent,line_total) VALUES ('oi-0068-1','order-0068','prod-022',16,76.58,10,1102.75);
INSERT OR IGNORE INTO sales_order_items (id,sales_order_id,product_id,quantity,unit_price,discount_percent,line_total) VALUES ('oi-0068-2','order-0068','prod-027',4,88.5,0,354.0);
INSERT OR IGNORE INTO sales_order_items (id,sales_order_id,product_id,quantity,unit_price,discount_percent,line_total) VALUES ('oi-0068-3','order-0068','prod-011',18,155.37,10,2516.99);
INSERT OR IGNORE INTO sales_order_items (id,sales_order_id,product_id,quantity,unit_price,discount_percent,line_total) VALUES ('oi-0068-4','order-0068','prod-017',8,128.2,5,974.32);
INSERT OR IGNORE INTO sales_order_items (id,sales_order_id,product_id,quantity,unit_price,discount_percent,line_total) VALUES ('oi-0068-5','order-0068','prod-013',1,64.27,0,64.27);
INSERT OR IGNORE INTO sales_orders (id,tenant_id,order_number,agent_id,customer_id,order_type,status,subtotal,tax_amount,total_amount,payment_method,payment_status,created_at) VALUES ('order-0069','default-tenant-001','SO-00069','agent-user-001','cust-050','direct_sale','pending',1318.04,197.71,1515.75,'mobile_money','pending','2025-12-21T10:00:00Z');
INSERT OR IGNORE INTO sales_order_items (id,sales_order_id,product_id,quantity,unit_price,discount_percent,line_total) VALUES ('oi-0069-1','order-0069','prod-034',4,18.36,5,69.77);
INSERT OR IGNORE INTO sales_order_items (id,sales_order_id,product_id,quantity,unit_price,discount_percent,line_total) VALUES ('oi-0069-2','order-0069','prod-021',5,78.38,5,372.3);
INSERT OR IGNORE INTO sales_order_items (id,sales_order_id,product_id,quantity,unit_price,discount_percent,line_total) VALUES ('oi-0069-3','order-0069','prod-029',4,30.32,5,115.22);
INSERT OR IGNORE INTO sales_order_items (id,sales_order_id,product_id,quantity,unit_price,discount_percent,line_total) VALUES ('oi-0069-4','order-0069','prod-029',6,140.88,10,760.75);
INSERT OR IGNORE INTO sales_orders (id,tenant_id,order_number,agent_id,customer_id,order_type,status,subtotal,tax_amount,total_amount,payment_method,payment_status,created_at) VALUES ('order-0070','default-tenant-001','SO-00070','agent-005','cust-076','direct_sale','pending',4736.84,710.53,5447.37,'credit','pending','2026-02-16T10:00:00Z');
INSERT OR IGNORE INTO sales_order_items (id,sales_order_id,product_id,quantity,unit_price,discount_percent,line_total) VALUES ('oi-0070-1','order-0070','prod-025',10,93.5,0,935.0);
INSERT OR IGNORE INTO sales_order_items (id,sales_order_id,product_id,quantity,unit_price,discount_percent,line_total) VALUES ('oi-0070-2','order-0070','prod-026',9,122.36,10,991.12);
INSERT OR IGNORE INTO sales_order_items (id,sales_order_id,product_id,quantity,unit_price,discount_percent,line_total) VALUES ('oi-0070-3','order-0070','prod-039',18,28.22,5,482.56);
INSERT OR IGNORE INTO sales_order_items (id,sales_order_id,product_id,quantity,unit_price,discount_percent,line_total) VALUES ('oi-0070-4','order-0070','prod-021',18,136.15,5,2328.16);
INSERT OR IGNORE INTO sales_orders (id,tenant_id,order_number,agent_id,customer_id,order_type,status,subtotal,tax_amount,total_amount,payment_method,payment_status,created_at) VALUES ('order-0071','default-tenant-001','SO-00071','agent-002','cust-063','direct_sale','draft',2918.87,437.83,3356.7,'credit','pending','2025-10-26T10:00:00Z');
INSERT OR IGNORE INTO sales_order_items (id,sales_order_id,product_id,quantity,unit_price,discount_percent,line_total) VALUES ('oi-0071-1','order-0071','prod-015',16,54.62,5,830.22);
INSERT OR IGNORE INTO sales_order_items (id,sales_order_id,product_id,quantity,unit_price,discount_percent,line_total) VALUES ('oi-0071-2','order-0071','prod-048',3,63.86,5,182.0);
INSERT OR IGNORE INTO sales_order_items (id,sales_order_id,product_id,quantity,unit_price,discount_percent,line_total) VALUES ('oi-0071-3','order-0071','prod-022',9,92.95,0,836.55);
INSERT OR IGNORE INTO sales_order_items (id,sales_order_id,product_id,quantity,unit_price,discount_percent,line_total) VALUES ('oi-0071-4','order-0071','prod-008',18,59.45,0,1070.1);
INSERT OR IGNORE INTO sales_orders (id,tenant_id,order_number,agent_id,customer_id,order_type,status,subtotal,tax_amount,total_amount,payment_method,payment_status,created_at) VALUES ('order-0072','default-tenant-001','SO-00072','agent-002','cust-071','direct_sale','completed',4472.81,670.92,5143.73,'cash','paid','2025-11-23T10:00:00Z');
INSERT OR IGNORE INTO sales_order_items (id,sales_order_id,product_id,quantity,unit_price,discount_percent,line_total) VALUES ('oi-0072-1','order-0072','prod-002',3,27.68,10,74.74);
INSERT OR IGNORE INTO sales_order_items (id,sales_order_id,product_id,quantity,unit_price,discount_percent,line_total) VALUES ('oi-0072-2','order-0072','prod-024',4,27.52,0,110.08);
INSERT OR IGNORE INTO sales_order_items (id,sales_order_id,product_id,quantity,unit_price,discount_percent,line_total) VALUES ('oi-0072-3','order-0072','prod-011',20,138.51,10,2493.18);
INSERT OR IGNORE INTO sales_order_items (id,sales_order_id,product_id,quantity,unit_price,discount_percent,line_total) VALUES ('oi-0072-4','order-0072','prod-011',9,89.94,0,809.46);
INSERT OR IGNORE INTO sales_order_items (id,sales_order_id,product_id,quantity,unit_price,discount_percent,line_total) VALUES ('oi-0072-5','order-0072','prod-036',15,65.69,0,985.35);
INSERT OR IGNORE INTO sales_orders (id,tenant_id,order_number,agent_id,customer_id,order_type,status,subtotal,tax_amount,total_amount,payment_method,payment_status,created_at) VALUES ('order-0073','default-tenant-001','SO-00073','agent-001','cust-039','direct_sale','pending',3249.21,487.38,3736.59,'cash','pending','2026-02-10T10:00:00Z');
INSERT OR IGNORE INTO sales_order_items (id,sales_order_id,product_id,quantity,unit_price,discount_percent,line_total) VALUES ('oi-0073-1','order-0073','prod-038',17,25.31,10,387.24);
INSERT OR IGNORE INTO sales_order_items (id,sales_order_id,product_id,quantity,unit_price,discount_percent,line_total) VALUES ('oi-0073-2','order-0073','prod-040',20,150.63,5,2861.97);
INSERT OR IGNORE INTO sales_orders (id,tenant_id,order_number,agent_id,customer_id,order_type,status,subtotal,tax_amount,total_amount,payment_method,payment_status,created_at) VALUES ('order-0074','default-tenant-001','SO-00074','agent-004','cust-054','direct_sale','draft',5841.169999999999,876.18,6717.35,'credit','pending','2026-01-09T10:00:00Z');
INSERT OR IGNORE INTO sales_order_items (id,sales_order_id,product_id,quantity,unit_price,discount_percent,line_total) VALUES ('oi-0074-1','order-0074','prod-020',6,117.88,10,636.55);
INSERT OR IGNORE INTO sales_order_items (id,sales_order_id,product_id,quantity,unit_price,discount_percent,line_total) VALUES ('oi-0074-2','order-0074','prod-008',9,125.84,0,1132.56);
INSERT OR IGNORE INTO sales_order_items (id,sales_order_id,product_id,quantity,unit_price,discount_percent,line_total) VALUES ('oi-0074-3','order-0074','prod-037',11,30.46,0,335.06);
INSERT OR IGNORE INTO sales_order_items (id,sales_order_id,product_id,quantity,unit_price,discount_percent,line_total) VALUES ('oi-0074-4','order-0074','prod-018',18,61.99,0,1115.82);
INSERT OR IGNORE INTO sales_order_items (id,sales_order_id,product_id,quantity,unit_price,discount_percent,line_total) VALUES ('oi-0074-5','order-0074','prod-027',14,67.1,0,939.4);
INSERT OR IGNORE INTO sales_order_items (id,sales_order_id,product_id,quantity,unit_price,discount_percent,line_total) VALUES ('oi-0074-6','order-0074','prod-014',16,116.79,10,1681.78);
INSERT OR IGNORE INTO sales_orders (id,tenant_id,order_number,agent_id,customer_id,order_type,status,subtotal,tax_amount,total_amount,payment_method,payment_status,created_at) VALUES ('order-0075','default-tenant-001','SO-00075','agent-002','cust-077','direct_sale','draft',4156.07,623.41,4779.48,'mobile_money','pending','2025-10-30T10:00:00Z');
INSERT OR IGNORE INTO sales_order_items (id,sales_order_id,product_id,quantity,unit_price,discount_percent,line_total) VALUES ('oi-0075-1','order-0075','prod-021',14,21.63,5,287.68);
INSERT OR IGNORE INTO sales_order_items (id,sales_order_id,product_id,quantity,unit_price,discount_percent,line_total) VALUES ('oi-0075-2','order-0075','prod-001',5,81.05,0,405.25);
INSERT OR IGNORE INTO sales_order_items (id,sales_order_id,product_id,quantity,unit_price,discount_percent,line_total) VALUES ('oi-0075-3','order-0075','prod-027',15,166.22,10,2243.97);
INSERT OR IGNORE INTO sales_order_items (id,sales_order_id,product_id,quantity,unit_price,discount_percent,line_total) VALUES ('oi-0075-4','order-0075','prod-010',5,40.63,5,192.99);
INSERT OR IGNORE INTO sales_order_items (id,sales_order_id,product_id,quantity,unit_price,discount_percent,line_total) VALUES ('oi-0075-5','order-0075','prod-016',6,82.33,0,493.98);
INSERT OR IGNORE INTO sales_order_items (id,sales_order_id,product_id,quantity,unit_price,discount_percent,line_total) VALUES ('oi-0075-6','order-0075','prod-027',10,53.22,0,532.2);
INSERT OR IGNORE INTO sales_orders (id,tenant_id,order_number,agent_id,customer_id,order_type,status,subtotal,tax_amount,total_amount,payment_method,payment_status,created_at) VALUES ('order-0076','default-tenant-001','SO-00076','agent-002','cust-094','direct_sale','draft',4165.1,624.76,4789.86,'card','pending','2025-12-06T10:00:00Z');
INSERT OR IGNORE INTO sales_order_items (id,sales_order_id,product_id,quantity,unit_price,discount_percent,line_total) VALUES ('oi-0076-1','order-0076','prod-017',11,45.61,10,451.54);
INSERT OR IGNORE INTO sales_order_items (id,sales_order_id,product_id,quantity,unit_price,discount_percent,line_total) VALUES ('oi-0076-2','order-0076','prod-008',17,43.48,5,702.2);
INSERT OR IGNORE INTO sales_order_items (id,sales_order_id,product_id,quantity,unit_price,discount_percent,line_total) VALUES ('oi-0076-3','order-0076','prod-021',4,12.79,0,51.16);
INSERT OR IGNORE INTO sales_order_items (id,sales_order_id,product_id,quantity,unit_price,discount_percent,line_total) VALUES ('oi-0076-4','order-0076','prod-015',19,164.0,5,2960.2);
INSERT OR IGNORE INTO sales_orders (id,tenant_id,order_number,agent_id,customer_id,order_type,status,subtotal,tax_amount,total_amount,payment_method,payment_status,created_at) VALUES ('order-0077','default-tenant-001','SO-00077','agent-001','cust-025','direct_sale','completed',1717.94,257.69,1975.63,'mobile_money','paid','2025-10-10T10:00:00Z');
INSERT OR IGNORE INTO sales_order_items (id,sales_order_id,product_id,quantity,unit_price,discount_percent,line_total) VALUES ('oi-0077-1','order-0077','prod-049',12,121.98,10,1317.38);
INSERT OR IGNORE INTO sales_order_items (id,sales_order_id,product_id,quantity,unit_price,discount_percent,line_total) VALUES ('oi-0077-2','order-0077','prod-033',4,71.84,10,258.62);
INSERT OR IGNORE INTO sales_order_items (id,sales_order_id,product_id,quantity,unit_price,discount_percent,line_total) VALUES ('oi-0077-3','order-0077','prod-026',1,141.94,0,141.94);
INSERT OR IGNORE INTO sales_orders (id,tenant_id,order_number,agent_id,customer_id,order_type,status,subtotal,tax_amount,total_amount,payment_method,payment_status,created_at) VALUES ('order-0078','default-tenant-001','SO-00078','agent-001','cust-095','direct_sale','completed',4957.74,743.66,5701.4,'credit','paid','2026-02-11T10:00:00Z');
INSERT OR IGNORE INTO sales_order_items (id,sales_order_id,product_id,quantity,unit_price,discount_percent,line_total) VALUES ('oi-0078-1','order-0078','prod-036',3,78.03,10,210.68);
INSERT OR IGNORE INTO sales_order_items (id,sales_order_id,product_id,quantity,unit_price,discount_percent,line_total) VALUES ('oi-0078-2','order-0078','prod-009',16,156.73,10,2256.91);
INSERT OR IGNORE INTO sales_order_items (id,sales_order_id,product_id,quantity,unit_price,discount_percent,line_total) VALUES ('oi-0078-3','order-0078','prod-027',13,81.98,5,1012.45);
INSERT OR IGNORE INTO sales_order_items (id,sales_order_id,product_id,quantity,unit_price,discount_percent,line_total) VALUES ('oi-0078-4','order-0078','prod-037',14,51.53,0,721.42);
INSERT OR IGNORE INTO sales_order_items (id,sales_order_id,product_id,quantity,unit_price,discount_percent,line_total) VALUES ('oi-0078-5','order-0078','prod-047',6,132.68,5,756.28);
INSERT OR IGNORE INTO sales_orders (id,tenant_id,order_number,agent_id,customer_id,order_type,status,subtotal,tax_amount,total_amount,payment_method,payment_status,created_at) VALUES ('order-0079','default-tenant-001','SO-00079','agent-003','cust-075','direct_sale','completed',2105.84,315.88,2421.72,'credit','paid','2026-02-18T10:00:00Z');
INSERT OR IGNORE INTO sales_order_items (id,sales_order_id,product_id,quantity,unit_price,discount_percent,line_total) VALUES ('oi-0079-1','order-0079','prod-012',9,29.19,0,262.71);
INSERT OR IGNORE INTO sales_order_items (id,sales_order_id,product_id,quantity,unit_price,discount_percent,line_total) VALUES ('oi-0079-2','order-0079','prod-014',8,63.1,0,504.8);
INSERT OR IGNORE INTO sales_order_items (id,sales_order_id,product_id,quantity,unit_price,discount_percent,line_total) VALUES ('oi-0079-3','order-0079','prod-027',7,45.6,0,319.2);
INSERT OR IGNORE INTO sales_order_items (id,sales_order_id,product_id,quantity,unit_price,discount_percent,line_total) VALUES ('oi-0079-4','order-0079','prod-030',12,48.62,0,583.44);
INSERT OR IGNORE INTO sales_order_items (id,sales_order_id,product_id,quantity,unit_price,discount_percent,line_total) VALUES ('oi-0079-5','order-0079','prod-021',9,48.41,0,435.69);
INSERT OR IGNORE INTO sales_orders (id,tenant_id,order_number,agent_id,customer_id,order_type,status,subtotal,tax_amount,total_amount,payment_method,payment_status,created_at) VALUES ('order-0080','default-tenant-001','SO-00080','agent-004','cust-091','direct_sale','draft',2606.7200000000003,391.01,2997.73,'cash','pending','2026-01-22T10:00:00Z');
INSERT OR IGNORE INTO sales_order_items (id,sales_order_id,product_id,quantity,unit_price,discount_percent,line_total) VALUES ('oi-0080-1','order-0080','prod-006',6,150.98,0,905.88);
INSERT OR IGNORE INTO sales_order_items (id,sales_order_id,product_id,quantity,unit_price,discount_percent,line_total) VALUES ('oi-0080-2','order-0080','prod-014',13,24.32,0,316.16);
INSERT OR IGNORE INTO sales_order_items (id,sales_order_id,product_id,quantity,unit_price,discount_percent,line_total) VALUES ('oi-0080-3','order-0080','prod-050',12,115.39,0,1384.68);
INSERT OR IGNORE INTO sales_orders (id,tenant_id,order_number,agent_id,customer_id,order_type,status,subtotal,tax_amount,total_amount,payment_method,payment_status,created_at) VALUES ('order-0081','default-tenant-001','SO-00081','agent-004','cust-035','direct_sale','completed',6537.779999999999,980.67,7518.45,'cash','paid','2026-01-31T10:00:00Z');
INSERT OR IGNORE INTO sales_order_items (id,sales_order_id,product_id,quantity,unit_price,discount_percent,line_total) VALUES ('oi-0081-1','order-0081','prod-008',11,86.11,10,852.49);
INSERT OR IGNORE INTO sales_order_items (id,sales_order_id,product_id,quantity,unit_price,discount_percent,line_total) VALUES ('oi-0081-2','order-0081','prod-022',17,77.21,0,1312.57);
INSERT OR IGNORE INTO sales_order_items (id,sales_order_id,product_id,quantity,unit_price,discount_percent,line_total) VALUES ('oi-0081-3','order-0081','prod-027',15,156.35,5,2227.99);
INSERT OR IGNORE INTO sales_order_items (id,sales_order_id,product_id,quantity,unit_price,discount_percent,line_total) VALUES ('oi-0081-4','order-0081','prod-019',16,117.73,10,1695.31);
INSERT OR IGNORE INTO sales_order_items (id,sales_order_id,product_id,quantity,unit_price,discount_percent,line_total) VALUES ('oi-0081-5','order-0081','prod-028',5,99.87,10,449.42);
INSERT OR IGNORE INTO sales_orders (id,tenant_id,order_number,agent_id,customer_id,order_type,status,subtotal,tax_amount,total_amount,payment_method,payment_status,created_at) VALUES ('order-0082','default-tenant-001','SO-00082','agent-003','cust-024','direct_sale','delivered',5853.8,878.07,6731.87,'credit','paid','2025-11-05T10:00:00Z');
INSERT OR IGNORE INTO sales_order_items (id,sales_order_id,product_id,quantity,unit_price,discount_percent,line_total) VALUES ('oi-0082-1','order-0082','prod-036',9,145.36,5,1242.83);
INSERT OR IGNORE INTO sales_order_items (id,sales_order_id,product_id,quantity,unit_price,discount_percent,line_total) VALUES ('oi-0082-2','order-0082','prod-006',18,122.47,10,1984.01);
INSERT OR IGNORE INTO sales_order_items (id,sales_order_id,product_id,quantity,unit_price,discount_percent,line_total) VALUES ('oi-0082-3','order-0082','prod-031',5,155.43,10,699.44);
INSERT OR IGNORE INTO sales_order_items (id,sales_order_id,product_id,quantity,unit_price,discount_percent,line_total) VALUES ('oi-0082-4','order-0082','prod-028',6,167.42,0,1004.52);
INSERT OR IGNORE INTO sales_order_items (id,sales_order_id,product_id,quantity,unit_price,discount_percent,line_total) VALUES ('oi-0082-5','order-0082','prod-032',13,71.0,0,923.0);
INSERT OR IGNORE INTO sales_orders (id,tenant_id,order_number,agent_id,customer_id,order_type,status,subtotal,tax_amount,total_amount,payment_method,payment_status,created_at) VALUES ('order-0083','default-tenant-001','SO-00083','agent-001','cust-082','direct_sale','completed',4125.05,618.76,4743.81,'cash','paid','2026-03-06T10:00:00Z');
INSERT OR IGNORE INTO sales_order_items (id,sales_order_id,product_id,quantity,unit_price,discount_percent,line_total) VALUES ('oi-0083-1','order-0083','prod-008',5,71.41,5,339.2);
INSERT OR IGNORE INTO sales_order_items (id,sales_order_id,product_id,quantity,unit_price,discount_percent,line_total) VALUES ('oi-0083-2','order-0083','prod-038',13,112.5,10,1316.25);
INSERT OR IGNORE INTO sales_order_items (id,sales_order_id,product_id,quantity,unit_price,discount_percent,line_total) VALUES ('oi-0083-3','order-0083','prod-045',20,137.2,10,2469.6);
INSERT OR IGNORE INTO sales_orders (id,tenant_id,order_number,agent_id,customer_id,order_type,status,subtotal,tax_amount,total_amount,payment_method,payment_status,created_at) VALUES ('order-0084','default-tenant-001','SO-00084','agent-002','cust-037','direct_sale','completed',2024.8899999999999,303.73,2328.62,'credit','paid','2025-10-16T10:00:00Z');
INSERT OR IGNORE INTO sales_order_items (id,sales_order_id,product_id,quantity,unit_price,discount_percent,line_total) VALUES ('oi-0084-1','order-0084','prod-047',9,102.87,5,879.54);
INSERT OR IGNORE INTO sales_order_items (id,sales_order_id,product_id,quantity,unit_price,discount_percent,line_total) VALUES ('oi-0084-2','order-0084','prod-002',17,58.85,5,950.43);
INSERT OR IGNORE INTO sales_order_items (id,sales_order_id,product_id,quantity,unit_price,discount_percent,line_total) VALUES ('oi-0084-3','order-0084','prod-004',2,97.46,0,194.92);
INSERT OR IGNORE INTO sales_orders (id,tenant_id,order_number,agent_id,customer_id,order_type,status,subtotal,tax_amount,total_amount,payment_method,payment_status,created_at) VALUES ('order-0085','default-tenant-001','SO-00085','agent-005','cust-034','direct_sale','completed',2571.67,385.75,2957.42,'credit','paid','2025-12-18T10:00:00Z');
INSERT OR IGNORE INTO sales_order_items (id,sales_order_id,product_id,quantity,unit_price,discount_percent,line_total) VALUES ('oi-0085-1','order-0085','prod-050',4,27.78,10,100.01);
INSERT OR IGNORE INTO sales_order_items (id,sales_order_id,product_id,quantity,unit_price,discount_percent,line_total) VALUES ('oi-0085-2','order-0085','prod-006',4,61.06,0,244.24);
INSERT OR IGNORE INTO sales_order_items (id,sales_order_id,product_id,quantity,unit_price,discount_percent,line_total) VALUES ('oi-0085-3','order-0085','prod-047',19,50.6,0,961.4);
INSERT OR IGNORE INTO sales_order_items (id,sales_order_id,product_id,quantity,unit_price,discount_percent,line_total) VALUES ('oi-0085-4','order-0085','prod-031',16,26.31,5,399.91);
INSERT OR IGNORE INTO sales_order_items (id,sales_order_id,product_id,quantity,unit_price,discount_percent,line_total) VALUES ('oi-0085-5','order-0085','prod-016',7,88.95,0,622.65);
INSERT OR IGNORE INTO sales_order_items (id,sales_order_id,product_id,quantity,unit_price,discount_percent,line_total) VALUES ('oi-0085-6','order-0085','prod-035',7,34.78,0,243.46);
INSERT OR IGNORE INTO sales_orders (id,tenant_id,order_number,agent_id,customer_id,order_type,status,subtotal,tax_amount,total_amount,payment_method,payment_status,created_at) VALUES ('order-0086','default-tenant-001','SO-00086','agent-user-001','cust-085','direct_sale','pending',2246.4,336.96,2583.36,'card','pending','2026-03-07T10:00:00Z');
INSERT OR IGNORE INTO sales_order_items (id,sales_order_id,product_id,quantity,unit_price,discount_percent,line_total) VALUES ('oi-0086-1','order-0086','prod-042',4,160.65,0,642.6);
INSERT OR IGNORE INTO sales_order_items (id,sales_order_id,product_id,quantity,unit_price,discount_percent,line_total) VALUES ('oi-0086-2','order-0086','prod-036',15,106.92,0,1603.8);
INSERT OR IGNORE INTO sales_orders (id,tenant_id,order_number,agent_id,customer_id,order_type,status,subtotal,tax_amount,total_amount,payment_method,payment_status,created_at) VALUES ('order-0087','default-tenant-001','SO-00087','agent-002','cust-047','direct_sale','completed',6566.76,985.01,7551.77,'mobile_money','paid','2025-11-19T10:00:00Z');
INSERT OR IGNORE INTO sales_order_items (id,sales_order_id,product_id,quantity,unit_price,discount_percent,line_total) VALUES ('oi-0087-1','order-0087','prod-008',13,72.62,0,944.06);
INSERT OR IGNORE INTO sales_order_items (id,sales_order_id,product_id,quantity,unit_price,discount_percent,line_total) VALUES ('oi-0087-2','order-0087','prod-046',19,85.05,0,1615.95);
INSERT OR IGNORE INTO sales_order_items (id,sales_order_id,product_id,quantity,unit_price,discount_percent,line_total) VALUES ('oi-0087-3','order-0087','prod-015',18,87.69,10,1420.58);
INSERT OR IGNORE INTO sales_order_items (id,sales_order_id,product_id,quantity,unit_price,discount_percent,line_total) VALUES ('oi-0087-4','order-0087','prod-049',15,19.66,0,294.9);
INSERT OR IGNORE INTO sales_order_items (id,sales_order_id,product_id,quantity,unit_price,discount_percent,line_total) VALUES ('oi-0087-5','order-0087','prod-050',19,126.94,5,2291.27);
INSERT OR IGNORE INTO sales_orders (id,tenant_id,order_number,agent_id,customer_id,order_type,status,subtotal,tax_amount,total_amount,payment_method,payment_status,created_at) VALUES ('order-0088','default-tenant-001','SO-00088','agent-003','cust-072','direct_sale','completed',5134.54,770.18,5904.72,'mobile_money','paid','2025-10-12T10:00:00Z');
INSERT OR IGNORE INTO sales_order_items (id,sales_order_id,product_id,quantity,unit_price,discount_percent,line_total) VALUES ('oi-0088-1','order-0088','prod-013',12,133.34,0,1600.08);
INSERT OR IGNORE INTO sales_order_items (id,sales_order_id,product_id,quantity,unit_price,discount_percent,line_total) VALUES ('oi-0088-2','order-0088','prod-021',6,156.24,5,890.57);
INSERT OR IGNORE INTO sales_order_items (id,sales_order_id,product_id,quantity,unit_price,discount_percent,line_total) VALUES ('oi-0088-3','order-0088','prod-034',7,161.01,0,1127.07);
INSERT OR IGNORE INTO sales_order_items (id,sales_order_id,product_id,quantity,unit_price,discount_percent,line_total) VALUES ('oi-0088-4','order-0088','prod-011',1,111.91,0,111.91);
INSERT OR IGNORE INTO sales_order_items (id,sales_order_id,product_id,quantity,unit_price,discount_percent,line_total) VALUES ('oi-0088-5','order-0088','prod-011',11,141.91,10,1404.91);
INSERT OR IGNORE INTO sales_orders (id,tenant_id,order_number,agent_id,customer_id,order_type,status,subtotal,tax_amount,total_amount,payment_method,payment_status,created_at) VALUES ('order-0089','default-tenant-001','SO-00089','agent-001','cust-027','direct_sale','pending',2077.39,311.61,2389.0,'cash','pending','2026-01-31T10:00:00Z');
INSERT OR IGNORE INTO sales_order_items (id,sales_order_id,product_id,quantity,unit_price,discount_percent,line_total) VALUES ('oi-0089-1','order-0089','prod-022',13,150.46,0,1955.98);
INSERT OR IGNORE INTO sales_order_items (id,sales_order_id,product_id,quantity,unit_price,discount_percent,line_total) VALUES ('oi-0089-2','order-0089','prod-035',9,13.49,0,121.41);
INSERT OR IGNORE INTO sales_orders (id,tenant_id,order_number,agent_id,customer_id,order_type,status,subtotal,tax_amount,total_amount,payment_method,payment_status,created_at) VALUES ('order-0090','default-tenant-001','SO-00090','agent-user-001','cust-075','direct_sale','completed',4279.74,641.96,4921.7,'credit','paid','2026-01-02T10:00:00Z');
INSERT OR IGNORE INTO sales_order_items (id,sales_order_id,product_id,quantity,unit_price,discount_percent,line_total) VALUES ('oi-0090-1','order-0090','prod-032',15,72.17,10,974.29);
INSERT OR IGNORE INTO sales_order_items (id,sales_order_id,product_id,quantity,unit_price,discount_percent,line_total) VALUES ('oi-0090-2','order-0090','prod-040',5,75.0,0,375.0);
INSERT OR IGNORE INTO sales_order_items (id,sales_order_id,product_id,quantity,unit_price,discount_percent,line_total) VALUES ('oi-0090-3','order-0090','prod-043',15,32.93,0,493.95);
INSERT OR IGNORE INTO sales_order_items (id,sales_order_id,product_id,quantity,unit_price,discount_percent,line_total) VALUES ('oi-0090-4','order-0090','prod-043',11,66.39,10,657.26);
INSERT OR IGNORE INTO sales_order_items (id,sales_order_id,product_id,quantity,unit_price,discount_percent,line_total) VALUES ('oi-0090-5','order-0090','prod-009',4,49.2,5,186.96);
INSERT OR IGNORE INTO sales_order_items (id,sales_order_id,product_id,quantity,unit_price,discount_percent,line_total) VALUES ('oi-0090-6','order-0090','prod-023',12,132.69,0,1592.28);
INSERT OR IGNORE INTO sales_orders (id,tenant_id,order_number,agent_id,customer_id,order_type,status,subtotal,tax_amount,total_amount,payment_method,payment_status,created_at) VALUES ('order-0091','default-tenant-001','SO-00091','agent-001','cust-100','direct_sale','completed',1289.8,193.47,1483.27,'mobile_money','paid','2026-01-26T10:00:00Z');
INSERT OR IGNORE INTO sales_order_items (id,sales_order_id,product_id,quantity,unit_price,discount_percent,line_total) VALUES ('oi-0091-1','order-0091','prod-007',5,36.99,10,166.46);
INSERT OR IGNORE INTO sales_order_items (id,sales_order_id,product_id,quantity,unit_price,discount_percent,line_total) VALUES ('oi-0091-2','order-0091','prod-028',3,117.68,10,317.74);
INSERT OR IGNORE INTO sales_order_items (id,sales_order_id,product_id,quantity,unit_price,discount_percent,line_total) VALUES ('oi-0091-3','order-0091','prod-004',14,47.5,0,665.0);
INSERT OR IGNORE INTO sales_order_items (id,sales_order_id,product_id,quantity,unit_price,discount_percent,line_total) VALUES ('oi-0091-4','order-0091','prod-046',2,70.3,0,140.6);
INSERT OR IGNORE INTO sales_orders (id,tenant_id,order_number,agent_id,customer_id,order_type,status,subtotal,tax_amount,total_amount,payment_method,payment_status,created_at) VALUES ('order-0092','default-tenant-001','SO-00092','agent-user-001','cust-056','direct_sale','completed',2386.35,357.95,2744.3,'card','paid','2025-10-06T10:00:00Z');
INSERT OR IGNORE INTO sales_order_items (id,sales_order_id,product_id,quantity,unit_price,discount_percent,line_total) VALUES ('oi-0092-1','order-0092','prod-019',18,78.29,0,1409.22);
INSERT OR IGNORE INTO sales_order_items (id,sales_order_id,product_id,quantity,unit_price,discount_percent,line_total) VALUES ('oi-0092-2','order-0092','prod-011',7,139.59,0,977.13);
INSERT OR IGNORE INTO sales_orders (id,tenant_id,order_number,agent_id,customer_id,order_type,status,subtotal,tax_amount,total_amount,payment_method,payment_status,created_at) VALUES ('order-0093','default-tenant-001','SO-00093','agent-004','cust-097','direct_sale','completed',5595.7,839.35,6435.05,'credit','paid','2025-10-12T10:00:00Z');
INSERT OR IGNORE INTO sales_order_items (id,sales_order_id,product_id,quantity,unit_price,discount_percent,line_total) VALUES ('oi-0093-1','order-0093','prod-024',2,113.75,10,204.75);
INSERT OR IGNORE INTO sales_order_items (id,sales_order_id,product_id,quantity,unit_price,discount_percent,line_total) VALUES ('oi-0093-2','order-0093','prod-005',19,75.81,0,1440.39);
INSERT OR IGNORE INTO sales_order_items (id,sales_order_id,product_id,quantity,unit_price,discount_percent,line_total) VALUES ('oi-0093-3','order-0093','prod-020',4,97.95,5,372.21);
INSERT OR IGNORE INTO sales_order_items (id,sales_order_id,product_id,quantity,unit_price,discount_percent,line_total) VALUES ('oi-0093-4','order-0093','prod-006',10,172.96,0,1729.6);
INSERT OR IGNORE INTO sales_order_items (id,sales_order_id,product_id,quantity,unit_price,discount_percent,line_total) VALUES ('oi-0093-5','order-0093','prod-025',16,62.59,10,901.3);
INSERT OR IGNORE INTO sales_order_items (id,sales_order_id,product_id,quantity,unit_price,discount_percent,line_total) VALUES ('oi-0093-6','order-0093','prod-011',6,166.22,5,947.45);
INSERT OR IGNORE INTO sales_orders (id,tenant_id,order_number,agent_id,customer_id,order_type,status,subtotal,tax_amount,total_amount,payment_method,payment_status,created_at) VALUES ('order-0094','default-tenant-001','SO-00094','agent-user-001','cust-076','direct_sale','delivered',4604.27,690.64,5294.91,'card','paid','2026-03-07T10:00:00Z');
INSERT OR IGNORE INTO sales_order_items (id,sales_order_id,product_id,quantity,unit_price,discount_percent,line_total) VALUES ('oi-0094-1','order-0094','prod-037',8,155.8,0,1246.4);
INSERT OR IGNORE INTO sales_order_items (id,sales_order_id,product_id,quantity,unit_price,discount_percent,line_total) VALUES ('oi-0094-2','order-0094','prod-014',8,106.48,0,851.84);
INSERT OR IGNORE INTO sales_order_items (id,sales_order_id,product_id,quantity,unit_price,discount_percent,line_total) VALUES ('oi-0094-3','order-0094','prod-014',3,27.69,5,78.92);
INSERT OR IGNORE INTO sales_order_items (id,sales_order_id,product_id,quantity,unit_price,discount_percent,line_total) VALUES ('oi-0094-4','order-0094','prod-048',19,91.5,5,1651.57);
INSERT OR IGNORE INTO sales_order_items (id,sales_order_id,product_id,quantity,unit_price,discount_percent,line_total) VALUES ('oi-0094-5','order-0094','prod-013',17,45.62,0,775.54);
INSERT OR IGNORE INTO sales_orders (id,tenant_id,order_number,agent_id,customer_id,order_type,status,subtotal,tax_amount,total_amount,payment_method,payment_status,created_at) VALUES ('order-0095','default-tenant-001','SO-00095','agent-002','cust-035','direct_sale','pending',4313.5,647.02,4960.52,'card','pending','2025-10-10T10:00:00Z');
INSERT OR IGNORE INTO sales_order_items (id,sales_order_id,product_id,quantity,unit_price,discount_percent,line_total) VALUES ('oi-0095-1','order-0095','prod-006',15,79.73,5,1136.15);
INSERT OR IGNORE INTO sales_order_items (id,sales_order_id,product_id,quantity,unit_price,discount_percent,line_total) VALUES ('oi-0095-2','order-0095','prod-007',15,17.82,10,240.57);
INSERT OR IGNORE INTO sales_order_items (id,sales_order_id,product_id,quantity,unit_price,discount_percent,line_total) VALUES ('oi-0095-3','order-0095','prod-035',7,123.54,0,864.78);
INSERT OR IGNORE INTO sales_order_items (id,sales_order_id,product_id,quantity,unit_price,discount_percent,line_total) VALUES ('oi-0095-4','order-0095','prod-015',20,103.6,0,2072.0);
INSERT OR IGNORE INTO sales_orders (id,tenant_id,order_number,agent_id,customer_id,order_type,status,subtotal,tax_amount,total_amount,payment_method,payment_status,created_at) VALUES ('order-0096','default-tenant-001','SO-00096','agent-004','cust-032','direct_sale','completed',2161.2200000000003,324.18,2485.4,'mobile_money','paid','2025-11-28T10:00:00Z');
INSERT OR IGNORE INTO sales_order_items (id,sales_order_id,product_id,quantity,unit_price,discount_percent,line_total) VALUES ('oi-0096-1','order-0096','prod-012',18,118.44,0,2131.92);
INSERT OR IGNORE INTO sales_order_items (id,sales_order_id,product_id,quantity,unit_price,discount_percent,line_total) VALUES ('oi-0096-2','order-0096','prod-050',1,30.84,5,29.3);
INSERT OR IGNORE INTO sales_orders (id,tenant_id,order_number,agent_id,customer_id,order_type,status,subtotal,tax_amount,total_amount,payment_method,payment_status,created_at) VALUES ('order-0097','default-tenant-001','SO-00097','agent-004','cust-002','direct_sale','completed',3556.46,533.47,4089.93,'credit','paid','2025-10-20T10:00:00Z');
INSERT OR IGNORE INTO sales_order_items (id,sales_order_id,product_id,quantity,unit_price,discount_percent,line_total) VALUES ('oi-0097-1','order-0097','prod-014',15,110.86,0,1662.9);
INSERT OR IGNORE INTO sales_order_items (id,sales_order_id,product_id,quantity,unit_price,discount_percent,line_total) VALUES ('oi-0097-2','order-0097','prod-037',4,25.6,10,92.16);
INSERT OR IGNORE INTO sales_order_items (id,sales_order_id,product_id,quantity,unit_price,discount_percent,line_total) VALUES ('oi-0097-3','order-0097','prod-046',16,24.73,10,356.11);
INSERT OR IGNORE INTO sales_order_items (id,sales_order_id,product_id,quantity,unit_price,discount_percent,line_total) VALUES ('oi-0097-4','order-0097','prod-041',9,169.04,5,1445.29);
INSERT OR IGNORE INTO sales_orders (id,tenant_id,order_number,agent_id,customer_id,order_type,status,subtotal,tax_amount,total_amount,payment_method,payment_status,created_at) VALUES ('order-0098','default-tenant-001','SO-00098','agent-002','cust-098','direct_sale','draft',9220.05,1383.01,10603.06,'mobile_money','pending','2025-12-23T10:00:00Z');
INSERT OR IGNORE INTO sales_order_items (id,sales_order_id,product_id,quantity,unit_price,discount_percent,line_total) VALUES ('oi-0098-1','order-0098','prod-023',7,66.14,0,462.98);
INSERT OR IGNORE INTO sales_order_items (id,sales_order_id,product_id,quantity,unit_price,discount_percent,line_total) VALUES ('oi-0098-2','order-0098','prod-019',7,149.43,5,993.71);
INSERT OR IGNORE INTO sales_order_items (id,sales_order_id,product_id,quantity,unit_price,discount_percent,line_total) VALUES ('oi-0098-3','order-0098','prod-023',10,172.39,0,1723.9);
INSERT OR IGNORE INTO sales_order_items (id,sales_order_id,product_id,quantity,unit_price,discount_percent,line_total) VALUES ('oi-0098-4','order-0098','prod-013',20,140.66,0,2813.2);
INSERT OR IGNORE INTO sales_order_items (id,sales_order_id,product_id,quantity,unit_price,discount_percent,line_total) VALUES ('oi-0098-5','order-0098','prod-030',2,96.43,5,183.22);
INSERT OR IGNORE INTO sales_order_items (id,sales_order_id,product_id,quantity,unit_price,discount_percent,line_total) VALUES ('oi-0098-6','order-0098','prod-042',19,160.16,0,3043.04);
INSERT OR IGNORE INTO sales_orders (id,tenant_id,order_number,agent_id,customer_id,order_type,status,subtotal,tax_amount,total_amount,payment_method,payment_status,created_at) VALUES ('order-0099','default-tenant-001','SO-00099','agent-003','cust-094','direct_sale','completed',969.5699999999999,145.44,1115.01,'credit','paid','2026-01-16T10:00:00Z');
INSERT OR IGNORE INTO sales_order_items (id,sales_order_id,product_id,quantity,unit_price,discount_percent,line_total) VALUES ('oi-0099-1','order-0099','prod-022',8,60.86,0,486.88);
INSERT OR IGNORE INTO sales_order_items (id,sales_order_id,product_id,quantity,unit_price,discount_percent,line_total) VALUES ('oi-0099-2','order-0099','prod-001',10,50.81,5,482.69);
INSERT OR IGNORE INTO sales_orders (id,tenant_id,order_number,agent_id,customer_id,order_type,status,subtotal,tax_amount,total_amount,payment_method,payment_status,created_at) VALUES ('order-0100','default-tenant-001','SO-00100','agent-001','cust-028','direct_sale','completed',3430.27,514.54,3944.81,'credit','paid','2026-02-04T10:00:00Z');
INSERT OR IGNORE INTO sales_order_items (id,sales_order_id,product_id,quantity,unit_price,discount_percent,line_total) VALUES ('oi-0100-1','order-0100','prod-045',5,85.79,5,407.5);
INSERT OR IGNORE INTO sales_order_items (id,sales_order_id,product_id,quantity,unit_price,discount_percent,line_total) VALUES ('oi-0100-2','order-0100','prod-036',18,176.77,5,3022.77);
INSERT OR IGNORE INTO sales_orders (id,tenant_id,order_number,agent_id,customer_id,order_type,status,subtotal,tax_amount,total_amount,payment_method,payment_status,created_at) VALUES ('order-0101','default-tenant-001','SO-00101','agent-003','cust-006','direct_sale','completed',4699.360000000001,704.9,5404.26,'cash','paid','2025-10-26T10:00:00Z');
INSERT OR IGNORE INTO sales_order_items (id,sales_order_id,product_id,quantity,unit_price,discount_percent,line_total) VALUES ('oi-0101-1','order-0101','prod-021',7,171.92,0,1203.44);
INSERT OR IGNORE INTO sales_order_items (id,sales_order_id,product_id,quantity,unit_price,discount_percent,line_total) VALUES ('oi-0101-2','order-0101','prod-040',17,47.37,0,805.29);
INSERT OR IGNORE INTO sales_order_items (id,sales_order_id,product_id,quantity,unit_price,discount_percent,line_total) VALUES ('oi-0101-3','order-0101','prod-014',13,26.63,0,346.19);
INSERT OR IGNORE INTO sales_order_items (id,sales_order_id,product_id,quantity,unit_price,discount_percent,line_total) VALUES ('oi-0101-4','order-0101','prod-024',9,139.14,0,1252.26);
INSERT OR IGNORE INTO sales_order_items (id,sales_order_id,product_id,quantity,unit_price,discount_percent,line_total) VALUES ('oi-0101-5','order-0101','prod-006',9,55.33,5,473.07);
INSERT OR IGNORE INTO sales_order_items (id,sales_order_id,product_id,quantity,unit_price,discount_percent,line_total) VALUES ('oi-0101-6','order-0101','prod-040',13,50.13,5,619.11);
INSERT OR IGNORE INTO sales_orders (id,tenant_id,order_number,agent_id,customer_id,order_type,status,subtotal,tax_amount,total_amount,payment_method,payment_status,created_at) VALUES ('order-0102','default-tenant-001','SO-00102','agent-user-001','cust-054','direct_sale','pending',5873.56,881.03,6754.59,'cash','pending','2026-02-14T10:00:00Z');
INSERT OR IGNORE INTO sales_order_items (id,sales_order_id,product_id,quantity,unit_price,discount_percent,line_total) VALUES ('oi-0102-1','order-0102','prod-045',3,67.77,0,203.31);
INSERT OR IGNORE INTO sales_order_items (id,sales_order_id,product_id,quantity,unit_price,discount_percent,line_total) VALUES ('oi-0102-2','order-0102','prod-007',3,108.05,10,291.74);
INSERT OR IGNORE INTO sales_order_items (id,sales_order_id,product_id,quantity,unit_price,discount_percent,line_total) VALUES ('oi-0102-3','order-0102','prod-030',12,56.51,0,678.12);
INSERT OR IGNORE INTO sales_order_items (id,sales_order_id,product_id,quantity,unit_price,discount_percent,line_total) VALUES ('oi-0102-4','order-0102','prod-019',16,32.26,0,516.16);
INSERT OR IGNORE INTO sales_order_items (id,sales_order_id,product_id,quantity,unit_price,discount_percent,line_total) VALUES ('oi-0102-5','order-0102','prod-042',18,138.27,0,2488.86);
INSERT OR IGNORE INTO sales_order_items (id,sales_order_id,product_id,quantity,unit_price,discount_percent,line_total) VALUES ('oi-0102-6','order-0102','prod-004',10,178.46,5,1695.37);
INSERT OR IGNORE INTO sales_orders (id,tenant_id,order_number,agent_id,customer_id,order_type,status,subtotal,tax_amount,total_amount,payment_method,payment_status,created_at) VALUES ('order-0103','default-tenant-001','SO-00103','agent-005','cust-058','direct_sale','completed',6443.280000000001,966.49,7409.77,'card','paid','2025-11-05T10:00:00Z');
INSERT OR IGNORE INTO sales_order_items (id,sales_order_id,product_id,quantity,unit_price,discount_percent,line_total) VALUES ('oi-0103-1','order-0103','prod-022',13,77.01,5,951.07);
INSERT OR IGNORE INTO sales_order_items (id,sales_order_id,product_id,quantity,unit_price,discount_percent,line_total) VALUES ('oi-0103-2','order-0103','prod-021',13,170.12,10,1990.4);
INSERT OR IGNORE INTO sales_order_items (id,sales_order_id,product_id,quantity,unit_price,discount_percent,line_total) VALUES ('oi-0103-3','order-0103','prod-008',12,86.83,0,1041.96);
INSERT OR IGNORE INTO sales_order_items (id,sales_order_id,product_id,quantity,unit_price,discount_percent,line_total) VALUES ('oi-0103-4','order-0103','prod-034',15,163.99,0,2459.85);
INSERT OR IGNORE INTO sales_orders (id,tenant_id,order_number,agent_id,customer_id,order_type,status,subtotal,tax_amount,total_amount,payment_method,payment_status,created_at) VALUES ('order-0104','default-tenant-001','SO-00104','agent-002','cust-011','direct_sale','delivered',1927.27,289.09,2216.36,'card','paid','2026-01-03T10:00:00Z');
INSERT OR IGNORE INTO sales_order_items (id,sales_order_id,product_id,quantity,unit_price,discount_percent,line_total) VALUES ('oi-0104-1','order-0104','prod-024',4,38.7,10,139.32);
INSERT OR IGNORE INTO sales_order_items (id,sales_order_id,product_id,quantity,unit_price,discount_percent,line_total) VALUES ('oi-0104-2','order-0104','prod-013',4,171.16,0,684.64);
INSERT OR IGNORE INTO sales_order_items (id,sales_order_id,product_id,quantity,unit_price,discount_percent,line_total) VALUES ('oi-0104-3','order-0104','prod-024',9,122.59,0,1103.31);
INSERT OR IGNORE INTO sales_orders (id,tenant_id,order_number,agent_id,customer_id,order_type,status,subtotal,tax_amount,total_amount,payment_method,payment_status,created_at) VALUES ('order-0105','default-tenant-001','SO-00105','agent-004','cust-001','direct_sale','draft',3358.9799999999996,503.85,3862.83,'credit','pending','2026-02-24T10:00:00Z');
INSERT OR IGNORE INTO sales_order_items (id,sales_order_id,product_id,quantity,unit_price,discount_percent,line_total) VALUES ('oi-0105-1','order-0105','prod-044',7,90.36,10,569.27);
INSERT OR IGNORE INTO sales_order_items (id,sales_order_id,product_id,quantity,unit_price,discount_percent,line_total) VALUES ('oi-0105-2','order-0105','prod-019',5,155.71,5,739.62);
INSERT OR IGNORE INTO sales_order_items (id,sales_order_id,product_id,quantity,unit_price,discount_percent,line_total) VALUES ('oi-0105-3','order-0105','prod-032',5,17.43,0,87.15);
INSERT OR IGNORE INTO sales_order_items (id,sales_order_id,product_id,quantity,unit_price,discount_percent,line_total) VALUES ('oi-0105-4','order-0105','prod-021',3,17.94,0,53.82);
INSERT OR IGNORE INTO sales_order_items (id,sales_order_id,product_id,quantity,unit_price,discount_percent,line_total) VALUES ('oi-0105-5','order-0105','prod-009',19,100.48,0,1909.12);
INSERT OR IGNORE INTO sales_orders (id,tenant_id,order_number,agent_id,customer_id,order_type,status,subtotal,tax_amount,total_amount,payment_method,payment_status,created_at) VALUES ('order-0106','default-tenant-001','SO-00106','agent-005','cust-072','direct_sale','delivered',547.75,82.16,629.91,'cash','paid','2026-02-07T10:00:00Z');
INSERT OR IGNORE INTO sales_order_items (id,sales_order_id,product_id,quantity,unit_price,discount_percent,line_total) VALUES ('oi-0106-1','order-0106','prod-050',10,27.86,0,278.6);
INSERT OR IGNORE INTO sales_order_items (id,sales_order_id,product_id,quantity,unit_price,discount_percent,line_total) VALUES ('oi-0106-2','order-0106','prod-017',7,38.45,0,269.15);
INSERT OR IGNORE INTO sales_orders (id,tenant_id,order_number,agent_id,customer_id,order_type,status,subtotal,tax_amount,total_amount,payment_method,payment_status,created_at) VALUES ('order-0107','default-tenant-001','SO-00107','agent-004','cust-056','direct_sale','pending',3995.55,599.33,4594.88,'credit','pending','2025-10-17T10:00:00Z');
INSERT OR IGNORE INTO sales_order_items (id,sales_order_id,product_id,quantity,unit_price,discount_percent,line_total) VALUES ('oi-0107-1','order-0107','prod-042',13,138.14,5,1706.03);
INSERT OR IGNORE INTO sales_order_items (id,sales_order_id,product_id,quantity,unit_price,discount_percent,line_total) VALUES ('oi-0107-2','order-0107','prod-034',1,108.19,5,102.78);
INSERT OR IGNORE INTO sales_order_items (id,sales_order_id,product_id,quantity,unit_price,discount_percent,line_total) VALUES ('oi-0107-3','order-0107','prod-018',11,23.49,10,232.55);
INSERT OR IGNORE INTO sales_order_items (id,sales_order_id,product_id,quantity,unit_price,discount_percent,line_total) VALUES ('oi-0107-4','order-0107','prod-016',5,140.76,0,703.8);
INSERT OR IGNORE INTO sales_order_items (id,sales_order_id,product_id,quantity,unit_price,discount_percent,line_total) VALUES ('oi-0107-5','order-0107','prod-025',19,65.81,0,1250.39);
INSERT OR IGNORE INTO sales_orders (id,tenant_id,order_number,agent_id,customer_id,order_type,status,subtotal,tax_amount,total_amount,payment_method,payment_status,created_at) VALUES ('order-0108','default-tenant-001','SO-00108','agent-005','cust-075','direct_sale','draft',3684.1400000000003,552.62,4236.76,'mobile_money','pending','2025-10-05T10:00:00Z');
INSERT OR IGNORE INTO sales_order_items (id,sales_order_id,product_id,quantity,unit_price,discount_percent,line_total) VALUES ('oi-0108-1','order-0108','prod-034',20,115.87,0,2317.4);
INSERT OR IGNORE INTO sales_order_items (id,sales_order_id,product_id,quantity,unit_price,discount_percent,line_total) VALUES ('oi-0108-2','order-0108','prod-007',16,54.27,0,868.32);
INSERT OR IGNORE INTO sales_order_items (id,sales_order_id,product_id,quantity,unit_price,discount_percent,line_total) VALUES ('oi-0108-3','order-0108','prod-014',13,38.34,0,498.42);
INSERT OR IGNORE INTO sales_orders (id,tenant_id,order_number,agent_id,customer_id,order_type,status,subtotal,tax_amount,total_amount,payment_method,payment_status,created_at) VALUES ('order-0109','default-tenant-001','SO-00109','agent-002','cust-047','direct_sale','completed',6547.8099999999995,982.17,7529.98,'card','paid','2026-01-03T10:00:00Z');
INSERT OR IGNORE INTO sales_order_items (id,sales_order_id,product_id,quantity,unit_price,discount_percent,line_total) VALUES ('oi-0109-1','order-0109','prod-024',17,119.03,0,2023.51);
INSERT OR IGNORE INTO sales_order_items (id,sales_order_id,product_id,quantity,unit_price,discount_percent,line_total) VALUES ('oi-0109-2','order-0109','prod-019',18,133.14,0,2396.52);
INSERT OR IGNORE INTO sales_order_items (id,sales_order_id,product_id,quantity,unit_price,discount_percent,line_total) VALUES ('oi-0109-3','order-0109','prod-033',16,109.22,0,1747.52);
INSERT OR IGNORE INTO sales_order_items (id,sales_order_id,product_id,quantity,unit_price,discount_percent,line_total) VALUES ('oi-0109-4','order-0109','prod-047',11,38.41,10,380.26);
INSERT OR IGNORE INTO sales_orders (id,tenant_id,order_number,agent_id,customer_id,order_type,status,subtotal,tax_amount,total_amount,payment_method,payment_status,created_at) VALUES ('order-0110','default-tenant-001','SO-00110','agent-user-001','cust-019','direct_sale','delivered',3155.11,473.27,3628.38,'cash','paid','2026-01-27T10:00:00Z');
INSERT OR IGNORE INTO sales_order_items (id,sales_order_id,product_id,quantity,unit_price,discount_percent,line_total) VALUES ('oi-0110-1','order-0110','prod-020',2,160.51,0,321.02);
INSERT OR IGNORE INTO sales_order_items (id,sales_order_id,product_id,quantity,unit_price,discount_percent,line_total) VALUES ('oi-0110-2','order-0110','prod-042',20,98.2,0,1964.0);
INSERT OR IGNORE INTO sales_order_items (id,sales_order_id,product_id,quantity,unit_price,discount_percent,line_total) VALUES ('oi-0110-3','order-0110','prod-012',7,130.84,5,870.09);
INSERT OR IGNORE INTO sales_orders (id,tenant_id,order_number,agent_id,customer_id,order_type,status,subtotal,tax_amount,total_amount,payment_method,payment_status,created_at) VALUES ('order-0111','default-tenant-001','SO-00111','agent-001','cust-025','direct_sale','draft',4133.759999999999,620.06,4753.82,'cash','pending','2025-10-15T10:00:00Z');
INSERT OR IGNORE INTO sales_order_items (id,sales_order_id,product_id,quantity,unit_price,discount_percent,line_total) VALUES ('oi-0111-1','order-0111','prod-014',18,13.23,0,238.14);
INSERT OR IGNORE INTO sales_order_items (id,sales_order_id,product_id,quantity,unit_price,discount_percent,line_total) VALUES ('oi-0111-2','order-0111','prod-020',15,35.36,10,477.36);
INSERT OR IGNORE INTO sales_order_items (id,sales_order_id,product_id,quantity,unit_price,discount_percent,line_total) VALUES ('oi-0111-3','order-0111','prod-003',20,29.22,5,555.18);
INSERT OR IGNORE INTO sales_order_items (id,sales_order_id,product_id,quantity,unit_price,discount_percent,line_total) VALUES ('oi-0111-4','order-0111','prod-025',13,92.52,0,1202.76);
INSERT OR IGNORE INTO sales_order_items (id,sales_order_id,product_id,quantity,unit_price,discount_percent,line_total) VALUES ('oi-0111-5','order-0111','prod-043',19,79.13,10,1353.12);
INSERT OR IGNORE INTO sales_order_items (id,sales_order_id,product_id,quantity,unit_price,discount_percent,line_total) VALUES ('oi-0111-6','order-0111','prod-010',15,20.48,0,307.2);
INSERT OR IGNORE INTO sales_orders (id,tenant_id,order_number,agent_id,customer_id,order_type,status,subtotal,tax_amount,total_amount,payment_method,payment_status,created_at) VALUES ('order-0112','default-tenant-001','SO-00112','agent-004','cust-074','direct_sale','pending',5178.9,776.83,5955.73,'cash','pending','2025-12-24T10:00:00Z');
INSERT OR IGNORE INTO sales_order_items (id,sales_order_id,product_id,quantity,unit_price,discount_percent,line_total) VALUES ('oi-0112-1','order-0112','prod-036',3,145.11,0,435.33);
INSERT OR IGNORE INTO sales_order_items (id,sales_order_id,product_id,quantity,unit_price,discount_percent,line_total) VALUES ('oi-0112-2','order-0112','prod-041',11,70.01,0,770.11);
INSERT OR IGNORE INTO sales_order_items (id,sales_order_id,product_id,quantity,unit_price,discount_percent,line_total) VALUES ('oi-0112-3','order-0112','prod-048',2,147.19,0,294.38);
INSERT OR IGNORE INTO sales_order_items (id,sales_order_id,product_id,quantity,unit_price,discount_percent,line_total) VALUES ('oi-0112-4','order-0112','prod-027',18,126.29,0,2273.22);
INSERT OR IGNORE INTO sales_order_items (id,sales_order_id,product_id,quantity,unit_price,discount_percent,line_total) VALUES ('oi-0112-5','order-0112','prod-009',3,33.46,10,90.34);
INSERT OR IGNORE INTO sales_order_items (id,sales_order_id,product_id,quantity,unit_price,discount_percent,line_total) VALUES ('oi-0112-6','order-0112','prod-019',8,164.44,0,1315.52);
INSERT OR IGNORE INTO sales_orders (id,tenant_id,order_number,agent_id,customer_id,order_type,status,subtotal,tax_amount,total_amount,payment_method,payment_status,created_at) VALUES ('order-0113','default-tenant-001','SO-00113','agent-user-001','cust-038','direct_sale','completed',3904.1099999999997,585.62,4489.73,'card','paid','2025-10-02T10:00:00Z');
INSERT OR IGNORE INTO sales_order_items (id,sales_order_id,product_id,quantity,unit_price,discount_percent,line_total) VALUES ('oi-0113-1','order-0113','prod-050',15,16.33,0,244.95);
INSERT OR IGNORE INTO sales_order_items (id,sales_order_id,product_id,quantity,unit_price,discount_percent,line_total) VALUES ('oi-0113-2','order-0113','prod-022',18,168.47,0,3032.46);
INSERT OR IGNORE INTO sales_order_items (id,sales_order_id,product_id,quantity,unit_price,discount_percent,line_total) VALUES ('oi-0113-3','order-0113','prod-038',6,69.4,5,395.58);
INSERT OR IGNORE INTO sales_order_items (id,sales_order_id,product_id,quantity,unit_price,discount_percent,line_total) VALUES ('oi-0113-4','order-0113','prod-002',15,17.12,10,231.12);
INSERT OR IGNORE INTO sales_orders (id,tenant_id,order_number,agent_id,customer_id,order_type,status,subtotal,tax_amount,total_amount,payment_method,payment_status,created_at) VALUES ('order-0114','default-tenant-001','SO-00114','agent-user-001','cust-091','direct_sale','completed',5334.25,800.14,6134.39,'credit','paid','2026-03-09T10:00:00Z');
INSERT OR IGNORE INTO sales_order_items (id,sales_order_id,product_id,quantity,unit_price,discount_percent,line_total) VALUES ('oi-0114-1','order-0114','prod-041',15,17.11,0,256.65);
INSERT OR IGNORE INTO sales_order_items (id,sales_order_id,product_id,quantity,unit_price,discount_percent,line_total) VALUES ('oi-0114-2','order-0114','prod-033',4,117.98,0,471.92);
INSERT OR IGNORE INTO sales_order_items (id,sales_order_id,product_id,quantity,unit_price,discount_percent,line_total) VALUES ('oi-0114-3','order-0114','prod-005',9,55.87,0,502.83);
INSERT OR IGNORE INTO sales_order_items (id,sales_order_id,product_id,quantity,unit_price,discount_percent,line_total) VALUES ('oi-0114-4','order-0114','prod-006',11,157.83,0,1736.13);
INSERT OR IGNORE INTO sales_order_items (id,sales_order_id,product_id,quantity,unit_price,discount_percent,line_total) VALUES ('oi-0114-5','order-0114','prod-005',14,168.94,10,2128.64);
INSERT OR IGNORE INTO sales_order_items (id,sales_order_id,product_id,quantity,unit_price,discount_percent,line_total) VALUES ('oi-0114-6','order-0114','prod-005',16,14.88,0,238.08);
INSERT OR IGNORE INTO sales_orders (id,tenant_id,order_number,agent_id,customer_id,order_type,status,subtotal,tax_amount,total_amount,payment_method,payment_status,created_at) VALUES ('order-0115','default-tenant-001','SO-00115','agent-user-001','cust-051','direct_sale','completed',2191.1,328.66,2519.76,'mobile_money','paid','2026-03-03T10:00:00Z');
INSERT OR IGNORE INTO sales_order_items (id,sales_order_id,product_id,quantity,unit_price,discount_percent,line_total) VALUES ('oi-0115-1','order-0115','prod-030',1,103.84,0,103.84);
INSERT OR IGNORE INTO sales_order_items (id,sales_order_id,product_id,quantity,unit_price,discount_percent,line_total) VALUES ('oi-0115-2','order-0115','prod-006',8,81.64,5,620.46);
INSERT OR IGNORE INTO sales_order_items (id,sales_order_id,product_id,quantity,unit_price,discount_percent,line_total) VALUES ('oi-0115-3','order-0115','prod-039',19,77.2,0,1466.8);
INSERT OR IGNORE INTO sales_orders (id,tenant_id,order_number,agent_id,customer_id,order_type,status,subtotal,tax_amount,total_amount,payment_method,payment_status,created_at) VALUES ('order-0116','default-tenant-001','SO-00116','agent-001','cust-065','direct_sale','completed',6105.24,915.79,7021.03,'cash','paid','2025-11-01T10:00:00Z');
INSERT OR IGNORE INTO sales_order_items (id,sales_order_id,product_id,quantity,unit_price,discount_percent,line_total) VALUES ('oi-0116-1','order-0116','prod-018',7,65.29,5,434.18);
INSERT OR IGNORE INTO sales_order_items (id,sales_order_id,product_id,quantity,unit_price,discount_percent,line_total) VALUES ('oi-0116-2','order-0116','prod-005',14,97.62,10,1230.01);
INSERT OR IGNORE INTO sales_order_items (id,sales_order_id,product_id,quantity,unit_price,discount_percent,line_total) VALUES ('oi-0116-3','order-0116','prod-046',10,179.46,0,1794.6);
INSERT OR IGNORE INTO sales_order_items (id,sales_order_id,product_id,quantity,unit_price,discount_percent,line_total) VALUES ('oi-0116-4','order-0116','prod-021',4,117.88,10,424.37);
INSERT OR IGNORE INTO sales_order_items (id,sales_order_id,product_id,quantity,unit_price,discount_percent,line_total) VALUES ('oi-0116-5','order-0116','prod-026',16,138.88,0,2222.08);
INSERT OR IGNORE INTO sales_orders (id,tenant_id,order_number,agent_id,customer_id,order_type,status,subtotal,tax_amount,total_amount,payment_method,payment_status,created_at) VALUES ('order-0117','default-tenant-001','SO-00117','agent-user-001','cust-090','direct_sale','pending',1269.9,190.49,1460.39,'credit','pending','2026-01-02T10:00:00Z');
INSERT OR IGNORE INTO sales_order_items (id,sales_order_id,product_id,quantity,unit_price,discount_percent,line_total) VALUES ('oi-0117-1','order-0117','prod-030',7,145.17,0,1016.19);
INSERT OR IGNORE INTO sales_order_items (id,sales_order_id,product_id,quantity,unit_price,discount_percent,line_total) VALUES ('oi-0117-2','order-0117','prod-044',9,28.19,0,253.71);
INSERT OR IGNORE INTO sales_orders (id,tenant_id,order_number,agent_id,customer_id,order_type,status,subtotal,tax_amount,total_amount,payment_method,payment_status,created_at) VALUES ('order-0118','default-tenant-001','SO-00118','agent-002','cust-098','direct_sale','completed',1063.81,159.57,1223.38,'mobile_money','paid','2025-11-10T10:00:00Z');
INSERT OR IGNORE INTO sales_order_items (id,sales_order_id,product_id,quantity,unit_price,discount_percent,line_total) VALUES ('oi-0118-1','order-0118','prod-023',3,161.85,0,485.55);
INSERT OR IGNORE INTO sales_order_items (id,sales_order_id,product_id,quantity,unit_price,discount_percent,line_total) VALUES ('oi-0118-2','order-0118','prod-033',9,71.39,10,578.26);
INSERT OR IGNORE INTO sales_orders (id,tenant_id,order_number,agent_id,customer_id,order_type,status,subtotal,tax_amount,total_amount,payment_method,payment_status,created_at) VALUES ('order-0119','default-tenant-001','SO-00119','agent-004','cust-006','direct_sale','completed',4795.51,719.33,5514.84,'card','paid','2025-11-18T10:00:00Z');
INSERT OR IGNORE INTO sales_order_items (id,sales_order_id,product_id,quantity,unit_price,discount_percent,line_total) VALUES ('oi-0119-1','order-0119','prod-046',20,165.82,0,3316.4);
INSERT OR IGNORE INTO sales_order_items (id,sales_order_id,product_id,quantity,unit_price,discount_percent,line_total) VALUES ('oi-0119-2','order-0119','prod-024',9,152.29,0,1370.61);
INSERT OR IGNORE INTO sales_order_items (id,sales_order_id,product_id,quantity,unit_price,discount_percent,line_total) VALUES ('oi-0119-3','order-0119','prod-035',7,15.5,0,108.5);
INSERT OR IGNORE INTO sales_orders (id,tenant_id,order_number,agent_id,customer_id,order_type,status,subtotal,tax_amount,total_amount,payment_method,payment_status,created_at) VALUES ('order-0120','default-tenant-001','SO-00120','agent-001','cust-019','direct_sale','pending',5070.74,760.61,5831.35,'mobile_money','pending','2026-02-05T10:00:00Z');
INSERT OR IGNORE INTO sales_order_items (id,sales_order_id,product_id,quantity,unit_price,discount_percent,line_total) VALUES ('oi-0120-1','order-0120','prod-019',4,33.5,0,134.0);
INSERT OR IGNORE INTO sales_order_items (id,sales_order_id,product_id,quantity,unit_price,discount_percent,line_total) VALUES ('oi-0120-2','order-0120','prod-036',13,78.41,5,968.36);
INSERT OR IGNORE INTO sales_order_items (id,sales_order_id,product_id,quantity,unit_price,discount_percent,line_total) VALUES ('oi-0120-3','order-0120','prod-022',15,158.28,0,2374.2);
INSERT OR IGNORE INTO sales_order_items (id,sales_order_id,product_id,quantity,unit_price,discount_percent,line_total) VALUES ('oi-0120-4','order-0120','prod-022',14,113.87,0,1594.18);
INSERT OR IGNORE INTO sales_orders (id,tenant_id,order_number,agent_id,customer_id,order_type,status,subtotal,tax_amount,total_amount,payment_method,payment_status,created_at) VALUES ('order-0121','default-tenant-001','SO-00121','agent-001','cust-046','direct_sale','pending',5849.0,877.35,6726.35,'credit','pending','2026-01-25T10:00:00Z');
INSERT OR IGNORE INTO sales_order_items (id,sales_order_id,product_id,quantity,unit_price,discount_percent,line_total) VALUES ('oi-0121-1','order-0121','prod-028',15,55.92,0,838.8);
INSERT OR IGNORE INTO sales_order_items (id,sales_order_id,product_id,quantity,unit_price,discount_percent,line_total) VALUES ('oi-0121-2','order-0121','prod-024',12,168.98,5,1926.37);
INSERT OR IGNORE INTO sales_order_items (id,sales_order_id,product_id,quantity,unit_price,discount_percent,line_total) VALUES ('oi-0121-3','order-0121','prod-044',3,84.43,5,240.63);
INSERT OR IGNORE INTO sales_order_items (id,sales_order_id,product_id,quantity,unit_price,discount_percent,line_total) VALUES ('oi-0121-4','order-0121','prod-010',13,167.19,5,2064.8);
INSERT OR IGNORE INTO sales_order_items (id,sales_order_id,product_id,quantity,unit_price,discount_percent,line_total) VALUES ('oi-0121-5','order-0121','prod-019',7,111.2,0,778.4);
INSERT OR IGNORE INTO sales_orders (id,tenant_id,order_number,agent_id,customer_id,order_type,status,subtotal,tax_amount,total_amount,payment_method,payment_status,created_at) VALUES ('order-0122','default-tenant-001','SO-00122','agent-004','cust-074','direct_sale','completed',2686.26,402.94,3089.2,'cash','paid','2026-03-05T10:00:00Z');
INSERT OR IGNORE INTO sales_order_items (id,sales_order_id,product_id,quantity,unit_price,discount_percent,line_total) VALUES ('oi-0122-1','order-0122','prod-037',9,96.09,0,864.81);
INSERT OR IGNORE INTO sales_order_items (id,sales_order_id,product_id,quantity,unit_price,discount_percent,line_total) VALUES ('oi-0122-2','order-0122','prod-003',15,121.43,0,1821.45);
INSERT OR IGNORE INTO sales_orders (id,tenant_id,order_number,agent_id,customer_id,order_type,status,subtotal,tax_amount,total_amount,payment_method,payment_status,created_at) VALUES ('order-0123','default-tenant-001','SO-00123','agent-003','cust-100','direct_sale','completed',4345.16,651.77,4996.93,'mobile_money','paid','2025-10-10T10:00:00Z');
INSERT OR IGNORE INTO sales_order_items (id,sales_order_id,product_id,quantity,unit_price,discount_percent,line_total) VALUES ('oi-0123-1','order-0123','prod-004',20,10.63,0,212.6);
INSERT OR IGNORE INTO sales_order_items (id,sales_order_id,product_id,quantity,unit_price,discount_percent,line_total) VALUES ('oi-0123-2','order-0123','prod-042',15,71.79,0,1076.85);
INSERT OR IGNORE INTO sales_order_items (id,sales_order_id,product_id,quantity,unit_price,discount_percent,line_total) VALUES ('oi-0123-3','order-0123','prod-028',19,124.67,0,2368.73);
INSERT OR IGNORE INTO sales_order_items (id,sales_order_id,product_id,quantity,unit_price,discount_percent,line_total) VALUES ('oi-0123-4','order-0123','prod-033',14,49.07,0,686.98);
INSERT OR IGNORE INTO sales_orders (id,tenant_id,order_number,agent_id,customer_id,order_type,status,subtotal,tax_amount,total_amount,payment_method,payment_status,created_at) VALUES ('order-0124','default-tenant-001','SO-00124','agent-004','cust-037','direct_sale','pending',671.71,100.76,772.47,'mobile_money','pending','2025-11-06T10:00:00Z');
INSERT OR IGNORE INTO sales_order_items (id,sales_order_id,product_id,quantity,unit_price,discount_percent,line_total) VALUES ('oi-0124-1','order-0124','prod-010',12,15.98,0,191.76);
INSERT OR IGNORE INTO sales_order_items (id,sales_order_id,product_id,quantity,unit_price,discount_percent,line_total) VALUES ('oi-0124-2','order-0124','prod-014',11,48.48,10,479.95);
INSERT OR IGNORE INTO sales_orders (id,tenant_id,order_number,agent_id,customer_id,order_type,status,subtotal,tax_amount,total_amount,payment_method,payment_status,created_at) VALUES ('order-0125','default-tenant-001','SO-00125','agent-002','cust-020','direct_sale','pending',1993.6999999999998,299.05,2292.75,'cash','pending','2025-10-04T10:00:00Z');
INSERT OR IGNORE INTO sales_order_items (id,sales_order_id,product_id,quantity,unit_price,discount_percent,line_total) VALUES ('oi-0125-1','order-0125','prod-046',1,179.26,0,179.26);
INSERT OR IGNORE INTO sales_order_items (id,sales_order_id,product_id,quantity,unit_price,discount_percent,line_total) VALUES ('oi-0125-2','order-0125','prod-044',8,28.76,0,230.08);
INSERT OR IGNORE INTO sales_order_items (id,sales_order_id,product_id,quantity,unit_price,discount_percent,line_total) VALUES ('oi-0125-3','order-0125','prod-030',12,132.03,0,1584.36);
INSERT OR IGNORE INTO sales_orders (id,tenant_id,order_number,agent_id,customer_id,order_type,status,subtotal,tax_amount,total_amount,payment_method,payment_status,created_at) VALUES ('order-0126','default-tenant-001','SO-00126','agent-004','cust-098','direct_sale','draft',5566.22,834.93,6401.15,'mobile_money','pending','2025-11-23T10:00:00Z');
INSERT OR IGNORE INTO sales_order_items (id,sales_order_id,product_id,quantity,unit_price,discount_percent,line_total) VALUES ('oi-0126-1','order-0126','prod-006',7,168.04,5,1117.47);
INSERT OR IGNORE INTO sales_order_items (id,sales_order_id,product_id,quantity,unit_price,discount_percent,line_total) VALUES ('oi-0126-2','order-0126','prod-015',12,74.0,5,843.6);
INSERT OR IGNORE INTO sales_order_items (id,sales_order_id,product_id,quantity,unit_price,discount_percent,line_total) VALUES ('oi-0126-3','order-0126','prod-021',19,92.98,0,1766.62);
INSERT OR IGNORE INTO sales_order_items (id,sales_order_id,product_id,quantity,unit_price,discount_percent,line_total) VALUES ('oi-0126-4','order-0126','prod-012',8,43.19,0,345.52);
INSERT OR IGNORE INTO sales_order_items (id,sales_order_id,product_id,quantity,unit_price,discount_percent,line_total) VALUES ('oi-0126-5','order-0126','prod-011',9,165.89,0,1493.01);
INSERT OR IGNORE INTO sales_orders (id,tenant_id,order_number,agent_id,customer_id,order_type,status,subtotal,tax_amount,total_amount,payment_method,payment_status,created_at) VALUES ('order-0127','default-tenant-001','SO-00127','agent-user-001','cust-044','direct_sale','delivered',3956.88,593.53,4550.41,'cash','paid','2026-03-03T10:00:00Z');
INSERT OR IGNORE INTO sales_order_items (id,sales_order_id,product_id,quantity,unit_price,discount_percent,line_total) VALUES ('oi-0127-1','order-0127','prod-045',17,153.43,0,2608.31);
INSERT OR IGNORE INTO sales_order_items (id,sales_order_id,product_id,quantity,unit_price,discount_percent,line_total) VALUES ('oi-0127-2','order-0127','prod-024',9,166.49,10,1348.57);
INSERT OR IGNORE INTO sales_orders (id,tenant_id,order_number,agent_id,customer_id,order_type,status,subtotal,tax_amount,total_amount,payment_method,payment_status,created_at) VALUES ('order-0128','default-tenant-001','SO-00128','agent-001','cust-059','direct_sale','completed',1163.12,174.47,1337.59,'credit','paid','2026-01-29T10:00:00Z');
INSERT OR IGNORE INTO sales_order_items (id,sales_order_id,product_id,quantity,unit_price,discount_percent,line_total) VALUES ('oi-0128-1','order-0128','prod-024',6,24.93,5,142.1);
INSERT OR IGNORE INTO sales_order_items (id,sales_order_id,product_id,quantity,unit_price,discount_percent,line_total) VALUES ('oi-0128-2','order-0128','prod-035',3,121.54,0,364.62);
INSERT OR IGNORE INTO sales_order_items (id,sales_order_id,product_id,quantity,unit_price,discount_percent,line_total) VALUES ('oi-0128-3','order-0128','prod-008',13,53.15,5,656.4);
INSERT OR IGNORE INTO sales_orders (id,tenant_id,order_number,agent_id,customer_id,order_type,status,subtotal,tax_amount,total_amount,payment_method,payment_status,created_at) VALUES ('order-0129','default-tenant-001','SO-00129','agent-user-001','cust-058','direct_sale','delivered',2685.16,402.77,3087.93,'credit','paid','2026-03-02T10:00:00Z');
INSERT OR IGNORE INTO sales_order_items (id,sales_order_id,product_id,quantity,unit_price,discount_percent,line_total) VALUES ('oi-0129-1','order-0129','prod-001',11,119.37,0,1313.07);
INSERT OR IGNORE INTO sales_order_items (id,sales_order_id,product_id,quantity,unit_price,discount_percent,line_total) VALUES ('oi-0129-2','order-0129','prod-050',1,36.84,5,35.0);
INSERT OR IGNORE INTO sales_order_items (id,sales_order_id,product_id,quantity,unit_price,discount_percent,line_total) VALUES ('oi-0129-3','order-0129','prod-046',16,37.36,10,537.98);
INSERT OR IGNORE INTO sales_order_items (id,sales_order_id,product_id,quantity,unit_price,discount_percent,line_total) VALUES ('oi-0129-4','order-0129','prod-029',9,88.79,0,799.11);
INSERT OR IGNORE INTO sales_orders (id,tenant_id,order_number,agent_id,customer_id,order_type,status,subtotal,tax_amount,total_amount,payment_method,payment_status,created_at) VALUES ('order-0130','default-tenant-001','SO-00130','agent-005','cust-074','direct_sale','draft',852.29,127.84,980.13,'credit','pending','2025-12-12T10:00:00Z');
INSERT OR IGNORE INTO sales_order_items (id,sales_order_id,product_id,quantity,unit_price,discount_percent,line_total) VALUES ('oi-0130-1','order-0130','prod-014',9,40.94,10,331.61);
INSERT OR IGNORE INTO sales_order_items (id,sales_order_id,product_id,quantity,unit_price,discount_percent,line_total) VALUES ('oi-0130-2','order-0130','prod-038',12,43.39,0,520.68);
INSERT OR IGNORE INTO sales_orders (id,tenant_id,order_number,agent_id,customer_id,order_type,status,subtotal,tax_amount,total_amount,payment_method,payment_status,created_at) VALUES ('order-0131','default-tenant-001','SO-00131','agent-004','cust-080','direct_sale','completed',3256.0699999999997,488.41,3744.48,'credit','paid','2025-12-17T10:00:00Z');
INSERT OR IGNORE INTO sales_order_items (id,sales_order_id,product_id,quantity,unit_price,discount_percent,line_total) VALUES ('oi-0131-1','order-0131','prod-035',17,120.33,0,2045.61);
INSERT OR IGNORE INTO sales_order_items (id,sales_order_id,product_id,quantity,unit_price,discount_percent,line_total) VALUES ('oi-0131-2','order-0131','prod-002',14,11.49,0,160.86);
INSERT OR IGNORE INTO sales_order_items (id,sales_order_id,product_id,quantity,unit_price,discount_percent,line_total) VALUES ('oi-0131-3','order-0131','prod-017',19,61.38,10,1049.6);
INSERT OR IGNORE INTO sales_orders (id,tenant_id,order_number,agent_id,customer_id,order_type,status,subtotal,tax_amount,total_amount,payment_method,payment_status,created_at) VALUES ('order-0132','default-tenant-001','SO-00132','agent-004','cust-004','direct_sale','pending',1217.26,182.59,1399.85,'cash','pending','2026-01-03T10:00:00Z');
INSERT OR IGNORE INTO sales_order_items (id,sales_order_id,product_id,quantity,unit_price,discount_percent,line_total) VALUES ('oi-0132-1','order-0132','prod-023',8,26.27,0,210.16);
INSERT OR IGNORE INTO sales_order_items (id,sales_order_id,product_id,quantity,unit_price,discount_percent,line_total) VALUES ('oi-0132-2','order-0132','prod-048',15,74.6,10,1007.1);
INSERT OR IGNORE INTO sales_orders (id,tenant_id,order_number,agent_id,customer_id,order_type,status,subtotal,tax_amount,total_amount,payment_method,payment_status,created_at) VALUES ('order-0133','default-tenant-001','SO-00133','agent-001','cust-015','direct_sale','completed',1762.67,264.4,2027.07,'credit','paid','2025-12-13T10:00:00Z');
INSERT OR IGNORE INTO sales_order_items (id,sales_order_id,product_id,quantity,unit_price,discount_percent,line_total) VALUES ('oi-0133-1','order-0133','prod-039',11,42.77,0,470.47);
INSERT OR IGNORE INTO sales_order_items (id,sales_order_id,product_id,quantity,unit_price,discount_percent,line_total) VALUES ('oi-0133-2','order-0133','prod-021',13,99.4,0,1292.2);
INSERT OR IGNORE INTO sales_orders (id,tenant_id,order_number,agent_id,customer_id,order_type,status,subtotal,tax_amount,total_amount,payment_method,payment_status,created_at) VALUES ('order-0134','default-tenant-001','SO-00134','agent-user-001','cust-065','direct_sale','draft',3181.71,477.26,3658.97,'credit','pending','2026-02-19T10:00:00Z');
INSERT OR IGNORE INTO sales_order_items (id,sales_order_id,product_id,quantity,unit_price,discount_percent,line_total) VALUES ('oi-0134-1','order-0134','prod-048',13,35.91,0,466.83);
INSERT OR IGNORE INTO sales_order_items (id,sales_order_id,product_id,quantity,unit_price,discount_percent,line_total) VALUES ('oi-0134-2','order-0134','prod-021',2,85.06,10,153.11);
INSERT OR IGNORE INTO sales_order_items (id,sales_order_id,product_id,quantity,unit_price,discount_percent,line_total) VALUES ('oi-0134-3','order-0134','prod-030',19,134.83,0,2561.77);
INSERT OR IGNORE INTO sales_orders (id,tenant_id,order_number,agent_id,customer_id,order_type,status,subtotal,tax_amount,total_amount,payment_method,payment_status,created_at) VALUES ('order-0135','default-tenant-001','SO-00135','agent-005','cust-043','direct_sale','completed',1328.24,199.24,1527.48,'credit','paid','2025-11-28T10:00:00Z');
INSERT OR IGNORE INTO sales_order_items (id,sales_order_id,product_id,quantity,unit_price,discount_percent,line_total) VALUES ('oi-0135-1','order-0135','prod-047',20,32.77,0,655.4);
INSERT OR IGNORE INTO sales_order_items (id,sales_order_id,product_id,quantity,unit_price,discount_percent,line_total) VALUES ('oi-0135-2','order-0135','prod-039',9,74.76,0,672.84);
INSERT OR IGNORE INTO sales_orders (id,tenant_id,order_number,agent_id,customer_id,order_type,status,subtotal,tax_amount,total_amount,payment_method,payment_status,created_at) VALUES ('order-0136','default-tenant-001','SO-00136','agent-user-001','cust-035','direct_sale','completed',439.04,65.86,504.9,'card','paid','2026-01-30T10:00:00Z');
INSERT OR IGNORE INTO sales_order_items (id,sales_order_id,product_id,quantity,unit_price,discount_percent,line_total) VALUES ('oi-0136-1','order-0136','prod-025',2,12.28,0,24.56);
INSERT OR IGNORE INTO sales_order_items (id,sales_order_id,product_id,quantity,unit_price,discount_percent,line_total) VALUES ('oi-0136-2','order-0136','prod-028',3,48.06,0,144.18);
INSERT OR IGNORE INTO sales_order_items (id,sales_order_id,product_id,quantity,unit_price,discount_percent,line_total) VALUES ('oi-0136-3','order-0136','prod-043',10,27.03,0,270.3);
INSERT OR IGNORE INTO sales_orders (id,tenant_id,order_number,agent_id,customer_id,order_type,status,subtotal,tax_amount,total_amount,payment_method,payment_status,created_at) VALUES ('order-0137','default-tenant-001','SO-00137','agent-004','cust-050','direct_sale','completed',4347.8099999999995,652.17,4999.98,'mobile_money','paid','2025-11-16T10:00:00Z');
INSERT OR IGNORE INTO sales_order_items (id,sales_order_id,product_id,quantity,unit_price,discount_percent,line_total) VALUES ('oi-0137-1','order-0137','prod-012',19,42.11,0,800.09);
INSERT OR IGNORE INTO sales_order_items (id,sales_order_id,product_id,quantity,unit_price,discount_percent,line_total) VALUES ('oi-0137-2','order-0137','prod-014',15,85.65,5,1220.51);
INSERT OR IGNORE INTO sales_order_items (id,sales_order_id,product_id,quantity,unit_price,discount_percent,line_total) VALUES ('oi-0137-3','order-0137','prod-006',14,16.58,0,232.12);
INSERT OR IGNORE INTO sales_order_items (id,sales_order_id,product_id,quantity,unit_price,discount_percent,line_total) VALUES ('oi-0137-4','order-0137','prod-029',13,160.76,10,1880.89);
INSERT OR IGNORE INTO sales_order_items (id,sales_order_id,product_id,quantity,unit_price,discount_percent,line_total) VALUES ('oi-0137-5','order-0137','prod-025',7,30.6,0,214.2);
INSERT OR IGNORE INTO sales_orders (id,tenant_id,order_number,agent_id,customer_id,order_type,status,subtotal,tax_amount,total_amount,payment_method,payment_status,created_at) VALUES ('order-0138','default-tenant-001','SO-00138','agent-005','cust-010','direct_sale','completed',1828.26,274.24,2102.5,'cash','paid','2026-02-07T10:00:00Z');
INSERT OR IGNORE INTO sales_order_items (id,sales_order_id,product_id,quantity,unit_price,discount_percent,line_total) VALUES ('oi-0138-1','order-0138','prod-002',4,15.58,5,59.2);
INSERT OR IGNORE INTO sales_order_items (id,sales_order_id,product_id,quantity,unit_price,discount_percent,line_total) VALUES ('oi-0138-2','order-0138','prod-014',11,156.77,5,1638.25);
INSERT OR IGNORE INTO sales_order_items (id,sales_order_id,product_id,quantity,unit_price,discount_percent,line_total) VALUES ('oi-0138-3','order-0138','prod-035',9,16.15,10,130.81);
INSERT OR IGNORE INTO sales_orders (id,tenant_id,order_number,agent_id,customer_id,order_type,status,subtotal,tax_amount,total_amount,payment_method,payment_status,created_at) VALUES ('order-0139','default-tenant-001','SO-00139','agent-005','cust-083','direct_sale','completed',1426.69,214.0,1640.69,'credit','paid','2025-10-21T10:00:00Z');
INSERT OR IGNORE INTO sales_order_items (id,sales_order_id,product_id,quantity,unit_price,discount_percent,line_total) VALUES ('oi-0139-1','order-0139','prod-046',9,114.01,0,1026.09);
INSERT OR IGNORE INTO sales_order_items (id,sales_order_id,product_id,quantity,unit_price,discount_percent,line_total) VALUES ('oi-0139-2','order-0139','prod-039',4,100.15,0,400.6);
INSERT OR IGNORE INTO sales_orders (id,tenant_id,order_number,agent_id,customer_id,order_type,status,subtotal,tax_amount,total_amount,payment_method,payment_status,created_at) VALUES ('order-0140','default-tenant-001','SO-00140','agent-004','cust-053','direct_sale','completed',9509.929999999998,1426.49,10936.42,'cash','paid','2025-11-11T10:00:00Z');
INSERT OR IGNORE INTO sales_order_items (id,sales_order_id,product_id,quantity,unit_price,discount_percent,line_total) VALUES ('oi-0140-1','order-0140','prod-018',18,179.83,0,3236.94);
INSERT OR IGNORE INTO sales_order_items (id,sales_order_id,product_id,quantity,unit_price,discount_percent,line_total) VALUES ('oi-0140-2','order-0140','prod-039',17,178.63,0,3036.71);
INSERT OR IGNORE INTO sales_order_items (id,sales_order_id,product_id,quantity,unit_price,discount_percent,line_total) VALUES ('oi-0140-3','order-0140','prod-044',13,23.97,0,311.61);
INSERT OR IGNORE INTO sales_order_items (id,sales_order_id,product_id,quantity,unit_price,discount_percent,line_total) VALUES ('oi-0140-4','order-0140','prod-012',10,86.81,5,824.69);
INSERT OR IGNORE INTO sales_order_items (id,sales_order_id,product_id,quantity,unit_price,discount_percent,line_total) VALUES ('oi-0140-5','order-0140','prod-012',1,21.26,0,21.26);
INSERT OR IGNORE INTO sales_order_items (id,sales_order_id,product_id,quantity,unit_price,discount_percent,line_total) VALUES ('oi-0140-6','order-0140','prod-039',16,129.92,0,2078.72);
INSERT OR IGNORE INTO sales_orders (id,tenant_id,order_number,agent_id,customer_id,order_type,status,subtotal,tax_amount,total_amount,payment_method,payment_status,created_at) VALUES ('order-0141','default-tenant-001','SO-00141','agent-005','cust-054','direct_sale','completed',5332.9,799.93,6132.83,'card','paid','2025-11-24T10:00:00Z');
INSERT OR IGNORE INTO sales_order_items (id,sales_order_id,product_id,quantity,unit_price,discount_percent,line_total) VALUES ('oi-0141-1','order-0141','prod-028',19,135.83,0,2580.77);
INSERT OR IGNORE INTO sales_order_items (id,sales_order_id,product_id,quantity,unit_price,discount_percent,line_total) VALUES ('oi-0141-2','order-0141','prod-016',17,161.89,0,2752.13);
INSERT OR IGNORE INTO sales_orders (id,tenant_id,order_number,agent_id,customer_id,order_type,status,subtotal,tax_amount,total_amount,payment_method,payment_status,created_at) VALUES ('order-0142','default-tenant-001','SO-00142','agent-002','cust-076','direct_sale','draft',6210.48,931.57,7142.05,'mobile_money','pending','2026-02-16T10:00:00Z');
INSERT OR IGNORE INTO sales_order_items (id,sales_order_id,product_id,quantity,unit_price,discount_percent,line_total) VALUES ('oi-0142-1','order-0142','prod-014',13,122.87,0,1597.31);
INSERT OR IGNORE INTO sales_order_items (id,sales_order_id,product_id,quantity,unit_price,discount_percent,line_total) VALUES ('oi-0142-2','order-0142','prod-029',19,167.07,0,3174.33);
INSERT OR IGNORE INTO sales_order_items (id,sales_order_id,product_id,quantity,unit_price,discount_percent,line_total) VALUES ('oi-0142-3','order-0142','prod-038',13,110.68,0,1438.84);
INSERT OR IGNORE INTO sales_orders (id,tenant_id,order_number,agent_id,customer_id,order_type,status,subtotal,tax_amount,total_amount,payment_method,payment_status,created_at) VALUES ('order-0143','default-tenant-001','SO-00143','agent-user-001','cust-066','direct_sale','completed',2962.64,444.4,3407.04,'cash','paid','2026-02-26T10:00:00Z');
INSERT OR IGNORE INTO sales_order_items (id,sales_order_id,product_id,quantity,unit_price,discount_percent,line_total) VALUES ('oi-0143-1','order-0143','prod-007',19,60.84,0,1155.96);
INSERT OR IGNORE INTO sales_order_items (id,sales_order_id,product_id,quantity,unit_price,discount_percent,line_total) VALUES ('oi-0143-2','order-0143','prod-017',9,159.3,10,1290.33);
INSERT OR IGNORE INTO sales_order_items (id,sales_order_id,product_id,quantity,unit_price,discount_percent,line_total) VALUES ('oi-0143-3','order-0143','prod-042',12,47.81,10,516.35);
INSERT OR IGNORE INTO sales_orders (id,tenant_id,order_number,agent_id,customer_id,order_type,status,subtotal,tax_amount,total_amount,payment_method,payment_status,created_at) VALUES ('order-0144','default-tenant-001','SO-00144','agent-002','cust-051','direct_sale','completed',2621.42,393.21,3014.63,'credit','paid','2026-01-10T10:00:00Z');
INSERT OR IGNORE INTO sales_order_items (id,sales_order_id,product_id,quantity,unit_price,discount_percent,line_total) VALUES ('oi-0144-1','order-0144','prod-009',10,153.97,5,1462.71);
INSERT OR IGNORE INTO sales_order_items (id,sales_order_id,product_id,quantity,unit_price,discount_percent,line_total) VALUES ('oi-0144-2','order-0144','prod-039',2,169.9,0,339.8);
INSERT OR IGNORE INTO sales_order_items (id,sales_order_id,product_id,quantity,unit_price,discount_percent,line_total) VALUES ('oi-0144-3','order-0144','prod-024',3,46.97,0,140.91);
INSERT OR IGNORE INTO sales_order_items (id,sales_order_id,product_id,quantity,unit_price,discount_percent,line_total) VALUES ('oi-0144-4','order-0144','prod-012',10,67.8,0,678.0);
INSERT OR IGNORE INTO sales_orders (id,tenant_id,order_number,agent_id,customer_id,order_type,status,subtotal,tax_amount,total_amount,payment_method,payment_status,created_at) VALUES ('order-0145','default-tenant-001','SO-00145','agent-003','cust-072','direct_sale','completed',2964.76,444.71,3409.47,'cash','paid','2026-02-24T10:00:00Z');
INSERT OR IGNORE INTO sales_order_items (id,sales_order_id,product_id,quantity,unit_price,discount_percent,line_total) VALUES ('oi-0145-1','order-0145','prod-005',8,131.44,10,946.37);
INSERT OR IGNORE INTO sales_order_items (id,sales_order_id,product_id,quantity,unit_price,discount_percent,line_total) VALUES ('oi-0145-2','order-0145','prod-010',3,132.73,0,398.19);
INSERT OR IGNORE INTO sales_order_items (id,sales_order_id,product_id,quantity,unit_price,discount_percent,line_total) VALUES ('oi-0145-3','order-0145','prod-003',13,131.19,5,1620.2);
INSERT OR IGNORE INTO sales_orders (id,tenant_id,order_number,agent_id,customer_id,order_type,status,subtotal,tax_amount,total_amount,payment_method,payment_status,created_at) VALUES ('order-0146','default-tenant-001','SO-00146','agent-002','cust-046','direct_sale','draft',4037.0,605.55,4642.55,'credit','pending','2025-11-30T10:00:00Z');
INSERT OR IGNORE INTO sales_order_items (id,sales_order_id,product_id,quantity,unit_price,discount_percent,line_total) VALUES ('oi-0146-1','order-0146','prod-011',19,154.28,0,2931.32);
INSERT OR IGNORE INTO sales_order_items (id,sales_order_id,product_id,quantity,unit_price,discount_percent,line_total) VALUES ('oi-0146-2','order-0146','prod-048',8,138.21,0,1105.68);
INSERT OR IGNORE INTO sales_orders (id,tenant_id,order_number,agent_id,customer_id,order_type,status,subtotal,tax_amount,total_amount,payment_method,payment_status,created_at) VALUES ('order-0147','default-tenant-001','SO-00147','agent-user-001','cust-042','direct_sale','pending',5797.469999999999,869.62,6667.09,'card','pending','2026-03-05T10:00:00Z');
INSERT OR IGNORE INTO sales_order_items (id,sales_order_id,product_id,quantity,unit_price,discount_percent,line_total) VALUES ('oi-0147-1','order-0147','prod-001',18,165.46,5,2829.37);
INSERT OR IGNORE INTO sales_order_items (id,sales_order_id,product_id,quantity,unit_price,discount_percent,line_total) VALUES ('oi-0147-2','order-0147','prod-039',19,33.63,0,638.97);
INSERT OR IGNORE INTO sales_order_items (id,sales_order_id,product_id,quantity,unit_price,discount_percent,line_total) VALUES ('oi-0147-3','order-0147','prod-032',12,136.43,0,1637.16);
INSERT OR IGNORE INTO sales_order_items (id,sales_order_id,product_id,quantity,unit_price,discount_percent,line_total) VALUES ('oi-0147-4','order-0147','prod-030',7,34.76,0,243.32);
INSERT OR IGNORE INTO sales_order_items (id,sales_order_id,product_id,quantity,unit_price,discount_percent,line_total) VALUES ('oi-0147-5','order-0147','prod-027',3,149.55,0,448.65);
INSERT OR IGNORE INTO sales_orders (id,tenant_id,order_number,agent_id,customer_id,order_type,status,subtotal,tax_amount,total_amount,payment_method,payment_status,created_at) VALUES ('order-0148','default-tenant-001','SO-00148','agent-004','cust-053','direct_sale','delivered',2064.2999999999997,309.64,2373.94,'mobile_money','paid','2026-01-09T10:00:00Z');
INSERT OR IGNORE INTO sales_order_items (id,sales_order_id,product_id,quantity,unit_price,discount_percent,line_total) VALUES ('oi-0148-1','order-0148','prod-034',13,54.81,0,712.53);
INSERT OR IGNORE INTO sales_order_items (id,sales_order_id,product_id,quantity,unit_price,discount_percent,line_total) VALUES ('oi-0148-2','order-0148','prod-036',16,26.74,0,427.84);
INSERT OR IGNORE INTO sales_order_items (id,sales_order_id,product_id,quantity,unit_price,discount_percent,line_total) VALUES ('oi-0148-3','order-0148','prod-001',18,20.99,10,340.04);
INSERT OR IGNORE INTO sales_order_items (id,sales_order_id,product_id,quantity,unit_price,discount_percent,line_total) VALUES ('oi-0148-4','order-0148','prod-024',6,20.2,0,121.2);
INSERT OR IGNORE INTO sales_order_items (id,sales_order_id,product_id,quantity,unit_price,discount_percent,line_total) VALUES ('oi-0148-5','order-0148','prod-004',4,59.14,5,224.73);
INSERT OR IGNORE INTO sales_order_items (id,sales_order_id,product_id,quantity,unit_price,discount_percent,line_total) VALUES ('oi-0148-6','order-0148','prod-016',2,118.98,0,237.96);
INSERT OR IGNORE INTO sales_orders (id,tenant_id,order_number,agent_id,customer_id,order_type,status,subtotal,tax_amount,total_amount,payment_method,payment_status,created_at) VALUES ('order-0149','default-tenant-001','SO-00149','agent-005','cust-070','direct_sale','completed',7437.59,1115.64,8553.23,'credit','paid','2025-12-10T10:00:00Z');
INSERT OR IGNORE INTO sales_order_items (id,sales_order_id,product_id,quantity,unit_price,discount_percent,line_total) VALUES ('oi-0149-1','order-0149','prod-034',12,13.81,0,165.72);
INSERT OR IGNORE INTO sales_order_items (id,sales_order_id,product_id,quantity,unit_price,discount_percent,line_total) VALUES ('oi-0149-2','order-0149','prod-020',15,103.92,0,1558.8);
INSERT OR IGNORE INTO sales_order_items (id,sales_order_id,product_id,quantity,unit_price,discount_percent,line_total) VALUES ('oi-0149-3','order-0149','prod-040',11,124.12,0,1365.32);
INSERT OR IGNORE INTO sales_order_items (id,sales_order_id,product_id,quantity,unit_price,discount_percent,line_total) VALUES ('oi-0149-4','order-0149','prod-027',16,106.07,10,1527.41);
INSERT OR IGNORE INTO sales_order_items (id,sales_order_id,product_id,quantity,unit_price,discount_percent,line_total) VALUES ('oi-0149-5','order-0149','prod-049',13,179.14,0,2328.82);
INSERT OR IGNORE INTO sales_order_items (id,sales_order_id,product_id,quantity,unit_price,discount_percent,line_total) VALUES ('oi-0149-6','order-0149','prod-029',8,61.44,0,491.52);
INSERT OR IGNORE INTO sales_orders (id,tenant_id,order_number,agent_id,customer_id,order_type,status,subtotal,tax_amount,total_amount,payment_method,payment_status,created_at) VALUES ('order-0150','default-tenant-001','SO-00150','agent-001','cust-017','direct_sale','draft',5456.92,818.54,6275.46,'card','pending','2025-10-31T10:00:00Z');
INSERT OR IGNORE INTO sales_order_items (id,sales_order_id,product_id,quantity,unit_price,discount_percent,line_total) VALUES ('oi-0150-1','order-0150','prod-025',8,28.19,0,225.52);
INSERT OR IGNORE INTO sales_order_items (id,sales_order_id,product_id,quantity,unit_price,discount_percent,line_total) VALUES ('oi-0150-2','order-0150','prod-026',18,92.73,0,1669.14);
INSERT OR IGNORE INTO sales_order_items (id,sales_order_id,product_id,quantity,unit_price,discount_percent,line_total) VALUES ('oi-0150-3','order-0150','prod-001',16,159.18,5,2419.54);
INSERT OR IGNORE INTO sales_order_items (id,sales_order_id,product_id,quantity,unit_price,discount_percent,line_total) VALUES ('oi-0150-4','order-0150','prod-034',4,160.28,0,641.12);
INSERT OR IGNORE INTO sales_order_items (id,sales_order_id,product_id,quantity,unit_price,discount_percent,line_total) VALUES ('oi-0150-5','order-0150','prod-009',6,18.0,0,108.0);
INSERT OR IGNORE INTO sales_order_items (id,sales_order_id,product_id,quantity,unit_price,discount_percent,line_total) VALUES ('oi-0150-6','order-0150','prod-032',16,24.6,0,393.6);
INSERT OR IGNORE INTO sales_orders (id,tenant_id,order_number,agent_id,customer_id,order_type,status,subtotal,tax_amount,total_amount,payment_method,payment_status,created_at) VALUES ('order-0151','default-tenant-001','SO-00151','agent-004','cust-008','direct_sale','draft',4615.49,692.32,5307.81,'cash','pending','2025-11-27T10:00:00Z');
INSERT OR IGNORE INTO sales_order_items (id,sales_order_id,product_id,quantity,unit_price,discount_percent,line_total) VALUES ('oi-0151-1','order-0151','prod-039',12,110.88,0,1330.56);
INSERT OR IGNORE INTO sales_order_items (id,sales_order_id,product_id,quantity,unit_price,discount_percent,line_total) VALUES ('oi-0151-2','order-0151','prod-049',10,118.6,0,1186.0);
INSERT OR IGNORE INTO sales_order_items (id,sales_order_id,product_id,quantity,unit_price,discount_percent,line_total) VALUES ('oi-0151-3','order-0151','prod-044',8,82.26,0,658.08);
INSERT OR IGNORE INTO sales_order_items (id,sales_order_id,product_id,quantity,unit_price,discount_percent,line_total) VALUES ('oi-0151-4','order-0151','prod-007',11,137.88,5,1440.85);
INSERT OR IGNORE INTO sales_orders (id,tenant_id,order_number,agent_id,customer_id,order_type,status,subtotal,tax_amount,total_amount,payment_method,payment_status,created_at) VALUES ('order-0152','default-tenant-001','SO-00152','agent-005','cust-012','direct_sale','completed',1658.54,248.78,1907.32,'credit','paid','2025-10-08T10:00:00Z');
INSERT OR IGNORE INTO sales_order_items (id,sales_order_id,product_id,quantity,unit_price,discount_percent,line_total) VALUES ('oi-0152-1','order-0152','prod-018',12,16.67,0,200.04);
INSERT OR IGNORE INTO sales_order_items (id,sales_order_id,product_id,quantity,unit_price,discount_percent,line_total) VALUES ('oi-0152-2','order-0152','prod-028',10,145.85,0,1458.5);
INSERT OR IGNORE INTO sales_orders (id,tenant_id,order_number,agent_id,customer_id,order_type,status,subtotal,tax_amount,total_amount,payment_method,payment_status,created_at) VALUES ('order-0153','default-tenant-001','SO-00153','agent-user-001','cust-029','direct_sale','draft',3148.13,472.22,3620.35,'mobile_money','pending','2025-11-23T10:00:00Z');
INSERT OR IGNORE INTO sales_order_items (id,sales_order_id,product_id,quantity,unit_price,discount_percent,line_total) VALUES ('oi-0153-1','order-0153','prod-020',12,37.15,0,445.8);
INSERT OR IGNORE INTO sales_order_items (id,sales_order_id,product_id,quantity,unit_price,discount_percent,line_total) VALUES ('oi-0153-2','order-0153','prod-036',18,147.53,10,2389.99);
INSERT OR IGNORE INTO sales_order_items (id,sales_order_id,product_id,quantity,unit_price,discount_percent,line_total) VALUES ('oi-0153-3','order-0153','prod-036',14,22.31,0,312.34);
INSERT OR IGNORE INTO sales_orders (id,tenant_id,order_number,agent_id,customer_id,order_type,status,subtotal,tax_amount,total_amount,payment_method,payment_status,created_at) VALUES ('order-0154','default-tenant-001','SO-00154','agent-005','cust-008','direct_sale','pending',4177.36,626.6,4803.96,'credit','pending','2025-11-28T10:00:00Z');
INSERT OR IGNORE INTO sales_order_items (id,sales_order_id,product_id,quantity,unit_price,discount_percent,line_total) VALUES ('oi-0154-1','order-0154','prod-023',19,62.96,0,1196.24);
INSERT OR IGNORE INTO sales_order_items (id,sales_order_id,product_id,quantity,unit_price,discount_percent,line_total) VALUES ('oi-0154-2','order-0154','prod-016',15,19.91,0,298.65);
INSERT OR IGNORE INTO sales_order_items (id,sales_order_id,product_id,quantity,unit_price,discount_percent,line_total) VALUES ('oi-0154-3','order-0154','prod-038',19,48.56,0,922.64);
INSERT OR IGNORE INTO sales_order_items (id,sales_order_id,product_id,quantity,unit_price,discount_percent,line_total) VALUES ('oi-0154-4','order-0154','prod-036',16,104.68,5,1591.14);
INSERT OR IGNORE INTO sales_order_items (id,sales_order_id,product_id,quantity,unit_price,discount_percent,line_total) VALUES ('oi-0154-5','order-0154','prod-034',9,19.73,5,168.69);
INSERT OR IGNORE INTO sales_orders (id,tenant_id,order_number,agent_id,customer_id,order_type,status,subtotal,tax_amount,total_amount,payment_method,payment_status,created_at) VALUES ('order-0155','default-tenant-001','SO-00155','agent-001','cust-100','direct_sale','pending',6628.63,994.29,7622.92,'cash','pending','2026-02-09T10:00:00Z');
INSERT OR IGNORE INTO sales_order_items (id,sales_order_id,product_id,quantity,unit_price,discount_percent,line_total) VALUES ('oi-0155-1','order-0155','prod-010',18,171.81,0,3092.58);
INSERT OR IGNORE INTO sales_order_items (id,sales_order_id,product_id,quantity,unit_price,discount_percent,line_total) VALUES ('oi-0155-2','order-0155','prod-040',17,11.42,0,194.14);
INSERT OR IGNORE INTO sales_order_items (id,sales_order_id,product_id,quantity,unit_price,discount_percent,line_total) VALUES ('oi-0155-3','order-0155','prod-034',17,171.72,10,2627.32);
INSERT OR IGNORE INTO sales_order_items (id,sales_order_id,product_id,quantity,unit_price,discount_percent,line_total) VALUES ('oi-0155-4','order-0155','prod-015',7,59.6,10,375.48);
INSERT OR IGNORE INTO sales_order_items (id,sales_order_id,product_id,quantity,unit_price,discount_percent,line_total) VALUES ('oi-0155-5','order-0155','prod-022',2,178.48,5,339.11);
INSERT OR IGNORE INTO sales_orders (id,tenant_id,order_number,agent_id,customer_id,order_type,status,subtotal,tax_amount,total_amount,payment_method,payment_status,created_at) VALUES ('order-0156','default-tenant-001','SO-00156','agent-003','cust-100','direct_sale','completed',1434.5,215.17,1649.67,'cash','paid','2025-11-22T10:00:00Z');
INSERT OR IGNORE INTO sales_order_items (id,sales_order_id,product_id,quantity,unit_price,discount_percent,line_total) VALUES ('oi-0156-1','order-0156','prod-025',14,70.24,10,885.02);
INSERT OR IGNORE INTO sales_order_items (id,sales_order_id,product_id,quantity,unit_price,discount_percent,line_total) VALUES ('oi-0156-2','order-0156','prod-014',19,28.92,0,549.48);
INSERT OR IGNORE INTO sales_orders (id,tenant_id,order_number,agent_id,customer_id,order_type,status,subtotal,tax_amount,total_amount,payment_method,payment_status,created_at) VALUES ('order-0157','default-tenant-001','SO-00157','agent-005','cust-095','direct_sale','delivered',1842.16,276.32,2118.48,'card','paid','2025-11-19T10:00:00Z');
INSERT OR IGNORE INTO sales_order_items (id,sales_order_id,product_id,quantity,unit_price,discount_percent,line_total) VALUES ('oi-0157-1','order-0157','prod-040',15,115.98,0,1739.7);
INSERT OR IGNORE INTO sales_order_items (id,sales_order_id,product_id,quantity,unit_price,discount_percent,line_total) VALUES ('oi-0157-2','order-0157','prod-017',2,51.23,0,102.46);
INSERT OR IGNORE INTO sales_orders (id,tenant_id,order_number,agent_id,customer_id,order_type,status,subtotal,tax_amount,total_amount,payment_method,payment_status,created_at) VALUES ('order-0158','default-tenant-001','SO-00158','agent-003','cust-071','direct_sale','completed',3924.13,588.62,4512.75,'mobile_money','paid','2025-12-18T10:00:00Z');
INSERT OR IGNORE INTO sales_order_items (id,sales_order_id,product_id,quantity,unit_price,discount_percent,line_total) VALUES ('oi-0158-1','order-0158','prod-011',3,175.79,0,527.37);
INSERT OR IGNORE INTO sales_order_items (id,sales_order_id,product_id,quantity,unit_price,discount_percent,line_total) VALUES ('oi-0158-2','order-0158','prod-037',2,173.18,0,346.36);
INSERT OR IGNORE INTO sales_order_items (id,sales_order_id,product_id,quantity,unit_price,discount_percent,line_total) VALUES ('oi-0158-3','order-0158','prod-048',20,152.52,0,3050.4);
INSERT OR IGNORE INTO sales_orders (id,tenant_id,order_number,agent_id,customer_id,order_type,status,subtotal,tax_amount,total_amount,payment_method,payment_status,created_at) VALUES ('order-0159','default-tenant-001','SO-00159','agent-user-001','cust-075','direct_sale','pending',2156.42,323.46,2479.88,'card','pending','2025-12-07T10:00:00Z');
INSERT OR IGNORE INTO sales_order_items (id,sales_order_id,product_id,quantity,unit_price,discount_percent,line_total) VALUES ('oi-0159-1','order-0159','prod-002',8,123.88,0,991.04);
INSERT OR IGNORE INTO sales_order_items (id,sales_order_id,product_id,quantity,unit_price,discount_percent,line_total) VALUES ('oi-0159-2','order-0159','prod-032',19,29.53,0,561.07);
INSERT OR IGNORE INTO sales_order_items (id,sales_order_id,product_id,quantity,unit_price,discount_percent,line_total) VALUES ('oi-0159-3','order-0159','prod-042',4,159.03,5,604.31);
INSERT OR IGNORE INTO sales_orders (id,tenant_id,order_number,agent_id,customer_id,order_type,status,subtotal,tax_amount,total_amount,payment_method,payment_status,created_at) VALUES ('order-0160','default-tenant-001','SO-00160','agent-001','cust-082','direct_sale','delivered',198.81,29.82,228.63,'mobile_money','paid','2025-11-19T10:00:00Z');
INSERT OR IGNORE INTO sales_order_items (id,sales_order_id,product_id,quantity,unit_price,discount_percent,line_total) VALUES ('oi-0160-1','order-0160','prod-041',1,38.86,0,38.86);
INSERT OR IGNORE INTO sales_order_items (id,sales_order_id,product_id,quantity,unit_price,discount_percent,line_total) VALUES ('oi-0160-2','order-0160','prod-017',3,22.32,10,60.26);
INSERT OR IGNORE INTO sales_order_items (id,sales_order_id,product_id,quantity,unit_price,discount_percent,line_total) VALUES ('oi-0160-3','order-0160','prod-035',3,33.23,0,99.69);
INSERT OR IGNORE INTO sales_orders (id,tenant_id,order_number,agent_id,customer_id,order_type,status,subtotal,tax_amount,total_amount,payment_method,payment_status,created_at) VALUES ('order-0161','default-tenant-001','SO-00161','agent-005','cust-054','direct_sale','completed',3409.9700000000003,511.5,3921.47,'cash','paid','2025-10-21T10:00:00Z');
INSERT OR IGNORE INTO sales_order_items (id,sales_order_id,product_id,quantity,unit_price,discount_percent,line_total) VALUES ('oi-0161-1','order-0161','prod-035',6,120.07,10,648.38);
INSERT OR IGNORE INTO sales_order_items (id,sales_order_id,product_id,quantity,unit_price,discount_percent,line_total) VALUES ('oi-0161-2','order-0161','prod-019',17,107.13,0,1821.21);
INSERT OR IGNORE INTO sales_order_items (id,sales_order_id,product_id,quantity,unit_price,discount_percent,line_total) VALUES ('oi-0161-3','order-0161','prod-016',7,141.41,5,940.38);
INSERT OR IGNORE INTO sales_orders (id,tenant_id,order_number,agent_id,customer_id,order_type,status,subtotal,tax_amount,total_amount,payment_method,payment_status,created_at) VALUES ('order-0162','default-tenant-001','SO-00162','agent-004','cust-086','direct_sale','delivered',4445.66,666.85,5112.51,'card','paid','2025-11-25T10:00:00Z');
INSERT OR IGNORE INTO sales_order_items (id,sales_order_id,product_id,quantity,unit_price,discount_percent,line_total) VALUES ('oi-0162-1','order-0162','prod-045',6,177.21,5,1010.1);
INSERT OR IGNORE INTO sales_order_items (id,sales_order_id,product_id,quantity,unit_price,discount_percent,line_total) VALUES ('oi-0162-2','order-0162','prod-039',8,176.45,10,1270.44);
INSERT OR IGNORE INTO sales_order_items (id,sales_order_id,product_id,quantity,unit_price,discount_percent,line_total) VALUES ('oi-0162-3','order-0162','prod-003',16,111.3,10,1602.72);
INSERT OR IGNORE INTO sales_order_items (id,sales_order_id,product_id,quantity,unit_price,discount_percent,line_total) VALUES ('oi-0162-4','order-0162','prod-021',20,28.12,0,562.4);
INSERT OR IGNORE INTO sales_orders (id,tenant_id,order_number,agent_id,customer_id,order_type,status,subtotal,tax_amount,total_amount,payment_method,payment_status,created_at) VALUES ('order-0163','default-tenant-001','SO-00163','agent-003','cust-023','direct_sale','delivered',1707.78,256.17,1963.95,'cash','paid','2026-02-05T10:00:00Z');
INSERT OR IGNORE INTO sales_order_items (id,sales_order_id,product_id,quantity,unit_price,discount_percent,line_total) VALUES ('oi-0163-1','order-0163','prod-014',17,72.03,5,1163.28);
INSERT OR IGNORE INTO sales_order_items (id,sales_order_id,product_id,quantity,unit_price,discount_percent,line_total) VALUES ('oi-0163-2','order-0163','prod-020',17,25.51,10,390.3);
INSERT OR IGNORE INTO sales_order_items (id,sales_order_id,product_id,quantity,unit_price,discount_percent,line_total) VALUES ('oi-0163-3','order-0163','prod-017',4,38.55,0,154.2);
INSERT OR IGNORE INTO sales_orders (id,tenant_id,order_number,agent_id,customer_id,order_type,status,subtotal,tax_amount,total_amount,payment_method,payment_status,created_at) VALUES ('order-0164','default-tenant-001','SO-00164','agent-005','cust-028','direct_sale','completed',8859.939999999999,1328.99,10188.93,'card','paid','2025-12-26T10:00:00Z');
INSERT OR IGNORE INTO sales_order_items (id,sales_order_id,product_id,quantity,unit_price,discount_percent,line_total) VALUES ('oi-0164-1','order-0164','prod-009',16,172.58,5,2623.22);
INSERT OR IGNORE INTO sales_order_items (id,sales_order_id,product_id,quantity,unit_price,discount_percent,line_total) VALUES ('oi-0164-2','order-0164','prod-015',13,26.18,0,340.34);
INSERT OR IGNORE INTO sales_order_items (id,sales_order_id,product_id,quantity,unit_price,discount_percent,line_total) VALUES ('oi-0164-3','order-0164','prod-009',19,177.47,0,3371.93);
INSERT OR IGNORE INTO sales_order_items (id,sales_order_id,product_id,quantity,unit_price,discount_percent,line_total) VALUES ('oi-0164-4','order-0164','prod-003',20,30.77,0,615.4);
INSERT OR IGNORE INTO sales_order_items (id,sales_order_id,product_id,quantity,unit_price,discount_percent,line_total) VALUES ('oi-0164-5','order-0164','prod-013',11,173.55,0,1909.05);
INSERT OR IGNORE INTO sales_orders (id,tenant_id,order_number,agent_id,customer_id,order_type,status,subtotal,tax_amount,total_amount,payment_method,payment_status,created_at) VALUES ('order-0165','default-tenant-001','SO-00165','agent-002','cust-098','direct_sale','completed',3013.41,452.01,3465.42,'credit','paid','2026-01-19T10:00:00Z');
INSERT OR IGNORE INTO sales_order_items (id,sales_order_id,product_id,quantity,unit_price,discount_percent,line_total) VALUES ('oi-0165-1','order-0165','prod-048',15,66.57,5,948.62);
INSERT OR IGNORE INTO sales_order_items (id,sales_order_id,product_id,quantity,unit_price,discount_percent,line_total) VALUES ('oi-0165-2','order-0165','prod-023',9,76.09,0,684.81);
INSERT OR IGNORE INTO sales_order_items (id,sales_order_id,product_id,quantity,unit_price,discount_percent,line_total) VALUES ('oi-0165-3','order-0165','prod-017',10,40.57,5,385.41);
INSERT OR IGNORE INTO sales_order_items (id,sales_order_id,product_id,quantity,unit_price,discount_percent,line_total) VALUES ('oi-0165-4','order-0165','prod-024',1,23.92,0,23.92);
INSERT OR IGNORE INTO sales_order_items (id,sales_order_id,product_id,quantity,unit_price,discount_percent,line_total) VALUES ('oi-0165-5','order-0165','prod-008',6,170.29,5,970.65);
INSERT OR IGNORE INTO sales_orders (id,tenant_id,order_number,agent_id,customer_id,order_type,status,subtotal,tax_amount,total_amount,payment_method,payment_status,created_at) VALUES ('order-0166','default-tenant-001','SO-00166','agent-003','cust-015','direct_sale','pending',5154.98,773.25,5928.23,'credit','pending','2026-02-05T10:00:00Z');
INSERT OR IGNORE INTO sales_order_items (id,sales_order_id,product_id,quantity,unit_price,discount_percent,line_total) VALUES ('oi-0166-1','order-0166','prod-048',20,129.93,10,2338.74);
INSERT OR IGNORE INTO sales_order_items (id,sales_order_id,product_id,quantity,unit_price,discount_percent,line_total) VALUES ('oi-0166-2','order-0166','prod-020',11,127.44,10,1261.66);
INSERT OR IGNORE INTO sales_order_items (id,sales_order_id,product_id,quantity,unit_price,discount_percent,line_total) VALUES ('oi-0166-3','order-0166','prod-002',6,78.57,5,447.85);
INSERT OR IGNORE INTO sales_order_items (id,sales_order_id,product_id,quantity,unit_price,discount_percent,line_total) VALUES ('oi-0166-4','order-0166','prod-049',9,122.97,0,1106.73);
INSERT OR IGNORE INTO sales_orders (id,tenant_id,order_number,agent_id,customer_id,order_type,status,subtotal,tax_amount,total_amount,payment_method,payment_status,created_at) VALUES ('order-0167','default-tenant-001','SO-00167','agent-002','cust-095','direct_sale','completed',3122.04,468.31,3590.35,'mobile_money','paid','2026-01-22T10:00:00Z');
INSERT OR IGNORE INTO sales_order_items (id,sales_order_id,product_id,quantity,unit_price,discount_percent,line_total) VALUES ('oi-0167-1','order-0167','prod-017',9,20.37,10,165.0);
INSERT OR IGNORE INTO sales_order_items (id,sales_order_id,product_id,quantity,unit_price,discount_percent,line_total) VALUES ('oi-0167-2','order-0167','prod-019',12,122.16,0,1465.92);
INSERT OR IGNORE INTO sales_order_items (id,sales_order_id,product_id,quantity,unit_price,discount_percent,line_total) VALUES ('oi-0167-3','order-0167','prod-024',6,165.39,0,992.34);
INSERT OR IGNORE INTO sales_order_items (id,sales_order_id,product_id,quantity,unit_price,discount_percent,line_total) VALUES ('oi-0167-4','order-0167','prod-043',3,166.26,0,498.78);
INSERT OR IGNORE INTO sales_orders (id,tenant_id,order_number,agent_id,customer_id,order_type,status,subtotal,tax_amount,total_amount,payment_method,payment_status,created_at) VALUES ('order-0168','default-tenant-001','SO-00168','agent-004','cust-095','direct_sale','completed',875.5899999999999,131.34,1006.93,'cash','paid','2025-10-18T10:00:00Z');
INSERT OR IGNORE INTO sales_order_items (id,sales_order_id,product_id,quantity,unit_price,discount_percent,line_total) VALUES ('oi-0168-1','order-0168','prod-047',6,28.75,10,155.25);
INSERT OR IGNORE INTO sales_order_items (id,sales_order_id,product_id,quantity,unit_price,discount_percent,line_total) VALUES ('oi-0168-2','order-0168','prod-050',4,73.71,0,294.84);
INSERT OR IGNORE INTO sales_order_items (id,sales_order_id,product_id,quantity,unit_price,discount_percent,line_total) VALUES ('oi-0168-3','order-0168','prod-049',10,42.55,0,425.5);
INSERT OR IGNORE INTO sales_orders (id,tenant_id,order_number,agent_id,customer_id,order_type,status,subtotal,tax_amount,total_amount,payment_method,payment_status,created_at) VALUES ('order-0169','default-tenant-001','SO-00169','agent-003','cust-095','direct_sale','completed',4588.91,688.34,5277.25,'mobile_money','paid','2025-11-02T10:00:00Z');
INSERT OR IGNORE INTO sales_order_items (id,sales_order_id,product_id,quantity,unit_price,discount_percent,line_total) VALUES ('oi-0169-1','order-0169','prod-050',13,107.63,0,1399.19);
INSERT OR IGNORE INTO sales_order_items (id,sales_order_id,product_id,quantity,unit_price,discount_percent,line_total) VALUES ('oi-0169-2','order-0169','prod-010',18,137.42,5,2349.88);
INSERT OR IGNORE INTO sales_order_items (id,sales_order_id,product_id,quantity,unit_price,discount_percent,line_total) VALUES ('oi-0169-3','order-0169','prod-044',17,27.28,0,463.76);
INSERT OR IGNORE INTO sales_order_items (id,sales_order_id,product_id,quantity,unit_price,discount_percent,line_total) VALUES ('oi-0169-4','order-0169','prod-008',12,31.34,0,376.08);
INSERT OR IGNORE INTO sales_orders (id,tenant_id,order_number,agent_id,customer_id,order_type,status,subtotal,tax_amount,total_amount,payment_method,payment_status,created_at) VALUES ('order-0170','default-tenant-001','SO-00170','agent-003','cust-045','direct_sale','completed',2565.67,384.85,2950.52,'credit','paid','2026-01-04T10:00:00Z');
INSERT OR IGNORE INTO sales_order_items (id,sales_order_id,product_id,quantity,unit_price,discount_percent,line_total) VALUES ('oi-0170-1','order-0170','prod-043',2,20.89,0,41.78);
INSERT OR IGNORE INTO sales_order_items (id,sales_order_id,product_id,quantity,unit_price,discount_percent,line_total) VALUES ('oi-0170-2','order-0170','prod-003',19,44.21,0,839.99);
INSERT OR IGNORE INTO sales_order_items (id,sales_order_id,product_id,quantity,unit_price,discount_percent,line_total) VALUES ('oi-0170-3','order-0170','prod-033',18,93.55,0,1683.9);
INSERT OR IGNORE INTO sales_orders (id,tenant_id,order_number,agent_id,customer_id,order_type,status,subtotal,tax_amount,total_amount,payment_method,payment_status,created_at) VALUES ('order-0171','default-tenant-001','SO-00171','agent-user-001','cust-092','direct_sale','draft',6435.080000000001,965.26,7400.34,'credit','pending','2025-12-13T10:00:00Z');
INSERT OR IGNORE INTO sales_order_items (id,sales_order_id,product_id,quantity,unit_price,discount_percent,line_total) VALUES ('oi-0171-1','order-0171','prod-001',13,170.39,0,2215.07);
INSERT OR IGNORE INTO sales_order_items (id,sales_order_id,product_id,quantity,unit_price,discount_percent,line_total) VALUES ('oi-0171-2','order-0171','prod-017',18,163.27,10,2644.97);
INSERT OR IGNORE INTO sales_order_items (id,sales_order_id,product_id,quantity,unit_price,discount_percent,line_total) VALUES ('oi-0171-3','order-0171','prod-002',6,52.87,0,317.22);
INSERT OR IGNORE INTO sales_order_items (id,sales_order_id,product_id,quantity,unit_price,discount_percent,line_total) VALUES ('oi-0171-4','order-0171','prod-036',8,141.4,5,1074.64);
INSERT OR IGNORE INTO sales_order_items (id,sales_order_id,product_id,quantity,unit_price,discount_percent,line_total) VALUES ('oi-0171-5','order-0171','prod-012',2,91.59,0,183.18);
INSERT OR IGNORE INTO sales_orders (id,tenant_id,order_number,agent_id,customer_id,order_type,status,subtotal,tax_amount,total_amount,payment_method,payment_status,created_at) VALUES ('order-0172','default-tenant-001','SO-00172','agent-001','cust-030','direct_sale','completed',2290.0,343.5,2633.5,'credit','paid','2026-02-24T10:00:00Z');
INSERT OR IGNORE INTO sales_order_items (id,sales_order_id,product_id,quantity,unit_price,discount_percent,line_total) VALUES ('oi-0172-1','order-0172','prod-003',16,132.62,0,2121.92);
INSERT OR IGNORE INTO sales_order_items (id,sales_order_id,product_id,quantity,unit_price,discount_percent,line_total) VALUES ('oi-0172-2','order-0172','prod-033',1,168.08,0,168.08);
INSERT OR IGNORE INTO sales_orders (id,tenant_id,order_number,agent_id,customer_id,order_type,status,subtotal,tax_amount,total_amount,payment_method,payment_status,created_at) VALUES ('order-0173','default-tenant-001','SO-00173','agent-003','cust-013','direct_sale','delivered',6929.17,1039.38,7968.55,'mobile_money','paid','2026-01-04T10:00:00Z');
INSERT OR IGNORE INTO sales_order_items (id,sales_order_id,product_id,quantity,unit_price,discount_percent,line_total) VALUES ('oi-0173-1','order-0173','prod-010',20,127.62,0,2552.4);
INSERT OR IGNORE INTO sales_order_items (id,sales_order_id,product_id,quantity,unit_price,discount_percent,line_total) VALUES ('oi-0173-2','order-0173','prod-022',16,170.8,0,2732.8);
INSERT OR IGNORE INTO sales_order_items (id,sales_order_id,product_id,quantity,unit_price,discount_percent,line_total) VALUES ('oi-0173-3','order-0173','prod-033',5,51.58,0,257.9);
INSERT OR IGNORE INTO sales_order_items (id,sales_order_id,product_id,quantity,unit_price,discount_percent,line_total) VALUES ('oi-0173-4','order-0173','prod-042',4,50.16,10,180.58);
INSERT OR IGNORE INTO sales_order_items (id,sales_order_id,product_id,quantity,unit_price,discount_percent,line_total) VALUES ('oi-0173-5','order-0173','prod-035',7,158.79,0,1111.53);
INSERT OR IGNORE INTO sales_order_items (id,sales_order_id,product_id,quantity,unit_price,discount_percent,line_total) VALUES ('oi-0173-6','order-0173','prod-005',1,93.96,0,93.96);
INSERT OR IGNORE INTO sales_orders (id,tenant_id,order_number,agent_id,customer_id,order_type,status,subtotal,tax_amount,total_amount,payment_method,payment_status,created_at) VALUES ('order-0174','default-tenant-001','SO-00174','agent-003','cust-007','direct_sale','completed',2790.9700000000003,418.65,3209.62,'card','paid','2026-01-31T10:00:00Z');
INSERT OR IGNORE INTO sales_order_items (id,sales_order_id,product_id,quantity,unit_price,discount_percent,line_total) VALUES ('oi-0174-1','order-0174','prod-016',10,92.15,10,829.35);
INSERT OR IGNORE INTO sales_order_items (id,sales_order_id,product_id,quantity,unit_price,discount_percent,line_total) VALUES ('oi-0174-2','order-0174','prod-018',3,81.91,0,245.73);
INSERT OR IGNORE INTO sales_order_items (id,sales_order_id,product_id,quantity,unit_price,discount_percent,line_total) VALUES ('oi-0174-3','order-0174','prod-023',1,128.02,10,115.22);
INSERT OR IGNORE INTO sales_order_items (id,sales_order_id,product_id,quantity,unit_price,discount_percent,line_total) VALUES ('oi-0174-4','order-0174','prod-045',5,175.42,0,877.1);
INSERT OR IGNORE INTO sales_order_items (id,sales_order_id,product_id,quantity,unit_price,discount_percent,line_total) VALUES ('oi-0174-5','order-0174','prod-004',5,152.33,5,723.57);
INSERT OR IGNORE INTO sales_orders (id,tenant_id,order_number,agent_id,customer_id,order_type,status,subtotal,tax_amount,total_amount,payment_method,payment_status,created_at) VALUES ('order-0175','default-tenant-001','SO-00175','agent-user-001','cust-022','direct_sale','completed',2433.32,365.0,2798.32,'mobile_money','paid','2026-03-06T10:00:00Z');
INSERT OR IGNORE INTO sales_order_items (id,sales_order_id,product_id,quantity,unit_price,discount_percent,line_total) VALUES ('oi-0175-1','order-0175','prod-033',9,146.11,5,1249.24);
INSERT OR IGNORE INTO sales_order_items (id,sales_order_id,product_id,quantity,unit_price,discount_percent,line_total) VALUES ('oi-0175-2','order-0175','prod-048',6,31.33,0,187.98);
INSERT OR IGNORE INTO sales_order_items (id,sales_order_id,product_id,quantity,unit_price,discount_percent,line_total) VALUES ('oi-0175-3','order-0175','prod-017',2,34.74,5,66.01);
INSERT OR IGNORE INTO sales_order_items (id,sales_order_id,product_id,quantity,unit_price,discount_percent,line_total) VALUES ('oi-0175-4','order-0175','prod-014',17,60.79,10,930.09);
INSERT OR IGNORE INTO sales_orders (id,tenant_id,order_number,agent_id,customer_id,order_type,status,subtotal,tax_amount,total_amount,payment_method,payment_status,created_at) VALUES ('order-0176','default-tenant-001','SO-00176','agent-001','cust-070','direct_sale','draft',3963.4700000000003,594.52,4557.99,'cash','pending','2025-12-12T10:00:00Z');
INSERT OR IGNORE INTO sales_order_items (id,sales_order_id,product_id,quantity,unit_price,discount_percent,line_total) VALUES ('oi-0176-1','order-0176','prod-017',7,133.03,10,838.09);
INSERT OR IGNORE INTO sales_order_items (id,sales_order_id,product_id,quantity,unit_price,discount_percent,line_total) VALUES ('oi-0176-2','order-0176','prod-035',16,158.53,0,2536.48);
INSERT OR IGNORE INTO sales_order_items (id,sales_order_id,product_id,quantity,unit_price,discount_percent,line_total) VALUES ('oi-0176-3','order-0176','prod-045',11,23.74,0,261.14);
INSERT OR IGNORE INTO sales_order_items (id,sales_order_id,product_id,quantity,unit_price,discount_percent,line_total) VALUES ('oi-0176-4','order-0176','prod-006',8,40.97,0,327.76);
INSERT OR IGNORE INTO sales_orders (id,tenant_id,order_number,agent_id,customer_id,order_type,status,subtotal,tax_amount,total_amount,payment_method,payment_status,created_at) VALUES ('order-0177','default-tenant-001','SO-00177','agent-002','cust-099','direct_sale','delivered',4088.6400000000003,613.3,4701.94,'credit','paid','2026-02-27T10:00:00Z');
INSERT OR IGNORE INTO sales_order_items (id,sales_order_id,product_id,quantity,unit_price,discount_percent,line_total) VALUES ('oi-0177-1','order-0177','prod-017',20,24.9,0,498.0);
INSERT OR IGNORE INTO sales_order_items (id,sales_order_id,product_id,quantity,unit_price,discount_percent,line_total) VALUES ('oi-0177-2','order-0177','prod-018',15,79.56,0,1193.4);
INSERT OR IGNORE INTO sales_order_items (id,sales_order_id,product_id,quantity,unit_price,discount_percent,line_total) VALUES ('oi-0177-3','order-0177','prod-037',11,121.0,10,1197.9);
INSERT OR IGNORE INTO sales_order_items (id,sales_order_id,product_id,quantity,unit_price,discount_percent,line_total) VALUES ('oi-0177-4','order-0177','prod-015',20,66.63,10,1199.34);
INSERT OR IGNORE INTO sales_orders (id,tenant_id,order_number,agent_id,customer_id,order_type,status,subtotal,tax_amount,total_amount,payment_method,payment_status,created_at) VALUES ('order-0178','default-tenant-001','SO-00178','agent-004','cust-037','direct_sale','draft',2597.1800000000003,389.58,2986.76,'card','pending','2026-02-27T10:00:00Z');
INSERT OR IGNORE INTO sales_order_items (id,sales_order_id,product_id,quantity,unit_price,discount_percent,line_total) VALUES ('oi-0178-1','order-0178','prod-022',6,70.71,10,381.83);
INSERT OR IGNORE INTO sales_order_items (id,sales_order_id,product_id,quantity,unit_price,discount_percent,line_total) VALUES ('oi-0178-2','order-0178','prod-048',18,105.95,10,1716.39);
INSERT OR IGNORE INTO sales_order_items (id,sales_order_id,product_id,quantity,unit_price,discount_percent,line_total) VALUES ('oi-0178-3','order-0178','prod-008',14,39.6,10,498.96);
INSERT OR IGNORE INTO sales_orders (id,tenant_id,order_number,agent_id,customer_id,order_type,status,subtotal,tax_amount,total_amount,payment_method,payment_status,created_at) VALUES ('order-0179','default-tenant-001','SO-00179','agent-003','cust-050','direct_sale','pending',1287.04,193.06,1480.1,'cash','pending','2025-10-18T10:00:00Z');
INSERT OR IGNORE INTO sales_order_items (id,sales_order_id,product_id,quantity,unit_price,discount_percent,line_total) VALUES ('oi-0179-1','order-0179','prod-047',2,39.63,0,79.26);
INSERT OR IGNORE INTO sales_order_items (id,sales_order_id,product_id,quantity,unit_price,discount_percent,line_total) VALUES ('oi-0179-2','order-0179','prod-022',1,20.88,10,18.79);
INSERT OR IGNORE INTO sales_order_items (id,sales_order_id,product_id,quantity,unit_price,discount_percent,line_total) VALUES ('oi-0179-3','order-0179','prod-020',11,108.09,0,1188.99);
INSERT OR IGNORE INTO sales_orders (id,tenant_id,order_number,agent_id,customer_id,order_type,status,subtotal,tax_amount,total_amount,payment_method,payment_status,created_at) VALUES ('order-0180','default-tenant-001','SO-00180','agent-005','cust-089','direct_sale','draft',2101.04,315.16,2416.2,'mobile_money','pending','2025-11-29T10:00:00Z');
INSERT OR IGNORE INTO sales_order_items (id,sales_order_id,product_id,quantity,unit_price,discount_percent,line_total) VALUES ('oi-0180-1','order-0180','prod-027',1,11.16,10,10.04);
INSERT OR IGNORE INTO sales_order_items (id,sales_order_id,product_id,quantity,unit_price,discount_percent,line_total) VALUES ('oi-0180-2','order-0180','prod-011',17,123.0,0,2091.0);
INSERT OR IGNORE INTO sales_orders (id,tenant_id,order_number,agent_id,customer_id,order_type,status,subtotal,tax_amount,total_amount,payment_method,payment_status,created_at) VALUES ('order-0181','default-tenant-001','SO-00181','agent-user-001','cust-067','direct_sale','delivered',5828.96,874.34,6703.3,'mobile_money','paid','2026-01-18T10:00:00Z');
INSERT OR IGNORE INTO sales_order_items (id,sales_order_id,product_id,quantity,unit_price,discount_percent,line_total) VALUES ('oi-0181-1','order-0181','prod-004',14,132.06,0,1848.84);
INSERT OR IGNORE INTO sales_order_items (id,sales_order_id,product_id,quantity,unit_price,discount_percent,line_total) VALUES ('oi-0181-2','order-0181','prod-036',14,163.78,5,2178.27);
INSERT OR IGNORE INTO sales_order_items (id,sales_order_id,product_id,quantity,unit_price,discount_percent,line_total) VALUES ('oi-0181-3','order-0181','prod-026',12,115.99,0,1391.88);
INSERT OR IGNORE INTO sales_order_items (id,sales_order_id,product_id,quantity,unit_price,discount_percent,line_total) VALUES ('oi-0181-4','order-0181','prod-011',3,143.85,5,409.97);
INSERT OR IGNORE INTO sales_orders (id,tenant_id,order_number,agent_id,customer_id,order_type,status,subtotal,tax_amount,total_amount,payment_method,payment_status,created_at) VALUES ('order-0182','default-tenant-001','SO-00182','agent-001','cust-054','direct_sale','draft',4278.79,641.82,4920.61,'card','pending','2026-02-22T10:00:00Z');
INSERT OR IGNORE INTO sales_order_items (id,sales_order_id,product_id,quantity,unit_price,discount_percent,line_total) VALUES ('oi-0182-1','order-0182','prod-009',19,122.19,0,2321.61);
INSERT OR IGNORE INTO sales_order_items (id,sales_order_id,product_id,quantity,unit_price,discount_percent,line_total) VALUES ('oi-0182-2','order-0182','prod-019',18,31.99,0,575.82);
INSERT OR IGNORE INTO sales_order_items (id,sales_order_id,product_id,quantity,unit_price,discount_percent,line_total) VALUES ('oi-0182-3','order-0182','prod-013',18,53.72,0,966.96);
INSERT OR IGNORE INTO sales_order_items (id,sales_order_id,product_id,quantity,unit_price,discount_percent,line_total) VALUES ('oi-0182-4','order-0182','prod-048',10,41.44,0,414.4);
INSERT OR IGNORE INTO sales_orders (id,tenant_id,order_number,agent_id,customer_id,order_type,status,subtotal,tax_amount,total_amount,payment_method,payment_status,created_at) VALUES ('order-0183','default-tenant-001','SO-00183','agent-003','cust-085','direct_sale','draft',4761.509999999999,714.23,5475.74,'mobile_money','pending','2025-12-30T10:00:00Z');
INSERT OR IGNORE INTO sales_order_items (id,sales_order_id,product_id,quantity,unit_price,discount_percent,line_total) VALUES ('oi-0183-1','order-0183','prod-005',13,98.86,0,1285.18);
INSERT OR IGNORE INTO sales_order_items (id,sales_order_id,product_id,quantity,unit_price,discount_percent,line_total) VALUES ('oi-0183-2','order-0183','prod-015',15,135.24,0,2028.6);
INSERT OR IGNORE INTO sales_order_items (id,sales_order_id,product_id,quantity,unit_price,discount_percent,line_total) VALUES ('oi-0183-3','order-0183','prod-001',7,103.05,0,721.35);
INSERT OR IGNORE INTO sales_order_items (id,sales_order_id,product_id,quantity,unit_price,discount_percent,line_total) VALUES ('oi-0183-4','order-0183','prod-024',11,69.51,5,726.38);
INSERT OR IGNORE INTO sales_orders (id,tenant_id,order_number,agent_id,customer_id,order_type,status,subtotal,tax_amount,total_amount,payment_method,payment_status,created_at) VALUES ('order-0184','default-tenant-001','SO-00184','agent-user-001','cust-098','direct_sale','delivered',1804.2,270.63,2074.83,'credit','paid','2025-11-12T10:00:00Z');
INSERT OR IGNORE INTO sales_order_items (id,sales_order_id,product_id,quantity,unit_price,discount_percent,line_total) VALUES ('oi-0184-1','order-0184','prod-012',8,45.66,0,365.28);
INSERT OR IGNORE INTO sales_order_items (id,sales_order_id,product_id,quantity,unit_price,discount_percent,line_total) VALUES ('oi-0184-2','order-0184','prod-007',14,50.9,10,641.34);
INSERT OR IGNORE INTO sales_order_items (id,sales_order_id,product_id,quantity,unit_price,discount_percent,line_total) VALUES ('oi-0184-3','order-0184','prod-005',10,88.62,10,797.58);
INSERT OR IGNORE INTO sales_orders (id,tenant_id,order_number,agent_id,customer_id,order_type,status,subtotal,tax_amount,total_amount,payment_method,payment_status,created_at) VALUES ('order-0185','default-tenant-001','SO-00185','agent-001','cust-050','direct_sale','delivered',2990.95,448.64,3439.59,'cash','paid','2025-10-15T10:00:00Z');
INSERT OR IGNORE INTO sales_order_items (id,sales_order_id,product_id,quantity,unit_price,discount_percent,line_total) VALUES ('oi-0185-1','order-0185','prod-050',17,62.53,0,1063.01);
INSERT OR IGNORE INTO sales_order_items (id,sales_order_id,product_id,quantity,unit_price,discount_percent,line_total) VALUES ('oi-0185-2','order-0185','prod-030',15,142.81,10,1927.94);
INSERT OR IGNORE INTO sales_orders (id,tenant_id,order_number,agent_id,customer_id,order_type,status,subtotal,tax_amount,total_amount,payment_method,payment_status,created_at) VALUES ('order-0186','default-tenant-001','SO-00186','agent-003','cust-095','direct_sale','completed',1161.79,174.27,1336.06,'credit','paid','2025-11-29T10:00:00Z');
INSERT OR IGNORE INTO sales_order_items (id,sales_order_id,product_id,quantity,unit_price,discount_percent,line_total) VALUES ('oi-0186-1','order-0186','prod-036',6,67.33,0,403.98);
INSERT OR IGNORE INTO sales_order_items (id,sales_order_id,product_id,quantity,unit_price,discount_percent,line_total) VALUES ('oi-0186-2','order-0186','prod-012',4,66.11,0,264.44);
INSERT OR IGNORE INTO sales_order_items (id,sales_order_id,product_id,quantity,unit_price,discount_percent,line_total) VALUES ('oi-0186-3','order-0186','prod-041',7,20.16,5,134.06);
INSERT OR IGNORE INTO sales_order_items (id,sales_order_id,product_id,quantity,unit_price,discount_percent,line_total) VALUES ('oi-0186-4','order-0186','prod-030',3,119.77,0,359.31);
INSERT OR IGNORE INTO sales_orders (id,tenant_id,order_number,agent_id,customer_id,order_type,status,subtotal,tax_amount,total_amount,payment_method,payment_status,created_at) VALUES ('order-0187','default-tenant-001','SO-00187','agent-005','cust-046','direct_sale','draft',5531.84,829.78,6361.62,'card','pending','2025-12-02T10:00:00Z');
INSERT OR IGNORE INTO sales_order_items (id,sales_order_id,product_id,quantity,unit_price,discount_percent,line_total) VALUES ('oi-0187-1','order-0187','prod-037',15,121.83,0,1827.45);
INSERT OR IGNORE INTO sales_order_items (id,sales_order_id,product_id,quantity,unit_price,discount_percent,line_total) VALUES ('oi-0187-2','order-0187','prod-023',16,110.09,0,1761.44);
INSERT OR IGNORE INTO sales_order_items (id,sales_order_id,product_id,quantity,unit_price,discount_percent,line_total) VALUES ('oi-0187-3','order-0187','prod-023',11,97.75,5,1021.49);
INSERT OR IGNORE INTO sales_order_items (id,sales_order_id,product_id,quantity,unit_price,discount_percent,line_total) VALUES ('oi-0187-4','order-0187','prod-029',12,35.86,10,387.29);
INSERT OR IGNORE INTO sales_order_items (id,sales_order_id,product_id,quantity,unit_price,discount_percent,line_total) VALUES ('oi-0187-5','order-0187','prod-046',13,41.09,0,534.17);
INSERT OR IGNORE INTO sales_orders (id,tenant_id,order_number,agent_id,customer_id,order_type,status,subtotal,tax_amount,total_amount,payment_method,payment_status,created_at) VALUES ('order-0188','default-tenant-001','SO-00188','agent-003','cust-083','direct_sale','completed',1253.52,188.03,1441.55,'credit','paid','2025-12-14T10:00:00Z');
INSERT OR IGNORE INTO sales_order_items (id,sales_order_id,product_id,quantity,unit_price,discount_percent,line_total) VALUES ('oi-0188-1','order-0188','prod-049',8,80.9,5,614.84);
INSERT OR IGNORE INTO sales_order_items (id,sales_order_id,product_id,quantity,unit_price,discount_percent,line_total) VALUES ('oi-0188-2','order-0188','prod-001',4,159.67,0,638.68);
INSERT OR IGNORE INTO sales_orders (id,tenant_id,order_number,agent_id,customer_id,order_type,status,subtotal,tax_amount,total_amount,payment_method,payment_status,created_at) VALUES ('order-0189','default-tenant-001','SO-00189','agent-user-001','cust-085','direct_sale','completed',3087.71,463.16,3550.87,'cash','paid','2026-02-04T10:00:00Z');
INSERT OR IGNORE INTO sales_order_items (id,sales_order_id,product_id,quantity,unit_price,discount_percent,line_total) VALUES ('oi-0189-1','order-0189','prod-037',2,141.15,0,282.3);
INSERT OR IGNORE INTO sales_order_items (id,sales_order_id,product_id,quantity,unit_price,discount_percent,line_total) VALUES ('oi-0189-2','order-0189','prod-011',1,30.95,0,30.95);
INSERT OR IGNORE INTO sales_order_items (id,sales_order_id,product_id,quantity,unit_price,discount_percent,line_total) VALUES ('oi-0189-3','order-0189','prod-027',17,155.57,0,2644.69);
INSERT OR IGNORE INTO sales_order_items (id,sales_order_id,product_id,quantity,unit_price,discount_percent,line_total) VALUES ('oi-0189-4','order-0189','prod-046',4,34.15,5,129.77);
INSERT OR IGNORE INTO sales_orders (id,tenant_id,order_number,agent_id,customer_id,order_type,status,subtotal,tax_amount,total_amount,payment_method,payment_status,created_at) VALUES ('order-0190','default-tenant-001','SO-00190','agent-005','cust-079','direct_sale','pending',4954.08,743.11,5697.19,'cash','pending','2025-11-13T10:00:00Z');
INSERT OR IGNORE INTO sales_order_items (id,sales_order_id,product_id,quantity,unit_price,discount_percent,line_total) VALUES ('oi-0190-1','order-0190','prod-043',6,108.2,0,649.2);
INSERT OR IGNORE INTO sales_order_items (id,sales_order_id,product_id,quantity,unit_price,discount_percent,line_total) VALUES ('oi-0190-2','order-0190','prod-039',20,166.76,0,3335.2);
INSERT OR IGNORE INTO sales_order_items (id,sales_order_id,product_id,quantity,unit_price,discount_percent,line_total) VALUES ('oi-0190-3','order-0190','prod-026',12,85.06,5,969.68);
INSERT OR IGNORE INTO sales_orders (id,tenant_id,order_number,agent_id,customer_id,order_type,status,subtotal,tax_amount,total_amount,payment_method,payment_status,created_at) VALUES ('order-0191','default-tenant-001','SO-00191','agent-003','cust-084','direct_sale','delivered',4424.68,663.7,5088.38,'cash','paid','2025-10-01T10:00:00Z');
INSERT OR IGNORE INTO sales_order_items (id,sales_order_id,product_id,quantity,unit_price,discount_percent,line_total) VALUES ('oi-0191-1','order-0191','prod-044',14,51.34,10,646.88);
INSERT OR IGNORE INTO sales_order_items (id,sales_order_id,product_id,quantity,unit_price,discount_percent,line_total) VALUES ('oi-0191-2','order-0191','prod-023',2,42.28,0,84.56);
INSERT OR IGNORE INTO sales_order_items (id,sales_order_id,product_id,quantity,unit_price,discount_percent,line_total) VALUES ('oi-0191-3','order-0191','prod-005',15,49.43,5,704.38);
INSERT OR IGNORE INTO sales_order_items (id,sales_order_id,product_id,quantity,unit_price,discount_percent,line_total) VALUES ('oi-0191-4','order-0191','prod-017',20,140.98,0,2819.6);
INSERT OR IGNORE INTO sales_order_items (id,sales_order_id,product_id,quantity,unit_price,discount_percent,line_total) VALUES ('oi-0191-5','order-0191','prod-018',7,24.18,0,169.26);
INSERT OR IGNORE INTO sales_orders (id,tenant_id,order_number,agent_id,customer_id,order_type,status,subtotal,tax_amount,total_amount,payment_method,payment_status,created_at) VALUES ('order-0192','default-tenant-001','SO-00192','agent-003','cust-002','direct_sale','completed',2799.7400000000002,419.96,3219.7,'credit','paid','2025-10-12T10:00:00Z');
INSERT OR IGNORE INTO sales_order_items (id,sales_order_id,product_id,quantity,unit_price,discount_percent,line_total) VALUES ('oi-0192-1','order-0192','prod-012',7,63.59,0,445.13);
INSERT OR IGNORE INTO sales_order_items (id,sales_order_id,product_id,quantity,unit_price,discount_percent,line_total) VALUES ('oi-0192-2','order-0192','prod-016',9,125.98,5,1077.13);
INSERT OR IGNORE INTO sales_order_items (id,sales_order_id,product_id,quantity,unit_price,discount_percent,line_total) VALUES ('oi-0192-3','order-0192','prod-050',8,77.57,0,620.56);
INSERT OR IGNORE INTO sales_order_items (id,sales_order_id,product_id,quantity,unit_price,discount_percent,line_total) VALUES ('oi-0192-4','order-0192','prod-002',2,173.03,0,346.06);
INSERT OR IGNORE INTO sales_order_items (id,sales_order_id,product_id,quantity,unit_price,discount_percent,line_total) VALUES ('oi-0192-5','order-0192','prod-016',2,155.43,0,310.86);
INSERT OR IGNORE INTO sales_orders (id,tenant_id,order_number,agent_id,customer_id,order_type,status,subtotal,tax_amount,total_amount,payment_method,payment_status,created_at) VALUES ('order-0193','default-tenant-001','SO-00193','agent-005','cust-062','direct_sale','pending',1441.08,216.16,1657.24,'card','pending','2026-01-16T10:00:00Z');
INSERT OR IGNORE INTO sales_order_items (id,sales_order_id,product_id,quantity,unit_price,discount_percent,line_total) VALUES ('oi-0193-1','order-0193','prod-005',18,65.03,10,1053.49);
INSERT OR IGNORE INTO sales_order_items (id,sales_order_id,product_id,quantity,unit_price,discount_percent,line_total) VALUES ('oi-0193-2','order-0193','prod-048',3,143.55,10,387.59);
INSERT OR IGNORE INTO sales_orders (id,tenant_id,order_number,agent_id,customer_id,order_type,status,subtotal,tax_amount,total_amount,payment_method,payment_status,created_at) VALUES ('order-0194','default-tenant-001','SO-00194','agent-005','cust-067','direct_sale','delivered',5563.54,834.53,6398.07,'mobile_money','paid','2025-10-10T10:00:00Z');
INSERT OR IGNORE INTO sales_order_items (id,sales_order_id,product_id,quantity,unit_price,discount_percent,line_total) VALUES ('oi-0194-1','order-0194','prod-047',20,134.18,10,2415.24);
INSERT OR IGNORE INTO sales_order_items (id,sales_order_id,product_id,quantity,unit_price,discount_percent,line_total) VALUES ('oi-0194-2','order-0194','prod-023',7,95.33,10,600.58);
INSERT OR IGNORE INTO sales_order_items (id,sales_order_id,product_id,quantity,unit_price,discount_percent,line_total) VALUES ('oi-0194-3','order-0194','prod-031',13,30.23,0,392.99);
INSERT OR IGNORE INTO sales_order_items (id,sales_order_id,product_id,quantity,unit_price,discount_percent,line_total) VALUES ('oi-0194-4','order-0194','prod-014',3,135.24,0,405.72);
INSERT OR IGNORE INTO sales_order_items (id,sales_order_id,product_id,quantity,unit_price,discount_percent,line_total) VALUES ('oi-0194-5','order-0194','prod-002',13,141.62,5,1749.01);
INSERT OR IGNORE INTO sales_orders (id,tenant_id,order_number,agent_id,customer_id,order_type,status,subtotal,tax_amount,total_amount,payment_method,payment_status,created_at) VALUES ('order-0195','default-tenant-001','SO-00195','agent-004','cust-010','direct_sale','draft',5777.87,866.68,6644.55,'card','pending','2025-11-07T10:00:00Z');
INSERT OR IGNORE INTO sales_order_items (id,sales_order_id,product_id,quantity,unit_price,discount_percent,line_total) VALUES ('oi-0195-1','order-0195','prod-002',20,132.4,0,2648.0);
INSERT OR IGNORE INTO sales_order_items (id,sales_order_id,product_id,quantity,unit_price,discount_percent,line_total) VALUES ('oi-0195-2','order-0195','prod-012',10,123.26,5,1170.97);
INSERT OR IGNORE INTO sales_order_items (id,sales_order_id,product_id,quantity,unit_price,discount_percent,line_total) VALUES ('oi-0195-3','order-0195','prod-045',13,52.47,5,648.0);
INSERT OR IGNORE INTO sales_order_items (id,sales_order_id,product_id,quantity,unit_price,discount_percent,line_total) VALUES ('oi-0195-4','order-0195','prod-012',4,17.22,5,65.44);
INSERT OR IGNORE INTO sales_order_items (id,sales_order_id,product_id,quantity,unit_price,discount_percent,line_total) VALUES ('oi-0195-5','order-0195','prod-018',18,76.88,10,1245.46);
INSERT OR IGNORE INTO sales_orders (id,tenant_id,order_number,agent_id,customer_id,order_type,status,subtotal,tax_amount,total_amount,payment_method,payment_status,created_at) VALUES ('order-0196','default-tenant-001','SO-00196','agent-user-001','cust-073','direct_sale','delivered',7555.42,1133.31,8688.73,'credit','paid','2025-11-28T10:00:00Z');
INSERT OR IGNORE INTO sales_order_items (id,sales_order_id,product_id,quantity,unit_price,discount_percent,line_total) VALUES ('oi-0196-1','order-0196','prod-019',19,93.97,0,1785.43);
INSERT OR IGNORE INTO sales_order_items (id,sales_order_id,product_id,quantity,unit_price,discount_percent,line_total) VALUES ('oi-0196-2','order-0196','prod-008',13,174.41,0,2267.33);
INSERT OR IGNORE INTO sales_order_items (id,sales_order_id,product_id,quantity,unit_price,discount_percent,line_total) VALUES ('oi-0196-3','order-0196','prod-048',10,164.43,0,1644.3);
INSERT OR IGNORE INTO sales_order_items (id,sales_order_id,product_id,quantity,unit_price,discount_percent,line_total) VALUES ('oi-0196-4','order-0196','prod-012',14,132.74,0,1858.36);
INSERT OR IGNORE INTO sales_orders (id,tenant_id,order_number,agent_id,customer_id,order_type,status,subtotal,tax_amount,total_amount,payment_method,payment_status,created_at) VALUES ('order-0197','default-tenant-001','SO-00197','agent-001','cust-028','direct_sale','pending',3206.2799999999997,480.94,3687.22,'cash','pending','2026-01-22T10:00:00Z');
INSERT OR IGNORE INTO sales_order_items (id,sales_order_id,product_id,quantity,unit_price,discount_percent,line_total) VALUES ('oi-0197-1','order-0197','prod-050',13,59.16,0,769.08);
INSERT OR IGNORE INTO sales_order_items (id,sales_order_id,product_id,quantity,unit_price,discount_percent,line_total) VALUES ('oi-0197-2','order-0197','prod-042',18,135.4,0,2437.2);
INSERT OR IGNORE INTO sales_orders (id,tenant_id,order_number,agent_id,customer_id,order_type,status,subtotal,tax_amount,total_amount,payment_method,payment_status,created_at) VALUES ('order-0198','default-tenant-001','SO-00198','agent-001','cust-060','direct_sale','delivered',2381.52,357.23,2738.75,'mobile_money','paid','2026-02-02T10:00:00Z');
INSERT OR IGNORE INTO sales_order_items (id,sales_order_id,product_id,quantity,unit_price,discount_percent,line_total) VALUES ('oi-0198-1','order-0198','prod-046',12,139.35,0,1672.2);
INSERT OR IGNORE INTO sales_order_items (id,sales_order_id,product_id,quantity,unit_price,discount_percent,line_total) VALUES ('oi-0198-2','order-0198','prod-021',6,118.22,0,709.32);
INSERT OR IGNORE INTO sales_orders (id,tenant_id,order_number,agent_id,customer_id,order_type,status,subtotal,tax_amount,total_amount,payment_method,payment_status,created_at) VALUES ('order-0199','default-tenant-001','SO-00199','agent-003','cust-044','direct_sale','completed',3920.55,588.08,4508.63,'cash','paid','2026-03-04T10:00:00Z');
INSERT OR IGNORE INTO sales_order_items (id,sales_order_id,product_id,quantity,unit_price,discount_percent,line_total) VALUES ('oi-0199-1','order-0199','prod-007',15,138.98,10,1876.23);
INSERT OR IGNORE INTO sales_order_items (id,sales_order_id,product_id,quantity,unit_price,discount_percent,line_total) VALUES ('oi-0199-2','order-0199','prod-037',4,28.23,0,112.92);
INSERT OR IGNORE INTO sales_order_items (id,sales_order_id,product_id,quantity,unit_price,discount_percent,line_total) VALUES ('oi-0199-3','order-0199','prod-046',12,160.95,0,1931.4);
INSERT OR IGNORE INTO sales_orders (id,tenant_id,order_number,agent_id,customer_id,order_type,status,subtotal,tax_amount,total_amount,payment_method,payment_status,created_at) VALUES ('order-0200','default-tenant-001','SO-00200','agent-001','cust-048','direct_sale','completed',5558.42,833.76,6392.18,'credit','paid','2025-11-13T10:00:00Z');
INSERT OR IGNORE INTO sales_order_items (id,sales_order_id,product_id,quantity,unit_price,discount_percent,line_total) VALUES ('oi-0200-1','order-0200','prod-031',3,63.79,10,172.23);
INSERT OR IGNORE INTO sales_order_items (id,sales_order_id,product_id,quantity,unit_price,discount_percent,line_total) VALUES ('oi-0200-2','order-0200','prod-034',13,110.63,5,1366.28);
INSERT OR IGNORE INTO sales_order_items (id,sales_order_id,product_id,quantity,unit_price,discount_percent,line_total) VALUES ('oi-0200-3','order-0200','prod-021',12,166.81,0,2001.72);
INSERT OR IGNORE INTO sales_order_items (id,sales_order_id,product_id,quantity,unit_price,discount_percent,line_total) VALUES ('oi-0200-4','order-0200','prod-021',8,130.93,10,942.7);
INSERT OR IGNORE INTO sales_order_items (id,sales_order_id,product_id,quantity,unit_price,discount_percent,line_total) VALUES ('oi-0200-5','order-0200','prod-006',13,82.73,0,1075.49);
INSERT OR IGNORE INTO sales_orders (id,tenant_id,order_number,agent_id,customer_id,order_type,status,subtotal,tax_amount,total_amount,payment_method,payment_status,created_at) VALUES ('order-0201','default-tenant-001','SO-00201','agent-004','cust-054','direct_sale','completed',2726.71,409.01,3135.72,'credit','paid','2025-11-17T10:00:00Z');
INSERT OR IGNORE INTO sales_order_items (id,sales_order_id,product_id,quantity,unit_price,discount_percent,line_total) VALUES ('oi-0201-1','order-0201','prod-017',14,116.56,0,1631.84);
INSERT OR IGNORE INTO sales_order_items (id,sales_order_id,product_id,quantity,unit_price,discount_percent,line_total) VALUES ('oi-0201-2','order-0201','prod-034',7,146.28,0,1023.96);
INSERT OR IGNORE INTO sales_order_items (id,sales_order_id,product_id,quantity,unit_price,discount_percent,line_total) VALUES ('oi-0201-3','order-0201','prod-010',3,24.88,5,70.91);
INSERT OR IGNORE INTO sales_orders (id,tenant_id,order_number,agent_id,customer_id,order_type,status,subtotal,tax_amount,total_amount,payment_method,payment_status,created_at) VALUES ('order-0202','default-tenant-001','SO-00202','agent-003','cust-095','direct_sale','completed',2967.2400000000002,445.09,3412.33,'credit','paid','2025-10-13T10:00:00Z');
INSERT OR IGNORE INTO sales_order_items (id,sales_order_id,product_id,quantity,unit_price,discount_percent,line_total) VALUES ('oi-0202-1','order-0202','prod-042',5,89.84,0,449.2);
INSERT OR IGNORE INTO sales_order_items (id,sales_order_id,product_id,quantity,unit_price,discount_percent,line_total) VALUES ('oi-0202-2','order-0202','prod-004',19,79.0,10,1350.9);
INSERT OR IGNORE INTO sales_order_items (id,sales_order_id,product_id,quantity,unit_price,discount_percent,line_total) VALUES ('oi-0202-3','order-0202','prod-013',13,89.78,0,1167.14);
INSERT OR IGNORE INTO sales_orders (id,tenant_id,order_number,agent_id,customer_id,order_type,status,subtotal,tax_amount,total_amount,payment_method,payment_status,created_at) VALUES ('order-0203','default-tenant-001','SO-00203','agent-003','cust-080','direct_sale','delivered',6588.56,988.28,7576.84,'cash','paid','2025-11-25T10:00:00Z');
INSERT OR IGNORE INTO sales_order_items (id,sales_order_id,product_id,quantity,unit_price,discount_percent,line_total) VALUES ('oi-0203-1','order-0203','prod-041',17,101.4,0,1723.8);
INSERT OR IGNORE INTO sales_order_items (id,sales_order_id,product_id,quantity,unit_price,discount_percent,line_total) VALUES ('oi-0203-2','order-0203','prod-042',15,69.6,10,939.6);
INSERT OR IGNORE INTO sales_order_items (id,sales_order_id,product_id,quantity,unit_price,discount_percent,line_total) VALUES ('oi-0203-3','order-0203','prod-010',3,177.19,10,478.41);
INSERT OR IGNORE INTO sales_order_items (id,sales_order_id,product_id,quantity,unit_price,discount_percent,line_total) VALUES ('oi-0203-4','order-0203','prod-001',6,90.4,0,542.4);
INSERT OR IGNORE INTO sales_order_items (id,sales_order_id,product_id,quantity,unit_price,discount_percent,line_total) VALUES ('oi-0203-5','order-0203','prod-007',13,170.46,0,2215.98);
INSERT OR IGNORE INTO sales_order_items (id,sales_order_id,product_id,quantity,unit_price,discount_percent,line_total) VALUES ('oi-0203-6','order-0203','prod-034',20,36.23,5,688.37);
INSERT OR IGNORE INTO sales_orders (id,tenant_id,order_number,agent_id,customer_id,order_type,status,subtotal,tax_amount,total_amount,payment_method,payment_status,created_at) VALUES ('order-0204','default-tenant-001','SO-00204','agent-002','cust-012','direct_sale','delivered',5475.740000000002,821.36,6297.1,'mobile_money','paid','2026-01-02T10:00:00Z');
INSERT OR IGNORE INTO sales_order_items (id,sales_order_id,product_id,quantity,unit_price,discount_percent,line_total) VALUES ('oi-0204-1','order-0204','prod-016',19,16.94,0,321.86);
INSERT OR IGNORE INTO sales_order_items (id,sales_order_id,product_id,quantity,unit_price,discount_percent,line_total) VALUES ('oi-0204-2','order-0204','prod-040',15,139.9,0,2098.5);
INSERT OR IGNORE INTO sales_order_items (id,sales_order_id,product_id,quantity,unit_price,discount_percent,line_total) VALUES ('oi-0204-3','order-0204','prod-043',14,87.17,5,1159.36);
INSERT OR IGNORE INTO sales_order_items (id,sales_order_id,product_id,quantity,unit_price,discount_percent,line_total) VALUES ('oi-0204-4','order-0204','prod-025',13,75.81,10,886.98);
INSERT OR IGNORE INTO sales_order_items (id,sales_order_id,product_id,quantity,unit_price,discount_percent,line_total) VALUES ('oi-0204-5','order-0204','prod-043',8,102.68,0,821.44);
INSERT OR IGNORE INTO sales_order_items (id,sales_order_id,product_id,quantity,unit_price,discount_percent,line_total) VALUES ('oi-0204-6','order-0204','prod-044',3,69.48,10,187.6);
INSERT OR IGNORE INTO sales_orders (id,tenant_id,order_number,agent_id,customer_id,order_type,status,subtotal,tax_amount,total_amount,payment_method,payment_status,created_at) VALUES ('order-0205','default-tenant-001','SO-00205','agent-user-001','cust-097','direct_sale','completed',7167.209999999999,1075.08,8242.29,'cash','paid','2026-02-16T10:00:00Z');
INSERT OR IGNORE INTO sales_order_items (id,sales_order_id,product_id,quantity,unit_price,discount_percent,line_total) VALUES ('oi-0205-1','order-0205','prod-031',14,73.29,10,923.45);
INSERT OR IGNORE INTO sales_order_items (id,sales_order_id,product_id,quantity,unit_price,discount_percent,line_total) VALUES ('oi-0205-2','order-0205','prod-010',14,27.92,0,390.88);
INSERT OR IGNORE INTO sales_order_items (id,sales_order_id,product_id,quantity,unit_price,discount_percent,line_total) VALUES ('oi-0205-3','order-0205','prod-036',11,86.64,5,905.39);
INSERT OR IGNORE INTO sales_order_items (id,sales_order_id,product_id,quantity,unit_price,discount_percent,line_total) VALUES ('oi-0205-4','order-0205','prod-044',8,177.7,0,1421.6);
INSERT OR IGNORE INTO sales_order_items (id,sales_order_id,product_id,quantity,unit_price,discount_percent,line_total) VALUES ('oi-0205-5','order-0205','prod-017',7,149.98,5,997.37);
INSERT OR IGNORE INTO sales_order_items (id,sales_order_id,product_id,quantity,unit_price,discount_percent,line_total) VALUES ('oi-0205-6','order-0205','prod-027',19,133.08,0,2528.52);
INSERT OR IGNORE INTO sales_orders (id,tenant_id,order_number,agent_id,customer_id,order_type,status,subtotal,tax_amount,total_amount,payment_method,payment_status,created_at) VALUES ('order-0206','default-tenant-001','SO-00206','agent-005','cust-004','direct_sale','pending',5197.63,779.64,5977.27,'cash','pending','2026-01-04T10:00:00Z');
INSERT OR IGNORE INTO sales_order_items (id,sales_order_id,product_id,quantity,unit_price,discount_percent,line_total) VALUES ('oi-0206-1','order-0206','prod-017',9,65.58,10,531.2);
INSERT OR IGNORE INTO sales_order_items (id,sales_order_id,product_id,quantity,unit_price,discount_percent,line_total) VALUES ('oi-0206-2','order-0206','prod-001',20,71.66,0,1433.2);
INSERT OR IGNORE INTO sales_order_items (id,sales_order_id,product_id,quantity,unit_price,discount_percent,line_total) VALUES ('oi-0206-3','order-0206','prod-035',19,170.17,0,3233.23);
INSERT OR IGNORE INTO sales_orders (id,tenant_id,order_number,agent_id,customer_id,order_type,status,subtotal,tax_amount,total_amount,payment_method,payment_status,created_at) VALUES ('order-0207','default-tenant-001','SO-00207','agent-005','cust-076','direct_sale','delivered',626.96,94.04,721.0,'mobile_money','paid','2025-11-02T10:00:00Z');
INSERT OR IGNORE INTO sales_order_items (id,sales_order_id,product_id,quantity,unit_price,discount_percent,line_total) VALUES ('oi-0207-1','order-0207','prod-006',7,71.06,10,447.68);
INSERT OR IGNORE INTO sales_order_items (id,sales_order_id,product_id,quantity,unit_price,discount_percent,line_total) VALUES ('oi-0207-2','order-0207','prod-033',4,49.8,10,179.28);
INSERT OR IGNORE INTO sales_orders (id,tenant_id,order_number,agent_id,customer_id,order_type,status,subtotal,tax_amount,total_amount,payment_method,payment_status,created_at) VALUES ('order-0208','default-tenant-001','SO-00208','agent-001','cust-056','direct_sale','completed',2444.94,366.74,2811.68,'credit','paid','2025-11-11T10:00:00Z');
INSERT OR IGNORE INTO sales_order_items (id,sales_order_id,product_id,quantity,unit_price,discount_percent,line_total) VALUES ('oi-0208-1','order-0208','prod-016',10,131.56,10,1184.04);
INSERT OR IGNORE INTO sales_order_items (id,sales_order_id,product_id,quantity,unit_price,discount_percent,line_total) VALUES ('oi-0208-2','order-0208','prod-031',7,25.47,5,169.38);
INSERT OR IGNORE INTO sales_order_items (id,sales_order_id,product_id,quantity,unit_price,discount_percent,line_total) VALUES ('oi-0208-3','order-0208','prod-031',16,75.8,10,1091.52);
INSERT OR IGNORE INTO sales_orders (id,tenant_id,order_number,agent_id,customer_id,order_type,status,subtotal,tax_amount,total_amount,payment_method,payment_status,created_at) VALUES ('order-0209','default-tenant-001','SO-00209','agent-user-001','cust-047','direct_sale','completed',9917.189999999999,1487.58,11404.77,'cash','paid','2026-03-04T10:00:00Z');
INSERT OR IGNORE INTO sales_order_items (id,sales_order_id,product_id,quantity,unit_price,discount_percent,line_total) VALUES ('oi-0209-1','order-0209','prod-017',17,96.86,0,1646.62);
INSERT OR IGNORE INTO sales_order_items (id,sales_order_id,product_id,quantity,unit_price,discount_percent,line_total) VALUES ('oi-0209-2','order-0209','prod-002',15,49.81,0,747.15);
INSERT OR IGNORE INTO sales_order_items (id,sales_order_id,product_id,quantity,unit_price,discount_percent,line_total) VALUES ('oi-0209-3','order-0209','prod-033',13,135.07,0,1755.91);
INSERT OR IGNORE INTO sales_order_items (id,sales_order_id,product_id,quantity,unit_price,discount_percent,line_total) VALUES ('oi-0209-4','order-0209','prod-027',18,162.02,10,2624.72);
INSERT OR IGNORE INTO sales_order_items (id,sales_order_id,product_id,quantity,unit_price,discount_percent,line_total) VALUES ('oi-0209-5','order-0209','prod-044',19,165.41,0,3142.79);
INSERT OR IGNORE INTO sales_orders (id,tenant_id,order_number,agent_id,customer_id,order_type,status,subtotal,tax_amount,total_amount,payment_method,payment_status,created_at) VALUES ('order-0210','default-tenant-001','SO-00210','agent-002','cust-060','direct_sale','pending',1208.8999999999999,181.33,1390.23,'card','pending','2026-02-04T10:00:00Z');
INSERT OR IGNORE INTO sales_order_items (id,sales_order_id,product_id,quantity,unit_price,discount_percent,line_total) VALUES ('oi-0210-1','order-0210','prod-046',10,64.64,0,646.4);
INSERT OR IGNORE INTO sales_order_items (id,sales_order_id,product_id,quantity,unit_price,discount_percent,line_total) VALUES ('oi-0210-2','order-0210','prod-035',7,16.7,0,116.9);
INSERT OR IGNORE INTO sales_order_items (id,sales_order_id,product_id,quantity,unit_price,discount_percent,line_total) VALUES ('oi-0210-3','order-0210','prod-041',7,52.05,5,346.13);
INSERT OR IGNORE INTO sales_order_items (id,sales_order_id,product_id,quantity,unit_price,discount_percent,line_total) VALUES ('oi-0210-4','order-0210','prod-043',7,14.21,0,99.47);
INSERT OR IGNORE INTO sales_orders (id,tenant_id,order_number,agent_id,customer_id,order_type,status,subtotal,tax_amount,total_amount,payment_method,payment_status,created_at) VALUES ('order-0211','default-tenant-001','SO-00211','agent-001','cust-049','direct_sale','completed',5836.2,875.43,6711.63,'cash','paid','2025-10-27T10:00:00Z');
INSERT OR IGNORE INTO sales_order_items (id,sales_order_id,product_id,quantity,unit_price,discount_percent,line_total) VALUES ('oi-0211-1','order-0211','prod-042',5,125.7,0,628.5);
INSERT OR IGNORE INTO sales_order_items (id,sales_order_id,product_id,quantity,unit_price,discount_percent,line_total) VALUES ('oi-0211-2','order-0211','prod-001',8,12.63,5,95.99);
INSERT OR IGNORE INTO sales_order_items (id,sales_order_id,product_id,quantity,unit_price,discount_percent,line_total) VALUES ('oi-0211-3','order-0211','prod-041',14,98.92,0,1384.88);
INSERT OR IGNORE INTO sales_order_items (id,sales_order_id,product_id,quantity,unit_price,discount_percent,line_total) VALUES ('oi-0211-4','order-0211','prod-035',17,47.25,0,803.25);
INSERT OR IGNORE INTO sales_order_items (id,sales_order_id,product_id,quantity,unit_price,discount_percent,line_total) VALUES ('oi-0211-5','order-0211','prod-024',15,119.95,5,1709.29);
INSERT OR IGNORE INTO sales_order_items (id,sales_order_id,product_id,quantity,unit_price,discount_percent,line_total) VALUES ('oi-0211-6','order-0211','prod-008',14,91.3,5,1214.29);
INSERT OR IGNORE INTO sales_orders (id,tenant_id,order_number,agent_id,customer_id,order_type,status,subtotal,tax_amount,total_amount,payment_method,payment_status,created_at) VALUES ('order-0212','default-tenant-001','SO-00212','agent-004','cust-037','direct_sale','completed',8525.66,1278.85,9804.51,'card','paid','2026-02-16T10:00:00Z');
INSERT OR IGNORE INTO sales_order_items (id,sales_order_id,product_id,quantity,unit_price,discount_percent,line_total) VALUES ('oi-0212-1','order-0212','prod-011',10,80.0,0,800.0);
INSERT OR IGNORE INTO sales_order_items (id,sales_order_id,product_id,quantity,unit_price,discount_percent,line_total) VALUES ('oi-0212-2','order-0212','prod-036',19,177.93,0,3380.67);
INSERT OR IGNORE INTO sales_order_items (id,sales_order_id,product_id,quantity,unit_price,discount_percent,line_total) VALUES ('oi-0212-3','order-0212','prod-020',20,177.66,10,3197.88);
INSERT OR IGNORE INTO sales_order_items (id,sales_order_id,product_id,quantity,unit_price,discount_percent,line_total) VALUES ('oi-0212-4','order-0212','prod-036',11,115.87,10,1147.11);
INSERT OR IGNORE INTO sales_orders (id,tenant_id,order_number,agent_id,customer_id,order_type,status,subtotal,tax_amount,total_amount,payment_method,payment_status,created_at) VALUES ('order-0213','default-tenant-001','SO-00213','agent-004','cust-097','direct_sale','pending',6803.9800000000005,1020.6,7824.58,'mobile_money','pending','2025-12-02T10:00:00Z');
INSERT OR IGNORE INTO sales_order_items (id,sales_order_id,product_id,quantity,unit_price,discount_percent,line_total) VALUES ('oi-0213-1','order-0213','prod-026',17,178.12,0,3028.04);
INSERT OR IGNORE INTO sales_order_items (id,sales_order_id,product_id,quantity,unit_price,discount_percent,line_total) VALUES ('oi-0213-2','order-0213','prod-034',15,167.25,0,2508.75);
INSERT OR IGNORE INTO sales_order_items (id,sales_order_id,product_id,quantity,unit_price,discount_percent,line_total) VALUES ('oi-0213-3','order-0213','prod-032',6,76.78,0,460.68);
INSERT OR IGNORE INTO sales_order_items (id,sales_order_id,product_id,quantity,unit_price,discount_percent,line_total) VALUES ('oi-0213-4','order-0213','prod-008',9,78.01,5,666.99);
INSERT OR IGNORE INTO sales_order_items (id,sales_order_id,product_id,quantity,unit_price,discount_percent,line_total) VALUES ('oi-0213-5','order-0213','prod-008',4,34.88,0,139.52);
INSERT OR IGNORE INTO sales_orders (id,tenant_id,order_number,agent_id,customer_id,order_type,status,subtotal,tax_amount,total_amount,payment_method,payment_status,created_at) VALUES ('order-0214','default-tenant-001','SO-00214','agent-003','cust-021','direct_sale','completed',2214.69,332.2,2546.89,'card','paid','2025-10-08T10:00:00Z');
INSERT OR IGNORE INTO sales_order_items (id,sales_order_id,product_id,quantity,unit_price,discount_percent,line_total) VALUES ('oi-0214-1','order-0214','prod-032',4,135.98,0,543.92);
INSERT OR IGNORE INTO sales_order_items (id,sales_order_id,product_id,quantity,unit_price,discount_percent,line_total) VALUES ('oi-0214-2','order-0214','prod-036',17,95.65,5,1544.75);
INSERT OR IGNORE INTO sales_order_items (id,sales_order_id,product_id,quantity,unit_price,discount_percent,line_total) VALUES ('oi-0214-3','order-0214','prod-023',1,126.02,0,126.02);
INSERT OR IGNORE INTO sales_orders (id,tenant_id,order_number,agent_id,customer_id,order_type,status,subtotal,tax_amount,total_amount,payment_method,payment_status,created_at) VALUES ('order-0215','default-tenant-001','SO-00215','agent-005','cust-055','direct_sale','delivered',5691.41,853.71,6545.12,'card','paid','2025-10-29T10:00:00Z');
INSERT OR IGNORE INTO sales_order_items (id,sales_order_id,product_id,quantity,unit_price,discount_percent,line_total) VALUES ('oi-0215-1','order-0215','prod-010',9,71.45,10,578.75);
INSERT OR IGNORE INTO sales_order_items (id,sales_order_id,product_id,quantity,unit_price,discount_percent,line_total) VALUES ('oi-0215-2','order-0215','prod-008',18,163.91,0,2950.38);
INSERT OR IGNORE INTO sales_order_items (id,sales_order_id,product_id,quantity,unit_price,discount_percent,line_total) VALUES ('oi-0215-3','order-0215','prod-026',3,166.62,10,449.87);
INSERT OR IGNORE INTO sales_order_items (id,sales_order_id,product_id,quantity,unit_price,discount_percent,line_total) VALUES ('oi-0215-4','order-0215','prod-032',9,105.29,0,947.61);
INSERT OR IGNORE INTO sales_order_items (id,sales_order_id,product_id,quantity,unit_price,discount_percent,line_total) VALUES ('oi-0215-5','order-0215','prod-034',15,53.67,5,764.8);
INSERT OR IGNORE INTO sales_orders (id,tenant_id,order_number,agent_id,customer_id,order_type,status,subtotal,tax_amount,total_amount,payment_method,payment_status,created_at) VALUES ('order-0216','default-tenant-001','SO-00216','agent-005','cust-099','direct_sale','completed',2564.04,384.61,2948.65,'mobile_money','paid','2026-03-10T10:00:00Z');
INSERT OR IGNORE INTO sales_order_items (id,sales_order_id,product_id,quantity,unit_price,discount_percent,line_total) VALUES ('oi-0216-1','order-0216','prod-012',18,56.13,0,1010.34);
INSERT OR IGNORE INTO sales_order_items (id,sales_order_id,product_id,quantity,unit_price,discount_percent,line_total) VALUES ('oi-0216-2','order-0216','prod-031',15,103.58,0,1553.7);
INSERT OR IGNORE INTO sales_orders (id,tenant_id,order_number,agent_id,customer_id,order_type,status,subtotal,tax_amount,total_amount,payment_method,payment_status,created_at) VALUES ('order-0217','default-tenant-001','SO-00217','agent-001','cust-060','direct_sale','draft',3240.74,486.11,3726.85,'card','pending','2025-11-01T10:00:00Z');
INSERT OR IGNORE INTO sales_order_items (id,sales_order_id,product_id,quantity,unit_price,discount_percent,line_total) VALUES ('oi-0217-1','order-0217','prod-047',3,53.84,10,145.37);
INSERT OR IGNORE INTO sales_order_items (id,sales_order_id,product_id,quantity,unit_price,discount_percent,line_total) VALUES ('oi-0217-2','order-0217','prod-045',11,146.62,0,1612.82);
INSERT OR IGNORE INTO sales_order_items (id,sales_order_id,product_id,quantity,unit_price,discount_percent,line_total) VALUES ('oi-0217-3','order-0217','prod-049',7,126.64,5,842.16);
INSERT OR IGNORE INTO sales_order_items (id,sales_order_id,product_id,quantity,unit_price,discount_percent,line_total) VALUES ('oi-0217-4','order-0217','prod-046',9,79.06,10,640.39);
INSERT OR IGNORE INTO sales_orders (id,tenant_id,order_number,agent_id,customer_id,order_type,status,subtotal,tax_amount,total_amount,payment_method,payment_status,created_at) VALUES ('order-0218','default-tenant-001','SO-00218','agent-001','cust-091','direct_sale','draft',3606.29,540.94,4147.23,'card','pending','2025-10-28T10:00:00Z');
INSERT OR IGNORE INTO sales_order_items (id,sales_order_id,product_id,quantity,unit_price,discount_percent,line_total) VALUES ('oi-0218-1','order-0218','prod-039',15,17.34,0,260.1);
INSERT OR IGNORE INTO sales_order_items (id,sales_order_id,product_id,quantity,unit_price,discount_percent,line_total) VALUES ('oi-0218-2','order-0218','prod-007',17,175.0,0,2975.0);
INSERT OR IGNORE INTO sales_order_items (id,sales_order_id,product_id,quantity,unit_price,discount_percent,line_total) VALUES ('oi-0218-3','order-0218','prod-026',3,123.73,0,371.19);
INSERT OR IGNORE INTO sales_orders (id,tenant_id,order_number,agent_id,customer_id,order_type,status,subtotal,tax_amount,total_amount,payment_method,payment_status,created_at) VALUES ('order-0219','default-tenant-001','SO-00219','agent-001','cust-092','direct_sale','completed',1562.6599999999999,234.4,1797.06,'card','paid','2025-10-08T10:00:00Z');
INSERT OR IGNORE INTO sales_order_items (id,sales_order_id,product_id,quantity,unit_price,discount_percent,line_total) VALUES ('oi-0219-1','order-0219','prod-033',8,54.3,0,434.4);
INSERT OR IGNORE INTO sales_order_items (id,sales_order_id,product_id,quantity,unit_price,discount_percent,line_total) VALUES ('oi-0219-2','order-0219','prod-034',12,98.97,5,1128.26);
INSERT OR IGNORE INTO sales_orders (id,tenant_id,order_number,agent_id,customer_id,order_type,status,subtotal,tax_amount,total_amount,payment_method,payment_status,created_at) VALUES ('order-0220','default-tenant-001','SO-00220','agent-002','cust-060','direct_sale','completed',6000.07,900.01,6900.08,'card','paid','2026-02-21T10:00:00Z');
INSERT OR IGNORE INTO sales_order_items (id,sales_order_id,product_id,quantity,unit_price,discount_percent,line_total) VALUES ('oi-0220-1','order-0220','prod-046',6,89.59,0,537.54);
INSERT OR IGNORE INTO sales_order_items (id,sales_order_id,product_id,quantity,unit_price,discount_percent,line_total) VALUES ('oi-0220-2','order-0220','prod-047',10,104.73,0,1047.3);
INSERT OR IGNORE INTO sales_order_items (id,sales_order_id,product_id,quantity,unit_price,discount_percent,line_total) VALUES ('oi-0220-3','order-0220','prod-030',4,156.8,0,627.2);
INSERT OR IGNORE INTO sales_order_items (id,sales_order_id,product_id,quantity,unit_price,discount_percent,line_total) VALUES ('oi-0220-4','order-0220','prod-012',12,58.04,10,626.83);
INSERT OR IGNORE INTO sales_order_items (id,sales_order_id,product_id,quantity,unit_price,discount_percent,line_total) VALUES ('oi-0220-5','order-0220','prod-048',20,50.87,0,1017.4);
INSERT OR IGNORE INTO sales_order_items (id,sales_order_id,product_id,quantity,unit_price,discount_percent,line_total) VALUES ('oi-0220-6','order-0220','prod-015',20,107.19,0,2143.8);
INSERT OR IGNORE INTO sales_orders (id,tenant_id,order_number,agent_id,customer_id,order_type,status,subtotal,tax_amount,total_amount,payment_method,payment_status,created_at) VALUES ('order-0221','default-tenant-001','SO-00221','agent-005','cust-012','direct_sale','pending',1539.49,230.92,1770.41,'credit','pending','2025-10-12T10:00:00Z');
INSERT OR IGNORE INTO sales_order_items (id,sales_order_id,product_id,quantity,unit_price,discount_percent,line_total) VALUES ('oi-0221-1','order-0221','prod-009',18,73.42,0,1321.56);
INSERT OR IGNORE INTO sales_order_items (id,sales_order_id,product_id,quantity,unit_price,discount_percent,line_total) VALUES ('oi-0221-2','order-0221','prod-034',10,22.94,5,217.93);
INSERT OR IGNORE INTO sales_orders (id,tenant_id,order_number,agent_id,customer_id,order_type,status,subtotal,tax_amount,total_amount,payment_method,payment_status,created_at) VALUES ('order-0222','default-tenant-001','SO-00222','agent-005','cust-084','direct_sale','draft',708.1,106.22,814.32,'mobile_money','pending','2025-12-05T10:00:00Z');
INSERT OR IGNORE INTO sales_order_items (id,sales_order_id,product_id,quantity,unit_price,discount_percent,line_total) VALUES ('oi-0222-1','order-0222','prod-011',12,40.42,0,485.04);
INSERT OR IGNORE INTO sales_order_items (id,sales_order_id,product_id,quantity,unit_price,discount_percent,line_total) VALUES ('oi-0222-2','order-0222','prod-023',2,123.92,10,223.06);
INSERT OR IGNORE INTO sales_orders (id,tenant_id,order_number,agent_id,customer_id,order_type,status,subtotal,tax_amount,total_amount,payment_method,payment_status,created_at) VALUES ('order-0223','default-tenant-001','SO-00223','agent-005','cust-016','direct_sale','delivered',5478.51,821.78,6300.29,'cash','paid','2026-01-22T10:00:00Z');
INSERT OR IGNORE INTO sales_order_items (id,sales_order_id,product_id,quantity,unit_price,discount_percent,line_total) VALUES ('oi-0223-1','order-0223','prod-030',16,25.66,0,410.56);
INSERT OR IGNORE INTO sales_order_items (id,sales_order_id,product_id,quantity,unit_price,discount_percent,line_total) VALUES ('oi-0223-2','order-0223','prod-019',1,161.26,10,145.13);
INSERT OR IGNORE INTO sales_order_items (id,sales_order_id,product_id,quantity,unit_price,discount_percent,line_total) VALUES ('oi-0223-3','order-0223','prod-021',18,98.38,0,1770.84);
INSERT OR IGNORE INTO sales_order_items (id,sales_order_id,product_id,quantity,unit_price,discount_percent,line_total) VALUES ('oi-0223-4','order-0223','prod-027',5,176.57,0,882.85);
INSERT OR IGNORE INTO sales_order_items (id,sales_order_id,product_id,quantity,unit_price,discount_percent,line_total) VALUES ('oi-0223-5','order-0223','prod-014',10,43.74,5,415.53);
INSERT OR IGNORE INTO sales_order_items (id,sales_order_id,product_id,quantity,unit_price,discount_percent,line_total) VALUES ('oi-0223-6','order-0223','prod-001',14,132.4,0,1853.6);
INSERT OR IGNORE INTO sales_orders (id,tenant_id,order_number,agent_id,customer_id,order_type,status,subtotal,tax_amount,total_amount,payment_method,payment_status,created_at) VALUES ('order-0224','default-tenant-001','SO-00224','agent-003','cust-061','direct_sale','completed',1820.69,273.1,2093.79,'card','paid','2025-11-12T10:00:00Z');
INSERT OR IGNORE INTO sales_order_items (id,sales_order_id,product_id,quantity,unit_price,discount_percent,line_total) VALUES ('oi-0224-1','order-0224','prod-024',16,102.44,5,1557.09);
INSERT OR IGNORE INTO sales_order_items (id,sales_order_id,product_id,quantity,unit_price,discount_percent,line_total) VALUES ('oi-0224-2','order-0224','prod-039',3,97.63,10,263.6);
INSERT OR IGNORE INTO sales_orders (id,tenant_id,order_number,agent_id,customer_id,order_type,status,subtotal,tax_amount,total_amount,payment_method,payment_status,created_at) VALUES ('order-0225','default-tenant-001','SO-00225','agent-user-001','cust-022','direct_sale','completed',2946.49,441.97,3388.46,'mobile_money','paid','2025-10-29T10:00:00Z');
INSERT OR IGNORE INTO sales_order_items (id,sales_order_id,product_id,quantity,unit_price,discount_percent,line_total) VALUES ('oi-0225-1','order-0225','prod-049',13,69.01,0,897.13);
INSERT OR IGNORE INTO sales_order_items (id,sales_order_id,product_id,quantity,unit_price,discount_percent,line_total) VALUES ('oi-0225-2','order-0225','prod-032',15,145.39,10,1962.76);
INSERT OR IGNORE INTO sales_order_items (id,sales_order_id,product_id,quantity,unit_price,discount_percent,line_total) VALUES ('oi-0225-3','order-0225','prod-030',4,21.65,0,86.6);
INSERT OR IGNORE INTO sales_orders (id,tenant_id,order_number,agent_id,customer_id,order_type,status,subtotal,tax_amount,total_amount,payment_method,payment_status,created_at) VALUES ('order-0226','default-tenant-001','SO-00226','agent-user-001','cust-074','direct_sale','pending',141.89,21.28,163.17,'credit','pending','2025-12-20T10:00:00Z');
INSERT OR IGNORE INTO sales_order_items (id,sales_order_id,product_id,quantity,unit_price,discount_percent,line_total) VALUES ('oi-0226-1','order-0226','prod-041',2,44.53,0,89.06);
INSERT OR IGNORE INTO sales_order_items (id,sales_order_id,product_id,quantity,unit_price,discount_percent,line_total) VALUES ('oi-0226-2','order-0226','prod-010',5,11.74,10,52.83);
INSERT OR IGNORE INTO sales_orders (id,tenant_id,order_number,agent_id,customer_id,order_type,status,subtotal,tax_amount,total_amount,payment_method,payment_status,created_at) VALUES ('order-0227','default-tenant-001','SO-00227','agent-004','cust-002','direct_sale','completed',1844.02,276.6,2120.62,'mobile_money','paid','2025-10-09T10:00:00Z');
INSERT OR IGNORE INTO sales_order_items (id,sales_order_id,product_id,quantity,unit_price,discount_percent,line_total) VALUES ('oi-0227-1','order-0227','prod-046',11,170.21,5,1778.69);
INSERT OR IGNORE INTO sales_order_items (id,sales_order_id,product_id,quantity,unit_price,discount_percent,line_total) VALUES ('oi-0227-2','order-0227','prod-040',1,65.33,0,65.33);
INSERT OR IGNORE INTO sales_orders (id,tenant_id,order_number,agent_id,customer_id,order_type,status,subtotal,tax_amount,total_amount,payment_method,payment_status,created_at) VALUES ('order-0228','default-tenant-001','SO-00228','agent-001','cust-029','direct_sale','completed',7506.3,1125.94,8632.24,'credit','paid','2025-11-30T10:00:00Z');
INSERT OR IGNORE INTO sales_order_items (id,sales_order_id,product_id,quantity,unit_price,discount_percent,line_total) VALUES ('oi-0228-1','order-0228','prod-029',14,87.71,5,1166.54);
INSERT OR IGNORE INTO sales_order_items (id,sales_order_id,product_id,quantity,unit_price,discount_percent,line_total) VALUES ('oi-0228-2','order-0228','prod-036',11,116.06,0,1276.66);
INSERT OR IGNORE INTO sales_order_items (id,sales_order_id,product_id,quantity,unit_price,discount_percent,line_total) VALUES ('oi-0228-3','order-0228','prod-042',16,106.67,0,1706.72);
INSERT OR IGNORE INTO sales_order_items (id,sales_order_id,product_id,quantity,unit_price,discount_percent,line_total) VALUES ('oi-0228-4','order-0228','prod-025',17,65.87,5,1063.8);
INSERT OR IGNORE INTO sales_order_items (id,sales_order_id,product_id,quantity,unit_price,discount_percent,line_total) VALUES ('oi-0228-5','order-0228','prod-042',9,55.31,5,472.9);
INSERT OR IGNORE INTO sales_order_items (id,sales_order_id,product_id,quantity,unit_price,discount_percent,line_total) VALUES ('oi-0228-6','order-0228','prod-039',12,151.64,0,1819.68);
INSERT OR IGNORE INTO sales_orders (id,tenant_id,order_number,agent_id,customer_id,order_type,status,subtotal,tax_amount,total_amount,payment_method,payment_status,created_at) VALUES ('order-0229','default-tenant-001','SO-00229','agent-002','cust-035','direct_sale','delivered',6082.17,912.33,6994.5,'cash','paid','2026-01-19T10:00:00Z');
INSERT OR IGNORE INTO sales_order_items (id,sales_order_id,product_id,quantity,unit_price,discount_percent,line_total) VALUES ('oi-0229-1','order-0229','prod-021',12,61.6,0,739.2);
INSERT OR IGNORE INTO sales_order_items (id,sales_order_id,product_id,quantity,unit_price,discount_percent,line_total) VALUES ('oi-0229-2','order-0229','prod-026',11,75.75,0,833.25);
INSERT OR IGNORE INTO sales_order_items (id,sales_order_id,product_id,quantity,unit_price,discount_percent,line_total) VALUES ('oi-0229-3','order-0229','prod-024',20,144.08,0,2881.6);
INSERT OR IGNORE INTO sales_order_items (id,sales_order_id,product_id,quantity,unit_price,discount_percent,line_total) VALUES ('oi-0229-4','order-0229','prod-015',1,39.66,0,39.66);
INSERT OR IGNORE INTO sales_order_items (id,sales_order_id,product_id,quantity,unit_price,discount_percent,line_total) VALUES ('oi-0229-5','order-0229','prod-033',6,101.84,0,611.04);
INSERT OR IGNORE INTO sales_order_items (id,sales_order_id,product_id,quantity,unit_price,discount_percent,line_total) VALUES ('oi-0229-6','order-0229','prod-027',14,73.49,5,977.42);
INSERT OR IGNORE INTO sales_orders (id,tenant_id,order_number,agent_id,customer_id,order_type,status,subtotal,tax_amount,total_amount,payment_method,payment_status,created_at) VALUES ('order-0230','default-tenant-001','SO-00230','agent-004','cust-036','direct_sale','completed',2441.52,366.23,2807.75,'card','paid','2025-11-10T10:00:00Z');
INSERT OR IGNORE INTO sales_order_items (id,sales_order_id,product_id,quantity,unit_price,discount_percent,line_total) VALUES ('oi-0230-1','order-0230','prod-029',2,178.76,0,357.52);
INSERT OR IGNORE INTO sales_order_items (id,sales_order_id,product_id,quantity,unit_price,discount_percent,line_total) VALUES ('oi-0230-2','order-0230','prod-004',9,63.16,0,568.44);
INSERT OR IGNORE INTO sales_order_items (id,sales_order_id,product_id,quantity,unit_price,discount_percent,line_total) VALUES ('oi-0230-3','order-0230','prod-028',11,145.03,5,1515.56);
INSERT OR IGNORE INTO sales_orders (id,tenant_id,order_number,agent_id,customer_id,order_type,status,subtotal,tax_amount,total_amount,payment_method,payment_status,created_at) VALUES ('order-0231','default-tenant-001','SO-00231','agent-001','cust-014','direct_sale','draft',2329.88,349.48,2679.36,'cash','pending','2025-10-27T10:00:00Z');
INSERT OR IGNORE INTO sales_order_items (id,sales_order_id,product_id,quantity,unit_price,discount_percent,line_total) VALUES ('oi-0231-1','order-0231','prod-035',4,80.16,5,304.61);
INSERT OR IGNORE INTO sales_order_items (id,sales_order_id,product_id,quantity,unit_price,discount_percent,line_total) VALUES ('oi-0231-2','order-0231','prod-007',9,25.13,5,214.86);
INSERT OR IGNORE INTO sales_order_items (id,sales_order_id,product_id,quantity,unit_price,discount_percent,line_total) VALUES ('oi-0231-3','order-0231','prod-050',7,130.17,0,911.19);
INSERT OR IGNORE INTO sales_order_items (id,sales_order_id,product_id,quantity,unit_price,discount_percent,line_total) VALUES ('oi-0231-4','order-0231','prod-009',18,20.65,0,371.7);
INSERT OR IGNORE INTO sales_order_items (id,sales_order_id,product_id,quantity,unit_price,discount_percent,line_total) VALUES ('oi-0231-5','order-0231','prod-043',14,37.68,0,527.52);
INSERT OR IGNORE INTO sales_orders (id,tenant_id,order_number,agent_id,customer_id,order_type,status,subtotal,tax_amount,total_amount,payment_method,payment_status,created_at) VALUES ('order-0232','default-tenant-001','SO-00232','agent-user-001','cust-095','direct_sale','pending',2504.6800000000003,375.7,2880.38,'mobile_money','pending','2026-02-26T10:00:00Z');
INSERT OR IGNORE INTO sales_order_items (id,sales_order_id,product_id,quantity,unit_price,discount_percent,line_total) VALUES ('oi-0232-1','order-0232','prod-030',8,71.7,0,573.6);
INSERT OR IGNORE INTO sales_order_items (id,sales_order_id,product_id,quantity,unit_price,discount_percent,line_total) VALUES ('oi-0232-2','order-0232','prod-042',11,40.18,0,441.98);
INSERT OR IGNORE INTO sales_order_items (id,sales_order_id,product_id,quantity,unit_price,discount_percent,line_total) VALUES ('oi-0232-3','order-0232','prod-029',10,60.08,0,600.8);
INSERT OR IGNORE INTO sales_order_items (id,sales_order_id,product_id,quantity,unit_price,discount_percent,line_total) VALUES ('oi-0232-4','order-0232','prod-022',7,141.0,10,888.3);
INSERT OR IGNORE INTO sales_orders (id,tenant_id,order_number,agent_id,customer_id,order_type,status,subtotal,tax_amount,total_amount,payment_method,payment_status,created_at) VALUES ('order-0233','default-tenant-001','SO-00233','agent-001','cust-023','direct_sale','completed',7929.94,1189.49,9119.43,'mobile_money','paid','2025-11-07T10:00:00Z');
INSERT OR IGNORE INTO sales_order_items (id,sales_order_id,product_id,quantity,unit_price,discount_percent,line_total) VALUES ('oi-0233-1','order-0233','prod-023',18,135.23,0,2434.14);
INSERT OR IGNORE INTO sales_order_items (id,sales_order_id,product_id,quantity,unit_price,discount_percent,line_total) VALUES ('oi-0233-2','order-0233','prod-046',14,116.25,0,1627.5);
INSERT OR IGNORE INTO sales_order_items (id,sales_order_id,product_id,quantity,unit_price,discount_percent,line_total) VALUES ('oi-0233-3','order-0233','prod-007',19,171.33,5,3092.51);
INSERT OR IGNORE INTO sales_order_items (id,sales_order_id,product_id,quantity,unit_price,discount_percent,line_total) VALUES ('oi-0233-4','order-0233','prod-023',7,91.51,0,640.57);
INSERT OR IGNORE INTO sales_order_items (id,sales_order_id,product_id,quantity,unit_price,discount_percent,line_total) VALUES ('oi-0233-5','order-0233','prod-028',5,30.05,10,135.22);
INSERT OR IGNORE INTO sales_orders (id,tenant_id,order_number,agent_id,customer_id,order_type,status,subtotal,tax_amount,total_amount,payment_method,payment_status,created_at) VALUES ('order-0234','default-tenant-001','SO-00234','agent-004','cust-035','direct_sale','pending',5141.37,771.21,5912.58,'card','pending','2026-01-17T10:00:00Z');
INSERT OR IGNORE INTO sales_order_items (id,sales_order_id,product_id,quantity,unit_price,discount_percent,line_total) VALUES ('oi-0234-1','order-0234','prod-015',20,178.05,0,3561.0);
INSERT OR IGNORE INTO sales_order_items (id,sales_order_id,product_id,quantity,unit_price,discount_percent,line_total) VALUES ('oi-0234-2','order-0234','prod-040',12,141.45,10,1527.66);
INSERT OR IGNORE INTO sales_order_items (id,sales_order_id,product_id,quantity,unit_price,discount_percent,line_total) VALUES ('oi-0234-3','order-0234','prod-043',2,27.74,5,52.71);
INSERT OR IGNORE INTO sales_orders (id,tenant_id,order_number,agent_id,customer_id,order_type,status,subtotal,tax_amount,total_amount,payment_method,payment_status,created_at) VALUES ('order-0235','default-tenant-001','SO-00235','agent-user-001','cust-004','direct_sale','delivered',4914.73,737.21,5651.94,'card','paid','2025-10-26T10:00:00Z');
INSERT OR IGNORE INTO sales_order_items (id,sales_order_id,product_id,quantity,unit_price,discount_percent,line_total) VALUES ('oi-0235-1','order-0235','prod-023',9,68.93,0,620.37);
INSERT OR IGNORE INTO sales_order_items (id,sales_order_id,product_id,quantity,unit_price,discount_percent,line_total) VALUES ('oi-0235-2','order-0235','prod-023',13,150.86,0,1961.18);
INSERT OR IGNORE INTO sales_order_items (id,sales_order_id,product_id,quantity,unit_price,discount_percent,line_total) VALUES ('oi-0235-3','order-0235','prod-034',10,146.27,0,1462.7);
INSERT OR IGNORE INTO sales_order_items (id,sales_order_id,product_id,quantity,unit_price,discount_percent,line_total) VALUES ('oi-0235-4','order-0235','prod-032',6,145.08,0,870.48);
INSERT OR IGNORE INTO sales_orders (id,tenant_id,order_number,agent_id,customer_id,order_type,status,subtotal,tax_amount,total_amount,payment_method,payment_status,created_at) VALUES ('order-0236','default-tenant-001','SO-00236','agent-002','cust-081','direct_sale','completed',5354.799999999999,803.22,6158.02,'credit','paid','2026-01-03T10:00:00Z');
INSERT OR IGNORE INTO sales_order_items (id,sales_order_id,product_id,quantity,unit_price,discount_percent,line_total) VALUES ('oi-0236-1','order-0236','prod-014',3,116.69,10,315.06);
INSERT OR IGNORE INTO sales_order_items (id,sales_order_id,product_id,quantity,unit_price,discount_percent,line_total) VALUES ('oi-0236-2','order-0236','prod-003',18,135.87,0,2445.66);
INSERT OR IGNORE INTO sales_order_items (id,sales_order_id,product_id,quantity,unit_price,discount_percent,line_total) VALUES ('oi-0236-3','order-0236','prod-036',6,77.81,5,443.52);
INSERT OR IGNORE INTO sales_order_items (id,sales_order_id,product_id,quantity,unit_price,discount_percent,line_total) VALUES ('oi-0236-4','order-0236','prod-030',11,106.7,0,1173.7);
INSERT OR IGNORE INTO sales_order_items (id,sales_order_id,product_id,quantity,unit_price,discount_percent,line_total) VALUES ('oi-0236-5','order-0236','prod-047',1,161.39,10,145.25);
INSERT OR IGNORE INTO sales_order_items (id,sales_order_id,product_id,quantity,unit_price,discount_percent,line_total) VALUES ('oi-0236-6','order-0236','prod-037',13,63.97,0,831.61);
INSERT OR IGNORE INTO sales_orders (id,tenant_id,order_number,agent_id,customer_id,order_type,status,subtotal,tax_amount,total_amount,payment_method,payment_status,created_at) VALUES ('order-0237','default-tenant-001','SO-00237','agent-001','cust-030','direct_sale','pending',1694.02,254.1,1948.12,'mobile_money','pending','2025-10-15T10:00:00Z');
INSERT OR IGNORE INTO sales_order_items (id,sales_order_id,product_id,quantity,unit_price,discount_percent,line_total) VALUES ('oi-0237-1','order-0237','prod-008',3,99.4,5,283.29);
INSERT OR IGNORE INTO sales_order_items (id,sales_order_id,product_id,quantity,unit_price,discount_percent,line_total) VALUES ('oi-0237-2','order-0237','prod-030',3,58.69,10,158.46);
INSERT OR IGNORE INTO sales_order_items (id,sales_order_id,product_id,quantity,unit_price,discount_percent,line_total) VALUES ('oi-0237-3','order-0237','prod-016',4,89.83,0,359.32);
INSERT OR IGNORE INTO sales_order_items (id,sales_order_id,product_id,quantity,unit_price,discount_percent,line_total) VALUES ('oi-0237-4','order-0237','prod-014',6,77.26,10,417.2);
INSERT OR IGNORE INTO sales_order_items (id,sales_order_id,product_id,quantity,unit_price,discount_percent,line_total) VALUES ('oi-0237-5','order-0237','prod-016',8,27.67,5,210.29);
INSERT OR IGNORE INTO sales_order_items (id,sales_order_id,product_id,quantity,unit_price,discount_percent,line_total) VALUES ('oi-0237-6','order-0237','prod-036',4,73.74,10,265.46);
INSERT OR IGNORE INTO sales_orders (id,tenant_id,order_number,agent_id,customer_id,order_type,status,subtotal,tax_amount,total_amount,payment_method,payment_status,created_at) VALUES ('order-0238','default-tenant-001','SO-00238','agent-user-001','cust-074','direct_sale','completed',3467.5300000000007,520.13,3987.66,'credit','paid','2025-11-13T10:00:00Z');
INSERT OR IGNORE INTO sales_order_items (id,sales_order_id,product_id,quantity,unit_price,discount_percent,line_total) VALUES ('oi-0238-1','order-0238','prod-038',19,18.79,5,339.16);
INSERT OR IGNORE INTO sales_order_items (id,sales_order_id,product_id,quantity,unit_price,discount_percent,line_total) VALUES ('oi-0238-2','order-0238','prod-016',18,61.16,0,1100.88);
INSERT OR IGNORE INTO sales_order_items (id,sales_order_id,product_id,quantity,unit_price,discount_percent,line_total) VALUES ('oi-0238-3','order-0238','prod-041',17,93.69,0,1592.73);
INSERT OR IGNORE INTO sales_order_items (id,sales_order_id,product_id,quantity,unit_price,discount_percent,line_total) VALUES ('oi-0238-4','order-0238','prod-049',12,36.23,0,434.76);
INSERT OR IGNORE INTO sales_orders (id,tenant_id,order_number,agent_id,customer_id,order_type,status,subtotal,tax_amount,total_amount,payment_method,payment_status,created_at) VALUES ('order-0239','default-tenant-001','SO-00239','agent-001','cust-036','direct_sale','delivered',3587.7300000000005,538.16,4125.89,'credit','paid','2026-01-10T10:00:00Z');
INSERT OR IGNORE INTO sales_order_items (id,sales_order_id,product_id,quantity,unit_price,discount_percent,line_total) VALUES ('oi-0239-1','order-0239','prod-035',10,60.09,5,570.86);
INSERT OR IGNORE INTO sales_order_items (id,sales_order_id,product_id,quantity,unit_price,discount_percent,line_total) VALUES ('oi-0239-2','order-0239','prod-047',19,129.27,0,2456.13);
INSERT OR IGNORE INTO sales_order_items (id,sales_order_id,product_id,quantity,unit_price,discount_percent,line_total) VALUES ('oi-0239-3','order-0239','prod-008',11,56.64,10,560.74);
INSERT OR IGNORE INTO sales_orders (id,tenant_id,order_number,agent_id,customer_id,order_type,status,subtotal,tax_amount,total_amount,payment_method,payment_status,created_at) VALUES ('order-0240','default-tenant-001','SO-00240','agent-user-001','cust-095','direct_sale','delivered',1952.2399999999998,292.84,2245.08,'credit','paid','2026-02-23T10:00:00Z');
INSERT OR IGNORE INTO sales_order_items (id,sales_order_id,product_id,quantity,unit_price,discount_percent,line_total) VALUES ('oi-0240-1','order-0240','prod-030',4,69.96,10,251.86);
INSERT OR IGNORE INTO sales_order_items (id,sales_order_id,product_id,quantity,unit_price,discount_percent,line_total) VALUES ('oi-0240-2','order-0240','prod-045',15,55.47,0,832.05);
INSERT OR IGNORE INTO sales_order_items (id,sales_order_id,product_id,quantity,unit_price,discount_percent,line_total) VALUES ('oi-0240-3','order-0240','prod-050',2,35.56,5,67.56);
INSERT OR IGNORE INTO sales_order_items (id,sales_order_id,product_id,quantity,unit_price,discount_percent,line_total) VALUES ('oi-0240-4','order-0240','prod-001',6,148.29,10,800.77);
INSERT OR IGNORE INTO sales_orders (id,tenant_id,order_number,agent_id,customer_id,order_type,status,subtotal,tax_amount,total_amount,payment_method,payment_status,created_at) VALUES ('order-0241','default-tenant-001','SO-00241','agent-004','cust-091','direct_sale','completed',3730.1,559.51,4289.61,'credit','paid','2026-01-04T10:00:00Z');
INSERT OR IGNORE INTO sales_order_items (id,sales_order_id,product_id,quantity,unit_price,discount_percent,line_total) VALUES ('oi-0241-1','order-0241','prod-043',20,64.06,10,1153.08);
INSERT OR IGNORE INTO sales_order_items (id,sales_order_id,product_id,quantity,unit_price,discount_percent,line_total) VALUES ('oi-0241-2','order-0241','prod-026',18,48.64,0,875.52);
INSERT OR IGNORE INTO sales_order_items (id,sales_order_id,product_id,quantity,unit_price,discount_percent,line_total) VALUES ('oi-0241-3','order-0241','prod-024',6,148.64,0,891.84);
INSERT OR IGNORE INTO sales_order_items (id,sales_order_id,product_id,quantity,unit_price,discount_percent,line_total) VALUES ('oi-0241-4','order-0241','prod-019',20,22.21,5,421.99);
INSERT OR IGNORE INTO sales_order_items (id,sales_order_id,product_id,quantity,unit_price,discount_percent,line_total) VALUES ('oi-0241-5','order-0241','prod-008',4,72.67,0,290.68);
INSERT OR IGNORE INTO sales_order_items (id,sales_order_id,product_id,quantity,unit_price,discount_percent,line_total) VALUES ('oi-0241-6','order-0241','prod-027',3,34.03,5,96.99);
INSERT OR IGNORE INTO sales_orders (id,tenant_id,order_number,agent_id,customer_id,order_type,status,subtotal,tax_amount,total_amount,payment_method,payment_status,created_at) VALUES ('order-0242','default-tenant-001','SO-00242','agent-003','cust-090','direct_sale','delivered',3881.88,582.28,4464.16,'cash','paid','2026-01-09T10:00:00Z');
INSERT OR IGNORE INTO sales_order_items (id,sales_order_id,product_id,quantity,unit_price,discount_percent,line_total) VALUES ('oi-0242-1','order-0242','prod-038',3,93.35,10,252.04);
INSERT OR IGNORE INTO sales_order_items (id,sales_order_id,product_id,quantity,unit_price,discount_percent,line_total) VALUES ('oi-0242-2','order-0242','prod-028',7,113.89,10,717.51);
INSERT OR IGNORE INTO sales_order_items (id,sales_order_id,product_id,quantity,unit_price,discount_percent,line_total) VALUES ('oi-0242-3','order-0242','prod-029',8,88.16,0,705.28);
INSERT OR IGNORE INTO sales_order_items (id,sales_order_id,product_id,quantity,unit_price,discount_percent,line_total) VALUES ('oi-0242-4','order-0242','prod-011',2,130.19,10,234.34);
INSERT OR IGNORE INTO sales_order_items (id,sales_order_id,product_id,quantity,unit_price,discount_percent,line_total) VALUES ('oi-0242-5','order-0242','prod-007',15,127.08,10,1715.58);
INSERT OR IGNORE INTO sales_order_items (id,sales_order_id,product_id,quantity,unit_price,discount_percent,line_total) VALUES ('oi-0242-6','order-0242','prod-037',3,90.22,5,257.13);
INSERT OR IGNORE INTO sales_orders (id,tenant_id,order_number,agent_id,customer_id,order_type,status,subtotal,tax_amount,total_amount,payment_method,payment_status,created_at) VALUES ('order-0243','default-tenant-001','SO-00243','agent-user-001','cust-042','direct_sale','delivered',3429.8599999999997,514.48,3944.34,'mobile_money','paid','2025-11-26T10:00:00Z');
INSERT OR IGNORE INTO sales_order_items (id,sales_order_id,product_id,quantity,unit_price,discount_percent,line_total) VALUES ('oi-0243-1','order-0243','prod-037',13,37.52,0,487.76);
INSERT OR IGNORE INTO sales_order_items (id,sales_order_id,product_id,quantity,unit_price,discount_percent,line_total) VALUES ('oi-0243-2','order-0243','prod-048',18,163.45,0,2942.1);
INSERT OR IGNORE INTO sales_orders (id,tenant_id,order_number,agent_id,customer_id,order_type,status,subtotal,tax_amount,total_amount,payment_method,payment_status,created_at) VALUES ('order-0244','default-tenant-001','SO-00244','agent-003','cust-066','direct_sale','completed',3682.74,552.41,4235.15,'cash','paid','2025-11-29T10:00:00Z');
INSERT OR IGNORE INTO sales_order_items (id,sales_order_id,product_id,quantity,unit_price,discount_percent,line_total) VALUES ('oi-0244-1','order-0244','prod-014',12,60.88,0,730.56);
INSERT OR IGNORE INTO sales_order_items (id,sales_order_id,product_id,quantity,unit_price,discount_percent,line_total) VALUES ('oi-0244-2','order-0244','prod-010',18,102.8,0,1850.4);
INSERT OR IGNORE INTO sales_order_items (id,sales_order_id,product_id,quantity,unit_price,discount_percent,line_total) VALUES ('oi-0244-3','order-0244','prod-040',20,61.21,10,1101.78);
INSERT OR IGNORE INTO sales_orders (id,tenant_id,order_number,agent_id,customer_id,order_type,status,subtotal,tax_amount,total_amount,payment_method,payment_status,created_at) VALUES ('order-0245','default-tenant-001','SO-00245','agent-004','cust-072','direct_sale','pending',1350.8600000000001,202.63,1553.49,'card','pending','2025-10-22T10:00:00Z');
INSERT OR IGNORE INTO sales_order_items (id,sales_order_id,product_id,quantity,unit_price,discount_percent,line_total) VALUES ('oi-0245-1','order-0245','prod-007',3,62.44,0,187.32);
INSERT OR IGNORE INTO sales_order_items (id,sales_order_id,product_id,quantity,unit_price,discount_percent,line_total) VALUES ('oi-0245-2','order-0245','prod-012',1,164.57,5,156.34);
INSERT OR IGNORE INTO sales_order_items (id,sales_order_id,product_id,quantity,unit_price,discount_percent,line_total) VALUES ('oi-0245-3','order-0245','prod-003',1,173.8,0,173.8);
INSERT OR IGNORE INTO sales_order_items (id,sales_order_id,product_id,quantity,unit_price,discount_percent,line_total) VALUES ('oi-0245-4','order-0245','prod-027',5,166.68,0,833.4);
INSERT OR IGNORE INTO sales_orders (id,tenant_id,order_number,agent_id,customer_id,order_type,status,subtotal,tax_amount,total_amount,payment_method,payment_status,created_at) VALUES ('order-0246','default-tenant-001','SO-00246','agent-004','cust-001','direct_sale','pending',2882.73,432.41,3315.14,'cash','pending','2025-11-17T10:00:00Z');
INSERT OR IGNORE INTO sales_order_items (id,sales_order_id,product_id,quantity,unit_price,discount_percent,line_total) VALUES ('oi-0246-1','order-0246','prod-042',9,31.65,0,284.85);
INSERT OR IGNORE INTO sales_order_items (id,sales_order_id,product_id,quantity,unit_price,discount_percent,line_total) VALUES ('oi-0246-2','order-0246','prod-026',2,63.03,0,126.06);
INSERT OR IGNORE INTO sales_order_items (id,sales_order_id,product_id,quantity,unit_price,discount_percent,line_total) VALUES ('oi-0246-3','order-0246','prod-049',2,40.55,10,72.99);
INSERT OR IGNORE INTO sales_order_items (id,sales_order_id,product_id,quantity,unit_price,discount_percent,line_total) VALUES ('oi-0246-4','order-0246','prod-040',16,54.95,10,791.28);
INSERT OR IGNORE INTO sales_order_items (id,sales_order_id,product_id,quantity,unit_price,discount_percent,line_total) VALUES ('oi-0246-5','order-0246','prod-031',15,46.01,0,690.15);
INSERT OR IGNORE INTO sales_order_items (id,sales_order_id,product_id,quantity,unit_price,discount_percent,line_total) VALUES ('oi-0246-6','order-0246','prod-032',11,83.4,0,917.4);
INSERT OR IGNORE INTO sales_orders (id,tenant_id,order_number,agent_id,customer_id,order_type,status,subtotal,tax_amount,total_amount,payment_method,payment_status,created_at) VALUES ('order-0247','default-tenant-001','SO-00247','agent-user-001','cust-052','direct_sale','draft',4583.61,687.54,5271.15,'credit','pending','2026-01-17T10:00:00Z');
INSERT OR IGNORE INTO sales_order_items (id,sales_order_id,product_id,quantity,unit_price,discount_percent,line_total) VALUES ('oi-0247-1','order-0247','prod-019',3,168.85,0,506.55);
INSERT OR IGNORE INTO sales_order_items (id,sales_order_id,product_id,quantity,unit_price,discount_percent,line_total) VALUES ('oi-0247-2','order-0247','prod-020',10,86.33,10,776.97);
INSERT OR IGNORE INTO sales_order_items (id,sales_order_id,product_id,quantity,unit_price,discount_percent,line_total) VALUES ('oi-0247-3','order-0247','prod-040',2,60.48,10,108.86);
INSERT OR IGNORE INTO sales_order_items (id,sales_order_id,product_id,quantity,unit_price,discount_percent,line_total) VALUES ('oi-0247-4','order-0247','prod-043',19,19.41,0,368.79);
INSERT OR IGNORE INTO sales_order_items (id,sales_order_id,product_id,quantity,unit_price,discount_percent,line_total) VALUES ('oi-0247-5','order-0247','prod-009',14,93.22,0,1305.08);
INSERT OR IGNORE INTO sales_order_items (id,sales_order_id,product_id,quantity,unit_price,discount_percent,line_total) VALUES ('oi-0247-6','order-0247','prod-015',13,116.72,0,1517.36);
INSERT OR IGNORE INTO sales_orders (id,tenant_id,order_number,agent_id,customer_id,order_type,status,subtotal,tax_amount,total_amount,payment_method,payment_status,created_at) VALUES ('order-0248','default-tenant-001','SO-00248','agent-005','cust-077','direct_sale','completed',3387.38,508.11,3895.49,'credit','paid','2025-12-05T10:00:00Z');
INSERT OR IGNORE INTO sales_order_items (id,sales_order_id,product_id,quantity,unit_price,discount_percent,line_total) VALUES ('oi-0248-1','order-0248','prod-041',8,121.15,0,969.2);
INSERT OR IGNORE INTO sales_order_items (id,sales_order_id,product_id,quantity,unit_price,discount_percent,line_total) VALUES ('oi-0248-2','order-0248','prod-029',17,111.94,0,1902.98);
INSERT OR IGNORE INTO sales_order_items (id,sales_order_id,product_id,quantity,unit_price,discount_percent,line_total) VALUES ('oi-0248-3','order-0248','prod-012',5,114.49,10,515.2);
INSERT OR IGNORE INTO sales_orders (id,tenant_id,order_number,agent_id,customer_id,order_type,status,subtotal,tax_amount,total_amount,payment_method,payment_status,created_at) VALUES ('order-0249','default-tenant-001','SO-00249','agent-004','cust-060','direct_sale','delivered',8153.1,1222.96,9376.06,'card','paid','2025-12-21T10:00:00Z');
INSERT OR IGNORE INTO sales_order_items (id,sales_order_id,product_id,quantity,unit_price,discount_percent,line_total) VALUES ('oi-0249-1','order-0249','prod-022',20,92.39,0,1847.8);
INSERT OR IGNORE INTO sales_order_items (id,sales_order_id,product_id,quantity,unit_price,discount_percent,line_total) VALUES ('oi-0249-2','order-0249','prod-027',16,152.59,0,2441.44);
INSERT OR IGNORE INTO sales_order_items (id,sales_order_id,product_id,quantity,unit_price,discount_percent,line_total) VALUES ('oi-0249-3','order-0249','prod-037',16,39.55,0,632.8);
INSERT OR IGNORE INTO sales_order_items (id,sales_order_id,product_id,quantity,unit_price,discount_percent,line_total) VALUES ('oi-0249-4','order-0249','prod-003',2,48.43,0,96.86);
INSERT OR IGNORE INTO sales_order_items (id,sales_order_id,product_id,quantity,unit_price,discount_percent,line_total) VALUES ('oi-0249-5','order-0249','prod-035',8,54.32,0,434.56);
INSERT OR IGNORE INTO sales_order_items (id,sales_order_id,product_id,quantity,unit_price,discount_percent,line_total) VALUES ('oi-0249-6','order-0249','prod-005',20,149.98,10,2699.64);
INSERT OR IGNORE INTO sales_orders (id,tenant_id,order_number,agent_id,customer_id,order_type,status,subtotal,tax_amount,total_amount,payment_method,payment_status,created_at) VALUES ('order-0250','default-tenant-001','SO-00250','agent-002','cust-092','direct_sale','completed',1862.44,279.37,2141.81,'cash','paid','2025-10-03T10:00:00Z');
INSERT OR IGNORE INTO sales_order_items (id,sales_order_id,product_id,quantity,unit_price,discount_percent,line_total) VALUES ('oi-0250-1','order-0250','prod-017',15,83.77,0,1256.55);
INSERT OR IGNORE INTO sales_order_items (id,sales_order_id,product_id,quantity,unit_price,discount_percent,line_total) VALUES ('oi-0250-2','order-0250','prod-046',3,81.43,0,244.29);
INSERT OR IGNORE INTO sales_order_items (id,sales_order_id,product_id,quantity,unit_price,discount_percent,line_total) VALUES ('oi-0250-3','order-0250','prod-023',8,45.2,0,361.6);
INSERT OR IGNORE INTO sales_orders (id,tenant_id,order_number,agent_id,customer_id,order_type,status,subtotal,tax_amount,total_amount,payment_method,payment_status,created_at) VALUES ('order-0251','default-tenant-001','SO-00251','agent-003','cust-048','direct_sale','draft',5266.08,789.91,6055.99,'mobile_money','pending','2026-02-16T10:00:00Z');
INSERT OR IGNORE INTO sales_order_items (id,sales_order_id,product_id,quantity,unit_price,discount_percent,line_total) VALUES ('oi-0251-1','order-0251','prod-040',18,144.82,5,2476.42);
INSERT OR IGNORE INTO sales_order_items (id,sales_order_id,product_id,quantity,unit_price,discount_percent,line_total) VALUES ('oi-0251-2','order-0251','prod-034',9,157.28,0,1415.52);
INSERT OR IGNORE INTO sales_order_items (id,sales_order_id,product_id,quantity,unit_price,discount_percent,line_total) VALUES ('oi-0251-3','order-0251','prod-028',15,22.26,0,333.9);
INSERT OR IGNORE INTO sales_order_items (id,sales_order_id,product_id,quantity,unit_price,discount_percent,line_total) VALUES ('oi-0251-4','order-0251','prod-041',2,68.31,10,122.96);
INSERT OR IGNORE INTO sales_order_items (id,sales_order_id,product_id,quantity,unit_price,discount_percent,line_total) VALUES ('oi-0251-5','order-0251','prod-049',13,70.56,0,917.28);
INSERT OR IGNORE INTO sales_orders (id,tenant_id,order_number,agent_id,customer_id,order_type,status,subtotal,tax_amount,total_amount,payment_method,payment_status,created_at) VALUES ('order-0252','default-tenant-001','SO-00252','agent-004','cust-040','direct_sale','completed',2646.36,396.95,3043.31,'cash','paid','2025-10-24T10:00:00Z');
INSERT OR IGNORE INTO sales_order_items (id,sales_order_id,product_id,quantity,unit_price,discount_percent,line_total) VALUES ('oi-0252-1','order-0252','prod-016',9,53.88,0,484.92);
INSERT OR IGNORE INTO sales_order_items (id,sales_order_id,product_id,quantity,unit_price,discount_percent,line_total) VALUES ('oi-0252-2','order-0252','prod-049',15,102.6,0,1539.0);
INSERT OR IGNORE INTO sales_order_items (id,sales_order_id,product_id,quantity,unit_price,discount_percent,line_total) VALUES ('oi-0252-3','order-0252','prod-037',6,53.6,0,321.6);
INSERT OR IGNORE INTO sales_order_items (id,sales_order_id,product_id,quantity,unit_price,discount_percent,line_total) VALUES ('oi-0252-4','order-0252','prod-033',12,25.07,0,300.84);
INSERT OR IGNORE INTO sales_orders (id,tenant_id,order_number,agent_id,customer_id,order_type,status,subtotal,tax_amount,total_amount,payment_method,payment_status,created_at) VALUES ('order-0253','default-tenant-001','SO-00253','agent-005','cust-048','direct_sale','delivered',2343.56,351.53,2695.09,'card','paid','2025-12-31T10:00:00Z');
INSERT OR IGNORE INTO sales_order_items (id,sales_order_id,product_id,quantity,unit_price,discount_percent,line_total) VALUES ('oi-0253-1','order-0253','prod-002',15,37.43,10,505.31);
INSERT OR IGNORE INTO sales_order_items (id,sales_order_id,product_id,quantity,unit_price,discount_percent,line_total) VALUES ('oi-0253-2','order-0253','prod-015',3,78.29,0,234.87);
INSERT OR IGNORE INTO sales_order_items (id,sales_order_id,product_id,quantity,unit_price,discount_percent,line_total) VALUES ('oi-0253-3','order-0253','prod-018',5,170.54,5,810.06);
INSERT OR IGNORE INTO sales_order_items (id,sales_order_id,product_id,quantity,unit_price,discount_percent,line_total) VALUES ('oi-0253-4','order-0253','prod-013',14,28.54,0,399.56);
INSERT OR IGNORE INTO sales_order_items (id,sales_order_id,product_id,quantity,unit_price,discount_percent,line_total) VALUES ('oi-0253-5','order-0253','prod-003',12,34.54,5,393.76);
INSERT OR IGNORE INTO sales_orders (id,tenant_id,order_number,agent_id,customer_id,order_type,status,subtotal,tax_amount,total_amount,payment_method,payment_status,created_at) VALUES ('order-0254','default-tenant-001','SO-00254','agent-001','cust-036','direct_sale','completed',3031.7799999999997,454.77,3486.55,'credit','paid','2026-02-17T10:00:00Z');
INSERT OR IGNORE INTO sales_order_items (id,sales_order_id,product_id,quantity,unit_price,discount_percent,line_total) VALUES ('oi-0254-1','order-0254','prod-050',7,28.69,0,200.83);
INSERT OR IGNORE INTO sales_order_items (id,sales_order_id,product_id,quantity,unit_price,discount_percent,line_total) VALUES ('oi-0254-2','order-0254','prod-014',4,112.45,0,449.8);
INSERT OR IGNORE INTO sales_order_items (id,sales_order_id,product_id,quantity,unit_price,discount_percent,line_total) VALUES ('oi-0254-3','order-0254','prod-035',1,82.82,5,78.68);
INSERT OR IGNORE INTO sales_order_items (id,sales_order_id,product_id,quantity,unit_price,discount_percent,line_total) VALUES ('oi-0254-4','order-0254','prod-013',4,128.57,0,514.28);
INSERT OR IGNORE INTO sales_order_items (id,sales_order_id,product_id,quantity,unit_price,discount_percent,line_total) VALUES ('oi-0254-5','order-0254','prod-050',12,79.26,10,856.01);
INSERT OR IGNORE INTO sales_order_items (id,sales_order_id,product_id,quantity,unit_price,discount_percent,line_total) VALUES ('oi-0254-6','order-0254','prod-013',12,81.77,5,932.18);
INSERT OR IGNORE INTO sales_orders (id,tenant_id,order_number,agent_id,customer_id,order_type,status,subtotal,tax_amount,total_amount,payment_method,payment_status,created_at) VALUES ('order-0255','default-tenant-001','SO-00255','agent-003','cust-019','direct_sale','completed',2894.08,434.11,3328.19,'mobile_money','paid','2025-11-23T10:00:00Z');
INSERT OR IGNORE INTO sales_order_items (id,sales_order_id,product_id,quantity,unit_price,discount_percent,line_total) VALUES ('oi-0255-1','order-0255','prod-029',10,54.12,10,487.08);
INSERT OR IGNORE INTO sales_order_items (id,sales_order_id,product_id,quantity,unit_price,discount_percent,line_total) VALUES ('oi-0255-2','order-0255','prod-030',5,62.83,0,314.15);
INSERT OR IGNORE INTO sales_order_items (id,sales_order_id,product_id,quantity,unit_price,discount_percent,line_total) VALUES ('oi-0255-3','order-0255','prod-029',4,108.95,0,435.8);
INSERT OR IGNORE INTO sales_order_items (id,sales_order_id,product_id,quantity,unit_price,discount_percent,line_total) VALUES ('oi-0255-4','order-0255','prod-040',16,52.5,0,840.0);
INSERT OR IGNORE INTO sales_order_items (id,sales_order_id,product_id,quantity,unit_price,discount_percent,line_total) VALUES ('oi-0255-5','order-0255','prod-016',15,25.97,0,389.55);
INSERT OR IGNORE INTO sales_order_items (id,sales_order_id,product_id,quantity,unit_price,discount_percent,line_total) VALUES ('oi-0255-6','order-0255','prod-039',9,47.5,0,427.5);
INSERT OR IGNORE INTO sales_orders (id,tenant_id,order_number,agent_id,customer_id,order_type,status,subtotal,tax_amount,total_amount,payment_method,payment_status,created_at) VALUES ('order-0256','default-tenant-001','SO-00256','agent-001','cust-065','direct_sale','completed',2415.98,362.4,2778.38,'credit','paid','2026-03-09T10:00:00Z');
INSERT OR IGNORE INTO sales_order_items (id,sales_order_id,product_id,quantity,unit_price,discount_percent,line_total) VALUES ('oi-0256-1','order-0256','prod-049',6,13.2,10,71.28);
INSERT OR IGNORE INTO sales_order_items (id,sales_order_id,product_id,quantity,unit_price,discount_percent,line_total) VALUES ('oi-0256-2','order-0256','prod-045',14,63.27,10,797.2);
INSERT OR IGNORE INTO sales_order_items (id,sales_order_id,product_id,quantity,unit_price,discount_percent,line_total) VALUES ('oi-0256-3','order-0256','prod-044',2,88.19,5,167.56);
INSERT OR IGNORE INTO sales_order_items (id,sales_order_id,product_id,quantity,unit_price,discount_percent,line_total) VALUES ('oi-0256-4','order-0256','prod-032',13,101.27,0,1316.51);
INSERT OR IGNORE INTO sales_order_items (id,sales_order_id,product_id,quantity,unit_price,discount_percent,line_total) VALUES ('oi-0256-5','order-0256','prod-045',4,17.62,10,63.43);
INSERT OR IGNORE INTO sales_orders (id,tenant_id,order_number,agent_id,customer_id,order_type,status,subtotal,tax_amount,total_amount,payment_method,payment_status,created_at) VALUES ('order-0257','default-tenant-001','SO-00257','agent-004','cust-070','direct_sale','completed',2203.52,330.53,2534.05,'mobile_money','paid','2025-10-08T10:00:00Z');
INSERT OR IGNORE INTO sales_order_items (id,sales_order_id,product_id,quantity,unit_price,discount_percent,line_total) VALUES ('oi-0257-1','order-0257','prod-045',14,37.87,0,530.18);
INSERT OR IGNORE INTO sales_order_items (id,sales_order_id,product_id,quantity,unit_price,discount_percent,line_total) VALUES ('oi-0257-2','order-0257','prod-049',20,61.2,0,1224.0);
INSERT OR IGNORE INTO sales_order_items (id,sales_order_id,product_id,quantity,unit_price,discount_percent,line_total) VALUES ('oi-0257-3','order-0257','prod-007',3,149.78,0,449.34);
INSERT OR IGNORE INTO sales_orders (id,tenant_id,order_number,agent_id,customer_id,order_type,status,subtotal,tax_amount,total_amount,payment_method,payment_status,created_at) VALUES ('order-0258','default-tenant-001','SO-00258','agent-005','cust-058','direct_sale','completed',4429.539999999999,664.43,5093.97,'card','paid','2026-01-22T10:00:00Z');
INSERT OR IGNORE INTO sales_order_items (id,sales_order_id,product_id,quantity,unit_price,discount_percent,line_total) VALUES ('oi-0258-1','order-0258','prod-026',20,41.16,5,782.04);
INSERT OR IGNORE INTO sales_order_items (id,sales_order_id,product_id,quantity,unit_price,discount_percent,line_total) VALUES ('oi-0258-2','order-0258','prod-001',10,142.98,10,1286.82);
INSERT OR IGNORE INTO sales_order_items (id,sales_order_id,product_id,quantity,unit_price,discount_percent,line_total) VALUES ('oi-0258-3','order-0258','prod-013',14,17.11,0,239.54);
INSERT OR IGNORE INTO sales_order_items (id,sales_order_id,product_id,quantity,unit_price,discount_percent,line_total) VALUES ('oi-0258-4','order-0258','prod-036',14,128.49,0,1798.86);
INSERT OR IGNORE INTO sales_order_items (id,sales_order_id,product_id,quantity,unit_price,discount_percent,line_total) VALUES ('oi-0258-5','order-0258','prod-029',11,30.84,5,322.28);
INSERT OR IGNORE INTO sales_orders (id,tenant_id,order_number,agent_id,customer_id,order_type,status,subtotal,tax_amount,total_amount,payment_method,payment_status,created_at) VALUES ('order-0259','default-tenant-001','SO-00259','agent-004','cust-071','direct_sale','completed',670.15,100.52,770.67,'mobile_money','paid','2025-12-08T10:00:00Z');
INSERT OR IGNORE INTO sales_order_items (id,sales_order_id,product_id,quantity,unit_price,discount_percent,line_total) VALUES ('oi-0259-1','order-0259','prod-028',1,57.05,0,57.05);
INSERT OR IGNORE INTO sales_order_items (id,sales_order_id,product_id,quantity,unit_price,discount_percent,line_total) VALUES ('oi-0259-2','order-0259','prod-015',5,122.62,0,613.1);
INSERT OR IGNORE INTO sales_orders (id,tenant_id,order_number,agent_id,customer_id,order_type,status,subtotal,tax_amount,total_amount,payment_method,payment_status,created_at) VALUES ('order-0260','default-tenant-001','SO-00260','agent-001','cust-057','direct_sale','completed',4671.16,700.67,5371.83,'mobile_money','paid','2026-01-05T10:00:00Z');
INSERT OR IGNORE INTO sales_order_items (id,sales_order_id,product_id,quantity,unit_price,discount_percent,line_total) VALUES ('oi-0260-1','order-0260','prod-042',8,171.42,10,1234.22);
INSERT OR IGNORE INTO sales_order_items (id,sales_order_id,product_id,quantity,unit_price,discount_percent,line_total) VALUES ('oi-0260-2','order-0260','prod-019',18,173.11,0,3115.98);
INSERT OR IGNORE INTO sales_order_items (id,sales_order_id,product_id,quantity,unit_price,discount_percent,line_total) VALUES ('oi-0260-3','order-0260','prod-010',4,30.91,0,123.64);
INSERT OR IGNORE INTO sales_order_items (id,sales_order_id,product_id,quantity,unit_price,discount_percent,line_total) VALUES ('oi-0260-4','order-0260','prod-047',4,49.33,0,197.32);
INSERT OR IGNORE INTO sales_orders (id,tenant_id,order_number,agent_id,customer_id,order_type,status,subtotal,tax_amount,total_amount,payment_method,payment_status,created_at) VALUES ('order-0261','default-tenant-001','SO-00261','agent-003','cust-044','direct_sale','completed',5696.35,854.45,6550.8,'cash','paid','2026-02-06T10:00:00Z');
INSERT OR IGNORE INTO sales_order_items (id,sales_order_id,product_id,quantity,unit_price,discount_percent,line_total) VALUES ('oi-0261-1','order-0261','prod-040',17,53.89,5,870.32);
INSERT OR IGNORE INTO sales_order_items (id,sales_order_id,product_id,quantity,unit_price,discount_percent,line_total) VALUES ('oi-0261-2','order-0261','prod-006',5,157.13,10,707.09);
INSERT OR IGNORE INTO sales_order_items (id,sales_order_id,product_id,quantity,unit_price,discount_percent,line_total) VALUES ('oi-0261-3','order-0261','prod-040',6,10.1,0,60.6);
INSERT OR IGNORE INTO sales_order_items (id,sales_order_id,product_id,quantity,unit_price,discount_percent,line_total) VALUES ('oi-0261-4','order-0261','prod-010',18,167.2,5,2859.12);
INSERT OR IGNORE INTO sales_order_items (id,sales_order_id,product_id,quantity,unit_price,discount_percent,line_total) VALUES ('oi-0261-5','order-0261','prod-016',11,109.02,0,1199.22);
INSERT OR IGNORE INTO sales_orders (id,tenant_id,order_number,agent_id,customer_id,order_type,status,subtotal,tax_amount,total_amount,payment_method,payment_status,created_at) VALUES ('order-0262','default-tenant-001','SO-00262','agent-user-001','cust-087','direct_sale','delivered',1919.19,287.88,2207.07,'credit','paid','2025-10-31T10:00:00Z');
INSERT OR IGNORE INTO sales_order_items (id,sales_order_id,product_id,quantity,unit_price,discount_percent,line_total) VALUES ('oi-0262-1','order-0262','prod-036',2,109.08,0,218.16);
INSERT OR IGNORE INTO sales_order_items (id,sales_order_id,product_id,quantity,unit_price,discount_percent,line_total) VALUES ('oi-0262-2','order-0262','prod-003',17,72.46,0,1231.82);
INSERT OR IGNORE INTO sales_order_items (id,sales_order_id,product_id,quantity,unit_price,discount_percent,line_total) VALUES ('oi-0262-3','order-0262','prod-039',7,67.03,0,469.21);
INSERT OR IGNORE INTO sales_orders (id,tenant_id,order_number,agent_id,customer_id,order_type,status,subtotal,tax_amount,total_amount,payment_method,payment_status,created_at) VALUES ('order-0263','default-tenant-001','SO-00263','agent-002','cust-016','direct_sale','completed',2902.3399999999997,435.35,3337.69,'card','paid','2025-12-02T10:00:00Z');
INSERT OR IGNORE INTO sales_order_items (id,sales_order_id,product_id,quantity,unit_price,discount_percent,line_total) VALUES ('oi-0263-1','order-0263','prod-031',8,130.6,10,940.32);
INSERT OR IGNORE INTO sales_order_items (id,sales_order_id,product_id,quantity,unit_price,discount_percent,line_total) VALUES ('oi-0263-2','order-0263','prod-023',8,148.29,0,1186.32);
INSERT OR IGNORE INTO sales_order_items (id,sales_order_id,product_id,quantity,unit_price,discount_percent,line_total) VALUES ('oi-0263-3','order-0263','prod-025',15,16.98,0,254.7);
INSERT OR IGNORE INTO sales_order_items (id,sales_order_id,product_id,quantity,unit_price,discount_percent,line_total) VALUES ('oi-0263-4','order-0263','prod-001',8,46.01,5,349.68);
INSERT OR IGNORE INTO sales_order_items (id,sales_order_id,product_id,quantity,unit_price,discount_percent,line_total) VALUES ('oi-0263-5','order-0263','prod-041',4,47.59,10,171.32);
INSERT OR IGNORE INTO sales_orders (id,tenant_id,order_number,agent_id,customer_id,order_type,status,subtotal,tax_amount,total_amount,payment_method,payment_status,created_at) VALUES ('order-0264','default-tenant-001','SO-00264','agent-002','cust-079','direct_sale','delivered',6827.69,1024.15,7851.84,'cash','paid','2026-02-11T10:00:00Z');
INSERT OR IGNORE INTO sales_order_items (id,sales_order_id,product_id,quantity,unit_price,discount_percent,line_total) VALUES ('oi-0264-1','order-0264','prod-006',16,74.5,10,1072.8);
INSERT OR IGNORE INTO sales_order_items (id,sales_order_id,product_id,quantity,unit_price,discount_percent,line_total) VALUES ('oi-0264-2','order-0264','prod-038',3,61.2,0,183.6);
INSERT OR IGNORE INTO sales_order_items (id,sales_order_id,product_id,quantity,unit_price,discount_percent,line_total) VALUES ('oi-0264-3','order-0264','prod-035',19,163.66,0,3109.54);
INSERT OR IGNORE INTO sales_order_items (id,sales_order_id,product_id,quantity,unit_price,discount_percent,line_total) VALUES ('oi-0264-4','order-0264','prod-050',7,108.89,10,686.01);
INSERT OR IGNORE INTO sales_order_items (id,sales_order_id,product_id,quantity,unit_price,discount_percent,line_total) VALUES ('oi-0264-5','order-0264','prod-014',19,93.46,0,1775.74);
INSERT OR IGNORE INTO sales_orders (id,tenant_id,order_number,agent_id,customer_id,order_type,status,subtotal,tax_amount,total_amount,payment_method,payment_status,created_at) VALUES ('order-0265','default-tenant-001','SO-00265','agent-003','cust-017','direct_sale','draft',3692.5200000000004,553.88,4246.4,'card','pending','2025-10-28T10:00:00Z');
INSERT OR IGNORE INTO sales_order_items (id,sales_order_id,product_id,quantity,unit_price,discount_percent,line_total) VALUES ('oi-0265-1','order-0265','prod-009',5,161.1,0,805.5);
INSERT OR IGNORE INTO sales_order_items (id,sales_order_id,product_id,quantity,unit_price,discount_percent,line_total) VALUES ('oi-0265-2','order-0265','prod-017',18,52.14,0,938.52);
INSERT OR IGNORE INTO sales_order_items (id,sales_order_id,product_id,quantity,unit_price,discount_percent,line_total) VALUES ('oi-0265-3','order-0265','prod-038',8,23.33,5,177.31);
INSERT OR IGNORE INTO sales_order_items (id,sales_order_id,product_id,quantity,unit_price,discount_percent,line_total) VALUES ('oi-0265-4','order-0265','prod-008',9,34.83,0,313.47);
INSERT OR IGNORE INTO sales_order_items (id,sales_order_id,product_id,quantity,unit_price,discount_percent,line_total) VALUES ('oi-0265-5','order-0265','prod-015',19,80.76,5,1457.72);
INSERT OR IGNORE INTO sales_orders (id,tenant_id,order_number,agent_id,customer_id,order_type,status,subtotal,tax_amount,total_amount,payment_method,payment_status,created_at) VALUES ('order-0266','default-tenant-001','SO-00266','agent-001','cust-064','direct_sale','delivered',3380.0299999999997,507.0,3887.03,'cash','paid','2025-12-28T10:00:00Z');
INSERT OR IGNORE INTO sales_order_items (id,sales_order_id,product_id,quantity,unit_price,discount_percent,line_total) VALUES ('oi-0266-1','order-0266','prod-022',17,58.19,10,890.31);
INSERT OR IGNORE INTO sales_order_items (id,sales_order_id,product_id,quantity,unit_price,discount_percent,line_total) VALUES ('oi-0266-2','order-0266','prod-001',8,55.49,0,443.92);
INSERT OR IGNORE INTO sales_order_items (id,sales_order_id,product_id,quantity,unit_price,discount_percent,line_total) VALUES ('oi-0266-3','order-0266','prod-010',20,102.29,0,2045.8);
INSERT OR IGNORE INTO sales_orders (id,tenant_id,order_number,agent_id,customer_id,order_type,status,subtotal,tax_amount,total_amount,payment_method,payment_status,created_at) VALUES ('order-0267','default-tenant-001','SO-00267','agent-005','cust-030','direct_sale','completed',3997.74,599.66,4597.4,'cash','paid','2025-10-10T10:00:00Z');
INSERT OR IGNORE INTO sales_order_items (id,sales_order_id,product_id,quantity,unit_price,discount_percent,line_total) VALUES ('oi-0267-1','order-0267','prod-031',1,64.29,10,57.86);
INSERT OR IGNORE INTO sales_order_items (id,sales_order_id,product_id,quantity,unit_price,discount_percent,line_total) VALUES ('oi-0267-2','order-0267','prod-031',3,87.18,0,261.54);
INSERT OR IGNORE INTO sales_order_items (id,sales_order_id,product_id,quantity,unit_price,discount_percent,line_total) VALUES ('oi-0267-3','order-0267','prod-007',5,149.3,0,746.5);
INSERT OR IGNORE INTO sales_order_items (id,sales_order_id,product_id,quantity,unit_price,discount_percent,line_total) VALUES ('oi-0267-4','order-0267','prod-044',16,93.43,5,1420.14);
INSERT OR IGNORE INTO sales_order_items (id,sales_order_id,product_id,quantity,unit_price,discount_percent,line_total) VALUES ('oi-0267-5','order-0267','prod-043',11,144.66,5,1511.7);
INSERT OR IGNORE INTO sales_orders (id,tenant_id,order_number,agent_id,customer_id,order_type,status,subtotal,tax_amount,total_amount,payment_method,payment_status,created_at) VALUES ('order-0268','default-tenant-001','SO-00268','agent-001','cust-048','direct_sale','pending',1082.2,162.33,1244.53,'mobile_money','pending','2026-01-11T10:00:00Z');
INSERT OR IGNORE INTO sales_order_items (id,sales_order_id,product_id,quantity,unit_price,discount_percent,line_total) VALUES ('oi-0268-1','order-0268','prod-037',2,34.78,0,69.56);
INSERT OR IGNORE INTO sales_order_items (id,sales_order_id,product_id,quantity,unit_price,discount_percent,line_total) VALUES ('oi-0268-2','order-0268','prod-006',9,10.36,10,83.92);
INSERT OR IGNORE INTO sales_order_items (id,sales_order_id,product_id,quantity,unit_price,discount_percent,line_total) VALUES ('oi-0268-3','order-0268','prod-020',2,59.96,0,119.92);
INSERT OR IGNORE INTO sales_order_items (id,sales_order_id,product_id,quantity,unit_price,discount_percent,line_total) VALUES ('oi-0268-4','order-0268','prod-045',10,80.88,0,808.8);
INSERT OR IGNORE INTO sales_orders (id,tenant_id,order_number,agent_id,customer_id,order_type,status,subtotal,tax_amount,total_amount,payment_method,payment_status,created_at) VALUES ('order-0269','default-tenant-001','SO-00269','agent-001','cust-044','direct_sale','completed',2647.34,397.1,3044.44,'mobile_money','paid','2025-12-01T10:00:00Z');
INSERT OR IGNORE INTO sales_order_items (id,sales_order_id,product_id,quantity,unit_price,discount_percent,line_total) VALUES ('oi-0269-1','order-0269','prod-045',6,33.65,0,201.9);
INSERT OR IGNORE INTO sales_order_items (id,sales_order_id,product_id,quantity,unit_price,discount_percent,line_total) VALUES ('oi-0269-2','order-0269','prod-048',2,53.77,10,96.79);
INSERT OR IGNORE INTO sales_order_items (id,sales_order_id,product_id,quantity,unit_price,discount_percent,line_total) VALUES ('oi-0269-3','order-0269','prod-006',19,89.87,10,1536.78);
INSERT OR IGNORE INTO sales_order_items (id,sales_order_id,product_id,quantity,unit_price,discount_percent,line_total) VALUES ('oi-0269-4','order-0269','prod-039',10,85.46,5,811.87);
INSERT OR IGNORE INTO sales_orders (id,tenant_id,order_number,agent_id,customer_id,order_type,status,subtotal,tax_amount,total_amount,payment_method,payment_status,created_at) VALUES ('order-0270','default-tenant-001','SO-00270','agent-005','cust-099','direct_sale','delivered',1396.44,209.47,1605.91,'credit','paid','2026-03-05T10:00:00Z');
INSERT OR IGNORE INTO sales_order_items (id,sales_order_id,product_id,quantity,unit_price,discount_percent,line_total) VALUES ('oi-0270-1','order-0270','prod-031',4,155.94,5,592.57);
INSERT OR IGNORE INTO sales_order_items (id,sales_order_id,product_id,quantity,unit_price,discount_percent,line_total) VALUES ('oi-0270-2','order-0270','prod-035',5,77.4,0,387.0);
INSERT OR IGNORE INTO sales_order_items (id,sales_order_id,product_id,quantity,unit_price,discount_percent,line_total) VALUES ('oi-0270-3','order-0270','prod-023',1,69.24,5,65.78);
INSERT OR IGNORE INTO sales_order_items (id,sales_order_id,product_id,quantity,unit_price,discount_percent,line_total) VALUES ('oi-0270-4','order-0270','prod-035',5,48.81,0,244.05);
INSERT OR IGNORE INTO sales_order_items (id,sales_order_id,product_id,quantity,unit_price,discount_percent,line_total) VALUES ('oi-0270-5','order-0270','prod-011',1,118.93,10,107.04);
INSERT OR IGNORE INTO sales_orders (id,tenant_id,order_number,agent_id,customer_id,order_type,status,subtotal,tax_amount,total_amount,payment_method,payment_status,created_at) VALUES ('order-0271','default-tenant-001','SO-00271','agent-005','cust-076','direct_sale','completed',6204.86,930.73,7135.59,'mobile_money','paid','2025-11-15T10:00:00Z');
INSERT OR IGNORE INTO sales_order_items (id,sales_order_id,product_id,quantity,unit_price,discount_percent,line_total) VALUES ('oi-0271-1','order-0271','prod-044',5,119.26,0,596.3);
INSERT OR IGNORE INTO sales_order_items (id,sales_order_id,product_id,quantity,unit_price,discount_percent,line_total) VALUES ('oi-0271-2','order-0271','prod-006',1,167.53,0,167.53);
INSERT OR IGNORE INTO sales_order_items (id,sales_order_id,product_id,quantity,unit_price,discount_percent,line_total) VALUES ('oi-0271-3','order-0271','prod-021',20,136.08,0,2721.6);
INSERT OR IGNORE INTO sales_order_items (id,sales_order_id,product_id,quantity,unit_price,discount_percent,line_total) VALUES ('oi-0271-4','order-0271','prod-005',7,145.1,10,914.13);
INSERT OR IGNORE INTO sales_order_items (id,sales_order_id,product_id,quantity,unit_price,discount_percent,line_total) VALUES ('oi-0271-5','order-0271','prod-026',16,118.77,5,1805.3);
INSERT OR IGNORE INTO sales_orders (id,tenant_id,order_number,agent_id,customer_id,order_type,status,subtotal,tax_amount,total_amount,payment_method,payment_status,created_at) VALUES ('order-0272','default-tenant-001','SO-00272','agent-002','cust-057','direct_sale','completed',2715.4300000000003,407.31,3122.74,'cash','paid','2025-12-10T10:00:00Z');
INSERT OR IGNORE INTO sales_order_items (id,sales_order_id,product_id,quantity,unit_price,discount_percent,line_total) VALUES ('oi-0272-1','order-0272','prod-034',5,65.04,5,308.94);
INSERT OR IGNORE INTO sales_order_items (id,sales_order_id,product_id,quantity,unit_price,discount_percent,line_total) VALUES ('oi-0272-2','order-0272','prod-016',12,66.42,0,797.04);
INSERT OR IGNORE INTO sales_order_items (id,sales_order_id,product_id,quantity,unit_price,discount_percent,line_total) VALUES ('oi-0272-3','order-0272','prod-037',13,137.56,10,1609.45);
INSERT OR IGNORE INTO sales_orders (id,tenant_id,order_number,agent_id,customer_id,order_type,status,subtotal,tax_amount,total_amount,payment_method,payment_status,created_at) VALUES ('order-0273','default-tenant-001','SO-00273','agent-user-001','cust-094','direct_sale','draft',3027.19,454.08,3481.27,'credit','pending','2026-02-11T10:00:00Z');
INSERT OR IGNORE INTO sales_order_items (id,sales_order_id,product_id,quantity,unit_price,discount_percent,line_total) VALUES ('oi-0273-1','order-0273','prod-010',15,169.27,0,2539.05);
INSERT OR IGNORE INTO sales_order_items (id,sales_order_id,product_id,quantity,unit_price,discount_percent,line_total) VALUES ('oi-0273-2','order-0273','prod-034',4,43.49,10,156.56);
INSERT OR IGNORE INTO sales_order_items (id,sales_order_id,product_id,quantity,unit_price,discount_percent,line_total) VALUES ('oi-0273-3','order-0273','prod-013',10,27.66,5,262.77);
INSERT OR IGNORE INTO sales_order_items (id,sales_order_id,product_id,quantity,unit_price,discount_percent,line_total) VALUES ('oi-0273-4','order-0273','prod-043',1,68.81,0,68.81);
INSERT OR IGNORE INTO sales_orders (id,tenant_id,order_number,agent_id,customer_id,order_type,status,subtotal,tax_amount,total_amount,payment_method,payment_status,created_at) VALUES ('order-0274','default-tenant-001','SO-00274','agent-005','cust-005','direct_sale','completed',1527.11,229.07,1756.18,'card','paid','2025-10-07T10:00:00Z');
INSERT OR IGNORE INTO sales_order_items (id,sales_order_id,product_id,quantity,unit_price,discount_percent,line_total) VALUES ('oi-0274-1','order-0274','prod-002',9,83.72,0,753.48);
INSERT OR IGNORE INTO sales_order_items (id,sales_order_id,product_id,quantity,unit_price,discount_percent,line_total) VALUES ('oi-0274-2','order-0274','prod-028',19,21.36,5,385.55);
INSERT OR IGNORE INTO sales_order_items (id,sales_order_id,product_id,quantity,unit_price,discount_percent,line_total) VALUES ('oi-0274-3','order-0274','prod-034',14,30.8,10,388.08);
INSERT OR IGNORE INTO sales_orders (id,tenant_id,order_number,agent_id,customer_id,order_type,status,subtotal,tax_amount,total_amount,payment_method,payment_status,created_at) VALUES ('order-0275','default-tenant-001','SO-00275','agent-002','cust-052','direct_sale','delivered',791.47,118.72,910.19,'mobile_money','paid','2025-11-08T10:00:00Z');
INSERT OR IGNORE INTO sales_order_items (id,sales_order_id,product_id,quantity,unit_price,discount_percent,line_total) VALUES ('oi-0275-1','order-0275','prod-037',6,40.22,5,229.25);
INSERT OR IGNORE INTO sales_order_items (id,sales_order_id,product_id,quantity,unit_price,discount_percent,line_total) VALUES ('oi-0275-2','order-0275','prod-046',4,54.55,10,196.38);
INSERT OR IGNORE INTO sales_order_items (id,sales_order_id,product_id,quantity,unit_price,discount_percent,line_total) VALUES ('oi-0275-3','order-0275','prod-048',4,91.46,0,365.84);
INSERT OR IGNORE INTO sales_orders (id,tenant_id,order_number,agent_id,customer_id,order_type,status,subtotal,tax_amount,total_amount,payment_method,payment_status,created_at) VALUES ('order-0276','default-tenant-001','SO-00276','agent-004','cust-045','direct_sale','draft',6193.19,928.98,7122.17,'credit','pending','2025-10-12T10:00:00Z');
INSERT OR IGNORE INTO sales_order_items (id,sales_order_id,product_id,quantity,unit_price,discount_percent,line_total) VALUES ('oi-0276-1','order-0276','prod-004',16,19.01,0,304.16);
INSERT OR IGNORE INTO sales_order_items (id,sales_order_id,product_id,quantity,unit_price,discount_percent,line_total) VALUES ('oi-0276-2','order-0276','prod-016',20,113.65,0,2273.0);
INSERT OR IGNORE INTO sales_order_items (id,sales_order_id,product_id,quantity,unit_price,discount_percent,line_total) VALUES ('oi-0276-3','order-0276','prod-036',20,105.13,0,2102.6);
INSERT OR IGNORE INTO sales_order_items (id,sales_order_id,product_id,quantity,unit_price,discount_percent,line_total) VALUES ('oi-0276-4','order-0276','prod-022',12,66.03,0,792.36);
INSERT OR IGNORE INTO sales_order_items (id,sales_order_id,product_id,quantity,unit_price,discount_percent,line_total) VALUES ('oi-0276-5','order-0276','prod-028',17,21.86,0,371.62);
INSERT OR IGNORE INTO sales_order_items (id,sales_order_id,product_id,quantity,unit_price,discount_percent,line_total) VALUES ('oi-0276-6','order-0276','prod-014',5,69.89,0,349.45);
INSERT OR IGNORE INTO sales_orders (id,tenant_id,order_number,agent_id,customer_id,order_type,status,subtotal,tax_amount,total_amount,payment_method,payment_status,created_at) VALUES ('order-0277','default-tenant-001','SO-00277','agent-005','cust-092','direct_sale','completed',3240.7200000000003,486.11,3726.83,'card','paid','2025-11-01T10:00:00Z');
INSERT OR IGNORE INTO sales_order_items (id,sales_order_id,product_id,quantity,unit_price,discount_percent,line_total) VALUES ('oi-0277-1','order-0277','prod-032',7,58.71,10,369.87);
INSERT OR IGNORE INTO sales_order_items (id,sales_order_id,product_id,quantity,unit_price,discount_percent,line_total) VALUES ('oi-0277-2','order-0277','prod-026',16,23.34,0,373.44);
INSERT OR IGNORE INTO sales_order_items (id,sales_order_id,product_id,quantity,unit_price,discount_percent,line_total) VALUES ('oi-0277-3','order-0277','prod-036',4,90.25,0,361.0);
INSERT OR IGNORE INTO sales_order_items (id,sales_order_id,product_id,quantity,unit_price,discount_percent,line_total) VALUES ('oi-0277-4','order-0277','prod-049',2,23.78,10,42.8);
INSERT OR IGNORE INTO sales_order_items (id,sales_order_id,product_id,quantity,unit_price,discount_percent,line_total) VALUES ('oi-0277-5','order-0277','prod-006',17,119.1,10,1822.23);
INSERT OR IGNORE INTO sales_order_items (id,sales_order_id,product_id,quantity,unit_price,discount_percent,line_total) VALUES ('oi-0277-6','order-0277','prod-037',2,135.69,0,271.38);
INSERT OR IGNORE INTO sales_orders (id,tenant_id,order_number,agent_id,customer_id,order_type,status,subtotal,tax_amount,total_amount,payment_method,payment_status,created_at) VALUES ('order-0278','default-tenant-001','SO-00278','agent-002','cust-013','direct_sale','pending',6653.41,998.01,7651.42,'cash','pending','2026-02-12T10:00:00Z');
INSERT OR IGNORE INTO sales_order_items (id,sales_order_id,product_id,quantity,unit_price,discount_percent,line_total) VALUES ('oi-0278-1','order-0278','prod-050',7,149.15,5,991.85);
INSERT OR IGNORE INTO sales_order_items (id,sales_order_id,product_id,quantity,unit_price,discount_percent,line_total) VALUES ('oi-0278-2','order-0278','prod-004',17,156.24,0,2656.08);
INSERT OR IGNORE INTO sales_order_items (id,sales_order_id,product_id,quantity,unit_price,discount_percent,line_total) VALUES ('oi-0278-3','order-0278','prod-045',4,153.97,0,615.88);
INSERT OR IGNORE INTO sales_order_items (id,sales_order_id,product_id,quantity,unit_price,discount_percent,line_total) VALUES ('oi-0278-4','order-0278','prod-010',2,89.91,0,179.82);
INSERT OR IGNORE INTO sales_order_items (id,sales_order_id,product_id,quantity,unit_price,discount_percent,line_total) VALUES ('oi-0278-5','order-0278','prod-042',17,144.43,10,2209.78);
INSERT OR IGNORE INTO sales_orders (id,tenant_id,order_number,agent_id,customer_id,order_type,status,subtotal,tax_amount,total_amount,payment_method,payment_status,created_at) VALUES ('order-0279','default-tenant-001','SO-00279','agent-003','cust-069','direct_sale','completed',6399.12,959.87,7358.99,'mobile_money','paid','2025-11-23T10:00:00Z');
INSERT OR IGNORE INTO sales_order_items (id,sales_order_id,product_id,quantity,unit_price,discount_percent,line_total) VALUES ('oi-0279-1','order-0279','prod-019',20,90.92,10,1636.56);
INSERT OR IGNORE INTO sales_order_items (id,sales_order_id,product_id,quantity,unit_price,discount_percent,line_total) VALUES ('oi-0279-2','order-0279','prod-021',10,15.55,0,155.5);
INSERT OR IGNORE INTO sales_order_items (id,sales_order_id,product_id,quantity,unit_price,discount_percent,line_total) VALUES ('oi-0279-3','order-0279','prod-030',12,162.42,5,1851.59);
INSERT OR IGNORE INTO sales_order_items (id,sales_order_id,product_id,quantity,unit_price,discount_percent,line_total) VALUES ('oi-0279-4','order-0279','prod-049',2,169.11,10,304.4);
INSERT OR IGNORE INTO sales_order_items (id,sales_order_id,product_id,quantity,unit_price,discount_percent,line_total) VALUES ('oi-0279-5','order-0279','prod-003',16,52.2,0,835.2);
INSERT OR IGNORE INTO sales_order_items (id,sales_order_id,product_id,quantity,unit_price,discount_percent,line_total) VALUES ('oi-0279-6','order-0279','prod-028',13,130.84,5,1615.87);
INSERT OR IGNORE INTO sales_orders (id,tenant_id,order_number,agent_id,customer_id,order_type,status,subtotal,tax_amount,total_amount,payment_method,payment_status,created_at) VALUES ('order-0280','default-tenant-001','SO-00280','agent-002','cust-052','direct_sale','completed',3688.01,553.2,4241.21,'mobile_money','paid','2026-02-01T10:00:00Z');
INSERT OR IGNORE INTO sales_order_items (id,sales_order_id,product_id,quantity,unit_price,discount_percent,line_total) VALUES ('oi-0280-1','order-0280','prod-048',19,77.67,0,1475.73);
INSERT OR IGNORE INTO sales_order_items (id,sales_order_id,product_id,quantity,unit_price,discount_percent,line_total) VALUES ('oi-0280-2','order-0280','prod-022',12,55.34,10,597.67);
INSERT OR IGNORE INTO sales_order_items (id,sales_order_id,product_id,quantity,unit_price,discount_percent,line_total) VALUES ('oi-0280-3','order-0280','prod-041',3,105.75,0,317.25);
INSERT OR IGNORE INTO sales_order_items (id,sales_order_id,product_id,quantity,unit_price,discount_percent,line_total) VALUES ('oi-0280-4','order-0280','prod-048',8,162.17,0,1297.36);
INSERT OR IGNORE INTO sales_orders (id,tenant_id,order_number,agent_id,customer_id,order_type,status,subtotal,tax_amount,total_amount,payment_method,payment_status,created_at) VALUES ('order-0281','default-tenant-001','SO-00281','agent-005','cust-062','direct_sale','completed',5138.139999999999,770.72,5908.86,'cash','paid','2025-11-05T10:00:00Z');
INSERT OR IGNORE INTO sales_order_items (id,sales_order_id,product_id,quantity,unit_price,discount_percent,line_total) VALUES ('oi-0281-1','order-0281','prod-020',18,119.79,0,2156.22);
INSERT OR IGNORE INTO sales_order_items (id,sales_order_id,product_id,quantity,unit_price,discount_percent,line_total) VALUES ('oi-0281-2','order-0281','prod-021',15,48.32,0,724.8);
INSERT OR IGNORE INTO sales_order_items (id,sales_order_id,product_id,quantity,unit_price,discount_percent,line_total) VALUES ('oi-0281-3','order-0281','prod-014',16,141.07,0,2257.12);
INSERT OR IGNORE INTO sales_orders (id,tenant_id,order_number,agent_id,customer_id,order_type,status,subtotal,tax_amount,total_amount,payment_method,payment_status,created_at) VALUES ('order-0282','default-tenant-001','SO-00282','agent-001','cust-061','direct_sale','pending',3808.08,571.21,4379.29,'mobile_money','pending','2025-11-09T10:00:00Z');
INSERT OR IGNORE INTO sales_order_items (id,sales_order_id,product_id,quantity,unit_price,discount_percent,line_total) VALUES ('oi-0282-1','order-0282','prod-042',14,120.11,0,1681.54);
INSERT OR IGNORE INTO sales_order_items (id,sales_order_id,product_id,quantity,unit_price,discount_percent,line_total) VALUES ('oi-0282-2','order-0282','prod-020',13,163.58,0,2126.54);
INSERT OR IGNORE INTO sales_orders (id,tenant_id,order_number,agent_id,customer_id,order_type,status,subtotal,tax_amount,total_amount,payment_method,payment_status,created_at) VALUES ('order-0283','default-tenant-001','SO-00283','agent-003','cust-032','direct_sale','delivered',5041.22,756.18,5797.4,'mobile_money','paid','2025-10-18T10:00:00Z');
INSERT OR IGNORE INTO sales_order_items (id,sales_order_id,product_id,quantity,unit_price,discount_percent,line_total) VALUES ('oi-0283-1','order-0283','prod-001',13,147.54,0,1918.02);
INSERT OR IGNORE INTO sales_order_items (id,sales_order_id,product_id,quantity,unit_price,discount_percent,line_total) VALUES ('oi-0283-2','order-0283','prod-041',17,96.12,0,1634.04);
INSERT OR IGNORE INTO sales_order_items (id,sales_order_id,product_id,quantity,unit_price,discount_percent,line_total) VALUES ('oi-0283-3','order-0283','prod-006',5,102.2,0,511.0);
INSERT OR IGNORE INTO sales_order_items (id,sales_order_id,product_id,quantity,unit_price,discount_percent,line_total) VALUES ('oi-0283-4','order-0283','prod-018',9,120.76,10,978.16);
INSERT OR IGNORE INTO sales_orders (id,tenant_id,order_number,agent_id,customer_id,order_type,status,subtotal,tax_amount,total_amount,payment_method,payment_status,created_at) VALUES ('order-0284','default-tenant-001','SO-00284','agent-004','cust-072','direct_sale','draft',7759.1,1163.87,8922.97,'credit','pending','2025-10-31T10:00:00Z');
INSERT OR IGNORE INTO sales_order_items (id,sales_order_id,product_id,quantity,unit_price,discount_percent,line_total) VALUES ('oi-0284-1','order-0284','prod-014',18,72.61,5,1241.63);
INSERT OR IGNORE INTO sales_order_items (id,sales_order_id,product_id,quantity,unit_price,discount_percent,line_total) VALUES ('oi-0284-2','order-0284','prod-050',7,115.6,10,728.28);
INSERT OR IGNORE INTO sales_order_items (id,sales_order_id,product_id,quantity,unit_price,discount_percent,line_total) VALUES ('oi-0284-3','order-0284','prod-036',18,71.66,5,1225.39);
INSERT OR IGNORE INTO sales_order_items (id,sales_order_id,product_id,quantity,unit_price,discount_percent,line_total) VALUES ('oi-0284-4','order-0284','prod-013',19,79.69,5,1438.4);
INSERT OR IGNORE INTO sales_order_items (id,sales_order_id,product_id,quantity,unit_price,discount_percent,line_total) VALUES ('oi-0284-5','order-0284','prod-047',18,176.6,10,2860.92);
INSERT OR IGNORE INTO sales_order_items (id,sales_order_id,product_id,quantity,unit_price,discount_percent,line_total) VALUES ('oi-0284-6','order-0284','prod-006',12,22.04,0,264.48);
INSERT OR IGNORE INTO sales_orders (id,tenant_id,order_number,agent_id,customer_id,order_type,status,subtotal,tax_amount,total_amount,payment_method,payment_status,created_at) VALUES ('order-0285','default-tenant-001','SO-00285','agent-003','cust-092','direct_sale','completed',5220.68,783.1,6003.78,'credit','paid','2025-11-18T10:00:00Z');
INSERT OR IGNORE INTO sales_order_items (id,sales_order_id,product_id,quantity,unit_price,discount_percent,line_total) VALUES ('oi-0285-1','order-0285','prod-021',15,87.34,5,1244.6);
INSERT OR IGNORE INTO sales_order_items (id,sales_order_id,product_id,quantity,unit_price,discount_percent,line_total) VALUES ('oi-0285-2','order-0285','prod-003',5,70.66,0,353.3);
INSERT OR IGNORE INTO sales_order_items (id,sales_order_id,product_id,quantity,unit_price,discount_percent,line_total) VALUES ('oi-0285-3','order-0285','prod-030',9,80.47,0,724.23);
INSERT OR IGNORE INTO sales_order_items (id,sales_order_id,product_id,quantity,unit_price,discount_percent,line_total) VALUES ('oi-0285-4','order-0285','prod-040',5,167.26,10,752.67);
INSERT OR IGNORE INTO sales_order_items (id,sales_order_id,product_id,quantity,unit_price,discount_percent,line_total) VALUES ('oi-0285-5','order-0285','prod-022',8,110.78,0,886.24);
INSERT OR IGNORE INTO sales_order_items (id,sales_order_id,product_id,quantity,unit_price,discount_percent,line_total) VALUES ('oi-0285-6','order-0285','prod-013',9,139.96,0,1259.64);
INSERT OR IGNORE INTO sales_orders (id,tenant_id,order_number,agent_id,customer_id,order_type,status,subtotal,tax_amount,total_amount,payment_method,payment_status,created_at) VALUES ('order-0286','default-tenant-001','SO-00286','agent-001','cust-080','direct_sale','completed',6164.55,924.68,7089.23,'card','paid','2026-02-09T10:00:00Z');
INSERT OR IGNORE INTO sales_order_items (id,sales_order_id,product_id,quantity,unit_price,discount_percent,line_total) VALUES ('oi-0286-1','order-0286','prod-001',18,159.9,0,2878.2);
INSERT OR IGNORE INTO sales_order_items (id,sales_order_id,product_id,quantity,unit_price,discount_percent,line_total) VALUES ('oi-0286-2','order-0286','prod-005',5,87.63,0,438.15);
INSERT OR IGNORE INTO sales_order_items (id,sales_order_id,product_id,quantity,unit_price,discount_percent,line_total) VALUES ('oi-0286-3','order-0286','prod-014',11,49.07,5,512.78);
INSERT OR IGNORE INTO sales_order_items (id,sales_order_id,product_id,quantity,unit_price,discount_percent,line_total) VALUES ('oi-0286-4','order-0286','prod-030',13,18.04,0,234.52);
INSERT OR IGNORE INTO sales_order_items (id,sales_order_id,product_id,quantity,unit_price,discount_percent,line_total) VALUES ('oi-0286-5','order-0286','prod-006',11,148.65,0,1635.15);
INSERT OR IGNORE INTO sales_order_items (id,sales_order_id,product_id,quantity,unit_price,discount_percent,line_total) VALUES ('oi-0286-6','order-0286','prod-044',9,51.75,0,465.75);
INSERT OR IGNORE INTO sales_orders (id,tenant_id,order_number,agent_id,customer_id,order_type,status,subtotal,tax_amount,total_amount,payment_method,payment_status,created_at) VALUES ('order-0287','default-tenant-001','SO-00287','agent-002','cust-044','direct_sale','completed',3346.8599999999997,502.03,3848.89,'card','paid','2025-11-28T10:00:00Z');
INSERT OR IGNORE INTO sales_order_items (id,sales_order_id,product_id,quantity,unit_price,discount_percent,line_total) VALUES ('oi-0287-1','order-0287','prod-013',11,165.59,0,1821.49);
INSERT OR IGNORE INTO sales_order_items (id,sales_order_id,product_id,quantity,unit_price,discount_percent,line_total) VALUES ('oi-0287-2','order-0287','prod-033',17,68.87,10,1053.71);
INSERT OR IGNORE INTO sales_order_items (id,sales_order_id,product_id,quantity,unit_price,discount_percent,line_total) VALUES ('oi-0287-3','order-0287','prod-047',3,157.22,0,471.66);
INSERT OR IGNORE INTO sales_orders (id,tenant_id,order_number,agent_id,customer_id,order_type,status,subtotal,tax_amount,total_amount,payment_method,payment_status,created_at) VALUES ('order-0288','default-tenant-001','SO-00288','agent-005','cust-040','direct_sale','completed',1881.13,282.17,2163.3,'cash','paid','2026-01-11T10:00:00Z');
INSERT OR IGNORE INTO sales_order_items (id,sales_order_id,product_id,quantity,unit_price,discount_percent,line_total) VALUES ('oi-0288-1','order-0288','prod-047',19,77.7,5,1402.48);
INSERT OR IGNORE INTO sales_order_items (id,sales_order_id,product_id,quantity,unit_price,discount_percent,line_total) VALUES ('oi-0288-2','order-0288','prod-020',3,50.59,0,151.77);
INSERT OR IGNORE INTO sales_order_items (id,sales_order_id,product_id,quantity,unit_price,discount_percent,line_total) VALUES ('oi-0288-3','order-0288','prod-035',1,148.96,0,148.96);
INSERT OR IGNORE INTO sales_order_items (id,sales_order_id,product_id,quantity,unit_price,discount_percent,line_total) VALUES ('oi-0288-4','order-0288','prod-019',1,177.92,0,177.92);
INSERT OR IGNORE INTO sales_orders (id,tenant_id,order_number,agent_id,customer_id,order_type,status,subtotal,tax_amount,total_amount,payment_method,payment_status,created_at) VALUES ('order-0289','default-tenant-001','SO-00289','agent-003','cust-020','direct_sale','pending',2873.4500000000003,431.02,3304.47,'card','pending','2026-01-06T10:00:00Z');
INSERT OR IGNORE INTO sales_order_items (id,sales_order_id,product_id,quantity,unit_price,discount_percent,line_total) VALUES ('oi-0289-1','order-0289','prod-006',1,124.89,0,124.89);
INSERT OR IGNORE INTO sales_order_items (id,sales_order_id,product_id,quantity,unit_price,discount_percent,line_total) VALUES ('oi-0289-2','order-0289','prod-016',6,28.25,10,152.55);
INSERT OR IGNORE INTO sales_order_items (id,sales_order_id,product_id,quantity,unit_price,discount_percent,line_total) VALUES ('oi-0289-3','order-0289','prod-007',8,55.66,10,400.75);
INSERT OR IGNORE INTO sales_order_items (id,sales_order_id,product_id,quantity,unit_price,discount_percent,line_total) VALUES ('oi-0289-4','order-0289','prod-041',19,115.54,0,2195.26);
INSERT OR IGNORE INTO sales_orders (id,tenant_id,order_number,agent_id,customer_id,order_type,status,subtotal,tax_amount,total_amount,payment_method,payment_status,created_at) VALUES ('order-0290','default-tenant-001','SO-00290','agent-005','cust-086','direct_sale','pending',4929.4,739.41,5668.81,'credit','pending','2025-12-15T10:00:00Z');
INSERT OR IGNORE INTO sales_order_items (id,sales_order_id,product_id,quantity,unit_price,discount_percent,line_total) VALUES ('oi-0290-1','order-0290','prod-011',5,82.52,0,412.6);
INSERT OR IGNORE INTO sales_order_items (id,sales_order_id,product_id,quantity,unit_price,discount_percent,line_total) VALUES ('oi-0290-2','order-0290','prod-041',20,29.92,0,598.4);
INSERT OR IGNORE INTO sales_order_items (id,sales_order_id,product_id,quantity,unit_price,discount_percent,line_total) VALUES ('oi-0290-3','order-0290','prod-029',8,79.78,0,638.24);
INSERT OR IGNORE INTO sales_order_items (id,sales_order_id,product_id,quantity,unit_price,discount_percent,line_total) VALUES ('oi-0290-4','order-0290','prod-012',8,92.17,0,737.36);
INSERT OR IGNORE INTO sales_order_items (id,sales_order_id,product_id,quantity,unit_price,discount_percent,line_total) VALUES ('oi-0290-5','order-0290','prod-005',5,155.92,0,779.6);
INSERT OR IGNORE INTO sales_order_items (id,sales_order_id,product_id,quantity,unit_price,discount_percent,line_total) VALUES ('oi-0290-6','order-0290','prod-049',19,92.8,0,1763.2);
INSERT OR IGNORE INTO sales_orders (id,tenant_id,order_number,agent_id,customer_id,order_type,status,subtotal,tax_amount,total_amount,payment_method,payment_status,created_at) VALUES ('order-0291','default-tenant-001','SO-00291','agent-002','cust-005','direct_sale','delivered',5416.11,812.42,6228.53,'credit','paid','2025-10-12T10:00:00Z');
INSERT OR IGNORE INTO sales_order_items (id,sales_order_id,product_id,quantity,unit_price,discount_percent,line_total) VALUES ('oi-0291-1','order-0291','prod-006',7,32.59,5,216.72);
INSERT OR IGNORE INTO sales_order_items (id,sales_order_id,product_id,quantity,unit_price,discount_percent,line_total) VALUES ('oi-0291-2','order-0291','prod-009',9,53.51,0,481.59);
INSERT OR IGNORE INTO sales_order_items (id,sales_order_id,product_id,quantity,unit_price,discount_percent,line_total) VALUES ('oi-0291-3','order-0291','prod-020',12,51.61,5,588.35);
INSERT OR IGNORE INTO sales_order_items (id,sales_order_id,product_id,quantity,unit_price,discount_percent,line_total) VALUES ('oi-0291-4','order-0291','prod-015',8,140.96,0,1127.68);
INSERT OR IGNORE INTO sales_order_items (id,sales_order_id,product_id,quantity,unit_price,discount_percent,line_total) VALUES ('oi-0291-5','order-0291','prod-027',20,137.98,10,2483.64);
INSERT OR IGNORE INTO sales_order_items (id,sales_order_id,product_id,quantity,unit_price,discount_percent,line_total) VALUES ('oi-0291-6','order-0291','prod-033',15,36.36,5,518.13);
INSERT OR IGNORE INTO sales_orders (id,tenant_id,order_number,agent_id,customer_id,order_type,status,subtotal,tax_amount,total_amount,payment_method,payment_status,created_at) VALUES ('order-0292','default-tenant-001','SO-00292','agent-003','cust-096','direct_sale','completed',6779.54,1016.93,7796.47,'cash','paid','2026-02-15T10:00:00Z');
INSERT OR IGNORE INTO sales_order_items (id,sales_order_id,product_id,quantity,unit_price,discount_percent,line_total) VALUES ('oi-0292-1','order-0292','prod-016',4,136.78,10,492.41);
INSERT OR IGNORE INTO sales_order_items (id,sales_order_id,product_id,quantity,unit_price,discount_percent,line_total) VALUES ('oi-0292-2','order-0292','prod-023',16,117.05,5,1779.16);
INSERT OR IGNORE INTO sales_order_items (id,sales_order_id,product_id,quantity,unit_price,discount_percent,line_total) VALUES ('oi-0292-3','order-0292','prod-004',10,74.16,10,667.44);
INSERT OR IGNORE INTO sales_order_items (id,sales_order_id,product_id,quantity,unit_price,discount_percent,line_total) VALUES ('oi-0292-4','order-0292','prod-045',12,85.09,0,1021.08);
INSERT OR IGNORE INTO sales_order_items (id,sales_order_id,product_id,quantity,unit_price,discount_percent,line_total) VALUES ('oi-0292-5','order-0292','prod-008',17,165.85,0,2819.45);
INSERT OR IGNORE INTO sales_orders (id,tenant_id,order_number,agent_id,customer_id,order_type,status,subtotal,tax_amount,total_amount,payment_method,payment_status,created_at) VALUES ('order-0293','default-tenant-001','SO-00293','agent-003','cust-056','direct_sale','draft',3143.96,471.59,3615.55,'credit','pending','2025-10-25T10:00:00Z');
INSERT OR IGNORE INTO sales_order_items (id,sales_order_id,product_id,quantity,unit_price,discount_percent,line_total) VALUES ('oi-0293-1','order-0293','prod-003',15,118.41,10,1598.53);
INSERT OR IGNORE INTO sales_order_items (id,sales_order_id,product_id,quantity,unit_price,discount_percent,line_total) VALUES ('oi-0293-2','order-0293','prod-028',8,59.04,5,448.7);
INSERT OR IGNORE INTO sales_order_items (id,sales_order_id,product_id,quantity,unit_price,discount_percent,line_total) VALUES ('oi-0293-3','order-0293','prod-021',12,95.0,5,1083.0);
INSERT OR IGNORE INTO sales_order_items (id,sales_order_id,product_id,quantity,unit_price,discount_percent,line_total) VALUES ('oi-0293-4','order-0293','prod-002',1,13.73,0,13.73);
INSERT OR IGNORE INTO sales_orders (id,tenant_id,order_number,agent_id,customer_id,order_type,status,subtotal,tax_amount,total_amount,payment_method,payment_status,created_at) VALUES ('order-0294','default-tenant-001','SO-00294','agent-001','cust-018','direct_sale','completed',6056.35,908.45,6964.8,'mobile_money','paid','2026-01-06T10:00:00Z');
INSERT OR IGNORE INTO sales_order_items (id,sales_order_id,product_id,quantity,unit_price,discount_percent,line_total) VALUES ('oi-0294-1','order-0294','prod-006',12,111.44,0,1337.28);
INSERT OR IGNORE INTO sales_order_items (id,sales_order_id,product_id,quantity,unit_price,discount_percent,line_total) VALUES ('oi-0294-2','order-0294','prod-031',2,80.83,0,161.66);
INSERT OR IGNORE INTO sales_order_items (id,sales_order_id,product_id,quantity,unit_price,discount_percent,line_total) VALUES ('oi-0294-3','order-0294','prod-028',10,49.76,0,497.6);
INSERT OR IGNORE INTO sales_order_items (id,sales_order_id,product_id,quantity,unit_price,discount_percent,line_total) VALUES ('oi-0294-4','order-0294','prod-002',7,167.39,0,1171.73);
INSERT OR IGNORE INTO sales_order_items (id,sales_order_id,product_id,quantity,unit_price,discount_percent,line_total) VALUES ('oi-0294-5','order-0294','prod-018',12,166.84,0,2002.08);
INSERT OR IGNORE INTO sales_order_items (id,sales_order_id,product_id,quantity,unit_price,discount_percent,line_total) VALUES ('oi-0294-6','order-0294','prod-010',10,88.6,0,886.0);
INSERT OR IGNORE INTO sales_orders (id,tenant_id,order_number,agent_id,customer_id,order_type,status,subtotal,tax_amount,total_amount,payment_method,payment_status,created_at) VALUES ('order-0295','default-tenant-001','SO-00295','agent-002','cust-093','direct_sale','completed',4668.780000000001,700.32,5369.1,'card','paid','2025-10-30T10:00:00Z');
INSERT OR IGNORE INTO sales_order_items (id,sales_order_id,product_id,quantity,unit_price,discount_percent,line_total) VALUES ('oi-0295-1','order-0295','prod-050',17,29.82,10,456.25);
INSERT OR IGNORE INTO sales_order_items (id,sales_order_id,product_id,quantity,unit_price,discount_percent,line_total) VALUES ('oi-0295-2','order-0295','prod-038',2,173.64,0,347.28);
INSERT OR IGNORE INTO sales_order_items (id,sales_order_id,product_id,quantity,unit_price,discount_percent,line_total) VALUES ('oi-0295-3','order-0295','prod-035',11,155.03,5,1620.06);
INSERT OR IGNORE INTO sales_order_items (id,sales_order_id,product_id,quantity,unit_price,discount_percent,line_total) VALUES ('oi-0295-4','order-0295','prod-019',4,171.08,10,615.89);
INSERT OR IGNORE INTO sales_order_items (id,sales_order_id,product_id,quantity,unit_price,discount_percent,line_total) VALUES ('oi-0295-5','order-0295','prod-005',4,161.59,0,646.36);
INSERT OR IGNORE INTO sales_order_items (id,sales_order_id,product_id,quantity,unit_price,discount_percent,line_total) VALUES ('oi-0295-6','order-0295','prod-025',13,79.59,5,982.94);
INSERT OR IGNORE INTO sales_orders (id,tenant_id,order_number,agent_id,customer_id,order_type,status,subtotal,tax_amount,total_amount,payment_method,payment_status,created_at) VALUES ('order-0296','default-tenant-001','SO-00296','agent-002','cust-035','direct_sale','draft',4245.73,636.86,4882.59,'credit','pending','2025-11-14T10:00:00Z');
INSERT OR IGNORE INTO sales_order_items (id,sales_order_id,product_id,quantity,unit_price,discount_percent,line_total) VALUES ('oi-0296-1','order-0296','prod-015',20,74.9,5,1423.1);
INSERT OR IGNORE INTO sales_order_items (id,sales_order_id,product_id,quantity,unit_price,discount_percent,line_total) VALUES ('oi-0296-2','order-0296','prod-007',11,72.68,10,719.53);
INSERT OR IGNORE INTO sales_order_items (id,sales_order_id,product_id,quantity,unit_price,discount_percent,line_total) VALUES ('oi-0296-3','order-0296','prod-008',15,20.46,5,291.56);
INSERT OR IGNORE INTO sales_order_items (id,sales_order_id,product_id,quantity,unit_price,discount_percent,line_total) VALUES ('oi-0296-4','order-0296','prod-003',16,119.18,5,1811.54);
INSERT OR IGNORE INTO sales_orders (id,tenant_id,order_number,agent_id,customer_id,order_type,status,subtotal,tax_amount,total_amount,payment_method,payment_status,created_at) VALUES ('order-0297','default-tenant-001','SO-00297','agent-001','cust-031','direct_sale','completed',3242.19,486.33,3728.52,'cash','paid','2025-12-29T10:00:00Z');
INSERT OR IGNORE INTO sales_order_items (id,sales_order_id,product_id,quantity,unit_price,discount_percent,line_total) VALUES ('oi-0297-1','order-0297','prod-018',4,177.99,5,676.36);
INSERT OR IGNORE INTO sales_order_items (id,sales_order_id,product_id,quantity,unit_price,discount_percent,line_total) VALUES ('oi-0297-2','order-0297','prod-042',7,156.03,0,1092.21);
INSERT OR IGNORE INTO sales_order_items (id,sales_order_id,product_id,quantity,unit_price,discount_percent,line_total) VALUES ('oi-0297-3','order-0297','prod-032',11,148.85,10,1473.62);
INSERT OR IGNORE INTO sales_orders (id,tenant_id,order_number,agent_id,customer_id,order_type,status,subtotal,tax_amount,total_amount,payment_method,payment_status,created_at) VALUES ('order-0298','default-tenant-001','SO-00298','agent-005','cust-081','direct_sale','draft',1944.81,291.72,2236.53,'cash','pending','2025-11-24T10:00:00Z');
INSERT OR IGNORE INTO sales_order_items (id,sales_order_id,product_id,quantity,unit_price,discount_percent,line_total) VALUES ('oi-0298-1','order-0298','prod-022',11,129.43,10,1281.36);
INSERT OR IGNORE INTO sales_order_items (id,sales_order_id,product_id,quantity,unit_price,discount_percent,line_total) VALUES ('oi-0298-2','order-0298','prod-041',11,30.29,5,316.53);
INSERT OR IGNORE INTO sales_order_items (id,sales_order_id,product_id,quantity,unit_price,discount_percent,line_total) VALUES ('oi-0298-3','order-0298','prod-023',3,115.64,0,346.92);
INSERT OR IGNORE INTO sales_orders (id,tenant_id,order_number,agent_id,customer_id,order_type,status,subtotal,tax_amount,total_amount,payment_method,payment_status,created_at) VALUES ('order-0299','default-tenant-001','SO-00299','agent-001','cust-011','direct_sale','completed',4195.2300000000005,629.28,4824.51,'card','paid','2026-01-19T10:00:00Z');
INSERT OR IGNORE INTO sales_order_items (id,sales_order_id,product_id,quantity,unit_price,discount_percent,line_total) VALUES ('oi-0299-1','order-0299','prod-044',14,123.21,10,1552.45);
INSERT OR IGNORE INTO sales_order_items (id,sales_order_id,product_id,quantity,unit_price,discount_percent,line_total) VALUES ('oi-0299-2','order-0299','prod-032',13,39.33,0,511.29);
INSERT OR IGNORE INTO sales_order_items (id,sales_order_id,product_id,quantity,unit_price,discount_percent,line_total) VALUES ('oi-0299-3','order-0299','prod-041',8,60.12,5,456.91);
INSERT OR IGNORE INTO sales_order_items (id,sales_order_id,product_id,quantity,unit_price,discount_percent,line_total) VALUES ('oi-0299-4','order-0299','prod-037',11,138.86,10,1374.71);
INSERT OR IGNORE INTO sales_order_items (id,sales_order_id,product_id,quantity,unit_price,discount_percent,line_total) VALUES ('oi-0299-5','order-0299','prod-025',1,64.12,10,57.71);
INSERT OR IGNORE INTO sales_order_items (id,sales_order_id,product_id,quantity,unit_price,discount_percent,line_total) VALUES ('oi-0299-6','order-0299','prod-017',4,60.54,0,242.16);
INSERT OR IGNORE INTO sales_orders (id,tenant_id,order_number,agent_id,customer_id,order_type,status,subtotal,tax_amount,total_amount,payment_method,payment_status,created_at) VALUES ('order-0300','default-tenant-001','SO-00300','agent-001','cust-100','direct_sale','pending',5240.65,786.1,6026.75,'card','pending','2025-10-18T10:00:00Z');
INSERT OR IGNORE INTO sales_order_items (id,sales_order_id,product_id,quantity,unit_price,discount_percent,line_total) VALUES ('oi-0300-1','order-0300','prod-013',8,146.6,5,1114.16);
INSERT OR IGNORE INTO sales_order_items (id,sales_order_id,product_id,quantity,unit_price,discount_percent,line_total) VALUES ('oi-0300-2','order-0300','prod-049',20,24.17,0,483.4);
INSERT OR IGNORE INTO sales_order_items (id,sales_order_id,product_id,quantity,unit_price,discount_percent,line_total) VALUES ('oi-0300-3','order-0300','prod-032',19,98.91,5,1785.33);
INSERT OR IGNORE INTO sales_order_items (id,sales_order_id,product_id,quantity,unit_price,discount_percent,line_total) VALUES ('oi-0300-4','order-0300','prod-009',13,94.36,0,1226.68);
INSERT OR IGNORE INTO sales_order_items (id,sales_order_id,product_id,quantity,unit_price,discount_percent,line_total) VALUES ('oi-0300-5','order-0300','prod-028',6,105.18,0,631.08);
INSERT OR IGNORE INTO sales_orders (id,tenant_id,order_number,agent_id,customer_id,order_type,status,subtotal,tax_amount,total_amount,payment_method,payment_status,created_at) VALUES ('order-0301','default-tenant-001','SO-00301','agent-001','cust-058','direct_sale','completed',7615.99,1142.4,8758.39,'cash','paid','2026-01-11T10:00:00Z');
INSERT OR IGNORE INTO sales_order_items (id,sales_order_id,product_id,quantity,unit_price,discount_percent,line_total) VALUES ('oi-0301-1','order-0301','prod-050',1,179.26,10,161.33);
INSERT OR IGNORE INTO sales_order_items (id,sales_order_id,product_id,quantity,unit_price,discount_percent,line_total) VALUES ('oi-0301-2','order-0301','prod-016',14,28.92,0,404.88);
INSERT OR IGNORE INTO sales_order_items (id,sales_order_id,product_id,quantity,unit_price,discount_percent,line_total) VALUES ('oi-0301-3','order-0301','prod-049',18,140.45,0,2528.1);
INSERT OR IGNORE INTO sales_order_items (id,sales_order_id,product_id,quantity,unit_price,discount_percent,line_total) VALUES ('oi-0301-4','order-0301','prod-006',4,176.46,0,705.84);
INSERT OR IGNORE INTO sales_order_items (id,sales_order_id,product_id,quantity,unit_price,discount_percent,line_total) VALUES ('oi-0301-5','order-0301','prod-020',14,138.57,10,1745.98);
INSERT OR IGNORE INTO sales_order_items (id,sales_order_id,product_id,quantity,unit_price,discount_percent,line_total) VALUES ('oi-0301-6','order-0301','prod-016',19,108.94,0,2069.86);
INSERT OR IGNORE INTO sales_orders (id,tenant_id,order_number,agent_id,customer_id,order_type,status,subtotal,tax_amount,total_amount,payment_method,payment_status,created_at) VALUES ('order-0302','default-tenant-001','SO-00302','agent-001','cust-046','direct_sale','completed',4244.5199999999995,636.68,4881.2,'credit','paid','2026-02-14T10:00:00Z');
INSERT OR IGNORE INTO sales_order_items (id,sales_order_id,product_id,quantity,unit_price,discount_percent,line_total) VALUES ('oi-0302-1','order-0302','prod-022',4,73.74,0,294.96);
INSERT OR IGNORE INTO sales_order_items (id,sales_order_id,product_id,quantity,unit_price,discount_percent,line_total) VALUES ('oi-0302-2','order-0302','prod-046',11,169.09,0,1859.99);
INSERT OR IGNORE INTO sales_order_items (id,sales_order_id,product_id,quantity,unit_price,discount_percent,line_total) VALUES ('oi-0302-3','order-0302','prod-047',12,75.93,5,865.6);
INSERT OR IGNORE INTO sales_order_items (id,sales_order_id,product_id,quantity,unit_price,discount_percent,line_total) VALUES ('oi-0302-4','order-0302','prod-017',11,111.27,0,1223.97);
INSERT OR IGNORE INTO sales_orders (id,tenant_id,order_number,agent_id,customer_id,order_type,status,subtotal,tax_amount,total_amount,payment_method,payment_status,created_at) VALUES ('order-0303','default-tenant-001','SO-00303','agent-002','cust-100','direct_sale','completed',4495.6,674.34,5169.94,'credit','paid','2026-01-07T10:00:00Z');
INSERT OR IGNORE INTO sales_order_items (id,sales_order_id,product_id,quantity,unit_price,discount_percent,line_total) VALUES ('oi-0303-1','order-0303','prod-019',19,135.77,0,2579.63);
INSERT OR IGNORE INTO sales_order_items (id,sales_order_id,product_id,quantity,unit_price,discount_percent,line_total) VALUES ('oi-0303-2','order-0303','prod-032',5,103.99,0,519.95);
INSERT OR IGNORE INTO sales_order_items (id,sales_order_id,product_id,quantity,unit_price,discount_percent,line_total) VALUES ('oi-0303-3','order-0303','prod-047',2,143.38,0,286.76);
INSERT OR IGNORE INTO sales_order_items (id,sales_order_id,product_id,quantity,unit_price,discount_percent,line_total) VALUES ('oi-0303-4','order-0303','prod-012',9,27.43,5,234.53);
INSERT OR IGNORE INTO sales_order_items (id,sales_order_id,product_id,quantity,unit_price,discount_percent,line_total) VALUES ('oi-0303-5','order-0303','prod-009',8,121.49,10,874.73);
INSERT OR IGNORE INTO sales_orders (id,tenant_id,order_number,agent_id,customer_id,order_type,status,subtotal,tax_amount,total_amount,payment_method,payment_status,created_at) VALUES ('order-0304','default-tenant-001','SO-00304','agent-003','cust-062','direct_sale','completed',4713.9400000000005,707.09,5421.03,'cash','paid','2026-01-17T10:00:00Z');
INSERT OR IGNORE INTO sales_order_items (id,sales_order_id,product_id,quantity,unit_price,discount_percent,line_total) VALUES ('oi-0304-1','order-0304','prod-028',19,85.63,0,1626.97);
INSERT OR IGNORE INTO sales_order_items (id,sales_order_id,product_id,quantity,unit_price,discount_percent,line_total) VALUES ('oi-0304-2','order-0304','prod-043',6,52.81,5,301.02);
INSERT OR IGNORE INTO sales_order_items (id,sales_order_id,product_id,quantity,unit_price,discount_percent,line_total) VALUES ('oi-0304-3','order-0304','prod-021',10,161.01,0,1610.1);
INSERT OR IGNORE INTO sales_order_items (id,sales_order_id,product_id,quantity,unit_price,discount_percent,line_total) VALUES ('oi-0304-4','order-0304','prod-029',13,90.45,0,1175.85);
INSERT OR IGNORE INTO sales_orders (id,tenant_id,order_number,agent_id,customer_id,order_type,status,subtotal,tax_amount,total_amount,payment_method,payment_status,created_at) VALUES ('order-0305','default-tenant-001','SO-00305','agent-user-001','cust-044','direct_sale','delivered',4877.34,731.6,5608.94,'mobile_money','paid','2026-02-10T10:00:00Z');
INSERT OR IGNORE INTO sales_order_items (id,sales_order_id,product_id,quantity,unit_price,discount_percent,line_total) VALUES ('oi-0305-1','order-0305','prod-005',18,17.64,0,317.52);
INSERT OR IGNORE INTO sales_order_items (id,sales_order_id,product_id,quantity,unit_price,discount_percent,line_total) VALUES ('oi-0305-2','order-0305','prod-003',5,52.34,0,261.7);
INSERT OR IGNORE INTO sales_order_items (id,sales_order_id,product_id,quantity,unit_price,discount_percent,line_total) VALUES ('oi-0305-3','order-0305','prod-033',17,151.12,0,2569.04);
INSERT OR IGNORE INTO sales_order_items (id,sales_order_id,product_id,quantity,unit_price,discount_percent,line_total) VALUES ('oi-0305-4','order-0305','prod-025',18,96.06,0,1729.08);
INSERT OR IGNORE INTO sales_orders (id,tenant_id,order_number,agent_id,customer_id,order_type,status,subtotal,tax_amount,total_amount,payment_method,payment_status,created_at) VALUES ('order-0306','default-tenant-001','SO-00306','agent-user-001','cust-085','direct_sale','delivered',6280.719999999999,942.11,7222.83,'cash','paid','2026-01-12T10:00:00Z');
INSERT OR IGNORE INTO sales_order_items (id,sales_order_id,product_id,quantity,unit_price,discount_percent,line_total) VALUES ('oi-0306-1','order-0306','prod-049',15,148.48,10,2004.48);
INSERT OR IGNORE INTO sales_order_items (id,sales_order_id,product_id,quantity,unit_price,discount_percent,line_total) VALUES ('oi-0306-2','order-0306','prod-006',7,179.86,0,1259.02);
INSERT OR IGNORE INTO sales_order_items (id,sales_order_id,product_id,quantity,unit_price,discount_percent,line_total) VALUES ('oi-0306-3','order-0306','prod-007',11,147.96,0,1627.56);
INSERT OR IGNORE INTO sales_order_items (id,sales_order_id,product_id,quantity,unit_price,discount_percent,line_total) VALUES ('oi-0306-4','order-0306','prod-027',17,14.25,0,242.25);
INSERT OR IGNORE INTO sales_order_items (id,sales_order_id,product_id,quantity,unit_price,discount_percent,line_total) VALUES ('oi-0306-5','order-0306','prod-004',20,60.39,5,1147.41);
INSERT OR IGNORE INTO sales_orders (id,tenant_id,order_number,agent_id,customer_id,order_type,status,subtotal,tax_amount,total_amount,payment_method,payment_status,created_at) VALUES ('order-0307','default-tenant-001','SO-00307','agent-003','cust-064','direct_sale','draft',7199.860000000001,1079.98,8279.84,'credit','pending','2026-02-21T10:00:00Z');
INSERT OR IGNORE INTO sales_order_items (id,sales_order_id,product_id,quantity,unit_price,discount_percent,line_total) VALUES ('oi-0307-1','order-0307','prod-002',3,169.06,10,456.46);
INSERT OR IGNORE INTO sales_order_items (id,sales_order_id,product_id,quantity,unit_price,discount_percent,line_total) VALUES ('oi-0307-2','order-0307','prod-020',5,171.66,5,815.38);
INSERT OR IGNORE INTO sales_order_items (id,sales_order_id,product_id,quantity,unit_price,discount_percent,line_total) VALUES ('oi-0307-3','order-0307','prod-015',17,117.72,10,1801.12);
INSERT OR IGNORE INTO sales_order_items (id,sales_order_id,product_id,quantity,unit_price,discount_percent,line_total) VALUES ('oi-0307-4','order-0307','prod-028',14,139.75,0,1956.5);
INSERT OR IGNORE INTO sales_order_items (id,sales_order_id,product_id,quantity,unit_price,discount_percent,line_total) VALUES ('oi-0307-5','order-0307','prod-010',2,117.61,0,235.22);
INSERT OR IGNORE INTO sales_order_items (id,sales_order_id,product_id,quantity,unit_price,discount_percent,line_total) VALUES ('oi-0307-6','order-0307','prod-002',18,107.51,0,1935.18);
INSERT OR IGNORE INTO sales_orders (id,tenant_id,order_number,agent_id,customer_id,order_type,status,subtotal,tax_amount,total_amount,payment_method,payment_status,created_at) VALUES ('order-0308','default-tenant-001','SO-00308','agent-004','cust-064','direct_sale','draft',1497.47,224.62,1722.09,'cash','pending','2025-12-10T10:00:00Z');
INSERT OR IGNORE INTO sales_order_items (id,sales_order_id,product_id,quantity,unit_price,discount_percent,line_total) VALUES ('oi-0308-1','order-0308','prod-012',4,169.68,0,678.72);
INSERT OR IGNORE INTO sales_order_items (id,sales_order_id,product_id,quantity,unit_price,discount_percent,line_total) VALUES ('oi-0308-2','order-0308','prod-044',18,47.88,5,818.75);
INSERT OR IGNORE INTO sales_orders (id,tenant_id,order_number,agent_id,customer_id,order_type,status,subtotal,tax_amount,total_amount,payment_method,payment_status,created_at) VALUES ('order-0309','default-tenant-001','SO-00309','agent-001','cust-039','direct_sale','delivered',4890.23,733.53,5623.76,'card','paid','2025-12-29T10:00:00Z');
INSERT OR IGNORE INTO sales_order_items (id,sales_order_id,product_id,quantity,unit_price,discount_percent,line_total) VALUES ('oi-0309-1','order-0309','prod-037',16,25.87,0,413.92);
INSERT OR IGNORE INTO sales_order_items (id,sales_order_id,product_id,quantity,unit_price,discount_percent,line_total) VALUES ('oi-0309-2','order-0309','prod-041',13,105.72,0,1374.36);
INSERT OR IGNORE INTO sales_order_items (id,sales_order_id,product_id,quantity,unit_price,discount_percent,line_total) VALUES ('oi-0309-3','order-0309','prod-028',20,147.2,0,2944.0);
INSERT OR IGNORE INTO sales_order_items (id,sales_order_id,product_id,quantity,unit_price,discount_percent,line_total) VALUES ('oi-0309-4','order-0309','prod-015',15,10.53,0,157.95);
INSERT OR IGNORE INTO sales_orders (id,tenant_id,order_number,agent_id,customer_id,order_type,status,subtotal,tax_amount,total_amount,payment_method,payment_status,created_at) VALUES ('order-0310','default-tenant-001','SO-00310','agent-002','cust-021','direct_sale','completed',3634.67,545.2,4179.87,'mobile_money','paid','2025-10-20T10:00:00Z');
INSERT OR IGNORE INTO sales_order_items (id,sales_order_id,product_id,quantity,unit_price,discount_percent,line_total) VALUES ('oi-0310-1','order-0310','prod-022',10,152.62,0,1526.2);
INSERT OR IGNORE INTO sales_order_items (id,sales_order_id,product_id,quantity,unit_price,discount_percent,line_total) VALUES ('oi-0310-2','order-0310','prod-036',2,38.96,10,70.13);
INSERT OR IGNORE INTO sales_order_items (id,sales_order_id,product_id,quantity,unit_price,discount_percent,line_total) VALUES ('oi-0310-3','order-0310','prod-017',18,85.06,0,1531.08);
INSERT OR IGNORE INTO sales_order_items (id,sales_order_id,product_id,quantity,unit_price,discount_percent,line_total) VALUES ('oi-0310-4','order-0310','prod-026',13,39.02,0,507.26);
INSERT OR IGNORE INTO sales_orders (id,tenant_id,order_number,agent_id,customer_id,order_type,status,subtotal,tax_amount,total_amount,payment_method,payment_status,created_at) VALUES ('order-0311','default-tenant-001','SO-00311','agent-001','cust-007','direct_sale','pending',4166.51,624.98,4791.49,'cash','pending','2026-01-12T10:00:00Z');
INSERT OR IGNORE INTO sales_order_items (id,sales_order_id,product_id,quantity,unit_price,discount_percent,line_total) VALUES ('oi-0311-1','order-0311','prod-048',11,100.29,10,992.87);
INSERT OR IGNORE INTO sales_order_items (id,sales_order_id,product_id,quantity,unit_price,discount_percent,line_total) VALUES ('oi-0311-2','order-0311','prod-003',17,154.56,0,2627.52);
INSERT OR IGNORE INTO sales_order_items (id,sales_order_id,product_id,quantity,unit_price,discount_percent,line_total) VALUES ('oi-0311-3','order-0311','prod-050',12,45.51,0,546.12);
INSERT OR IGNORE INTO sales_orders (id,tenant_id,order_number,agent_id,customer_id,order_type,status,subtotal,tax_amount,total_amount,payment_method,payment_status,created_at) VALUES ('order-0312','default-tenant-001','SO-00312','agent-002','cust-032','direct_sale','completed',2036.39,305.46,2341.85,'cash','paid','2026-03-03T10:00:00Z');
INSERT OR IGNORE INTO sales_order_items (id,sales_order_id,product_id,quantity,unit_price,discount_percent,line_total) VALUES ('oi-0312-1','order-0312','prod-018',8,70.94,10,510.77);
INSERT OR IGNORE INTO sales_order_items (id,sales_order_id,product_id,quantity,unit_price,discount_percent,line_total) VALUES ('oi-0312-2','order-0312','prod-029',2,171.52,0,343.04);
INSERT OR IGNORE INTO sales_order_items (id,sales_order_id,product_id,quantity,unit_price,discount_percent,line_total) VALUES ('oi-0312-3','order-0312','prod-026',5,61.35,5,291.41);
INSERT OR IGNORE INTO sales_order_items (id,sales_order_id,product_id,quantity,unit_price,discount_percent,line_total) VALUES ('oi-0312-4','order-0312','prod-022',4,21.76,5,82.69);
INSERT OR IGNORE INTO sales_order_items (id,sales_order_id,product_id,quantity,unit_price,discount_percent,line_total) VALUES ('oi-0312-5','order-0312','prod-021',8,101.06,0,808.48);
INSERT OR IGNORE INTO sales_orders (id,tenant_id,order_number,agent_id,customer_id,order_type,status,subtotal,tax_amount,total_amount,payment_method,payment_status,created_at) VALUES ('order-0313','default-tenant-001','SO-00313','agent-002','cust-007','direct_sale','delivered',3860.82,579.12,4439.94,'cash','paid','2025-12-11T10:00:00Z');
INSERT OR IGNORE INTO sales_order_items (id,sales_order_id,product_id,quantity,unit_price,discount_percent,line_total) VALUES ('oi-0313-1','order-0313','prod-005',18,138.86,5,2374.51);
INSERT OR IGNORE INTO sales_order_items (id,sales_order_id,product_id,quantity,unit_price,discount_percent,line_total) VALUES ('oi-0313-2','order-0313','prod-002',9,97.46,5,833.28);
INSERT OR IGNORE INTO sales_order_items (id,sales_order_id,product_id,quantity,unit_price,discount_percent,line_total) VALUES ('oi-0313-3','order-0313','prod-046',6,39.41,0,236.46);
INSERT OR IGNORE INTO sales_order_items (id,sales_order_id,product_id,quantity,unit_price,discount_percent,line_total) VALUES ('oi-0313-4','order-0313','prod-012',7,59.51,0,416.57);
INSERT OR IGNORE INTO sales_orders (id,tenant_id,order_number,agent_id,customer_id,order_type,status,subtotal,tax_amount,total_amount,payment_method,payment_status,created_at) VALUES ('order-0314','default-tenant-001','SO-00314','agent-003','cust-085','direct_sale','draft',6200.95,930.14,7131.09,'credit','pending','2025-12-14T10:00:00Z');
INSERT OR IGNORE INTO sales_order_items (id,sales_order_id,product_id,quantity,unit_price,discount_percent,line_total) VALUES ('oi-0314-1','order-0314','prod-028',15,94.19,0,1412.85);
INSERT OR IGNORE INTO sales_order_items (id,sales_order_id,product_id,quantity,unit_price,discount_percent,line_total) VALUES ('oi-0314-2','order-0314','prod-027',13,64.95,0,844.35);
INSERT OR IGNORE INTO sales_order_items (id,sales_order_id,product_id,quantity,unit_price,discount_percent,line_total) VALUES ('oi-0314-3','order-0314','prod-015',20,169.85,0,3397.0);
INSERT OR IGNORE INTO sales_order_items (id,sales_order_id,product_id,quantity,unit_price,discount_percent,line_total) VALUES ('oi-0314-4','order-0314','prod-043',12,19.18,10,207.14);
INSERT OR IGNORE INTO sales_order_items (id,sales_order_id,product_id,quantity,unit_price,discount_percent,line_total) VALUES ('oi-0314-5','order-0314','prod-015',19,19.86,10,339.61);
INSERT OR IGNORE INTO sales_orders (id,tenant_id,order_number,agent_id,customer_id,order_type,status,subtotal,tax_amount,total_amount,payment_method,payment_status,created_at) VALUES ('order-0315','default-tenant-001','SO-00315','agent-001','cust-008','direct_sale','delivered',6417.96,962.69,7380.65,'credit','paid','2026-01-04T10:00:00Z');
INSERT OR IGNORE INTO sales_order_items (id,sales_order_id,product_id,quantity,unit_price,discount_percent,line_total) VALUES ('oi-0315-1','order-0315','prod-023',2,34.75,10,62.55);
INSERT OR IGNORE INTO sales_order_items (id,sales_order_id,product_id,quantity,unit_price,discount_percent,line_total) VALUES ('oi-0315-2','order-0315','prod-033',11,135.73,0,1493.03);
INSERT OR IGNORE INTO sales_order_items (id,sales_order_id,product_id,quantity,unit_price,discount_percent,line_total) VALUES ('oi-0315-3','order-0315','prod-003',10,128.09,0,1280.9);
INSERT OR IGNORE INTO sales_order_items (id,sales_order_id,product_id,quantity,unit_price,discount_percent,line_total) VALUES ('oi-0315-4','order-0315','prod-018',10,21.31,10,191.79);
INSERT OR IGNORE INTO sales_order_items (id,sales_order_id,product_id,quantity,unit_price,discount_percent,line_total) VALUES ('oi-0315-5','order-0315','prod-025',17,151.45,0,2574.65);
INSERT OR IGNORE INTO sales_order_items (id,sales_order_id,product_id,quantity,unit_price,discount_percent,line_total) VALUES ('oi-0315-6','order-0315','prod-045',12,67.92,0,815.04);
INSERT OR IGNORE INTO sales_orders (id,tenant_id,order_number,agent_id,customer_id,order_type,status,subtotal,tax_amount,total_amount,payment_method,payment_status,created_at) VALUES ('order-0316','default-tenant-001','SO-00316','agent-user-001','cust-016','direct_sale','pending',1619.4,242.91,1862.31,'card','pending','2025-12-19T10:00:00Z');
INSERT OR IGNORE INTO sales_order_items (id,sales_order_id,product_id,quantity,unit_price,discount_percent,line_total) VALUES ('oi-0316-1','order-0316','prod-013',1,128.76,0,128.76);
INSERT OR IGNORE INTO sales_order_items (id,sales_order_id,product_id,quantity,unit_price,discount_percent,line_total) VALUES ('oi-0316-2','order-0316','prod-011',17,92.3,5,1490.64);
INSERT OR IGNORE INTO sales_orders (id,tenant_id,order_number,agent_id,customer_id,order_type,status,subtotal,tax_amount,total_amount,payment_method,payment_status,created_at) VALUES ('order-0317','default-tenant-001','SO-00317','agent-004','cust-035','direct_sale','pending',4949.49,742.42,5691.91,'card','pending','2025-12-03T10:00:00Z');
INSERT OR IGNORE INTO sales_order_items (id,sales_order_id,product_id,quantity,unit_price,discount_percent,line_total) VALUES ('oi-0317-1','order-0317','prod-029',8,125.55,0,1004.4);
INSERT OR IGNORE INTO sales_order_items (id,sales_order_id,product_id,quantity,unit_price,discount_percent,line_total) VALUES ('oi-0317-2','order-0317','prod-009',16,66.63,0,1066.08);
INSERT OR IGNORE INTO sales_order_items (id,sales_order_id,product_id,quantity,unit_price,discount_percent,line_total) VALUES ('oi-0317-3','order-0317','prod-030',15,97.2,10,1312.2);
INSERT OR IGNORE INTO sales_order_items (id,sales_order_id,product_id,quantity,unit_price,discount_percent,line_total) VALUES ('oi-0317-4','order-0317','prod-019',9,174.09,0,1566.81);
INSERT OR IGNORE INTO sales_orders (id,tenant_id,order_number,agent_id,customer_id,order_type,status,subtotal,tax_amount,total_amount,payment_method,payment_status,created_at) VALUES ('order-0318','default-tenant-001','SO-00318','agent-005','cust-086','direct_sale','draft',3458.8199999999997,518.82,3977.64,'cash','pending','2026-02-02T10:00:00Z');
INSERT OR IGNORE INTO sales_order_items (id,sales_order_id,product_id,quantity,unit_price,discount_percent,line_total) VALUES ('oi-0318-1','order-0318','prod-007',19,133.64,0,2539.16);
INSERT OR IGNORE INTO sales_order_items (id,sales_order_id,product_id,quantity,unit_price,discount_percent,line_total) VALUES ('oi-0318-2','order-0318','prod-048',7,22.12,5,147.1);
INSERT OR IGNORE INTO sales_order_items (id,sales_order_id,product_id,quantity,unit_price,discount_percent,line_total) VALUES ('oi-0318-3','order-0318','prod-042',17,20.2,0,343.4);
INSERT OR IGNORE INTO sales_order_items (id,sales_order_id,product_id,quantity,unit_price,discount_percent,line_total) VALUES ('oi-0318-4','order-0318','prod-045',13,36.68,10,429.16);
INSERT OR IGNORE INTO sales_orders (id,tenant_id,order_number,agent_id,customer_id,order_type,status,subtotal,tax_amount,total_amount,payment_method,payment_status,created_at) VALUES ('order-0319','default-tenant-001','SO-00319','agent-005','cust-074','direct_sale','pending',2462.26,369.34,2831.6,'cash','pending','2026-02-20T10:00:00Z');
INSERT OR IGNORE INTO sales_order_items (id,sales_order_id,product_id,quantity,unit_price,discount_percent,line_total) VALUES ('oi-0319-1','order-0319','prod-050',17,19.02,0,323.34);
INSERT OR IGNORE INTO sales_order_items (id,sales_order_id,product_id,quantity,unit_price,discount_percent,line_total) VALUES ('oi-0319-2','order-0319','prod-049',15,150.1,5,2138.92);
INSERT OR IGNORE INTO sales_orders (id,tenant_id,order_number,agent_id,customer_id,order_type,status,subtotal,tax_amount,total_amount,payment_method,payment_status,created_at) VALUES ('order-0320','default-tenant-001','SO-00320','agent-002','cust-021','direct_sale','pending',3196.0,479.4,3675.4,'credit','pending','2025-12-18T10:00:00Z');
INSERT OR IGNORE INTO sales_order_items (id,sales_order_id,product_id,quantity,unit_price,discount_percent,line_total) VALUES ('oi-0320-1','order-0320','prod-015',12,43.04,0,516.48);
INSERT OR IGNORE INTO sales_order_items (id,sales_order_id,product_id,quantity,unit_price,discount_percent,line_total) VALUES ('oi-0320-2','order-0320','prod-022',20,127.82,0,2556.4);
INSERT OR IGNORE INTO sales_order_items (id,sales_order_id,product_id,quantity,unit_price,discount_percent,line_total) VALUES ('oi-0320-3','order-0320','prod-040',8,15.39,0,123.12);
INSERT OR IGNORE INTO sales_orders (id,tenant_id,order_number,agent_id,customer_id,order_type,status,subtotal,tax_amount,total_amount,payment_method,payment_status,created_at) VALUES ('order-0321','default-tenant-001','SO-00321','agent-005','cust-024','direct_sale','pending',5895.69,884.35,6780.04,'mobile_money','pending','2026-01-03T10:00:00Z');
INSERT OR IGNORE INTO sales_order_items (id,sales_order_id,product_id,quantity,unit_price,discount_percent,line_total) VALUES ('oi-0321-1','order-0321','prod-030',15,47.52,10,641.52);
INSERT OR IGNORE INTO sales_order_items (id,sales_order_id,product_id,quantity,unit_price,discount_percent,line_total) VALUES ('oi-0321-2','order-0321','prod-005',20,141.48,0,2829.6);
INSERT OR IGNORE INTO sales_order_items (id,sales_order_id,product_id,quantity,unit_price,discount_percent,line_total) VALUES ('oi-0321-3','order-0321','prod-018',10,79.53,0,795.3);
INSERT OR IGNORE INTO sales_order_items (id,sales_order_id,product_id,quantity,unit_price,discount_percent,line_total) VALUES ('oi-0321-4','order-0321','prod-025',7,132.29,0,926.03);
INSERT OR IGNORE INTO sales_order_items (id,sales_order_id,product_id,quantity,unit_price,discount_percent,line_total) VALUES ('oi-0321-5','order-0321','prod-006',7,81.65,0,571.55);
INSERT OR IGNORE INTO sales_order_items (id,sales_order_id,product_id,quantity,unit_price,discount_percent,line_total) VALUES ('oi-0321-6','order-0321','prod-003',4,36.58,10,131.69);
INSERT OR IGNORE INTO sales_orders (id,tenant_id,order_number,agent_id,customer_id,order_type,status,subtotal,tax_amount,total_amount,payment_method,payment_status,created_at) VALUES ('order-0322','default-tenant-001','SO-00322','agent-005','cust-033','direct_sale','completed',5176.47,776.47,5952.94,'card','paid','2026-02-22T10:00:00Z');
INSERT OR IGNORE INTO sales_order_items (id,sales_order_id,product_id,quantity,unit_price,discount_percent,line_total) VALUES ('oi-0322-1','order-0322','prod-034',14,73.48,10,925.85);
INSERT OR IGNORE INTO sales_order_items (id,sales_order_id,product_id,quantity,unit_price,discount_percent,line_total) VALUES ('oi-0322-2','order-0322','prod-005',19,160.01,0,3040.19);
INSERT OR IGNORE INTO sales_order_items (id,sales_order_id,product_id,quantity,unit_price,discount_percent,line_total) VALUES ('oi-0322-3','order-0322','prod-023',2,45.17,0,90.34);
INSERT OR IGNORE INTO sales_order_items (id,sales_order_id,product_id,quantity,unit_price,discount_percent,line_total) VALUES ('oi-0322-4','order-0322','prod-023',8,147.38,5,1120.09);
INSERT OR IGNORE INTO sales_orders (id,tenant_id,order_number,agent_id,customer_id,order_type,status,subtotal,tax_amount,total_amount,payment_method,payment_status,created_at) VALUES ('order-0323','default-tenant-001','SO-00323','agent-004','cust-095','direct_sale','completed',7845.349999999999,1176.8,9022.15,'cash','paid','2025-12-23T10:00:00Z');
INSERT OR IGNORE INTO sales_order_items (id,sales_order_id,product_id,quantity,unit_price,discount_percent,line_total) VALUES ('oi-0323-1','order-0323','prod-005',5,174.49,0,872.45);
INSERT OR IGNORE INTO sales_order_items (id,sales_order_id,product_id,quantity,unit_price,discount_percent,line_total) VALUES ('oi-0323-2','order-0323','prod-043',20,164.76,0,3295.2);
INSERT OR IGNORE INTO sales_order_items (id,sales_order_id,product_id,quantity,unit_price,discount_percent,line_total) VALUES ('oi-0323-3','order-0323','prod-039',17,120.91,5,1952.7);
INSERT OR IGNORE INTO sales_order_items (id,sales_order_id,product_id,quantity,unit_price,discount_percent,line_total) VALUES ('oi-0323-4','order-0323','prod-035',15,115.0,0,1725.0);
INSERT OR IGNORE INTO sales_orders (id,tenant_id,order_number,agent_id,customer_id,order_type,status,subtotal,tax_amount,total_amount,payment_method,payment_status,created_at) VALUES ('order-0324','default-tenant-001','SO-00324','agent-002','cust-018','direct_sale','delivered',2359.27,353.89,2713.16,'card','paid','2025-11-28T10:00:00Z');
INSERT OR IGNORE INTO sales_order_items (id,sales_order_id,product_id,quantity,unit_price,discount_percent,line_total) VALUES ('oi-0324-1','order-0324','prod-022',11,83.88,0,922.68);
INSERT OR IGNORE INTO sales_order_items (id,sales_order_id,product_id,quantity,unit_price,discount_percent,line_total) VALUES ('oi-0324-2','order-0324','prod-025',10,151.22,5,1436.59);
INSERT OR IGNORE INTO sales_orders (id,tenant_id,order_number,agent_id,customer_id,order_type,status,subtotal,tax_amount,total_amount,payment_method,payment_status,created_at) VALUES ('order-0325','default-tenant-001','SO-00325','agent-user-001','cust-012','direct_sale','delivered',4166.1,624.92,4791.02,'cash','paid','2026-01-31T10:00:00Z');
INSERT OR IGNORE INTO sales_order_items (id,sales_order_id,product_id,quantity,unit_price,discount_percent,line_total) VALUES ('oi-0325-1','order-0325','prod-023',16,95.86,0,1533.76);
INSERT OR IGNORE INTO sales_order_items (id,sales_order_id,product_id,quantity,unit_price,discount_percent,line_total) VALUES ('oi-0325-2','order-0325','prod-011',9,29.67,0,267.03);
INSERT OR IGNORE INTO sales_order_items (id,sales_order_id,product_id,quantity,unit_price,discount_percent,line_total) VALUES ('oi-0325-3','order-0325','prod-010',11,178.94,0,1968.34);
INSERT OR IGNORE INTO sales_order_items (id,sales_order_id,product_id,quantity,unit_price,discount_percent,line_total) VALUES ('oi-0325-4','order-0325','prod-003',7,56.71,0,396.97);
INSERT OR IGNORE INTO sales_orders (id,tenant_id,order_number,agent_id,customer_id,order_type,status,subtotal,tax_amount,total_amount,payment_method,payment_status,created_at) VALUES ('order-0326','default-tenant-001','SO-00326','agent-002','cust-096','direct_sale','completed',3263.94,489.59,3753.53,'card','paid','2026-03-08T10:00:00Z');
INSERT OR IGNORE INTO sales_order_items (id,sales_order_id,product_id,quantity,unit_price,discount_percent,line_total) VALUES ('oi-0326-1','order-0326','prod-043',4,30.56,0,122.24);
INSERT OR IGNORE INTO sales_order_items (id,sales_order_id,product_id,quantity,unit_price,discount_percent,line_total) VALUES ('oi-0326-2','order-0326','prod-019',5,11.85,0,59.25);
INSERT OR IGNORE INTO sales_order_items (id,sales_order_id,product_id,quantity,unit_price,discount_percent,line_total) VALUES ('oi-0326-3','order-0326','prod-006',18,161.86,10,2622.13);
INSERT OR IGNORE INTO sales_order_items (id,sales_order_id,product_id,quantity,unit_price,discount_percent,line_total) VALUES ('oi-0326-4','order-0326','prod-020',4,115.08,0,460.32);
INSERT OR IGNORE INTO sales_orders (id,tenant_id,order_number,agent_id,customer_id,order_type,status,subtotal,tax_amount,total_amount,payment_method,payment_status,created_at) VALUES ('order-0327','default-tenant-001','SO-00327','agent-user-001','cust-063','direct_sale','delivered',2329.6600000000003,349.45,2679.11,'mobile_money','paid','2025-11-16T10:00:00Z');
INSERT OR IGNORE INTO sales_order_items (id,sales_order_id,product_id,quantity,unit_price,discount_percent,line_total) VALUES ('oi-0327-1','order-0327','prod-008',6,74.73,5,425.96);
INSERT OR IGNORE INTO sales_order_items (id,sales_order_id,product_id,quantity,unit_price,discount_percent,line_total) VALUES ('oi-0327-2','order-0327','prod-025',10,104.7,0,1047.0);
INSERT OR IGNORE INTO sales_order_items (id,sales_order_id,product_id,quantity,unit_price,discount_percent,line_total) VALUES ('oi-0327-3','order-0327','prod-015',3,162.22,0,486.66);
INSERT OR IGNORE INTO sales_order_items (id,sales_order_id,product_id,quantity,unit_price,discount_percent,line_total) VALUES ('oi-0327-4','order-0327','prod-001',3,129.84,5,370.04);
INSERT OR IGNORE INTO sales_orders (id,tenant_id,order_number,agent_id,customer_id,order_type,status,subtotal,tax_amount,total_amount,payment_method,payment_status,created_at) VALUES ('order-0328','default-tenant-001','SO-00328','agent-003','cust-047','direct_sale','completed',5319.610000000001,797.94,6117.55,'cash','paid','2025-11-22T10:00:00Z');
INSERT OR IGNORE INTO sales_order_items (id,sales_order_id,product_id,quantity,unit_price,discount_percent,line_total) VALUES ('oi-0328-1','order-0328','prod-039',12,144.51,5,1647.41);
INSERT OR IGNORE INTO sales_order_items (id,sales_order_id,product_id,quantity,unit_price,discount_percent,line_total) VALUES ('oi-0328-2','order-0328','prod-017',7,92.59,0,648.13);
INSERT OR IGNORE INTO sales_order_items (id,sales_order_id,product_id,quantity,unit_price,discount_percent,line_total) VALUES ('oi-0328-3','order-0328','prod-047',19,42.49,0,807.31);
INSERT OR IGNORE INTO sales_order_items (id,sales_order_id,product_id,quantity,unit_price,discount_percent,line_total) VALUES ('oi-0328-4','order-0328','prod-034',8,169.35,10,1219.32);
INSERT OR IGNORE INTO sales_order_items (id,sales_order_id,product_id,quantity,unit_price,discount_percent,line_total) VALUES ('oi-0328-5','order-0328','prod-044',6,174.99,5,997.44);
INSERT OR IGNORE INTO sales_orders (id,tenant_id,order_number,agent_id,customer_id,order_type,status,subtotal,tax_amount,total_amount,payment_method,payment_status,created_at) VALUES ('order-0329','default-tenant-001','SO-00329','agent-002','cust-029','direct_sale','draft',3249.99,487.5,3737.49,'credit','pending','2025-10-02T10:00:00Z');
INSERT OR IGNORE INTO sales_order_items (id,sales_order_id,product_id,quantity,unit_price,discount_percent,line_total) VALUES ('oi-0329-1','order-0329','prod-018',20,43.14,0,862.8);
INSERT OR IGNORE INTO sales_order_items (id,sales_order_id,product_id,quantity,unit_price,discount_percent,line_total) VALUES ('oi-0329-2','order-0329','prod-027',5,134.27,0,671.35);
INSERT OR IGNORE INTO sales_order_items (id,sales_order_id,product_id,quantity,unit_price,discount_percent,line_total) VALUES ('oi-0329-3','order-0329','prod-014',4,51.79,0,207.16);
INSERT OR IGNORE INTO sales_order_items (id,sales_order_id,product_id,quantity,unit_price,discount_percent,line_total) VALUES ('oi-0329-4','order-0329','prod-006',15,55.16,0,827.4);
INSERT OR IGNORE INTO sales_order_items (id,sales_order_id,product_id,quantity,unit_price,discount_percent,line_total) VALUES ('oi-0329-5','order-0329','prod-004',14,54.07,10,681.28);
INSERT OR IGNORE INTO sales_orders (id,tenant_id,order_number,agent_id,customer_id,order_type,status,subtotal,tax_amount,total_amount,payment_method,payment_status,created_at) VALUES ('order-0330','default-tenant-001','SO-00330','agent-005','cust-049','direct_sale','delivered',2630.12,394.52,3024.64,'card','paid','2025-12-02T10:00:00Z');
INSERT OR IGNORE INTO sales_order_items (id,sales_order_id,product_id,quantity,unit_price,discount_percent,line_total) VALUES ('oi-0330-1','order-0330','prod-048',12,59.39,10,641.41);
INSERT OR IGNORE INTO sales_order_items (id,sales_order_id,product_id,quantity,unit_price,discount_percent,line_total) VALUES ('oi-0330-2','order-0330','prod-009',13,123.64,0,1607.32);
INSERT OR IGNORE INTO sales_order_items (id,sales_order_id,product_id,quantity,unit_price,discount_percent,line_total) VALUES ('oi-0330-3','order-0330','prod-037',1,23.7,0,23.7);
INSERT OR IGNORE INTO sales_order_items (id,sales_order_id,product_id,quantity,unit_price,discount_percent,line_total) VALUES ('oi-0330-4','order-0330','prod-036',3,119.23,0,357.69);
INSERT OR IGNORE INTO sales_orders (id,tenant_id,order_number,agent_id,customer_id,order_type,status,subtotal,tax_amount,total_amount,payment_method,payment_status,created_at) VALUES ('order-0331','default-tenant-001','SO-00331','agent-user-001','cust-075','direct_sale','draft',1860.83,279.12,2139.95,'cash','pending','2026-01-24T10:00:00Z');
INSERT OR IGNORE INTO sales_order_items (id,sales_order_id,product_id,quantity,unit_price,discount_percent,line_total) VALUES ('oi-0331-1','order-0331','prod-021',16,38.3,0,612.8);
INSERT OR IGNORE INTO sales_order_items (id,sales_order_id,product_id,quantity,unit_price,discount_percent,line_total) VALUES ('oi-0331-2','order-0331','prod-036',9,138.67,0,1248.03);
INSERT OR IGNORE INTO sales_orders (id,tenant_id,order_number,agent_id,customer_id,order_type,status,subtotal,tax_amount,total_amount,payment_method,payment_status,created_at) VALUES ('order-0332','default-tenant-001','SO-00332','agent-001','cust-001','direct_sale','pending',2189.21,328.38,2517.59,'mobile_money','pending','2026-01-29T10:00:00Z');
INSERT OR IGNORE INTO sales_order_items (id,sales_order_id,product_id,quantity,unit_price,discount_percent,line_total) VALUES ('oi-0332-1','order-0332','prod-038',8,129.58,0,1036.64);
INSERT OR IGNORE INTO sales_order_items (id,sales_order_id,product_id,quantity,unit_price,discount_percent,line_total) VALUES ('oi-0332-2','order-0332','prod-044',4,74.06,10,266.62);
INSERT OR IGNORE INTO sales_order_items (id,sales_order_id,product_id,quantity,unit_price,discount_percent,line_total) VALUES ('oi-0332-3','order-0332','prod-016',5,70.45,0,352.25);
INSERT OR IGNORE INTO sales_order_items (id,sales_order_id,product_id,quantity,unit_price,discount_percent,line_total) VALUES ('oi-0332-4','order-0332','prod-041',10,53.37,0,533.7);
INSERT OR IGNORE INTO sales_orders (id,tenant_id,order_number,agent_id,customer_id,order_type,status,subtotal,tax_amount,total_amount,payment_method,payment_status,created_at) VALUES ('order-0333','default-tenant-001','SO-00333','agent-004','cust-079','direct_sale','completed',1580.69,237.1,1817.79,'card','paid','2026-01-16T10:00:00Z');
INSERT OR IGNORE INTO sales_order_items (id,sales_order_id,product_id,quantity,unit_price,discount_percent,line_total) VALUES ('oi-0333-1','order-0333','prod-002',8,103.45,10,744.84);
INSERT OR IGNORE INTO sales_order_items (id,sales_order_id,product_id,quantity,unit_price,discount_percent,line_total) VALUES ('oi-0333-2','order-0333','prod-034',18,48.88,5,835.85);
INSERT OR IGNORE INTO sales_orders (id,tenant_id,order_number,agent_id,customer_id,order_type,status,subtotal,tax_amount,total_amount,payment_method,payment_status,created_at) VALUES ('order-0334','default-tenant-001','SO-00334','agent-003','cust-067','direct_sale','draft',4023.74,603.56,4627.3,'mobile_money','pending','2026-02-13T10:00:00Z');
INSERT OR IGNORE INTO sales_order_items (id,sales_order_id,product_id,quantity,unit_price,discount_percent,line_total) VALUES ('oi-0334-1','order-0334','prod-038',17,52.7,5,851.11);
INSERT OR IGNORE INTO sales_order_items (id,sales_order_id,product_id,quantity,unit_price,discount_percent,line_total) VALUES ('oi-0334-2','order-0334','prod-048',8,178.67,0,1429.36);
INSERT OR IGNORE INTO sales_order_items (id,sales_order_id,product_id,quantity,unit_price,discount_percent,line_total) VALUES ('oi-0334-3','order-0334','prod-013',11,166.82,5,1743.27);
INSERT OR IGNORE INTO sales_orders (id,tenant_id,order_number,agent_id,customer_id,order_type,status,subtotal,tax_amount,total_amount,payment_method,payment_status,created_at) VALUES ('order-0335','default-tenant-001','SO-00335','agent-002','cust-042','direct_sale','completed',4005.1300000000006,600.77,4605.9,'credit','paid','2025-12-30T10:00:00Z');
INSERT OR IGNORE INTO sales_order_items (id,sales_order_id,product_id,quantity,unit_price,discount_percent,line_total) VALUES ('oi-0335-1','order-0335','prod-031',2,93.41,0,186.82);
INSERT OR IGNORE INTO sales_order_items (id,sales_order_id,product_id,quantity,unit_price,discount_percent,line_total) VALUES ('oi-0335-2','order-0335','prod-039',7,19.95,0,139.65);
INSERT OR IGNORE INTO sales_order_items (id,sales_order_id,product_id,quantity,unit_price,discount_percent,line_total) VALUES ('oi-0335-3','order-0335','prod-034',18,99.69,0,1794.42);
INSERT OR IGNORE INTO sales_order_items (id,sales_order_id,product_id,quantity,unit_price,discount_percent,line_total) VALUES ('oi-0335-4','order-0335','prod-022',12,103.47,0,1241.64);
INSERT OR IGNORE INTO sales_order_items (id,sales_order_id,product_id,quantity,unit_price,discount_percent,line_total) VALUES ('oi-0335-5','order-0335','prod-028',7,91.8,0,642.6);
INSERT OR IGNORE INTO sales_orders (id,tenant_id,order_number,agent_id,customer_id,order_type,status,subtotal,tax_amount,total_amount,payment_method,payment_status,created_at) VALUES ('order-0336','default-tenant-001','SO-00336','agent-004','cust-011','direct_sale','completed',3924.13,588.62,4512.75,'card','paid','2026-01-01T10:00:00Z');
INSERT OR IGNORE INTO sales_order_items (id,sales_order_id,product_id,quantity,unit_price,discount_percent,line_total) VALUES ('oi-0336-1','order-0336','prod-019',17,63.62,0,1081.54);
INSERT OR IGNORE INTO sales_order_items (id,sales_order_id,product_id,quantity,unit_price,discount_percent,line_total) VALUES ('oi-0336-2','order-0336','prod-005',8,42.02,0,336.16);
INSERT OR IGNORE INTO sales_order_items (id,sales_order_id,product_id,quantity,unit_price,discount_percent,line_total) VALUES ('oi-0336-3','order-0336','prod-049',5,108.66,0,543.3);
INSERT OR IGNORE INTO sales_order_items (id,sales_order_id,product_id,quantity,unit_price,discount_percent,line_total) VALUES ('oi-0336-4','order-0336','prod-024',13,125.55,0,1632.15);
INSERT OR IGNORE INTO sales_order_items (id,sales_order_id,product_id,quantity,unit_price,discount_percent,line_total) VALUES ('oi-0336-5','order-0336','prod-020',3,43.69,0,131.07);
INSERT OR IGNORE INTO sales_order_items (id,sales_order_id,product_id,quantity,unit_price,discount_percent,line_total) VALUES ('oi-0336-6','order-0336','prod-043',12,18.51,10,199.91);
INSERT OR IGNORE INTO sales_orders (id,tenant_id,order_number,agent_id,customer_id,order_type,status,subtotal,tax_amount,total_amount,payment_method,payment_status,created_at) VALUES ('order-0337','default-tenant-001','SO-00337','agent-003','cust-060','direct_sale','completed',294.6,44.19,338.79,'cash','paid','2025-11-30T10:00:00Z');
INSERT OR IGNORE INTO sales_order_items (id,sales_order_id,product_id,quantity,unit_price,discount_percent,line_total) VALUES ('oi-0337-1','order-0337','prod-032',5,27.28,10,122.76);
INSERT OR IGNORE INTO sales_order_items (id,sales_order_id,product_id,quantity,unit_price,discount_percent,line_total) VALUES ('oi-0337-2','order-0337','prod-046',8,22.61,5,171.84);
INSERT OR IGNORE INTO sales_orders (id,tenant_id,order_number,agent_id,customer_id,order_type,status,subtotal,tax_amount,total_amount,payment_method,payment_status,created_at) VALUES ('order-0338','default-tenant-001','SO-00338','agent-002','cust-089','direct_sale','draft',2452.71,367.91,2820.62,'credit','pending','2025-10-31T10:00:00Z');
INSERT OR IGNORE INTO sales_order_items (id,sales_order_id,product_id,quantity,unit_price,discount_percent,line_total) VALUES ('oi-0338-1','order-0338','prod-035',3,13.44,10,36.29);
INSERT OR IGNORE INTO sales_order_items (id,sales_order_id,product_id,quantity,unit_price,discount_percent,line_total) VALUES ('oi-0338-2','order-0338','prod-047',14,79.23,0,1109.22);
INSERT OR IGNORE INTO sales_order_items (id,sales_order_id,product_id,quantity,unit_price,discount_percent,line_total) VALUES ('oi-0338-3','order-0338','prod-030',20,65.36,0,1307.2);
INSERT OR IGNORE INTO sales_orders (id,tenant_id,order_number,agent_id,customer_id,order_type,status,subtotal,tax_amount,total_amount,payment_method,payment_status,created_at) VALUES ('order-0339','default-tenant-001','SO-00339','agent-004','cust-083','direct_sale','completed',5866.860000000001,880.03,6746.89,'mobile_money','paid','2025-12-05T10:00:00Z');
INSERT OR IGNORE INTO sales_order_items (id,sales_order_id,product_id,quantity,unit_price,discount_percent,line_total) VALUES ('oi-0339-1','order-0339','prod-009',16,12.78,0,204.48);
INSERT OR IGNORE INTO sales_order_items (id,sales_order_id,product_id,quantity,unit_price,discount_percent,line_total) VALUES ('oi-0339-2','order-0339','prod-013',16,99.76,0,1596.16);
INSERT OR IGNORE INTO sales_order_items (id,sales_order_id,product_id,quantity,unit_price,discount_percent,line_total) VALUES ('oi-0339-3','order-0339','prod-048',19,98.16,0,1865.04);
INSERT OR IGNORE INTO sales_order_items (id,sales_order_id,product_id,quantity,unit_price,discount_percent,line_total) VALUES ('oi-0339-4','order-0339','prod-021',16,152.86,10,2201.18);
INSERT OR IGNORE INTO sales_orders (id,tenant_id,order_number,agent_id,customer_id,order_type,status,subtotal,tax_amount,total_amount,payment_method,payment_status,created_at) VALUES ('order-0340','default-tenant-001','SO-00340','agent-004','cust-045','direct_sale','completed',5214.749999999999,782.21,5996.96,'card','paid','2026-02-11T10:00:00Z');
INSERT OR IGNORE INTO sales_order_items (id,sales_order_id,product_id,quantity,unit_price,discount_percent,line_total) VALUES ('oi-0340-1','order-0340','prod-042',20,104.4,10,1879.2);
INSERT OR IGNORE INTO sales_order_items (id,sales_order_id,product_id,quantity,unit_price,discount_percent,line_total) VALUES ('oi-0340-2','order-0340','prod-009',4,126.0,0,504.0);
INSERT OR IGNORE INTO sales_order_items (id,sales_order_id,product_id,quantity,unit_price,discount_percent,line_total) VALUES ('oi-0340-3','order-0340','prod-028',17,131.09,5,2117.1);
INSERT OR IGNORE INTO sales_order_items (id,sales_order_id,product_id,quantity,unit_price,discount_percent,line_total) VALUES ('oi-0340-4','order-0340','prod-044',15,47.63,0,714.45);
INSERT OR IGNORE INTO sales_orders (id,tenant_id,order_number,agent_id,customer_id,order_type,status,subtotal,tax_amount,total_amount,payment_method,payment_status,created_at) VALUES ('order-0341','default-tenant-001','SO-00341','agent-003','cust-094','direct_sale','completed',1331.9099999999999,199.79,1531.7,'credit','paid','2025-11-13T10:00:00Z');
INSERT OR IGNORE INTO sales_order_items (id,sales_order_id,product_id,quantity,unit_price,discount_percent,line_total) VALUES ('oi-0341-1','order-0341','prod-006',4,165.93,5,630.53);
INSERT OR IGNORE INTO sales_order_items (id,sales_order_id,product_id,quantity,unit_price,discount_percent,line_total) VALUES ('oi-0341-2','order-0341','prod-031',1,73.4,0,73.4);
INSERT OR IGNORE INTO sales_order_items (id,sales_order_id,product_id,quantity,unit_price,discount_percent,line_total) VALUES ('oi-0341-3','order-0341','prod-040',3,118.31,0,354.93);
INSERT OR IGNORE INTO sales_order_items (id,sales_order_id,product_id,quantity,unit_price,discount_percent,line_total) VALUES ('oi-0341-4','order-0341','prod-024',7,41.06,5,273.05);
INSERT OR IGNORE INTO sales_orders (id,tenant_id,order_number,agent_id,customer_id,order_type,status,subtotal,tax_amount,total_amount,payment_method,payment_status,created_at) VALUES ('order-0342','default-tenant-001','SO-00342','agent-user-001','cust-030','direct_sale','delivered',4600.21,690.03,5290.24,'credit','paid','2025-10-10T10:00:00Z');
INSERT OR IGNORE INTO sales_order_items (id,sales_order_id,product_id,quantity,unit_price,discount_percent,line_total) VALUES ('oi-0342-1','order-0342','prod-034',16,170.46,0,2727.36);
INSERT OR IGNORE INTO sales_order_items (id,sales_order_id,product_id,quantity,unit_price,discount_percent,line_total) VALUES ('oi-0342-2','order-0342','prod-041',13,57.3,5,707.65);
INSERT OR IGNORE INTO sales_order_items (id,sales_order_id,product_id,quantity,unit_price,discount_percent,line_total) VALUES ('oi-0342-3','order-0342','prod-040',10,116.52,0,1165.2);
INSERT OR IGNORE INTO sales_orders (id,tenant_id,order_number,agent_id,customer_id,order_type,status,subtotal,tax_amount,total_amount,payment_method,payment_status,created_at) VALUES ('order-0343','default-tenant-001','SO-00343','agent-005','cust-032','direct_sale','completed',6149.35,922.4,7071.75,'card','paid','2026-01-10T10:00:00Z');
INSERT OR IGNORE INTO sales_order_items (id,sales_order_id,product_id,quantity,unit_price,discount_percent,line_total) VALUES ('oi-0343-1','order-0343','prod-001',11,115.38,10,1142.26);
INSERT OR IGNORE INTO sales_order_items (id,sales_order_id,product_id,quantity,unit_price,discount_percent,line_total) VALUES ('oi-0343-2','order-0343','prod-002',2,68.84,0,137.68);
INSERT OR IGNORE INTO sales_order_items (id,sales_order_id,product_id,quantity,unit_price,discount_percent,line_total) VALUES ('oi-0343-3','order-0343','prod-031',3,158.19,0,474.57);
INSERT OR IGNORE INTO sales_order_items (id,sales_order_id,product_id,quantity,unit_price,discount_percent,line_total) VALUES ('oi-0343-4','order-0343','prod-026',13,143.59,0,1866.67);
INSERT OR IGNORE INTO sales_order_items (id,sales_order_id,product_id,quantity,unit_price,discount_percent,line_total) VALUES ('oi-0343-5','order-0343','prod-004',18,156.06,10,2528.17);
INSERT OR IGNORE INTO sales_orders (id,tenant_id,order_number,agent_id,customer_id,order_type,status,subtotal,tax_amount,total_amount,payment_method,payment_status,created_at) VALUES ('order-0344','default-tenant-001','SO-00344','agent-user-001','cust-077','direct_sale','pending',5161.33,774.2,5935.53,'card','pending','2025-12-14T10:00:00Z');
INSERT OR IGNORE INTO sales_order_items (id,sales_order_id,product_id,quantity,unit_price,discount_percent,line_total) VALUES ('oi-0344-1','order-0344','prod-046',5,47.57,0,237.85);
INSERT OR IGNORE INTO sales_order_items (id,sales_order_id,product_id,quantity,unit_price,discount_percent,line_total) VALUES ('oi-0344-2','order-0344','prod-020',7,27.3,0,191.1);
INSERT OR IGNORE INTO sales_order_items (id,sales_order_id,product_id,quantity,unit_price,discount_percent,line_total) VALUES ('oi-0344-3','order-0344','prod-049',20,173.99,0,3479.8);
INSERT OR IGNORE INTO sales_order_items (id,sales_order_id,product_id,quantity,unit_price,discount_percent,line_total) VALUES ('oi-0344-4','order-0344','prod-008',18,73.25,5,1252.58);
INSERT OR IGNORE INTO sales_orders (id,tenant_id,order_number,agent_id,customer_id,order_type,status,subtotal,tax_amount,total_amount,payment_method,payment_status,created_at) VALUES ('order-0345','default-tenant-001','SO-00345','agent-user-001','cust-059','direct_sale','delivered',3079.88,461.98,3541.86,'credit','paid','2025-10-03T10:00:00Z');
INSERT OR IGNORE INTO sales_order_items (id,sales_order_id,product_id,quantity,unit_price,discount_percent,line_total) VALUES ('oi-0345-1','order-0345','prod-019',2,146.98,0,293.96);
INSERT OR IGNORE INTO sales_order_items (id,sales_order_id,product_id,quantity,unit_price,discount_percent,line_total) VALUES ('oi-0345-2','order-0345','prod-034',17,135.65,0,2306.05);
INSERT OR IGNORE INTO sales_order_items (id,sales_order_id,product_id,quantity,unit_price,discount_percent,line_total) VALUES ('oi-0345-3','order-0345','prod-015',3,177.73,10,479.87);
INSERT OR IGNORE INTO sales_orders (id,tenant_id,order_number,agent_id,customer_id,order_type,status,subtotal,tax_amount,total_amount,payment_method,payment_status,created_at) VALUES ('order-0346','default-tenant-001','SO-00346','agent-002','cust-080','direct_sale','draft',4220.1,633.01,4853.11,'card','pending','2025-12-22T10:00:00Z');
INSERT OR IGNORE INTO sales_order_items (id,sales_order_id,product_id,quantity,unit_price,discount_percent,line_total) VALUES ('oi-0346-1','order-0346','prod-043',4,59.65,0,238.6);
INSERT OR IGNORE INTO sales_order_items (id,sales_order_id,product_id,quantity,unit_price,discount_percent,line_total) VALUES ('oi-0346-2','order-0346','prod-026',12,144.65,0,1735.8);
INSERT OR IGNORE INTO sales_order_items (id,sales_order_id,product_id,quantity,unit_price,discount_percent,line_total) VALUES ('oi-0346-3','order-0346','prod-050',3,124.67,0,374.01);
INSERT OR IGNORE INTO sales_order_items (id,sales_order_id,product_id,quantity,unit_price,discount_percent,line_total) VALUES ('oi-0346-4','order-0346','prod-036',7,79.14,0,553.98);
INSERT OR IGNORE INTO sales_order_items (id,sales_order_id,product_id,quantity,unit_price,discount_percent,line_total) VALUES ('oi-0346-5','order-0346','prod-024',18,81.34,10,1317.71);
INSERT OR IGNORE INTO sales_orders (id,tenant_id,order_number,agent_id,customer_id,order_type,status,subtotal,tax_amount,total_amount,payment_method,payment_status,created_at) VALUES ('order-0347','default-tenant-001','SO-00347','agent-005','cust-082','direct_sale','completed',5967.92,895.19,6863.11,'card','paid','2025-11-16T10:00:00Z');
INSERT OR IGNORE INTO sales_order_items (id,sales_order_id,product_id,quantity,unit_price,discount_percent,line_total) VALUES ('oi-0347-1','order-0347','prod-028',19,62.86,5,1134.62);
INSERT OR IGNORE INTO sales_order_items (id,sales_order_id,product_id,quantity,unit_price,discount_percent,line_total) VALUES ('oi-0347-2','order-0347','prod-039',15,132.52,0,1987.8);
INSERT OR IGNORE INTO sales_order_items (id,sales_order_id,product_id,quantity,unit_price,discount_percent,line_total) VALUES ('oi-0347-3','order-0347','prod-021',20,60.99,0,1219.8);
INSERT OR IGNORE INTO sales_order_items (id,sales_order_id,product_id,quantity,unit_price,discount_percent,line_total) VALUES ('oi-0347-4','order-0347','prod-050',13,72.48,0,942.24);
INSERT OR IGNORE INTO sales_order_items (id,sales_order_id,product_id,quantity,unit_price,discount_percent,line_total) VALUES ('oi-0347-5','order-0347','prod-027',1,46.59,5,44.26);
INSERT OR IGNORE INTO sales_order_items (id,sales_order_id,product_id,quantity,unit_price,discount_percent,line_total) VALUES ('oi-0347-6','order-0347','prod-031',17,37.6,0,639.2);
INSERT OR IGNORE INTO sales_orders (id,tenant_id,order_number,agent_id,customer_id,order_type,status,subtotal,tax_amount,total_amount,payment_method,payment_status,created_at) VALUES ('order-0348','default-tenant-001','SO-00348','agent-003','cust-054','direct_sale','pending',5491.5,823.73,6315.23,'credit','pending','2026-01-25T10:00:00Z');
INSERT OR IGNORE INTO sales_order_items (id,sales_order_id,product_id,quantity,unit_price,discount_percent,line_total) VALUES ('oi-0348-1','order-0348','prod-016',10,126.3,0,1263.0);
INSERT OR IGNORE INTO sales_order_items (id,sales_order_id,product_id,quantity,unit_price,discount_percent,line_total) VALUES ('oi-0348-2','order-0348','prod-004',15,64.48,5,918.84);
INSERT OR IGNORE INTO sales_order_items (id,sales_order_id,product_id,quantity,unit_price,discount_percent,line_total) VALUES ('oi-0348-3','order-0348','prod-040',7,12.66,5,84.19);
INSERT OR IGNORE INTO sales_order_items (id,sales_order_id,product_id,quantity,unit_price,discount_percent,line_total) VALUES ('oi-0348-4','order-0348','prod-023',13,143.64,0,1867.32);
INSERT OR IGNORE INTO sales_order_items (id,sales_order_id,product_id,quantity,unit_price,discount_percent,line_total) VALUES ('oi-0348-5','order-0348','prod-040',3,20.48,0,61.44);
INSERT OR IGNORE INTO sales_order_items (id,sales_order_id,product_id,quantity,unit_price,discount_percent,line_total) VALUES ('oi-0348-6','order-0348','prod-021',16,85.31,5,1296.71);
INSERT OR IGNORE INTO sales_orders (id,tenant_id,order_number,agent_id,customer_id,order_type,status,subtotal,tax_amount,total_amount,payment_method,payment_status,created_at) VALUES ('order-0349','default-tenant-001','SO-00349','agent-001','cust-035','direct_sale','pending',4731.6,709.74,5441.34,'credit','pending','2026-02-12T10:00:00Z');
INSERT OR IGNORE INTO sales_order_items (id,sales_order_id,product_id,quantity,unit_price,discount_percent,line_total) VALUES ('oi-0349-1','order-0349','prod-045',20,94.31,0,1886.2);
INSERT OR IGNORE INTO sales_order_items (id,sales_order_id,product_id,quantity,unit_price,discount_percent,line_total) VALUES ('oi-0349-2','order-0349','prod-017',9,28.94,0,260.46);
INSERT OR IGNORE INTO sales_order_items (id,sales_order_id,product_id,quantity,unit_price,discount_percent,line_total) VALUES ('oi-0349-3','order-0349','prod-045',19,143.21,5,2584.94);
INSERT OR IGNORE INTO sales_orders (id,tenant_id,order_number,agent_id,customer_id,order_type,status,subtotal,tax_amount,total_amount,payment_method,payment_status,created_at) VALUES ('order-0350','default-tenant-001','SO-00350','agent-002','cust-096','direct_sale','completed',8054.070000000001,1208.11,9262.18,'credit','paid','2025-11-22T10:00:00Z');
INSERT OR IGNORE INTO sales_order_items (id,sales_order_id,product_id,quantity,unit_price,discount_percent,line_total) VALUES ('oi-0350-1','order-0350','prod-026',13,18.69,10,218.67);
INSERT OR IGNORE INTO sales_order_items (id,sales_order_id,product_id,quantity,unit_price,discount_percent,line_total) VALUES ('oi-0350-2','order-0350','prod-047',6,146.2,0,877.2);
INSERT OR IGNORE INTO sales_order_items (id,sales_order_id,product_id,quantity,unit_price,discount_percent,line_total) VALUES ('oi-0350-3','order-0350','prod-018',13,179.69,0,2335.97);
INSERT OR IGNORE INTO sales_order_items (id,sales_order_id,product_id,quantity,unit_price,discount_percent,line_total) VALUES ('oi-0350-4','order-0350','prod-005',14,166.06,0,2324.84);
INSERT OR IGNORE INTO sales_order_items (id,sales_order_id,product_id,quantity,unit_price,discount_percent,line_total) VALUES ('oi-0350-5','order-0350','prod-050',7,66.73,5,443.75);
INSERT OR IGNORE INTO sales_order_items (id,sales_order_id,product_id,quantity,unit_price,discount_percent,line_total) VALUES ('oi-0350-6','order-0350','prod-001',16,121.95,5,1853.64);
INSERT OR IGNORE INTO sales_orders (id,tenant_id,order_number,agent_id,customer_id,order_type,status,subtotal,tax_amount,total_amount,payment_method,payment_status,created_at) VALUES ('order-0351','default-tenant-001','SO-00351','agent-user-001','cust-058','direct_sale','completed',5997.209999999999,899.58,6896.79,'cash','paid','2026-02-13T10:00:00Z');
INSERT OR IGNORE INTO sales_order_items (id,sales_order_id,product_id,quantity,unit_price,discount_percent,line_total) VALUES ('oi-0351-1','order-0351','prod-030',9,129.96,5,1111.16);
INSERT OR IGNORE INTO sales_order_items (id,sales_order_id,product_id,quantity,unit_price,discount_percent,line_total) VALUES ('oi-0351-2','order-0351','prod-003',13,174.31,10,2039.43);
INSERT OR IGNORE INTO sales_order_items (id,sales_order_id,product_id,quantity,unit_price,discount_percent,line_total) VALUES ('oi-0351-3','order-0351','prod-030',20,86.17,0,1723.4);
INSERT OR IGNORE INTO sales_order_items (id,sales_order_id,product_id,quantity,unit_price,discount_percent,line_total) VALUES ('oi-0351-4','order-0351','prod-017',6,166.76,0,1000.56);
INSERT OR IGNORE INTO sales_order_items (id,sales_order_id,product_id,quantity,unit_price,discount_percent,line_total) VALUES ('oi-0351-5','order-0351','prod-010',1,136.29,10,122.66);
INSERT OR IGNORE INTO sales_orders (id,tenant_id,order_number,agent_id,customer_id,order_type,status,subtotal,tax_amount,total_amount,payment_method,payment_status,created_at) VALUES ('order-0352','default-tenant-001','SO-00352','agent-001','cust-038','direct_sale','pending',883.11,132.47,1015.58,'credit','pending','2025-11-10T10:00:00Z');
INSERT OR IGNORE INTO sales_order_items (id,sales_order_id,product_id,quantity,unit_price,discount_percent,line_total) VALUES ('oi-0352-1','order-0352','prod-005',4,123.79,10,445.64);
INSERT OR IGNORE INTO sales_order_items (id,sales_order_id,product_id,quantity,unit_price,discount_percent,line_total) VALUES ('oi-0352-2','order-0352','prod-013',4,28.77,10,103.57);
INSERT OR IGNORE INTO sales_order_items (id,sales_order_id,product_id,quantity,unit_price,discount_percent,line_total) VALUES ('oi-0352-3','order-0352','prod-042',2,166.95,0,333.9);
INSERT OR IGNORE INTO sales_orders (id,tenant_id,order_number,agent_id,customer_id,order_type,status,subtotal,tax_amount,total_amount,payment_method,payment_status,created_at) VALUES ('order-0353','default-tenant-001','SO-00353','agent-004','cust-055','direct_sale','completed',2502.02,375.3,2877.32,'mobile_money','paid','2026-03-09T10:00:00Z');
INSERT OR IGNORE INTO sales_order_items (id,sales_order_id,product_id,quantity,unit_price,discount_percent,line_total) VALUES ('oi-0353-1','order-0353','prod-032',4,171.61,10,617.8);
INSERT OR IGNORE INTO sales_order_items (id,sales_order_id,product_id,quantity,unit_price,discount_percent,line_total) VALUES ('oi-0353-2','order-0353','prod-035',10,135.12,0,1351.2);
INSERT OR IGNORE INTO sales_order_items (id,sales_order_id,product_id,quantity,unit_price,discount_percent,line_total) VALUES ('oi-0353-3','order-0353','prod-037',4,148.06,10,533.02);
INSERT OR IGNORE INTO sales_orders (id,tenant_id,order_number,agent_id,customer_id,order_type,status,subtotal,tax_amount,total_amount,payment_method,payment_status,created_at) VALUES ('order-0354','default-tenant-001','SO-00354','agent-004','cust-004','direct_sale','delivered',6319.49,947.92,7267.41,'card','paid','2026-02-11T10:00:00Z');
INSERT OR IGNORE INTO sales_order_items (id,sales_order_id,product_id,quantity,unit_price,discount_percent,line_total) VALUES ('oi-0354-1','order-0354','prod-036',10,48.32,0,483.2);
INSERT OR IGNORE INTO sales_order_items (id,sales_order_id,product_id,quantity,unit_price,discount_percent,line_total) VALUES ('oi-0354-2','order-0354','prod-017',8,129.37,5,983.21);
INSERT OR IGNORE INTO sales_order_items (id,sales_order_id,product_id,quantity,unit_price,discount_percent,line_total) VALUES ('oi-0354-3','order-0354','prod-031',15,117.27,0,1759.05);
INSERT OR IGNORE INTO sales_order_items (id,sales_order_id,product_id,quantity,unit_price,discount_percent,line_total) VALUES ('oi-0354-4','order-0354','prod-020',19,153.43,0,2915.17);
INSERT OR IGNORE INTO sales_order_items (id,sales_order_id,product_id,quantity,unit_price,discount_percent,line_total) VALUES ('oi-0354-5','order-0354','prod-005',6,29.81,0,178.86);
INSERT OR IGNORE INTO sales_orders (id,tenant_id,order_number,agent_id,customer_id,order_type,status,subtotal,tax_amount,total_amount,payment_method,payment_status,created_at) VALUES ('order-0355','default-tenant-001','SO-00355','agent-user-001','cust-068','direct_sale','draft',4312.349999999999,646.85,4959.2,'card','pending','2026-01-13T10:00:00Z');
INSERT OR IGNORE INTO sales_order_items (id,sales_order_id,product_id,quantity,unit_price,discount_percent,line_total) VALUES ('oi-0355-1','order-0355','prod-001',11,173.59,10,1718.54);
INSERT OR IGNORE INTO sales_order_items (id,sales_order_id,product_id,quantity,unit_price,discount_percent,line_total) VALUES ('oi-0355-2','order-0355','prod-009',2,83.59,5,158.82);
INSERT OR IGNORE INTO sales_order_items (id,sales_order_id,product_id,quantity,unit_price,discount_percent,line_total) VALUES ('oi-0355-3','order-0355','prod-021',12,56.14,5,640.0);
INSERT OR IGNORE INTO sales_order_items (id,sales_order_id,product_id,quantity,unit_price,discount_percent,line_total) VALUES ('oi-0355-4','order-0355','prod-036',19,104.97,10,1794.99);
INSERT OR IGNORE INTO sales_orders (id,tenant_id,order_number,agent_id,customer_id,order_type,status,subtotal,tax_amount,total_amount,payment_method,payment_status,created_at) VALUES ('order-0356','default-tenant-001','SO-00356','agent-user-001','cust-052','direct_sale','pending',7861.5,1179.22,9040.72,'mobile_money','pending','2025-11-21T10:00:00Z');
INSERT OR IGNORE INTO sales_order_items (id,sales_order_id,product_id,quantity,unit_price,discount_percent,line_total) VALUES ('oi-0356-1','order-0356','prod-012',19,98.85,0,1878.15);
INSERT OR IGNORE INTO sales_order_items (id,sales_order_id,product_id,quantity,unit_price,discount_percent,line_total) VALUES ('oi-0356-2','order-0356','prod-041',7,94.39,0,660.73);
INSERT OR IGNORE INTO sales_order_items (id,sales_order_id,product_id,quantity,unit_price,discount_percent,line_total) VALUES ('oi-0356-3','order-0356','prod-045',10,93.12,10,838.08);
INSERT OR IGNORE INTO sales_order_items (id,sales_order_id,product_id,quantity,unit_price,discount_percent,line_total) VALUES ('oi-0356-4','order-0356','prod-005',6,35.8,0,214.8);
INSERT OR IGNORE INTO sales_order_items (id,sales_order_id,product_id,quantity,unit_price,discount_percent,line_total) VALUES ('oi-0356-5','order-0356','prod-017',18,163.75,0,2947.5);
INSERT OR IGNORE INTO sales_order_items (id,sales_order_id,product_id,quantity,unit_price,discount_percent,line_total) VALUES ('oi-0356-6','order-0356','prod-039',16,82.64,0,1322.24);
INSERT OR IGNORE INTO sales_orders (id,tenant_id,order_number,agent_id,customer_id,order_type,status,subtotal,tax_amount,total_amount,payment_method,payment_status,created_at) VALUES ('order-0357','default-tenant-001','SO-00357','agent-005','cust-020','direct_sale','completed',5803.74,870.56,6674.3,'mobile_money','paid','2026-01-13T10:00:00Z');
INSERT OR IGNORE INTO sales_order_items (id,sales_order_id,product_id,quantity,unit_price,discount_percent,line_total) VALUES ('oi-0357-1','order-0357','prod-021',12,106.49,10,1150.09);
INSERT OR IGNORE INTO sales_order_items (id,sales_order_id,product_id,quantity,unit_price,discount_percent,line_total) VALUES ('oi-0357-2','order-0357','prod-026',19,81.41,10,1392.11);
INSERT OR IGNORE INTO sales_order_items (id,sales_order_id,product_id,quantity,unit_price,discount_percent,line_total) VALUES ('oi-0357-3','order-0357','prod-020',7,31.9,5,212.13);
INSERT OR IGNORE INTO sales_order_items (id,sales_order_id,product_id,quantity,unit_price,discount_percent,line_total) VALUES ('oi-0357-4','order-0357','prod-029',9,115.51,0,1039.59);
INSERT OR IGNORE INTO sales_order_items (id,sales_order_id,product_id,quantity,unit_price,discount_percent,line_total) VALUES ('oi-0357-5','order-0357','prod-006',2,42.54,0,85.08);
INSERT OR IGNORE INTO sales_order_items (id,sales_order_id,product_id,quantity,unit_price,discount_percent,line_total) VALUES ('oi-0357-6','order-0357','prod-048',17,125.8,10,1924.74);
INSERT OR IGNORE INTO sales_orders (id,tenant_id,order_number,agent_id,customer_id,order_type,status,subtotal,tax_amount,total_amount,payment_method,payment_status,created_at) VALUES ('order-0358','default-tenant-001','SO-00358','agent-003','cust-043','direct_sale','completed',680.4200000000001,102.06,782.48,'cash','paid','2025-10-13T10:00:00Z');
INSERT OR IGNORE INTO sales_order_items (id,sales_order_id,product_id,quantity,unit_price,discount_percent,line_total) VALUES ('oi-0358-1','order-0358','prod-019',5,11.02,0,55.1);
INSERT OR IGNORE INTO sales_order_items (id,sales_order_id,product_id,quantity,unit_price,discount_percent,line_total) VALUES ('oi-0358-2','order-0358','prod-007',9,69.48,0,625.32);
INSERT OR IGNORE INTO sales_orders (id,tenant_id,order_number,agent_id,customer_id,order_type,status,subtotal,tax_amount,total_amount,payment_method,payment_status,created_at) VALUES ('order-0359','default-tenant-001','SO-00359','agent-003','cust-030','direct_sale','draft',2083.92,312.59,2396.51,'cash','pending','2025-12-13T10:00:00Z');
INSERT OR IGNORE INTO sales_order_items (id,sales_order_id,product_id,quantity,unit_price,discount_percent,line_total) VALUES ('oi-0359-1','order-0359','prod-003',8,64.69,5,491.64);
INSERT OR IGNORE INTO sales_order_items (id,sales_order_id,product_id,quantity,unit_price,discount_percent,line_total) VALUES ('oi-0359-2','order-0359','prod-049',9,176.92,0,1592.28);
INSERT OR IGNORE INTO sales_orders (id,tenant_id,order_number,agent_id,customer_id,order_type,status,subtotal,tax_amount,total_amount,payment_method,payment_status,created_at) VALUES ('order-0360','default-tenant-001','SO-00360','agent-001','cust-016','direct_sale','delivered',3487.3500000000004,523.1,4010.45,'credit','paid','2025-10-22T10:00:00Z');
INSERT OR IGNORE INTO sales_order_items (id,sales_order_id,product_id,quantity,unit_price,discount_percent,line_total) VALUES ('oi-0360-1','order-0360','prod-042',20,16.99,10,305.82);
INSERT OR IGNORE INTO sales_order_items (id,sales_order_id,product_id,quantity,unit_price,discount_percent,line_total) VALUES ('oi-0360-2','order-0360','prod-029',1,24.93,0,24.93);
INSERT OR IGNORE INTO sales_order_items (id,sales_order_id,product_id,quantity,unit_price,discount_percent,line_total) VALUES ('oi-0360-3','order-0360','prod-012',7,147.62,10,930.01);
INSERT OR IGNORE INTO sales_order_items (id,sales_order_id,product_id,quantity,unit_price,discount_percent,line_total) VALUES ('oi-0360-4','order-0360','prod-040',18,130.21,5,2226.59);
INSERT OR IGNORE INTO sales_orders (id,tenant_id,order_number,agent_id,customer_id,order_type,status,subtotal,tax_amount,total_amount,payment_method,payment_status,created_at) VALUES ('order-0361','default-tenant-001','SO-00361','agent-002','cust-035','direct_sale','delivered',845.25,126.79,972.04,'card','paid','2026-01-10T10:00:00Z');
INSERT OR IGNORE INTO sales_order_items (id,sales_order_id,product_id,quantity,unit_price,discount_percent,line_total) VALUES ('oi-0361-1','order-0361','prod-013',4,108.63,5,412.79);
INSERT OR IGNORE INTO sales_order_items (id,sales_order_id,product_id,quantity,unit_price,discount_percent,line_total) VALUES ('oi-0361-2','order-0361','prod-011',7,61.78,0,432.46);
INSERT OR IGNORE INTO sales_orders (id,tenant_id,order_number,agent_id,customer_id,order_type,status,subtotal,tax_amount,total_amount,payment_method,payment_status,created_at) VALUES ('order-0362','default-tenant-001','SO-00362','agent-user-001','cust-049','direct_sale','completed',5043.29,756.49,5799.78,'card','paid','2026-02-25T10:00:00Z');
INSERT OR IGNORE INTO sales_order_items (id,sales_order_id,product_id,quantity,unit_price,discount_percent,line_total) VALUES ('oi-0362-1','order-0362','prod-033',12,158.25,0,1899.0);
INSERT OR IGNORE INTO sales_order_items (id,sales_order_id,product_id,quantity,unit_price,discount_percent,line_total) VALUES ('oi-0362-2','order-0362','prod-014',5,113.69,0,568.45);
INSERT OR IGNORE INTO sales_order_items (id,sales_order_id,product_id,quantity,unit_price,discount_percent,line_total) VALUES ('oi-0362-3','order-0362','prod-021',17,151.52,0,2575.84);
INSERT OR IGNORE INTO sales_orders (id,tenant_id,order_number,agent_id,customer_id,order_type,status,subtotal,tax_amount,total_amount,payment_method,payment_status,created_at) VALUES ('order-0363','default-tenant-001','SO-00363','agent-user-001','cust-029','direct_sale','completed',1722.18,258.33,1980.51,'mobile_money','paid','2025-10-19T10:00:00Z');
INSERT OR IGNORE INTO sales_order_items (id,sales_order_id,product_id,quantity,unit_price,discount_percent,line_total) VALUES ('oi-0363-1','order-0363','prod-026',19,28.69,10,490.6);
INSERT OR IGNORE INTO sales_order_items (id,sales_order_id,product_id,quantity,unit_price,discount_percent,line_total) VALUES ('oi-0363-2','order-0363','prod-021',2,97.31,0,194.62);
INSERT OR IGNORE INTO sales_order_items (id,sales_order_id,product_id,quantity,unit_price,discount_percent,line_total) VALUES ('oi-0363-3','order-0363','prod-006',3,60.0,0,180.0);
INSERT OR IGNORE INTO sales_order_items (id,sales_order_id,product_id,quantity,unit_price,discount_percent,line_total) VALUES ('oi-0363-4','order-0363','prod-032',13,65.92,0,856.96);
INSERT OR IGNORE INTO sales_orders (id,tenant_id,order_number,agent_id,customer_id,order_type,status,subtotal,tax_amount,total_amount,payment_method,payment_status,created_at) VALUES ('order-0364','default-tenant-001','SO-00364','agent-004','cust-073','direct_sale','draft',407.66,61.15,468.81,'mobile_money','pending','2026-03-03T10:00:00Z');
INSERT OR IGNORE INTO sales_order_items (id,sales_order_id,product_id,quantity,unit_price,discount_percent,line_total) VALUES ('oi-0364-1','order-0364','prod-037',5,52.92,0,264.6);
INSERT OR IGNORE INTO sales_order_items (id,sales_order_id,product_id,quantity,unit_price,discount_percent,line_total) VALUES ('oi-0364-2','order-0364','prod-026',2,71.53,0,143.06);
INSERT OR IGNORE INTO sales_orders (id,tenant_id,order_number,agent_id,customer_id,order_type,status,subtotal,tax_amount,total_amount,payment_method,payment_status,created_at) VALUES ('order-0365','default-tenant-001','SO-00365','agent-001','cust-027','direct_sale','completed',3253.79,488.07,3741.86,'credit','paid','2025-11-30T10:00:00Z');
INSERT OR IGNORE INTO sales_order_items (id,sales_order_id,product_id,quantity,unit_price,discount_percent,line_total) VALUES ('oi-0365-1','order-0365','prod-049',10,65.79,0,657.9);
INSERT OR IGNORE INTO sales_order_items (id,sales_order_id,product_id,quantity,unit_price,discount_percent,line_total) VALUES ('oi-0365-2','order-0365','prod-039',4,39.34,10,141.62);
INSERT OR IGNORE INTO sales_order_items (id,sales_order_id,product_id,quantity,unit_price,discount_percent,line_total) VALUES ('oi-0365-3','order-0365','prod-009',17,160.41,10,2454.27);
INSERT OR IGNORE INTO sales_orders (id,tenant_id,order_number,agent_id,customer_id,order_type,status,subtotal,tax_amount,total_amount,payment_method,payment_status,created_at) VALUES ('order-0366','default-tenant-001','SO-00366','agent-001','cust-034','direct_sale','delivered',1052.8899999999999,157.93,1210.82,'card','paid','2025-11-21T10:00:00Z');
INSERT OR IGNORE INTO sales_order_items (id,sales_order_id,product_id,quantity,unit_price,discount_percent,line_total) VALUES ('oi-0366-1','order-0366','prod-003',4,167.35,5,635.93);
INSERT OR IGNORE INTO sales_order_items (id,sales_order_id,product_id,quantity,unit_price,discount_percent,line_total) VALUES ('oi-0366-2','order-0366','prod-042',3,154.43,10,416.96);
INSERT OR IGNORE INTO sales_orders (id,tenant_id,order_number,agent_id,customer_id,order_type,status,subtotal,tax_amount,total_amount,payment_method,payment_status,created_at) VALUES ('order-0367','default-tenant-001','SO-00367','agent-004','cust-013','direct_sale','completed',2110.04,316.51,2426.55,'mobile_money','paid','2026-03-10T10:00:00Z');
INSERT OR IGNORE INTO sales_order_items (id,sales_order_id,product_id,quantity,unit_price,discount_percent,line_total) VALUES ('oi-0367-1','order-0367','prod-023',14,101.3,5,1347.29);
INSERT OR IGNORE INTO sales_order_items (id,sales_order_id,product_id,quantity,unit_price,discount_percent,line_total) VALUES ('oi-0367-2','order-0367','prod-045',2,18.7,5,35.53);
INSERT OR IGNORE INTO sales_order_items (id,sales_order_id,product_id,quantity,unit_price,discount_percent,line_total) VALUES ('oi-0367-3','order-0367','prod-033',9,89.78,10,727.22);
INSERT OR IGNORE INTO sales_orders (id,tenant_id,order_number,agent_id,customer_id,order_type,status,subtotal,tax_amount,total_amount,payment_method,payment_status,created_at) VALUES ('order-0368','default-tenant-001','SO-00368','agent-001','cust-091','direct_sale','completed',4000.3900000000003,600.06,4600.45,'cash','paid','2026-03-06T10:00:00Z');
INSERT OR IGNORE INTO sales_order_items (id,sales_order_id,product_id,quantity,unit_price,discount_percent,line_total) VALUES ('oi-0368-1','order-0368','prod-028',14,179.78,5,2391.07);
INSERT OR IGNORE INTO sales_order_items (id,sales_order_id,product_id,quantity,unit_price,discount_percent,line_total) VALUES ('oi-0368-2','order-0368','prod-030',7,75.93,10,478.36);
INSERT OR IGNORE INTO sales_order_items (id,sales_order_id,product_id,quantity,unit_price,discount_percent,line_total) VALUES ('oi-0368-3','order-0368','prod-023',3,136.28,5,388.4);
INSERT OR IGNORE INTO sales_order_items (id,sales_order_id,product_id,quantity,unit_price,discount_percent,line_total) VALUES ('oi-0368-4','order-0368','prod-007',6,123.76,0,742.56);
INSERT OR IGNORE INTO sales_orders (id,tenant_id,order_number,agent_id,customer_id,order_type,status,subtotal,tax_amount,total_amount,payment_method,payment_status,created_at) VALUES ('order-0369','default-tenant-001','SO-00369','agent-user-001','cust-098','direct_sale','completed',3016.48,452.47,3468.95,'credit','paid','2025-10-23T10:00:00Z');
INSERT OR IGNORE INTO sales_order_items (id,sales_order_id,product_id,quantity,unit_price,discount_percent,line_total) VALUES ('oi-0369-1','order-0369','prod-028',3,44.74,0,134.22);
INSERT OR IGNORE INTO sales_order_items (id,sales_order_id,product_id,quantity,unit_price,discount_percent,line_total) VALUES ('oi-0369-2','order-0369','prod-007',11,175.63,10,1738.74);
INSERT OR IGNORE INTO sales_order_items (id,sales_order_id,product_id,quantity,unit_price,discount_percent,line_total) VALUES ('oi-0369-3','order-0369','prod-001',6,45.61,5,259.98);
INSERT OR IGNORE INTO sales_order_items (id,sales_order_id,product_id,quantity,unit_price,discount_percent,line_total) VALUES ('oi-0369-4','order-0369','prod-021',7,126.22,0,883.54);
INSERT OR IGNORE INTO sales_orders (id,tenant_id,order_number,agent_id,customer_id,order_type,status,subtotal,tax_amount,total_amount,payment_method,payment_status,created_at) VALUES ('order-0370','default-tenant-001','SO-00370','agent-002','cust-020','direct_sale','completed',5599.080000000001,839.86,6438.94,'cash','paid','2025-12-30T10:00:00Z');
INSERT OR IGNORE INTO sales_order_items (id,sales_order_id,product_id,quantity,unit_price,discount_percent,line_total) VALUES ('oi-0370-1','order-0370','prod-021',7,83.83,5,557.47);
INSERT OR IGNORE INTO sales_order_items (id,sales_order_id,product_id,quantity,unit_price,discount_percent,line_total) VALUES ('oi-0370-2','order-0370','prod-019',5,81.99,10,368.95);
INSERT OR IGNORE INTO sales_order_items (id,sales_order_id,product_id,quantity,unit_price,discount_percent,line_total) VALUES ('oi-0370-3','order-0370','prod-035',1,77.58,0,77.58);
INSERT OR IGNORE INTO sales_order_items (id,sales_order_id,product_id,quantity,unit_price,discount_percent,line_total) VALUES ('oi-0370-4','order-0370','prod-004',20,82.18,5,1561.42);
INSERT OR IGNORE INTO sales_order_items (id,sales_order_id,product_id,quantity,unit_price,discount_percent,line_total) VALUES ('oi-0370-5','order-0370','prod-037',18,129.47,5,2213.94);
INSERT OR IGNORE INTO sales_order_items (id,sales_order_id,product_id,quantity,unit_price,discount_percent,line_total) VALUES ('oi-0370-6','order-0370','prod-014',11,74.52,0,819.72);
INSERT OR IGNORE INTO sales_orders (id,tenant_id,order_number,agent_id,customer_id,order_type,status,subtotal,tax_amount,total_amount,payment_method,payment_status,created_at) VALUES ('order-0371','default-tenant-001','SO-00371','agent-004','cust-017','direct_sale','completed',7019.589999999999,1052.94,8072.53,'card','paid','2026-02-13T10:00:00Z');
INSERT OR IGNORE INTO sales_order_items (id,sales_order_id,product_id,quantity,unit_price,discount_percent,line_total) VALUES ('oi-0371-1','order-0371','prod-039',10,169.17,5,1607.11);
INSERT OR IGNORE INTO sales_order_items (id,sales_order_id,product_id,quantity,unit_price,discount_percent,line_total) VALUES ('oi-0371-2','order-0371','prod-010',3,71.51,0,214.53);
INSERT OR IGNORE INTO sales_order_items (id,sales_order_id,product_id,quantity,unit_price,discount_percent,line_total) VALUES ('oi-0371-3','order-0371','prod-033',5,96.99,5,460.7);
INSERT OR IGNORE INTO sales_order_items (id,sales_order_id,product_id,quantity,unit_price,discount_percent,line_total) VALUES ('oi-0371-4','order-0371','prod-032',15,167.3,10,2258.55);
INSERT OR IGNORE INTO sales_order_items (id,sales_order_id,product_id,quantity,unit_price,discount_percent,line_total) VALUES ('oi-0371-5','order-0371','prod-006',14,177.05,0,2478.7);
INSERT OR IGNORE INTO sales_orders (id,tenant_id,order_number,agent_id,customer_id,order_type,status,subtotal,tax_amount,total_amount,payment_method,payment_status,created_at) VALUES ('order-0372','default-tenant-001','SO-00372','agent-user-001','cust-002','direct_sale','completed',1226.5,183.97,1410.47,'credit','paid','2025-11-08T10:00:00Z');
INSERT OR IGNORE INTO sales_order_items (id,sales_order_id,product_id,quantity,unit_price,discount_percent,line_total) VALUES ('oi-0372-1','order-0372','prod-018',8,31.58,0,252.64);
INSERT OR IGNORE INTO sales_order_items (id,sales_order_id,product_id,quantity,unit_price,discount_percent,line_total) VALUES ('oi-0372-2','order-0372','prod-026',6,162.31,0,973.86);
INSERT OR IGNORE INTO sales_orders (id,tenant_id,order_number,agent_id,customer_id,order_type,status,subtotal,tax_amount,total_amount,payment_method,payment_status,created_at) VALUES ('order-0373','default-tenant-001','SO-00373','agent-001','cust-072','direct_sale','pending',5911.51,886.73,6798.24,'cash','pending','2025-12-01T10:00:00Z');
INSERT OR IGNORE INTO sales_order_items (id,sales_order_id,product_id,quantity,unit_price,discount_percent,line_total) VALUES ('oi-0373-1','order-0373','prod-028',5,123.47,0,617.35);
INSERT OR IGNORE INTO sales_order_items (id,sales_order_id,product_id,quantity,unit_price,discount_percent,line_total) VALUES ('oi-0373-2','order-0373','prod-032',17,178.98,10,2738.39);
INSERT OR IGNORE INTO sales_order_items (id,sales_order_id,product_id,quantity,unit_price,discount_percent,line_total) VALUES ('oi-0373-3','order-0373','prod-038',19,149.46,10,2555.77);
INSERT OR IGNORE INTO sales_orders (id,tenant_id,order_number,agent_id,customer_id,order_type,status,subtotal,tax_amount,total_amount,payment_method,payment_status,created_at) VALUES ('order-0374','default-tenant-001','SO-00374','agent-user-001','cust-019','direct_sale','delivered',4120.81,618.12,4738.93,'credit','paid','2026-01-01T10:00:00Z');
INSERT OR IGNORE INTO sales_order_items (id,sales_order_id,product_id,quantity,unit_price,discount_percent,line_total) VALUES ('oi-0374-1','order-0374','prod-012',1,33.0,5,31.35);
INSERT OR IGNORE INTO sales_order_items (id,sales_order_id,product_id,quantity,unit_price,discount_percent,line_total) VALUES ('oi-0374-2','order-0374','prod-001',18,163.29,5,2792.26);
INSERT OR IGNORE INTO sales_order_items (id,sales_order_id,product_id,quantity,unit_price,discount_percent,line_total) VALUES ('oi-0374-3','order-0374','prod-005',8,162.15,0,1297.2);
INSERT OR IGNORE INTO sales_orders (id,tenant_id,order_number,agent_id,customer_id,order_type,status,subtotal,tax_amount,total_amount,payment_method,payment_status,created_at) VALUES ('order-0375','default-tenant-001','SO-00375','agent-005','cust-087','direct_sale','completed',5106.88,766.03,5872.91,'credit','paid','2025-10-21T10:00:00Z');
INSERT OR IGNORE INTO sales_order_items (id,sales_order_id,product_id,quantity,unit_price,discount_percent,line_total) VALUES ('oi-0375-1','order-0375','prod-021',10,70.48,0,704.8);
INSERT OR IGNORE INTO sales_order_items (id,sales_order_id,product_id,quantity,unit_price,discount_percent,line_total) VALUES ('oi-0375-2','order-0375','prod-034',17,54.77,0,931.09);
INSERT OR IGNORE INTO sales_order_items (id,sales_order_id,product_id,quantity,unit_price,discount_percent,line_total) VALUES ('oi-0375-3','order-0375','prod-041',16,170.61,10,2456.78);
INSERT OR IGNORE INTO sales_order_items (id,sales_order_id,product_id,quantity,unit_price,discount_percent,line_total) VALUES ('oi-0375-4','order-0375','prod-035',6,119.46,0,716.76);
INSERT OR IGNORE INTO sales_order_items (id,sales_order_id,product_id,quantity,unit_price,discount_percent,line_total) VALUES ('oi-0375-5','order-0375','prod-049',5,59.49,0,297.45);
INSERT OR IGNORE INTO sales_orders (id,tenant_id,order_number,agent_id,customer_id,order_type,status,subtotal,tax_amount,total_amount,payment_method,payment_status,created_at) VALUES ('order-0376','default-tenant-001','SO-00376','agent-001','cust-014','direct_sale','completed',7064.700000000001,1059.71,8124.41,'cash','paid','2026-03-02T10:00:00Z');
INSERT OR IGNORE INTO sales_order_items (id,sales_order_id,product_id,quantity,unit_price,discount_percent,line_total) VALUES ('oi-0376-1','order-0376','prod-027',17,168.43,0,2863.31);
INSERT OR IGNORE INTO sales_order_items (id,sales_order_id,product_id,quantity,unit_price,discount_percent,line_total) VALUES ('oi-0376-2','order-0376','prod-036',6,157.74,10,851.8);
INSERT OR IGNORE INTO sales_order_items (id,sales_order_id,product_id,quantity,unit_price,discount_percent,line_total) VALUES ('oi-0376-3','order-0376','prod-043',17,172.39,10,2637.57);
INSERT OR IGNORE INTO sales_order_items (id,sales_order_id,product_id,quantity,unit_price,discount_percent,line_total) VALUES ('oi-0376-4','order-0376','prod-026',2,20.43,0,40.86);
INSERT OR IGNORE INTO sales_order_items (id,sales_order_id,product_id,quantity,unit_price,discount_percent,line_total) VALUES ('oi-0376-5','order-0376','prod-021',6,67.1,0,402.6);
INSERT OR IGNORE INTO sales_order_items (id,sales_order_id,product_id,quantity,unit_price,discount_percent,line_total) VALUES ('oi-0376-6','order-0376','prod-014',11,25.7,5,268.56);
INSERT OR IGNORE INTO sales_orders (id,tenant_id,order_number,agent_id,customer_id,order_type,status,subtotal,tax_amount,total_amount,payment_method,payment_status,created_at) VALUES ('order-0377','default-tenant-001','SO-00377','agent-003','cust-008','direct_sale','pending',2398.6,359.79,2758.39,'credit','pending','2026-03-01T10:00:00Z');
INSERT OR IGNORE INTO sales_order_items (id,sales_order_id,product_id,quantity,unit_price,discount_percent,line_total) VALUES ('oi-0377-1','order-0377','prod-019',12,39.55,0,474.6);
INSERT OR IGNORE INTO sales_order_items (id,sales_order_id,product_id,quantity,unit_price,discount_percent,line_total) VALUES ('oi-0377-2','order-0377','prod-032',13,148.0,0,1924.0);
INSERT OR IGNORE INTO sales_orders (id,tenant_id,order_number,agent_id,customer_id,order_type,status,subtotal,tax_amount,total_amount,payment_method,payment_status,created_at) VALUES ('order-0378','default-tenant-001','SO-00378','agent-002','cust-019','direct_sale','completed',7461.77,1119.27,8581.04,'card','paid','2025-10-29T10:00:00Z');
INSERT OR IGNORE INTO sales_order_items (id,sales_order_id,product_id,quantity,unit_price,discount_percent,line_total) VALUES ('oi-0378-1','order-0378','prod-008',14,122.0,0,1708.0);
INSERT OR IGNORE INTO sales_order_items (id,sales_order_id,product_id,quantity,unit_price,discount_percent,line_total) VALUES ('oi-0378-2','order-0378','prod-005',16,103.29,10,1487.38);
INSERT OR IGNORE INTO sales_order_items (id,sales_order_id,product_id,quantity,unit_price,discount_percent,line_total) VALUES ('oi-0378-3','order-0378','prod-002',6,80.16,10,432.86);
INSERT OR IGNORE INTO sales_order_items (id,sales_order_id,product_id,quantity,unit_price,discount_percent,line_total) VALUES ('oi-0378-4','order-0378','prod-032',19,135.19,0,2568.61);
INSERT OR IGNORE INTO sales_order_items (id,sales_order_id,product_id,quantity,unit_price,discount_percent,line_total) VALUES ('oi-0378-5','order-0378','prod-033',12,105.41,0,1264.92);
INSERT OR IGNORE INTO sales_orders (id,tenant_id,order_number,agent_id,customer_id,order_type,status,subtotal,tax_amount,total_amount,payment_method,payment_status,created_at) VALUES ('order-0379','default-tenant-001','SO-00379','agent-003','cust-022','direct_sale','completed',1851.02,277.65,2128.67,'credit','paid','2025-12-23T10:00:00Z');
INSERT OR IGNORE INTO sales_order_items (id,sales_order_id,product_id,quantity,unit_price,discount_percent,line_total) VALUES ('oi-0379-1','order-0379','prod-021',7,50.16,0,351.12);
INSERT OR IGNORE INTO sales_order_items (id,sales_order_id,product_id,quantity,unit_price,discount_percent,line_total) VALUES ('oi-0379-2','order-0379','prod-001',2,27.64,0,55.28);
INSERT OR IGNORE INTO sales_order_items (id,sales_order_id,product_id,quantity,unit_price,discount_percent,line_total) VALUES ('oi-0379-3','order-0379','prod-016',17,89.45,5,1444.62);
INSERT OR IGNORE INTO sales_orders (id,tenant_id,order_number,agent_id,customer_id,order_type,status,subtotal,tax_amount,total_amount,payment_method,payment_status,created_at) VALUES ('order-0380','default-tenant-001','SO-00380','agent-003','cust-079','direct_sale','completed',4029.6800000000003,604.45,4634.13,'cash','paid','2025-11-21T10:00:00Z');
INSERT OR IGNORE INTO sales_order_items (id,sales_order_id,product_id,quantity,unit_price,discount_percent,line_total) VALUES ('oi-0380-1','order-0380','prod-004',4,124.91,0,499.64);
INSERT OR IGNORE INTO sales_order_items (id,sales_order_id,product_id,quantity,unit_price,discount_percent,line_total) VALUES ('oi-0380-2','order-0380','prod-022',9,175.3,0,1577.7);
INSERT OR IGNORE INTO sales_order_items (id,sales_order_id,product_id,quantity,unit_price,discount_percent,line_total) VALUES ('oi-0380-3','order-0380','prod-028',10,46.29,0,462.9);
INSERT OR IGNORE INTO sales_order_items (id,sales_order_id,product_id,quantity,unit_price,discount_percent,line_total) VALUES ('oi-0380-4','order-0380','prod-039',8,141.45,0,1131.6);
INSERT OR IGNORE INTO sales_order_items (id,sales_order_id,product_id,quantity,unit_price,discount_percent,line_total) VALUES ('oi-0380-5','order-0380','prod-027',4,89.46,0,357.84);
INSERT OR IGNORE INTO sales_orders (id,tenant_id,order_number,agent_id,customer_id,order_type,status,subtotal,tax_amount,total_amount,payment_method,payment_status,created_at) VALUES ('order-0381','default-tenant-001','SO-00381','agent-004','cust-030','direct_sale','delivered',1913.26,286.99,2200.25,'mobile_money','paid','2026-02-26T10:00:00Z');
INSERT OR IGNORE INTO sales_order_items (id,sales_order_id,product_id,quantity,unit_price,discount_percent,line_total) VALUES ('oi-0381-1','order-0381','prod-049',19,97.48,0,1852.12);
INSERT OR IGNORE INTO sales_order_items (id,sales_order_id,product_id,quantity,unit_price,discount_percent,line_total) VALUES ('oi-0381-2','order-0381','prod-039',6,10.19,0,61.14);
INSERT OR IGNORE INTO sales_orders (id,tenant_id,order_number,agent_id,customer_id,order_type,status,subtotal,tax_amount,total_amount,payment_method,payment_status,created_at) VALUES ('order-0382','default-tenant-001','SO-00382','agent-003','cust-025','direct_sale','pending',4862.3099999999995,729.35,5591.66,'credit','pending','2026-01-17T10:00:00Z');
INSERT OR IGNORE INTO sales_order_items (id,sales_order_id,product_id,quantity,unit_price,discount_percent,line_total) VALUES ('oi-0382-1','order-0382','prod-032',12,51.25,0,615.0);
INSERT OR IGNORE INTO sales_order_items (id,sales_order_id,product_id,quantity,unit_price,discount_percent,line_total) VALUES ('oi-0382-2','order-0382','prod-014',11,14.0,0,154.0);
INSERT OR IGNORE INTO sales_order_items (id,sales_order_id,product_id,quantity,unit_price,discount_percent,line_total) VALUES ('oi-0382-3','order-0382','prod-006',6,160.03,5,912.17);
INSERT OR IGNORE INTO sales_order_items (id,sales_order_id,product_id,quantity,unit_price,discount_percent,line_total) VALUES ('oi-0382-4','order-0382','prod-013',12,141.09,0,1693.08);
INSERT OR IGNORE INTO sales_order_items (id,sales_order_id,product_id,quantity,unit_price,discount_percent,line_total) VALUES ('oi-0382-5','order-0382','prod-047',14,106.29,0,1488.06);
INSERT OR IGNORE INTO sales_orders (id,tenant_id,order_number,agent_id,customer_id,order_type,status,subtotal,tax_amount,total_amount,payment_method,payment_status,created_at) VALUES ('order-0383','default-tenant-001','SO-00383','agent-002','cust-099','direct_sale','draft',8667.46,1300.12,9967.58,'credit','pending','2025-10-30T10:00:00Z');
INSERT OR IGNORE INTO sales_order_items (id,sales_order_id,product_id,quantity,unit_price,discount_percent,line_total) VALUES ('oi-0383-1','order-0383','prod-006',9,156.98,5,1342.18);
INSERT OR IGNORE INTO sales_order_items (id,sales_order_id,product_id,quantity,unit_price,discount_percent,line_total) VALUES ('oi-0383-2','order-0383','prod-004',7,110.33,0,772.31);
INSERT OR IGNORE INTO sales_order_items (id,sales_order_id,product_id,quantity,unit_price,discount_percent,line_total) VALUES ('oi-0383-3','order-0383','prod-033',20,161.05,5,3059.95);
INSERT OR IGNORE INTO sales_order_items (id,sales_order_id,product_id,quantity,unit_price,discount_percent,line_total) VALUES ('oi-0383-4','order-0383','prod-004',14,98.37,0,1377.18);
INSERT OR IGNORE INTO sales_order_items (id,sales_order_id,product_id,quantity,unit_price,discount_percent,line_total) VALUES ('oi-0383-5','order-0383','prod-030',19,91.65,0,1741.35);
INSERT OR IGNORE INTO sales_order_items (id,sales_order_id,product_id,quantity,unit_price,discount_percent,line_total) VALUES ('oi-0383-6','order-0383','prod-050',3,138.7,10,374.49);
INSERT OR IGNORE INTO sales_orders (id,tenant_id,order_number,agent_id,customer_id,order_type,status,subtotal,tax_amount,total_amount,payment_method,payment_status,created_at) VALUES ('order-0384','default-tenant-001','SO-00384','agent-user-001','cust-026','direct_sale','draft',5647.3099999999995,847.1,6494.41,'mobile_money','pending','2025-11-11T10:00:00Z');
INSERT OR IGNORE INTO sales_order_items (id,sales_order_id,product_id,quantity,unit_price,discount_percent,line_total) VALUES ('oi-0384-1','order-0384','prod-035',15,179.18,0,2687.7);
INSERT OR IGNORE INTO sales_order_items (id,sales_order_id,product_id,quantity,unit_price,discount_percent,line_total) VALUES ('oi-0384-2','order-0384','prod-020',17,100.32,5,1620.17);
INSERT OR IGNORE INTO sales_order_items (id,sales_order_id,product_id,quantity,unit_price,discount_percent,line_total) VALUES ('oi-0384-3','order-0384','prod-018',9,156.66,5,1339.44);
INSERT OR IGNORE INTO sales_orders (id,tenant_id,order_number,agent_id,customer_id,order_type,status,subtotal,tax_amount,total_amount,payment_method,payment_status,created_at) VALUES ('order-0385','default-tenant-001','SO-00385','agent-003','cust-009','direct_sale','completed',1832.39,274.86,2107.25,'mobile_money','paid','2025-12-26T10:00:00Z');
INSERT OR IGNORE INTO sales_order_items (id,sales_order_id,product_id,quantity,unit_price,discount_percent,line_total) VALUES ('oi-0385-1','order-0385','prod-009',5,16.51,5,78.42);
INSERT OR IGNORE INTO sales_order_items (id,sales_order_id,product_id,quantity,unit_price,discount_percent,line_total) VALUES ('oi-0385-2','order-0385','prod-041',16,98.05,0,1568.8);
INSERT OR IGNORE INTO sales_order_items (id,sales_order_id,product_id,quantity,unit_price,discount_percent,line_total) VALUES ('oi-0385-3','order-0385','prod-019',11,17.72,5,185.17);
INSERT OR IGNORE INTO sales_orders (id,tenant_id,order_number,agent_id,customer_id,order_type,status,subtotal,tax_amount,total_amount,payment_method,payment_status,created_at) VALUES ('order-0386','default-tenant-001','SO-00386','agent-002','cust-081','direct_sale','pending',5697.92,854.69,6552.61,'card','pending','2026-01-21T10:00:00Z');
INSERT OR IGNORE INTO sales_order_items (id,sales_order_id,product_id,quantity,unit_price,discount_percent,line_total) VALUES ('oi-0386-1','order-0386','prod-029',4,153.95,0,615.8);
INSERT OR IGNORE INTO sales_order_items (id,sales_order_id,product_id,quantity,unit_price,discount_percent,line_total) VALUES ('oi-0386-2','order-0386','prod-042',8,110.77,0,886.16);
INSERT OR IGNORE INTO sales_order_items (id,sales_order_id,product_id,quantity,unit_price,discount_percent,line_total) VALUES ('oi-0386-3','order-0386','prod-025',1,104.83,10,94.35);
INSERT OR IGNORE INTO sales_order_items (id,sales_order_id,product_id,quantity,unit_price,discount_percent,line_total) VALUES ('oi-0386-4','order-0386','prod-016',20,32.76,10,589.68);
INSERT OR IGNORE INTO sales_order_items (id,sales_order_id,product_id,quantity,unit_price,discount_percent,line_total) VALUES ('oi-0386-5','order-0386','prod-028',18,112.23,5,1919.13);
INSERT OR IGNORE INTO sales_order_items (id,sales_order_id,product_id,quantity,unit_price,discount_percent,line_total) VALUES ('oi-0386-6','order-0386','prod-002',10,159.28,0,1592.8);
INSERT OR IGNORE INTO sales_orders (id,tenant_id,order_number,agent_id,customer_id,order_type,status,subtotal,tax_amount,total_amount,payment_method,payment_status,created_at) VALUES ('order-0387','default-tenant-001','SO-00387','agent-003','cust-043','direct_sale','completed',3783.88,567.58,4351.46,'mobile_money','paid','2025-12-03T10:00:00Z');
INSERT OR IGNORE INTO sales_order_items (id,sales_order_id,product_id,quantity,unit_price,discount_percent,line_total) VALUES ('oi-0387-1','order-0387','prod-017',10,75.23,0,752.3);
INSERT OR IGNORE INTO sales_order_items (id,sales_order_id,product_id,quantity,unit_price,discount_percent,line_total) VALUES ('oi-0387-2','order-0387','prod-039',19,39.78,10,680.24);
INSERT OR IGNORE INTO sales_order_items (id,sales_order_id,product_id,quantity,unit_price,discount_percent,line_total) VALUES ('oi-0387-3','order-0387','prod-039',18,130.63,0,2351.34);
INSERT OR IGNORE INTO sales_orders (id,tenant_id,order_number,agent_id,customer_id,order_type,status,subtotal,tax_amount,total_amount,payment_method,payment_status,created_at) VALUES ('order-0388','default-tenant-001','SO-00388','agent-001','cust-002','direct_sale','completed',5230.42,784.56,6014.98,'mobile_money','paid','2025-11-11T10:00:00Z');
INSERT OR IGNORE INTO sales_order_items (id,sales_order_id,product_id,quantity,unit_price,discount_percent,line_total) VALUES ('oi-0388-1','order-0388','prod-025',14,151.54,10,1909.4);
INSERT OR IGNORE INTO sales_order_items (id,sales_order_id,product_id,quantity,unit_price,discount_percent,line_total) VALUES ('oi-0388-2','order-0388','prod-025',10,152.25,0,1522.5);
INSERT OR IGNORE INTO sales_order_items (id,sales_order_id,product_id,quantity,unit_price,discount_percent,line_total) VALUES ('oi-0388-3','order-0388','prod-037',17,86.1,0,1463.7);
INSERT OR IGNORE INTO sales_order_items (id,sales_order_id,product_id,quantity,unit_price,discount_percent,line_total) VALUES ('oi-0388-4','order-0388','prod-026',6,58.74,5,334.82);
INSERT OR IGNORE INTO sales_orders (id,tenant_id,order_number,agent_id,customer_id,order_type,status,subtotal,tax_amount,total_amount,payment_method,payment_status,created_at) VALUES ('order-0389','default-tenant-001','SO-00389','agent-001','cust-078','direct_sale','completed',2876.52,431.48,3308.0,'mobile_money','paid','2026-01-03T10:00:00Z');
INSERT OR IGNORE INTO sales_order_items (id,sales_order_id,product_id,quantity,unit_price,discount_percent,line_total) VALUES ('oi-0389-1','order-0389','prod-030',15,116.15,10,1568.03);
INSERT OR IGNORE INTO sales_order_items (id,sales_order_id,product_id,quantity,unit_price,discount_percent,line_total) VALUES ('oi-0389-2','order-0389','prod-037',2,170.16,0,340.32);
INSERT OR IGNORE INTO sales_order_items (id,sales_order_id,product_id,quantity,unit_price,discount_percent,line_total) VALUES ('oi-0389-3','order-0389','prod-043',7,145.59,5,968.17);
INSERT OR IGNORE INTO sales_orders (id,tenant_id,order_number,agent_id,customer_id,order_type,status,subtotal,tax_amount,total_amount,payment_method,payment_status,created_at) VALUES ('order-0390','default-tenant-001','SO-00390','agent-001','cust-081','direct_sale','delivered',3193.4,479.01,3672.41,'mobile_money','paid','2026-01-24T10:00:00Z');
INSERT OR IGNORE INTO sales_order_items (id,sales_order_id,product_id,quantity,unit_price,discount_percent,line_total) VALUES ('oi-0390-1','order-0390','prod-037',17,175.1,10,2679.03);
INSERT OR IGNORE INTO sales_order_items (id,sales_order_id,product_id,quantity,unit_price,discount_percent,line_total) VALUES ('oi-0390-2','order-0390','prod-021',6,90.24,5,514.37);
INSERT OR IGNORE INTO sales_orders (id,tenant_id,order_number,agent_id,customer_id,order_type,status,subtotal,tax_amount,total_amount,payment_method,payment_status,created_at) VALUES ('order-0391','default-tenant-001','SO-00391','agent-004','cust-055','direct_sale','pending',554.16,83.12,637.28,'card','pending','2026-03-03T10:00:00Z');
INSERT OR IGNORE INTO sales_order_items (id,sales_order_id,product_id,quantity,unit_price,discount_percent,line_total) VALUES ('oi-0391-1','order-0391','prod-013',4,24.22,0,96.88);
INSERT OR IGNORE INTO sales_order_items (id,sales_order_id,product_id,quantity,unit_price,discount_percent,line_total) VALUES ('oi-0391-2','order-0391','prod-006',8,57.16,0,457.28);
INSERT OR IGNORE INTO sales_orders (id,tenant_id,order_number,agent_id,customer_id,order_type,status,subtotal,tax_amount,total_amount,payment_method,payment_status,created_at) VALUES ('order-0392','default-tenant-001','SO-00392','agent-001','cust-066','direct_sale','completed',426.17,63.93,490.1,'card','paid','2026-02-10T10:00:00Z');
INSERT OR IGNORE INTO sales_order_items (id,sales_order_id,product_id,quantity,unit_price,discount_percent,line_total) VALUES ('oi-0392-1','order-0392','prod-011',13,26.86,0,349.18);
INSERT OR IGNORE INTO sales_order_items (id,sales_order_id,product_id,quantity,unit_price,discount_percent,line_total) VALUES ('oi-0392-2','order-0392','prod-047',2,40.52,5,76.99);
INSERT OR IGNORE INTO sales_orders (id,tenant_id,order_number,agent_id,customer_id,order_type,status,subtotal,tax_amount,total_amount,payment_method,payment_status,created_at) VALUES ('order-0393','default-tenant-001','SO-00393','agent-user-001','cust-014','direct_sale','delivered',4900.87,735.13,5636.0,'mobile_money','paid','2026-02-01T10:00:00Z');
INSERT OR IGNORE INTO sales_order_items (id,sales_order_id,product_id,quantity,unit_price,discount_percent,line_total) VALUES ('oi-0393-1','order-0393','prod-031',20,127.38,0,2547.6);
INSERT OR IGNORE INTO sales_order_items (id,sales_order_id,product_id,quantity,unit_price,discount_percent,line_total) VALUES ('oi-0393-2','order-0393','prod-036',6,63.55,0,381.3);
INSERT OR IGNORE INTO sales_order_items (id,sales_order_id,product_id,quantity,unit_price,discount_percent,line_total) VALUES ('oi-0393-3','order-0393','prod-014',13,151.69,0,1971.97);
INSERT OR IGNORE INTO sales_orders (id,tenant_id,order_number,agent_id,customer_id,order_type,status,subtotal,tax_amount,total_amount,payment_method,payment_status,created_at) VALUES ('order-0394','default-tenant-001','SO-00394','agent-003','cust-030','direct_sale','draft',8020.860000000001,1203.13,9223.99,'cash','pending','2026-01-24T10:00:00Z');
INSERT OR IGNORE INTO sales_order_items (id,sales_order_id,product_id,quantity,unit_price,discount_percent,line_total) VALUES ('oi-0394-1','order-0394','prod-007',20,176.78,10,3182.04);
INSERT OR IGNORE INTO sales_order_items (id,sales_order_id,product_id,quantity,unit_price,discount_percent,line_total) VALUES ('oi-0394-2','order-0394','prod-040',15,56.23,0,843.45);
INSERT OR IGNORE INTO sales_order_items (id,sales_order_id,product_id,quantity,unit_price,discount_percent,line_total) VALUES ('oi-0394-3','order-0394','prod-003',10,144.11,0,1441.1);
INSERT OR IGNORE INTO sales_order_items (id,sales_order_id,product_id,quantity,unit_price,discount_percent,line_total) VALUES ('oi-0394-4','order-0394','prod-045',6,55.65,10,300.51);
INSERT OR IGNORE INTO sales_order_items (id,sales_order_id,product_id,quantity,unit_price,discount_percent,line_total) VALUES ('oi-0394-5','order-0394','prod-012',16,140.86,0,2253.76);
INSERT OR IGNORE INTO sales_orders (id,tenant_id,order_number,agent_id,customer_id,order_type,status,subtotal,tax_amount,total_amount,payment_method,payment_status,created_at) VALUES ('order-0395','default-tenant-001','SO-00395','agent-003','cust-085','direct_sale','completed',3672.23,550.83,4223.06,'card','paid','2025-10-10T10:00:00Z');
INSERT OR IGNORE INTO sales_order_items (id,sales_order_id,product_id,quantity,unit_price,discount_percent,line_total) VALUES ('oi-0395-1','order-0395','prod-034',1,101.26,0,101.26);
INSERT OR IGNORE INTO sales_order_items (id,sales_order_id,product_id,quantity,unit_price,discount_percent,line_total) VALUES ('oi-0395-2','order-0395','prod-011',7,149.6,0,1047.2);
INSERT OR IGNORE INTO sales_order_items (id,sales_order_id,product_id,quantity,unit_price,discount_percent,line_total) VALUES ('oi-0395-3','order-0395','prod-047',19,132.83,0,2523.77);
INSERT OR IGNORE INTO sales_orders (id,tenant_id,order_number,agent_id,customer_id,order_type,status,subtotal,tax_amount,total_amount,payment_method,payment_status,created_at) VALUES ('order-0396','default-tenant-001','SO-00396','agent-004','cust-084','direct_sale','pending',3830.2200000000003,574.53,4404.75,'card','pending','2025-12-21T10:00:00Z');
INSERT OR IGNORE INTO sales_order_items (id,sales_order_id,product_id,quantity,unit_price,discount_percent,line_total) VALUES ('oi-0396-1','order-0396','prod-022',12,177.43,10,1916.24);
INSERT OR IGNORE INTO sales_order_items (id,sales_order_id,product_id,quantity,unit_price,discount_percent,line_total) VALUES ('oi-0396-2','order-0396','prod-007',1,80.23,5,76.22);
INSERT OR IGNORE INTO sales_order_items (id,sales_order_id,product_id,quantity,unit_price,discount_percent,line_total) VALUES ('oi-0396-3','order-0396','prod-008',16,114.86,0,1837.76);
INSERT OR IGNORE INTO sales_orders (id,tenant_id,order_number,agent_id,customer_id,order_type,status,subtotal,tax_amount,total_amount,payment_method,payment_status,created_at) VALUES ('order-0397','default-tenant-001','SO-00397','agent-004','cust-013','direct_sale','pending',4447.43,667.11,5114.54,'mobile_money','pending','2025-12-15T10:00:00Z');
INSERT OR IGNORE INTO sales_order_items (id,sales_order_id,product_id,quantity,unit_price,discount_percent,line_total) VALUES ('oi-0397-1','order-0397','prod-039',14,127.75,5,1699.07);
INSERT OR IGNORE INTO sales_order_items (id,sales_order_id,product_id,quantity,unit_price,discount_percent,line_total) VALUES ('oi-0397-2','order-0397','prod-033',8,18.99,0,151.92);
INSERT OR IGNORE INTO sales_order_items (id,sales_order_id,product_id,quantity,unit_price,discount_percent,line_total) VALUES ('oi-0397-3','order-0397','prod-018',19,70.72,0,1343.68);
INSERT OR IGNORE INTO sales_order_items (id,sales_order_id,product_id,quantity,unit_price,discount_percent,line_total) VALUES ('oi-0397-4','order-0397','prod-044',17,77.57,5,1252.76);
INSERT OR IGNORE INTO sales_orders (id,tenant_id,order_number,agent_id,customer_id,order_type,status,subtotal,tax_amount,total_amount,payment_method,payment_status,created_at) VALUES ('order-0398','default-tenant-001','SO-00398','agent-user-001','cust-025','direct_sale','draft',5441.83,816.27,6258.1,'cash','pending','2025-10-12T10:00:00Z');
INSERT OR IGNORE INTO sales_order_items (id,sales_order_id,product_id,quantity,unit_price,discount_percent,line_total) VALUES ('oi-0398-1','order-0398','prod-033',17,100.18,10,1532.75);
INSERT OR IGNORE INTO sales_order_items (id,sales_order_id,product_id,quantity,unit_price,discount_percent,line_total) VALUES ('oi-0398-2','order-0398','prod-007',15,129.06,0,1935.9);
INSERT OR IGNORE INTO sales_order_items (id,sales_order_id,product_id,quantity,unit_price,discount_percent,line_total) VALUES ('oi-0398-3','order-0398','prod-027',11,179.38,0,1973.18);
INSERT OR IGNORE INTO sales_orders (id,tenant_id,order_number,agent_id,customer_id,order_type,status,subtotal,tax_amount,total_amount,payment_method,payment_status,created_at) VALUES ('order-0399','default-tenant-001','SO-00399','agent-003','cust-071','direct_sale','delivered',7769.67,1165.45,8935.12,'card','paid','2026-02-15T10:00:00Z');
INSERT OR IGNORE INTO sales_order_items (id,sales_order_id,product_id,quantity,unit_price,discount_percent,line_total) VALUES ('oi-0399-1','order-0399','prod-049',16,150.55,0,2408.8);
INSERT OR IGNORE INTO sales_order_items (id,sales_order_id,product_id,quantity,unit_price,discount_percent,line_total) VALUES ('oi-0399-2','order-0399','prod-008',13,144.4,0,1877.2);
INSERT OR IGNORE INTO sales_order_items (id,sales_order_id,product_id,quantity,unit_price,discount_percent,line_total) VALUES ('oi-0399-3','order-0399','prod-047',14,40.98,0,573.72);
INSERT OR IGNORE INTO sales_order_items (id,sales_order_id,product_id,quantity,unit_price,discount_percent,line_total) VALUES ('oi-0399-4','order-0399','prod-001',11,57.75,5,603.49);
INSERT OR IGNORE INTO sales_order_items (id,sales_order_id,product_id,quantity,unit_price,discount_percent,line_total) VALUES ('oi-0399-5','order-0399','prod-046',2,29.73,0,59.46);
INSERT OR IGNORE INTO sales_order_items (id,sales_order_id,product_id,quantity,unit_price,discount_percent,line_total) VALUES ('oi-0399-6','order-0399','prod-037',15,149.8,0,2247.0);
INSERT OR IGNORE INTO sales_orders (id,tenant_id,order_number,agent_id,customer_id,order_type,status,subtotal,tax_amount,total_amount,payment_method,payment_status,created_at) VALUES ('order-0400','default-tenant-001','SO-00400','agent-004','cust-065','direct_sale','pending',7144.82,1071.72,8216.54,'cash','pending','2026-01-18T10:00:00Z');
INSERT OR IGNORE INTO sales_order_items (id,sales_order_id,product_id,quantity,unit_price,discount_percent,line_total) VALUES ('oi-0400-1','order-0400','prod-045',16,35.68,0,570.88);
INSERT OR IGNORE INTO sales_order_items (id,sales_order_id,product_id,quantity,unit_price,discount_percent,line_total) VALUES ('oi-0400-2','order-0400','prod-049',15,124.47,10,1680.35);
INSERT OR IGNORE INTO sales_order_items (id,sales_order_id,product_id,quantity,unit_price,discount_percent,line_total) VALUES ('oi-0400-3','order-0400','prod-050',7,78.58,10,495.05);
INSERT OR IGNORE INTO sales_order_items (id,sales_order_id,product_id,quantity,unit_price,discount_percent,line_total) VALUES ('oi-0400-4','order-0400','prod-013',9,128.05,0,1152.45);
INSERT OR IGNORE INTO sales_order_items (id,sales_order_id,product_id,quantity,unit_price,discount_percent,line_total) VALUES ('oi-0400-5','order-0400','prod-043',8,153.93,0,1231.44);
INSERT OR IGNORE INTO sales_order_items (id,sales_order_id,product_id,quantity,unit_price,discount_percent,line_total) VALUES ('oi-0400-6','order-0400','prod-011',15,134.31,0,2014.65);
INSERT OR IGNORE INTO sales_orders (id,tenant_id,order_number,agent_id,customer_id,order_type,status,subtotal,tax_amount,total_amount,payment_method,payment_status,created_at) VALUES ('order-0401','default-tenant-001','SO-00401','agent-004','cust-077','direct_sale','pending',4291.099999999999,643.66,4934.76,'credit','pending','2025-11-23T10:00:00Z');
INSERT OR IGNORE INTO sales_order_items (id,sales_order_id,product_id,quantity,unit_price,discount_percent,line_total) VALUES ('oi-0401-1','order-0401','prod-023',17,103.91,0,1766.47);
INSERT OR IGNORE INTO sales_order_items (id,sales_order_id,product_id,quantity,unit_price,discount_percent,line_total) VALUES ('oi-0401-2','order-0401','prod-020',18,45.64,5,780.44);
INSERT OR IGNORE INTO sales_order_items (id,sales_order_id,product_id,quantity,unit_price,discount_percent,line_total) VALUES ('oi-0401-3','order-0401','prod-023',9,45.75,0,411.75);
INSERT OR IGNORE INTO sales_order_items (id,sales_order_id,product_id,quantity,unit_price,discount_percent,line_total) VALUES ('oi-0401-4','order-0401','prod-039',18,49.87,10,807.89);
INSERT OR IGNORE INTO sales_order_items (id,sales_order_id,product_id,quantity,unit_price,discount_percent,line_total) VALUES ('oi-0401-5','order-0401','prod-049',15,34.97,0,524.55);
INSERT OR IGNORE INTO sales_orders (id,tenant_id,order_number,agent_id,customer_id,order_type,status,subtotal,tax_amount,total_amount,payment_method,payment_status,created_at) VALUES ('order-0402','default-tenant-001','SO-00402','agent-001','cust-083','direct_sale','delivered',2445.61,366.84,2812.45,'card','paid','2026-01-02T10:00:00Z');
INSERT OR IGNORE INTO sales_order_items (id,sales_order_id,product_id,quantity,unit_price,discount_percent,line_total) VALUES ('oi-0402-1','order-0402','prod-015',8,168.22,5,1278.47);
INSERT OR IGNORE INTO sales_order_items (id,sales_order_id,product_id,quantity,unit_price,discount_percent,line_total) VALUES ('oi-0402-2','order-0402','prod-040',2,14.37,0,28.74);
INSERT OR IGNORE INTO sales_order_items (id,sales_order_id,product_id,quantity,unit_price,discount_percent,line_total) VALUES ('oi-0402-3','order-0402','prod-019',8,142.3,0,1138.4);
INSERT OR IGNORE INTO sales_orders (id,tenant_id,order_number,agent_id,customer_id,order_type,status,subtotal,tax_amount,total_amount,payment_method,payment_status,created_at) VALUES ('order-0403','default-tenant-001','SO-00403','agent-003','cust-041','direct_sale','delivered',6024.97,903.75,6928.72,'mobile_money','paid','2025-10-23T10:00:00Z');
INSERT OR IGNORE INTO sales_order_items (id,sales_order_id,product_id,quantity,unit_price,discount_percent,line_total) VALUES ('oi-0403-1','order-0403','prod-032',17,160.53,10,2456.11);
INSERT OR IGNORE INTO sales_order_items (id,sales_order_id,product_id,quantity,unit_price,discount_percent,line_total) VALUES ('oi-0403-2','order-0403','prod-038',20,103.38,5,1964.22);
INSERT OR IGNORE INTO sales_order_items (id,sales_order_id,product_id,quantity,unit_price,discount_percent,line_total) VALUES ('oi-0403-3','order-0403','prod-013',18,82.39,0,1483.02);
INSERT OR IGNORE INTO sales_order_items (id,sales_order_id,product_id,quantity,unit_price,discount_percent,line_total) VALUES ('oi-0403-4','order-0403','prod-033',6,20.27,0,121.62);
INSERT OR IGNORE INTO sales_orders (id,tenant_id,order_number,agent_id,customer_id,order_type,status,subtotal,tax_amount,total_amount,payment_method,payment_status,created_at) VALUES ('order-0404','default-tenant-001','SO-00404','agent-004','cust-026','direct_sale','draft',2258.8999999999996,338.83,2597.73,'mobile_money','pending','2025-11-11T10:00:00Z');
INSERT OR IGNORE INTO sales_order_items (id,sales_order_id,product_id,quantity,unit_price,discount_percent,line_total) VALUES ('oi-0404-1','order-0404','prod-049',12,87.75,0,1053.0);
INSERT OR IGNORE INTO sales_order_items (id,sales_order_id,product_id,quantity,unit_price,discount_percent,line_total) VALUES ('oi-0404-2','order-0404','prod-011',7,144.99,5,964.18);
INSERT OR IGNORE INTO sales_order_items (id,sales_order_id,product_id,quantity,unit_price,discount_percent,line_total) VALUES ('oi-0404-3','order-0404','prod-001',4,60.43,0,241.72);
INSERT OR IGNORE INTO sales_orders (id,tenant_id,order_number,agent_id,customer_id,order_type,status,subtotal,tax_amount,total_amount,payment_method,payment_status,created_at) VALUES ('order-0405','default-tenant-001','SO-00405','agent-005','cust-033','direct_sale','completed',2740.69,411.1,3151.79,'credit','paid','2025-12-23T10:00:00Z');
INSERT OR IGNORE INTO sales_order_items (id,sales_order_id,product_id,quantity,unit_price,discount_percent,line_total) VALUES ('oi-0405-1','order-0405','prod-017',7,20.57,0,143.99);
INSERT OR IGNORE INTO sales_order_items (id,sales_order_id,product_id,quantity,unit_price,discount_percent,line_total) VALUES ('oi-0405-2','order-0405','prod-047',10,21.34,0,213.4);
INSERT OR IGNORE INTO sales_order_items (id,sales_order_id,product_id,quantity,unit_price,discount_percent,line_total) VALUES ('oi-0405-3','order-0405','prod-032',13,117.89,5,1455.94);
INSERT OR IGNORE INTO sales_order_items (id,sales_order_id,product_id,quantity,unit_price,discount_percent,line_total) VALUES ('oi-0405-4','order-0405','prod-042',18,51.52,0,927.36);
INSERT OR IGNORE INTO sales_orders (id,tenant_id,order_number,agent_id,customer_id,order_type,status,subtotal,tax_amount,total_amount,payment_method,payment_status,created_at) VALUES ('order-0406','default-tenant-001','SO-00406','agent-001','cust-021','direct_sale','completed',4888.12,733.22,5621.34,'credit','paid','2025-10-11T10:00:00Z');
INSERT OR IGNORE INTO sales_order_items (id,sales_order_id,product_id,quantity,unit_price,discount_percent,line_total) VALUES ('oi-0406-1','order-0406','prod-006',16,170.2,5,2587.04);
INSERT OR IGNORE INTO sales_order_items (id,sales_order_id,product_id,quantity,unit_price,discount_percent,line_total) VALUES ('oi-0406-2','order-0406','prod-030',2,151.66,0,303.32);
INSERT OR IGNORE INTO sales_order_items (id,sales_order_id,product_id,quantity,unit_price,discount_percent,line_total) VALUES ('oi-0406-3','order-0406','prod-007',12,166.48,0,1997.76);
INSERT OR IGNORE INTO sales_orders (id,tenant_id,order_number,agent_id,customer_id,order_type,status,subtotal,tax_amount,total_amount,payment_method,payment_status,created_at) VALUES ('order-0407','default-tenant-001','SO-00407','agent-002','cust-069','direct_sale','pending',4071.9399999999996,610.79,4682.73,'credit','pending','2025-11-06T10:00:00Z');
INSERT OR IGNORE INTO sales_order_items (id,sales_order_id,product_id,quantity,unit_price,discount_percent,line_total) VALUES ('oi-0407-1','order-0407','prod-020',5,169.73,0,848.65);
INSERT OR IGNORE INTO sales_order_items (id,sales_order_id,product_id,quantity,unit_price,discount_percent,line_total) VALUES ('oi-0407-2','order-0407','prod-026',9,50.57,10,409.62);
INSERT OR IGNORE INTO sales_order_items (id,sales_order_id,product_id,quantity,unit_price,discount_percent,line_total) VALUES ('oi-0407-3','order-0407','prod-043',9,33.19,0,298.71);
INSERT OR IGNORE INTO sales_order_items (id,sales_order_id,product_id,quantity,unit_price,discount_percent,line_total) VALUES ('oi-0407-4','order-0407','prod-006',20,58.31,10,1049.58);
INSERT OR IGNORE INTO sales_order_items (id,sales_order_id,product_id,quantity,unit_price,discount_percent,line_total) VALUES ('oi-0407-5','order-0407','prod-005',6,138.44,0,830.64);
INSERT OR IGNORE INTO sales_order_items (id,sales_order_id,product_id,quantity,unit_price,discount_percent,line_total) VALUES ('oi-0407-6','order-0407','prod-018',5,133.63,5,634.74);
INSERT OR IGNORE INTO sales_orders (id,tenant_id,order_number,agent_id,customer_id,order_type,status,subtotal,tax_amount,total_amount,payment_method,payment_status,created_at) VALUES ('order-0408','default-tenant-001','SO-00408','agent-005','cust-062','direct_sale','draft',4501.82,675.27,5177.09,'mobile_money','pending','2026-02-26T10:00:00Z');
INSERT OR IGNORE INTO sales_order_items (id,sales_order_id,product_id,quantity,unit_price,discount_percent,line_total) VALUES ('oi-0408-1','order-0408','prod-030',20,119.3,0,2386.0);
INSERT OR IGNORE INTO sales_order_items (id,sales_order_id,product_id,quantity,unit_price,discount_percent,line_total) VALUES ('oi-0408-2','order-0408','prod-028',4,77.95,0,311.8);
INSERT OR IGNORE INTO sales_order_items (id,sales_order_id,product_id,quantity,unit_price,discount_percent,line_total) VALUES ('oi-0408-3','order-0408','prod-025',17,117.91,10,1804.02);
INSERT OR IGNORE INTO sales_orders (id,tenant_id,order_number,agent_id,customer_id,order_type,status,subtotal,tax_amount,total_amount,payment_method,payment_status,created_at) VALUES ('order-0409','default-tenant-001','SO-00409','agent-001','cust-067','direct_sale','pending',3255.2200000000003,488.28,3743.5,'credit','pending','2025-12-18T10:00:00Z');
INSERT OR IGNORE INTO sales_order_items (id,sales_order_id,product_id,quantity,unit_price,discount_percent,line_total) VALUES ('oi-0409-1','order-0409','prod-031',14,44.43,10,559.82);
INSERT OR IGNORE INTO sales_order_items (id,sales_order_id,product_id,quantity,unit_price,discount_percent,line_total) VALUES ('oi-0409-2','order-0409','prod-012',19,67.79,10,1159.21);
INSERT OR IGNORE INTO sales_order_items (id,sales_order_id,product_id,quantity,unit_price,discount_percent,line_total) VALUES ('oi-0409-3','order-0409','prod-031',14,121.92,10,1536.19);
INSERT OR IGNORE INTO sales_orders (id,tenant_id,order_number,agent_id,customer_id,order_type,status,subtotal,tax_amount,total_amount,payment_method,payment_status,created_at) VALUES ('order-0410','default-tenant-001','SO-00410','agent-001','cust-007','direct_sale','delivered',4548.6900000000005,682.3,5230.99,'credit','paid','2025-10-13T10:00:00Z');
INSERT OR IGNORE INTO sales_order_items (id,sales_order_id,product_id,quantity,unit_price,discount_percent,line_total) VALUES ('oi-0410-1','order-0410','prod-045',13,40.66,0,528.58);
INSERT OR IGNORE INTO sales_order_items (id,sales_order_id,product_id,quantity,unit_price,discount_percent,line_total) VALUES ('oi-0410-2','order-0410','prod-015',14,63.71,0,891.94);
INSERT OR IGNORE INTO sales_order_items (id,sales_order_id,product_id,quantity,unit_price,discount_percent,line_total) VALUES ('oi-0410-3','order-0410','prod-003',16,140.88,10,2028.67);
INSERT OR IGNORE INTO sales_order_items (id,sales_order_id,product_id,quantity,unit_price,discount_percent,line_total) VALUES ('oi-0410-4','order-0410','prod-034',4,139.11,0,556.44);
INSERT OR IGNORE INTO sales_order_items (id,sales_order_id,product_id,quantity,unit_price,discount_percent,line_total) VALUES ('oi-0410-5','order-0410','prod-049',14,38.79,0,543.06);
INSERT OR IGNORE INTO sales_orders (id,tenant_id,order_number,agent_id,customer_id,order_type,status,subtotal,tax_amount,total_amount,payment_method,payment_status,created_at) VALUES ('order-0411','default-tenant-001','SO-00411','agent-001','cust-020','direct_sale','draft',3432.56,514.88,3947.44,'mobile_money','pending','2025-12-26T10:00:00Z');
INSERT OR IGNORE INTO sales_order_items (id,sales_order_id,product_id,quantity,unit_price,discount_percent,line_total) VALUES ('oi-0411-1','order-0411','prod-008',6,24.11,0,144.66);
INSERT OR IGNORE INTO sales_order_items (id,sales_order_id,product_id,quantity,unit_price,discount_percent,line_total) VALUES ('oi-0411-2','order-0411','prod-020',18,116.22,5,1987.36);
INSERT OR IGNORE INTO sales_order_items (id,sales_order_id,product_id,quantity,unit_price,discount_percent,line_total) VALUES ('oi-0411-3','order-0411','prod-049',9,152.11,5,1300.54);
INSERT OR IGNORE INTO sales_orders (id,tenant_id,order_number,agent_id,customer_id,order_type,status,subtotal,tax_amount,total_amount,payment_method,payment_status,created_at) VALUES ('order-0412','default-tenant-001','SO-00412','agent-user-001','cust-083','direct_sale','draft',6993.96,1049.09,8043.05,'mobile_money','pending','2026-01-09T10:00:00Z');
INSERT OR IGNORE INTO sales_order_items (id,sales_order_id,product_id,quantity,unit_price,discount_percent,line_total) VALUES ('oi-0412-1','order-0412','prod-038',7,111.26,5,739.88);
INSERT OR IGNORE INTO sales_order_items (id,sales_order_id,product_id,quantity,unit_price,discount_percent,line_total) VALUES ('oi-0412-2','order-0412','prod-044',18,89.9,0,1618.2);
INSERT OR IGNORE INTO sales_order_items (id,sales_order_id,product_id,quantity,unit_price,discount_percent,line_total) VALUES ('oi-0412-3','order-0412','prod-044',18,167.02,5,2856.04);
INSERT OR IGNORE INTO sales_order_items (id,sales_order_id,product_id,quantity,unit_price,discount_percent,line_total) VALUES ('oi-0412-4','order-0412','prod-009',3,11.65,10,31.46);
INSERT OR IGNORE INTO sales_order_items (id,sales_order_id,product_id,quantity,unit_price,discount_percent,line_total) VALUES ('oi-0412-5','order-0412','prod-001',19,92.02,0,1748.38);
INSERT OR IGNORE INTO sales_orders (id,tenant_id,order_number,agent_id,customer_id,order_type,status,subtotal,tax_amount,total_amount,payment_method,payment_status,created_at) VALUES ('order-0413','default-tenant-001','SO-00413','agent-005','cust-035','direct_sale','draft',1302.1299999999999,195.32,1497.45,'mobile_money','pending','2026-01-10T10:00:00Z');
INSERT OR IGNORE INTO sales_order_items (id,sales_order_id,product_id,quantity,unit_price,discount_percent,line_total) VALUES ('oi-0413-1','order-0413','prod-005',11,48.26,10,477.77);
INSERT OR IGNORE INTO sales_order_items (id,sales_order_id,product_id,quantity,unit_price,discount_percent,line_total) VALUES ('oi-0413-2','order-0413','prod-046',12,35.54,0,426.48);
INSERT OR IGNORE INTO sales_order_items (id,sales_order_id,product_id,quantity,unit_price,discount_percent,line_total) VALUES ('oi-0413-3','order-0413','prod-044',12,19.0,5,216.6);
INSERT OR IGNORE INTO sales_order_items (id,sales_order_id,product_id,quantity,unit_price,discount_percent,line_total) VALUES ('oi-0413-4','order-0413','prod-041',2,90.64,0,181.28);
INSERT OR IGNORE INTO sales_orders (id,tenant_id,order_number,agent_id,customer_id,order_type,status,subtotal,tax_amount,total_amount,payment_method,payment_status,created_at) VALUES ('order-0414','default-tenant-001','SO-00414','agent-001','cust-058','direct_sale','draft',9113.859999999999,1367.08,10480.94,'credit','pending','2026-02-08T10:00:00Z');
INSERT OR IGNORE INTO sales_order_items (id,sales_order_id,product_id,quantity,unit_price,discount_percent,line_total) VALUES ('oi-0414-1','order-0414','prod-039',15,132.65,5,1890.26);
INSERT OR IGNORE INTO sales_order_items (id,sales_order_id,product_id,quantity,unit_price,discount_percent,line_total) VALUES ('oi-0414-2','order-0414','prod-042',20,157.73,0,3154.6);
INSERT OR IGNORE INTO sales_order_items (id,sales_order_id,product_id,quantity,unit_price,discount_percent,line_total) VALUES ('oi-0414-3','order-0414','prod-019',18,73.18,0,1317.24);
INSERT OR IGNORE INTO sales_order_items (id,sales_order_id,product_id,quantity,unit_price,discount_percent,line_total) VALUES ('oi-0414-4','order-0414','prod-037',17,170.17,10,2603.6);
INSERT OR IGNORE INTO sales_order_items (id,sales_order_id,product_id,quantity,unit_price,discount_percent,line_total) VALUES ('oi-0414-5','order-0414','prod-035',1,155.96,5,148.16);
INSERT OR IGNORE INTO sales_orders (id,tenant_id,order_number,agent_id,customer_id,order_type,status,subtotal,tax_amount,total_amount,payment_method,payment_status,created_at) VALUES ('order-0415','default-tenant-001','SO-00415','agent-002','cust-069','direct_sale','draft',7140.710000000001,1071.11,8211.82,'credit','pending','2026-01-02T10:00:00Z');
INSERT OR IGNORE INTO sales_order_items (id,sales_order_id,product_id,quantity,unit_price,discount_percent,line_total) VALUES ('oi-0415-1','order-0415','prod-019',8,172.69,0,1381.52);
INSERT OR IGNORE INTO sales_order_items (id,sales_order_id,product_id,quantity,unit_price,discount_percent,line_total) VALUES ('oi-0415-2','order-0415','prod-007',20,136.87,5,2600.53);
INSERT OR IGNORE INTO sales_order_items (id,sales_order_id,product_id,quantity,unit_price,discount_percent,line_total) VALUES ('oi-0415-3','order-0415','prod-024',14,179.81,0,2517.34);
INSERT OR IGNORE INTO sales_order_items (id,sales_order_id,product_id,quantity,unit_price,discount_percent,line_total) VALUES ('oi-0415-4','order-0415','prod-008',6,100.83,10,544.48);
INSERT OR IGNORE INTO sales_order_items (id,sales_order_id,product_id,quantity,unit_price,discount_percent,line_total) VALUES ('oi-0415-5','order-0415','prod-042',9,10.76,0,96.84);
INSERT OR IGNORE INTO sales_orders (id,tenant_id,order_number,agent_id,customer_id,order_type,status,subtotal,tax_amount,total_amount,payment_method,payment_status,created_at) VALUES ('order-0416','default-tenant-001','SO-00416','agent-003','cust-043','direct_sale','pending',4736.469999999999,710.47,5446.94,'mobile_money','pending','2025-10-26T10:00:00Z');
INSERT OR IGNORE INTO sales_order_items (id,sales_order_id,product_id,quantity,unit_price,discount_percent,line_total) VALUES ('oi-0416-1','order-0416','prod-014',3,108.45,0,325.35);
INSERT OR IGNORE INTO sales_order_items (id,sales_order_id,product_id,quantity,unit_price,discount_percent,line_total) VALUES ('oi-0416-2','order-0416','prod-039',10,130.6,0,1306.0);
INSERT OR IGNORE INTO sales_order_items (id,sales_order_id,product_id,quantity,unit_price,discount_percent,line_total) VALUES ('oi-0416-3','order-0416','prod-039',10,165.65,0,1656.5);
INSERT OR IGNORE INTO sales_order_items (id,sales_order_id,product_id,quantity,unit_price,discount_percent,line_total) VALUES ('oi-0416-4','order-0416','prod-029',6,157.85,10,852.39);
INSERT OR IGNORE INTO sales_order_items (id,sales_order_id,product_id,quantity,unit_price,discount_percent,line_total) VALUES ('oi-0416-5','order-0416','prod-047',1,173.76,5,165.07);
INSERT OR IGNORE INTO sales_order_items (id,sales_order_id,product_id,quantity,unit_price,discount_percent,line_total) VALUES ('oi-0416-6','order-0416','prod-049',3,143.72,0,431.16);
INSERT OR IGNORE INTO sales_orders (id,tenant_id,order_number,agent_id,customer_id,order_type,status,subtotal,tax_amount,total_amount,payment_method,payment_status,created_at) VALUES ('order-0417','default-tenant-001','SO-00417','agent-003','cust-068','direct_sale','completed',6666.880000000001,1000.03,7666.91,'mobile_money','paid','2025-12-15T10:00:00Z');
INSERT OR IGNORE INTO sales_order_items (id,sales_order_id,product_id,quantity,unit_price,discount_percent,line_total) VALUES ('oi-0417-1','order-0417','prod-012',13,171.52,0,2229.76);
INSERT OR IGNORE INTO sales_order_items (id,sales_order_id,product_id,quantity,unit_price,discount_percent,line_total) VALUES ('oi-0417-2','order-0417','prod-032',1,63.9,0,63.9);
INSERT OR IGNORE INTO sales_order_items (id,sales_order_id,product_id,quantity,unit_price,discount_percent,line_total) VALUES ('oi-0417-3','order-0417','prod-020',12,169.67,0,2036.04);
INSERT OR IGNORE INTO sales_order_items (id,sales_order_id,product_id,quantity,unit_price,discount_percent,line_total) VALUES ('oi-0417-4','order-0417','prod-043',6,164.38,0,986.28);
INSERT OR IGNORE INTO sales_order_items (id,sales_order_id,product_id,quantity,unit_price,discount_percent,line_total) VALUES ('oi-0417-5','order-0417','prod-037',18,75.05,0,1350.9);
INSERT OR IGNORE INTO sales_orders (id,tenant_id,order_number,agent_id,customer_id,order_type,status,subtotal,tax_amount,total_amount,payment_method,payment_status,created_at) VALUES ('order-0418','default-tenant-001','SO-00418','agent-004','cust-044','direct_sale','delivered',1052.2,157.83,1210.03,'card','paid','2025-10-27T10:00:00Z');
INSERT OR IGNORE INTO sales_order_items (id,sales_order_id,product_id,quantity,unit_price,discount_percent,line_total) VALUES ('oi-0418-1','order-0418','prod-008',8,10.3,0,82.4);
INSERT OR IGNORE INTO sales_order_items (id,sales_order_id,product_id,quantity,unit_price,discount_percent,line_total) VALUES ('oi-0418-2','order-0418','prod-029',11,72.74,10,720.13);
INSERT OR IGNORE INTO sales_order_items (id,sales_order_id,product_id,quantity,unit_price,discount_percent,line_total) VALUES ('oi-0418-3','order-0418','prod-013',7,39.63,10,249.67);
INSERT OR IGNORE INTO sales_orders (id,tenant_id,order_number,agent_id,customer_id,order_type,status,subtotal,tax_amount,total_amount,payment_method,payment_status,created_at) VALUES ('order-0419','default-tenant-001','SO-00419','agent-005','cust-081','direct_sale','completed',2328.54,349.28,2677.82,'cash','paid','2026-02-17T10:00:00Z');
INSERT OR IGNORE INTO sales_order_items (id,sales_order_id,product_id,quantity,unit_price,discount_percent,line_total) VALUES ('oi-0419-1','order-0419','prod-020',12,83.9,0,1006.8);
INSERT OR IGNORE INTO sales_order_items (id,sales_order_id,product_id,quantity,unit_price,discount_percent,line_total) VALUES ('oi-0419-2','order-0419','prod-019',14,94.41,0,1321.74);
INSERT OR IGNORE INTO sales_orders (id,tenant_id,order_number,agent_id,customer_id,order_type,status,subtotal,tax_amount,total_amount,payment_method,payment_status,created_at) VALUES ('order-0420','default-tenant-001','SO-00420','agent-002','cust-036','direct_sale','draft',10149.6,1522.44,11672.04,'credit','pending','2026-02-10T10:00:00Z');
INSERT OR IGNORE INTO sales_order_items (id,sales_order_id,product_id,quantity,unit_price,discount_percent,line_total) VALUES ('oi-0420-1','order-0420','prod-030',3,81.44,0,244.32);
INSERT OR IGNORE INTO sales_order_items (id,sales_order_id,product_id,quantity,unit_price,discount_percent,line_total) VALUES ('oi-0420-2','order-0420','prod-047',12,40.27,0,483.24);
INSERT OR IGNORE INTO sales_order_items (id,sales_order_id,product_id,quantity,unit_price,discount_percent,line_total) VALUES ('oi-0420-3','order-0420','prod-036',18,160.65,0,2891.7);
INSERT OR IGNORE INTO sales_order_items (id,sales_order_id,product_id,quantity,unit_price,discount_percent,line_total) VALUES ('oi-0420-4','order-0420','prod-038',12,116.14,5,1324.0);
INSERT OR IGNORE INTO sales_order_items (id,sales_order_id,product_id,quantity,unit_price,discount_percent,line_total) VALUES ('oi-0420-5','order-0420','prod-047',17,141.82,0,2410.94);
INSERT OR IGNORE INTO sales_order_items (id,sales_order_id,product_id,quantity,unit_price,discount_percent,line_total) VALUES ('oi-0420-6','order-0420','prod-006',18,155.3,0,2795.4);
INSERT OR IGNORE INTO sales_orders (id,tenant_id,order_number,agent_id,customer_id,order_type,status,subtotal,tax_amount,total_amount,payment_method,payment_status,created_at) VALUES ('order-0421','default-tenant-001','SO-00421','agent-002','cust-067','direct_sale','completed',5161.42,774.21,5935.63,'credit','paid','2025-10-12T10:00:00Z');
INSERT OR IGNORE INTO sales_order_items (id,sales_order_id,product_id,quantity,unit_price,discount_percent,line_total) VALUES ('oi-0421-1','order-0421','prod-044',1,21.29,5,20.23);
INSERT OR IGNORE INTO sales_order_items (id,sales_order_id,product_id,quantity,unit_price,discount_percent,line_total) VALUES ('oi-0421-2','order-0421','prod-044',12,78.06,0,936.72);
INSERT OR IGNORE INTO sales_order_items (id,sales_order_id,product_id,quantity,unit_price,discount_percent,line_total) VALUES ('oi-0421-3','order-0421','prod-028',18,54.83,0,986.94);
INSERT OR IGNORE INTO sales_order_items (id,sales_order_id,product_id,quantity,unit_price,discount_percent,line_total) VALUES ('oi-0421-4','order-0421','prod-029',18,52.71,0,948.78);
INSERT OR IGNORE INTO sales_order_items (id,sales_order_id,product_id,quantity,unit_price,discount_percent,line_total) VALUES ('oi-0421-5','order-0421','prod-046',17,138.3,10,2115.99);
INSERT OR IGNORE INTO sales_order_items (id,sales_order_id,product_id,quantity,unit_price,discount_percent,line_total) VALUES ('oi-0421-6','order-0421','prod-025',11,15.43,10,152.76);
INSERT OR IGNORE INTO sales_orders (id,tenant_id,order_number,agent_id,customer_id,order_type,status,subtotal,tax_amount,total_amount,payment_method,payment_status,created_at) VALUES ('order-0422','default-tenant-001','SO-00422','agent-001','cust-083','direct_sale','delivered',2877.7200000000003,431.66,3309.38,'cash','paid','2025-11-10T10:00:00Z');
INSERT OR IGNORE INTO sales_order_items (id,sales_order_id,product_id,quantity,unit_price,discount_percent,line_total) VALUES ('oi-0422-1','order-0422','prod-025',7,68.48,0,479.36);
INSERT OR IGNORE INTO sales_order_items (id,sales_order_id,product_id,quantity,unit_price,discount_percent,line_total) VALUES ('oi-0422-2','order-0422','prod-004',7,98.01,0,686.07);
INSERT OR IGNORE INTO sales_order_items (id,sales_order_id,product_id,quantity,unit_price,discount_percent,line_total) VALUES ('oi-0422-3','order-0422','prod-045',12,23.3,10,251.64);
INSERT OR IGNORE INTO sales_order_items (id,sales_order_id,product_id,quantity,unit_price,discount_percent,line_total) VALUES ('oi-0422-4','order-0422','prod-043',14,96.65,10,1217.79);
INSERT OR IGNORE INTO sales_order_items (id,sales_order_id,product_id,quantity,unit_price,discount_percent,line_total) VALUES ('oi-0422-5','order-0422','prod-029',2,121.43,0,242.86);
INSERT OR IGNORE INTO sales_orders (id,tenant_id,order_number,agent_id,customer_id,order_type,status,subtotal,tax_amount,total_amount,payment_method,payment_status,created_at) VALUES ('order-0423','default-tenant-001','SO-00423','agent-001','cust-071','direct_sale','draft',952.99,142.95,1095.94,'cash','pending','2025-10-17T10:00:00Z');
INSERT OR IGNORE INTO sales_order_items (id,sales_order_id,product_id,quantity,unit_price,discount_percent,line_total) VALUES ('oi-0423-1','order-0423','prod-009',7,12.36,0,86.52);
INSERT OR IGNORE INTO sales_order_items (id,sales_order_id,product_id,quantity,unit_price,discount_percent,line_total) VALUES ('oi-0423-2','order-0423','prod-022',11,78.77,0,866.47);
INSERT OR IGNORE INTO sales_orders (id,tenant_id,order_number,agent_id,customer_id,order_type,status,subtotal,tax_amount,total_amount,payment_method,payment_status,created_at) VALUES ('order-0424','default-tenant-001','SO-00424','agent-user-001','cust-095','direct_sale','draft',6591.26,988.69,7579.95,'credit','pending','2025-11-02T10:00:00Z');
INSERT OR IGNORE INTO sales_order_items (id,sales_order_id,product_id,quantity,unit_price,discount_percent,line_total) VALUES ('oi-0424-1','order-0424','prod-031',17,178.65,0,3037.05);
INSERT OR IGNORE INTO sales_order_items (id,sales_order_id,product_id,quantity,unit_price,discount_percent,line_total) VALUES ('oi-0424-2','order-0424','prod-040',10,109.58,0,1095.8);
INSERT OR IGNORE INTO sales_order_items (id,sales_order_id,product_id,quantity,unit_price,discount_percent,line_total) VALUES ('oi-0424-3','order-0424','prod-029',9,154.48,0,1390.32);
INSERT OR IGNORE INTO sales_order_items (id,sales_order_id,product_id,quantity,unit_price,discount_percent,line_total) VALUES ('oi-0424-4','order-0424','prod-031',9,15.88,0,142.92);
INSERT OR IGNORE INTO sales_order_items (id,sales_order_id,product_id,quantity,unit_price,discount_percent,line_total) VALUES ('oi-0424-5','order-0424','prod-042',16,46.5,0,744.0);
INSERT OR IGNORE INTO sales_order_items (id,sales_order_id,product_id,quantity,unit_price,discount_percent,line_total) VALUES ('oi-0424-6','order-0424','prod-033',3,60.39,0,181.17);
INSERT OR IGNORE INTO sales_orders (id,tenant_id,order_number,agent_id,customer_id,order_type,status,subtotal,tax_amount,total_amount,payment_method,payment_status,created_at) VALUES ('order-0425','default-tenant-001','SO-00425','agent-003','cust-060','direct_sale','completed',2731.62,409.74,3141.36,'credit','paid','2025-10-18T10:00:00Z');
INSERT OR IGNORE INTO sales_order_items (id,sales_order_id,product_id,quantity,unit_price,discount_percent,line_total) VALUES ('oi-0425-1','order-0425','prod-015',5,175.71,10,790.7);
INSERT OR IGNORE INTO sales_order_items (id,sales_order_id,product_id,quantity,unit_price,discount_percent,line_total) VALUES ('oi-0425-2','order-0425','prod-050',11,69.05,0,759.55);
INSERT OR IGNORE INTO sales_order_items (id,sales_order_id,product_id,quantity,unit_price,discount_percent,line_total) VALUES ('oi-0425-3','order-0425','prod-045',19,32.36,0,614.84);
INSERT OR IGNORE INTO sales_order_items (id,sales_order_id,product_id,quantity,unit_price,discount_percent,line_total) VALUES ('oi-0425-4','order-0425','prod-005',2,61.9,0,123.8);
INSERT OR IGNORE INTO sales_order_items (id,sales_order_id,product_id,quantity,unit_price,discount_percent,line_total) VALUES ('oi-0425-5','order-0425','prod-022',15,20.91,10,282.28);
INSERT OR IGNORE INTO sales_order_items (id,sales_order_id,product_id,quantity,unit_price,discount_percent,line_total) VALUES ('oi-0425-6','order-0425','prod-012',3,56.3,5,160.45);
INSERT OR IGNORE INTO sales_orders (id,tenant_id,order_number,agent_id,customer_id,order_type,status,subtotal,tax_amount,total_amount,payment_method,payment_status,created_at) VALUES ('order-0426','default-tenant-001','SO-00426','agent-user-001','cust-006','direct_sale','completed',3343.8199999999997,501.57,3845.39,'cash','paid','2026-01-13T10:00:00Z');
INSERT OR IGNORE INTO sales_order_items (id,sales_order_id,product_id,quantity,unit_price,discount_percent,line_total) VALUES ('oi-0426-1','order-0426','prod-013',8,106.1,10,763.92);
INSERT OR IGNORE INTO sales_order_items (id,sales_order_id,product_id,quantity,unit_price,discount_percent,line_total) VALUES ('oi-0426-2','order-0426','prod-012',3,161.79,0,485.37);
INSERT OR IGNORE INTO sales_order_items (id,sales_order_id,product_id,quantity,unit_price,discount_percent,line_total) VALUES ('oi-0426-3','order-0426','prod-034',12,99.35,0,1192.2);
INSERT OR IGNORE INTO sales_order_items (id,sales_order_id,product_id,quantity,unit_price,discount_percent,line_total) VALUES ('oi-0426-4','order-0426','prod-002',13,64.45,0,837.85);
INSERT OR IGNORE INTO sales_order_items (id,sales_order_id,product_id,quantity,unit_price,discount_percent,line_total) VALUES ('oi-0426-5','order-0426','prod-008',1,71.64,10,64.48);
INSERT OR IGNORE INTO sales_orders (id,tenant_id,order_number,agent_id,customer_id,order_type,status,subtotal,tax_amount,total_amount,payment_method,payment_status,created_at) VALUES ('order-0427','default-tenant-001','SO-00427','agent-003','cust-046','direct_sale','completed',3733.33,560.0,4293.33,'card','paid','2025-12-02T10:00:00Z');
INSERT OR IGNORE INTO sales_order_items (id,sales_order_id,product_id,quantity,unit_price,discount_percent,line_total) VALUES ('oi-0427-1','order-0427','prod-012',11,102.08,0,1122.88);
INSERT OR IGNORE INTO sales_order_items (id,sales_order_id,product_id,quantity,unit_price,discount_percent,line_total) VALUES ('oi-0427-2','order-0427','prod-009',15,165.66,10,2236.41);
INSERT OR IGNORE INTO sales_order_items (id,sales_order_id,product_id,quantity,unit_price,discount_percent,line_total) VALUES ('oi-0427-3','order-0427','prod-010',3,124.68,0,374.04);
INSERT OR IGNORE INTO sales_orders (id,tenant_id,order_number,agent_id,customer_id,order_type,status,subtotal,tax_amount,total_amount,payment_method,payment_status,created_at) VALUES ('order-0428','default-tenant-001','SO-00428','agent-005','cust-044','direct_sale','completed',2694.55,404.18,3098.73,'mobile_money','paid','2026-01-20T10:00:00Z');
INSERT OR IGNORE INTO sales_order_items (id,sales_order_id,product_id,quantity,unit_price,discount_percent,line_total) VALUES ('oi-0428-1','order-0428','prod-025',2,177.44,10,319.39);
INSERT OR IGNORE INTO sales_order_items (id,sales_order_id,product_id,quantity,unit_price,discount_percent,line_total) VALUES ('oi-0428-2','order-0428','prod-011',2,97.6,10,175.68);
INSERT OR IGNORE INTO sales_order_items (id,sales_order_id,product_id,quantity,unit_price,discount_percent,line_total) VALUES ('oi-0428-3','order-0428','prod-021',3,115.29,0,345.87);
INSERT OR IGNORE INTO sales_order_items (id,sales_order_id,product_id,quantity,unit_price,discount_percent,line_total) VALUES ('oi-0428-4','order-0428','prod-026',10,87.7,0,877.0);
INSERT OR IGNORE INTO sales_order_items (id,sales_order_id,product_id,quantity,unit_price,discount_percent,line_total) VALUES ('oi-0428-5','order-0428','prod-038',16,67.82,10,976.61);
INSERT OR IGNORE INTO sales_orders (id,tenant_id,order_number,agent_id,customer_id,order_type,status,subtotal,tax_amount,total_amount,payment_method,payment_status,created_at) VALUES ('order-0429','default-tenant-001','SO-00429','agent-user-001','cust-083','direct_sale','delivered',3622.06,543.31,4165.37,'mobile_money','paid','2025-11-24T10:00:00Z');
INSERT OR IGNORE INTO sales_order_items (id,sales_order_id,product_id,quantity,unit_price,discount_percent,line_total) VALUES ('oi-0429-1','order-0429','prod-009',6,135.45,0,812.7);
INSERT OR IGNORE INTO sales_order_items (id,sales_order_id,product_id,quantity,unit_price,discount_percent,line_total) VALUES ('oi-0429-2','order-0429','prod-046',5,133.6,10,601.2);
INSERT OR IGNORE INTO sales_order_items (id,sales_order_id,product_id,quantity,unit_price,discount_percent,line_total) VALUES ('oi-0429-3','order-0429','prod-021',20,93.75,5,1781.25);
INSERT OR IGNORE INTO sales_order_items (id,sales_order_id,product_id,quantity,unit_price,discount_percent,line_total) VALUES ('oi-0429-4','order-0429','prod-007',19,18.33,0,348.27);
INSERT OR IGNORE INTO sales_order_items (id,sales_order_id,product_id,quantity,unit_price,discount_percent,line_total) VALUES ('oi-0429-5','order-0429','prod-001',2,41.39,5,78.64);
INSERT OR IGNORE INTO sales_orders (id,tenant_id,order_number,agent_id,customer_id,order_type,status,subtotal,tax_amount,total_amount,payment_method,payment_status,created_at) VALUES ('order-0430','default-tenant-001','SO-00430','agent-004','cust-067','direct_sale','delivered',3704.92,555.74,4260.66,'cash','paid','2025-10-27T10:00:00Z');
INSERT OR IGNORE INTO sales_order_items (id,sales_order_id,product_id,quantity,unit_price,discount_percent,line_total) VALUES ('oi-0430-1','order-0430','prod-048',4,97.27,5,369.63);
INSERT OR IGNORE INTO sales_order_items (id,sales_order_id,product_id,quantity,unit_price,discount_percent,line_total) VALUES ('oi-0430-2','order-0430','prod-022',15,135.21,0,2028.15);
INSERT OR IGNORE INTO sales_order_items (id,sales_order_id,product_id,quantity,unit_price,discount_percent,line_total) VALUES ('oi-0430-3','order-0430','prod-024',3,83.89,0,251.67);
INSERT OR IGNORE INTO sales_order_items (id,sales_order_id,product_id,quantity,unit_price,discount_percent,line_total) VALUES ('oi-0430-4','order-0430','prod-009',9,109.1,10,883.71);
INSERT OR IGNORE INTO sales_order_items (id,sales_order_id,product_id,quantity,unit_price,discount_percent,line_total) VALUES ('oi-0430-5','order-0430','prod-014',2,85.88,0,171.76);
INSERT OR IGNORE INTO sales_orders (id,tenant_id,order_number,agent_id,customer_id,order_type,status,subtotal,tax_amount,total_amount,payment_method,payment_status,created_at) VALUES ('order-0431','default-tenant-001','SO-00431','agent-002','cust-092','direct_sale','completed',2064.0899999999997,309.61,2373.7,'cash','paid','2025-12-28T10:00:00Z');
INSERT OR IGNORE INTO sales_order_items (id,sales_order_id,product_id,quantity,unit_price,discount_percent,line_total) VALUES ('oi-0431-1','order-0431','prod-009',2,106.79,10,192.22);
INSERT OR IGNORE INTO sales_order_items (id,sales_order_id,product_id,quantity,unit_price,discount_percent,line_total) VALUES ('oi-0431-2','order-0431','prod-013',13,143.99,0,1871.87);
INSERT OR IGNORE INTO sales_orders (id,tenant_id,order_number,agent_id,customer_id,order_type,status,subtotal,tax_amount,total_amount,payment_method,payment_status,created_at) VALUES ('order-0432','default-tenant-001','SO-00432','agent-004','cust-083','direct_sale','completed',3748.0099999999998,562.2,4310.21,'mobile_money','paid','2026-03-09T10:00:00Z');
INSERT OR IGNORE INTO sales_order_items (id,sales_order_id,product_id,quantity,unit_price,discount_percent,line_total) VALUES ('oi-0432-1','order-0432','prod-039',11,104.66,0,1151.26);
INSERT OR IGNORE INTO sales_order_items (id,sales_order_id,product_id,quantity,unit_price,discount_percent,line_total) VALUES ('oi-0432-2','order-0432','prod-015',11,120.57,0,1326.27);
INSERT OR IGNORE INTO sales_order_items (id,sales_order_id,product_id,quantity,unit_price,discount_percent,line_total) VALUES ('oi-0432-3','order-0432','prod-032',2,19.84,0,39.68);
INSERT OR IGNORE INTO sales_order_items (id,sales_order_id,product_id,quantity,unit_price,discount_percent,line_total) VALUES ('oi-0432-4','order-0432','prod-013',2,119.83,10,215.69);
INSERT OR IGNORE INTO sales_order_items (id,sales_order_id,product_id,quantity,unit_price,discount_percent,line_total) VALUES ('oi-0432-5','order-0432','prod-008',9,112.79,0,1015.11);
INSERT OR IGNORE INTO sales_orders (id,tenant_id,order_number,agent_id,customer_id,order_type,status,subtotal,tax_amount,total_amount,payment_method,payment_status,created_at) VALUES ('order-0433','default-tenant-001','SO-00433','agent-001','cust-035','direct_sale','pending',4707.82,706.17,5413.99,'cash','pending','2026-01-06T10:00:00Z');
INSERT OR IGNORE INTO sales_order_items (id,sales_order_id,product_id,quantity,unit_price,discount_percent,line_total) VALUES ('oi-0433-1','order-0433','prod-025',9,136.81,5,1169.73);
INSERT OR IGNORE INTO sales_order_items (id,sales_order_id,product_id,quantity,unit_price,discount_percent,line_total) VALUES ('oi-0433-2','order-0433','prod-049',6,59.64,0,357.84);
INSERT OR IGNORE INTO sales_order_items (id,sales_order_id,product_id,quantity,unit_price,discount_percent,line_total) VALUES ('oi-0433-3','order-0433','prod-035',17,101.86,0,1731.62);
INSERT OR IGNORE INTO sales_order_items (id,sales_order_id,product_id,quantity,unit_price,discount_percent,line_total) VALUES ('oi-0433-4','order-0433','prod-023',9,169.43,5,1448.63);
INSERT OR IGNORE INTO sales_orders (id,tenant_id,order_number,agent_id,customer_id,order_type,status,subtotal,tax_amount,total_amount,payment_method,payment_status,created_at) VALUES ('order-0434','default-tenant-001','SO-00434','agent-001','cust-085','direct_sale','completed',3039.9300000000003,455.99,3495.92,'mobile_money','paid','2026-02-06T10:00:00Z');
INSERT OR IGNORE INTO sales_order_items (id,sales_order_id,product_id,quantity,unit_price,discount_percent,line_total) VALUES ('oi-0434-1','order-0434','prod-039',4,142.73,0,570.92);
INSERT OR IGNORE INTO sales_order_items (id,sales_order_id,product_id,quantity,unit_price,discount_percent,line_total) VALUES ('oi-0434-2','order-0434','prod-017',5,20.93,0,104.65);
INSERT OR IGNORE INTO sales_order_items (id,sales_order_id,product_id,quantity,unit_price,discount_percent,line_total) VALUES ('oi-0434-3','order-0434','prod-023',15,165.92,5,2364.36);
INSERT OR IGNORE INTO sales_orders (id,tenant_id,order_number,agent_id,customer_id,order_type,status,subtotal,tax_amount,total_amount,payment_method,payment_status,created_at) VALUES ('order-0435','default-tenant-001','SO-00435','agent-002','cust-028','direct_sale','completed',3581.1499999999996,537.17,4118.32,'card','paid','2026-02-16T10:00:00Z');
INSERT OR IGNORE INTO sales_order_items (id,sales_order_id,product_id,quantity,unit_price,discount_percent,line_total) VALUES ('oi-0435-1','order-0435','prod-025',2,131.53,0,263.06);
INSERT OR IGNORE INTO sales_order_items (id,sales_order_id,product_id,quantity,unit_price,discount_percent,line_total) VALUES ('oi-0435-2','order-0435','prod-006',9,126.65,0,1139.85);
INSERT OR IGNORE INTO sales_order_items (id,sales_order_id,product_id,quantity,unit_price,discount_percent,line_total) VALUES ('oi-0435-3','order-0435','prod-018',3,108.14,0,324.42);
INSERT OR IGNORE INTO sales_order_items (id,sales_order_id,product_id,quantity,unit_price,discount_percent,line_total) VALUES ('oi-0435-4','order-0435','prod-023',18,102.99,0,1853.82);
INSERT OR IGNORE INTO sales_orders (id,tenant_id,order_number,agent_id,customer_id,order_type,status,subtotal,tax_amount,total_amount,payment_method,payment_status,created_at) VALUES ('order-0436','default-tenant-001','SO-00436','agent-005','cust-049','direct_sale','completed',4456.49,668.47,5124.96,'mobile_money','paid','2025-10-13T10:00:00Z');
INSERT OR IGNORE INTO sales_order_items (id,sales_order_id,product_id,quantity,unit_price,discount_percent,line_total) VALUES ('oi-0436-1','order-0436','prod-037',2,73.03,10,131.45);
INSERT OR IGNORE INTO sales_order_items (id,sales_order_id,product_id,quantity,unit_price,discount_percent,line_total) VALUES ('oi-0436-2','order-0436','prod-008',20,16.86,0,337.2);
INSERT OR IGNORE INTO sales_order_items (id,sales_order_id,product_id,quantity,unit_price,discount_percent,line_total) VALUES ('oi-0436-3','order-0436','prod-020',15,125.4,0,1881.0);
INSERT OR IGNORE INTO sales_order_items (id,sales_order_id,product_id,quantity,unit_price,discount_percent,line_total) VALUES ('oi-0436-4','order-0436','prod-048',20,34.84,0,696.8);
INSERT OR IGNORE INTO sales_order_items (id,sales_order_id,product_id,quantity,unit_price,discount_percent,line_total) VALUES ('oi-0436-5','order-0436','prod-020',6,125.13,0,750.78);
INSERT OR IGNORE INTO sales_order_items (id,sales_order_id,product_id,quantity,unit_price,discount_percent,line_total) VALUES ('oi-0436-6','order-0436','prod-040',17,38.78,0,659.26);
INSERT OR IGNORE INTO sales_orders (id,tenant_id,order_number,agent_id,customer_id,order_type,status,subtotal,tax_amount,total_amount,payment_method,payment_status,created_at) VALUES ('order-0437','default-tenant-001','SO-00437','agent-user-001','cust-036','direct_sale','pending',821.9200000000001,123.29,945.21,'credit','pending','2025-11-13T10:00:00Z');
INSERT OR IGNORE INTO sales_order_items (id,sales_order_id,product_id,quantity,unit_price,discount_percent,line_total) VALUES ('oi-0437-1','order-0437','prod-033',4,58.39,10,210.2);
INSERT OR IGNORE INTO sales_order_items (id,sales_order_id,product_id,quantity,unit_price,discount_percent,line_total) VALUES ('oi-0437-2','order-0437','prod-023',8,37.91,0,303.28);
INSERT OR IGNORE INTO sales_order_items (id,sales_order_id,product_id,quantity,unit_price,discount_percent,line_total) VALUES ('oi-0437-3','order-0437','prod-050',2,154.22,0,308.44);
INSERT OR IGNORE INTO sales_orders (id,tenant_id,order_number,agent_id,customer_id,order_type,status,subtotal,tax_amount,total_amount,payment_method,payment_status,created_at) VALUES ('order-0438','default-tenant-001','SO-00438','agent-001','cust-024','direct_sale','completed',2191.47,328.72,2520.19,'mobile_money','paid','2026-01-01T10:00:00Z');
INSERT OR IGNORE INTO sales_order_items (id,sales_order_id,product_id,quantity,unit_price,discount_percent,line_total) VALUES ('oi-0438-1','order-0438','prod-011',15,155.02,10,2092.77);
INSERT OR IGNORE INTO sales_order_items (id,sales_order_id,product_id,quantity,unit_price,discount_percent,line_total) VALUES ('oi-0438-2','order-0438','prod-004',2,49.35,0,98.7);
INSERT OR IGNORE INTO sales_orders (id,tenant_id,order_number,agent_id,customer_id,order_type,status,subtotal,tax_amount,total_amount,payment_method,payment_status,created_at) VALUES ('order-0439','default-tenant-001','SO-00439','agent-005','cust-099','direct_sale','draft',240.11,36.02,276.13,'cash','pending','2026-02-03T10:00:00Z');
INSERT OR IGNORE INTO sales_order_items (id,sales_order_id,product_id,quantity,unit_price,discount_percent,line_total) VALUES ('oi-0439-1','order-0439','prod-020',1,52.71,0,52.71);
INSERT OR IGNORE INTO sales_order_items (id,sales_order_id,product_id,quantity,unit_price,discount_percent,line_total) VALUES ('oi-0439-2','order-0439','prod-006',2,93.7,0,187.4);
INSERT OR IGNORE INTO sales_orders (id,tenant_id,order_number,agent_id,customer_id,order_type,status,subtotal,tax_amount,total_amount,payment_method,payment_status,created_at) VALUES ('order-0440','default-tenant-001','SO-00440','agent-001','cust-014','direct_sale','delivered',3453.62,518.04,3971.66,'mobile_money','paid','2025-10-12T10:00:00Z');
INSERT OR IGNORE INTO sales_order_items (id,sales_order_id,product_id,quantity,unit_price,discount_percent,line_total) VALUES ('oi-0440-1','order-0440','prod-050',3,92.72,0,278.16);
INSERT OR IGNORE INTO sales_order_items (id,sales_order_id,product_id,quantity,unit_price,discount_percent,line_total) VALUES ('oi-0440-2','order-0440','prod-002',8,64.63,0,517.04);
INSERT OR IGNORE INTO sales_order_items (id,sales_order_id,product_id,quantity,unit_price,discount_percent,line_total) VALUES ('oi-0440-3','order-0440','prod-012',3,119.28,5,339.95);
INSERT OR IGNORE INTO sales_order_items (id,sales_order_id,product_id,quantity,unit_price,discount_percent,line_total) VALUES ('oi-0440-4','order-0440','prod-047',11,38.75,0,426.25);
INSERT OR IGNORE INTO sales_order_items (id,sales_order_id,product_id,quantity,unit_price,discount_percent,line_total) VALUES ('oi-0440-5','order-0440','prod-028',6,157.24,0,943.44);
INSERT OR IGNORE INTO sales_order_items (id,sales_order_id,product_id,quantity,unit_price,discount_percent,line_total) VALUES ('oi-0440-6','order-0440','prod-047',7,135.54,0,948.78);
INSERT OR IGNORE INTO sales_orders (id,tenant_id,order_number,agent_id,customer_id,order_type,status,subtotal,tax_amount,total_amount,payment_method,payment_status,created_at) VALUES ('order-0441','default-tenant-001','SO-00441','agent-004','cust-048','direct_sale','completed',3711.1000000000004,556.67,4267.77,'cash','paid','2025-11-17T10:00:00Z');
INSERT OR IGNORE INTO sales_order_items (id,sales_order_id,product_id,quantity,unit_price,discount_percent,line_total) VALUES ('oi-0441-1','order-0441','prod-048',18,179.9,10,2914.38);
INSERT OR IGNORE INTO sales_order_items (id,sales_order_id,product_id,quantity,unit_price,discount_percent,line_total) VALUES ('oi-0441-2','order-0441','prod-026',5,167.73,5,796.72);
INSERT OR IGNORE INTO sales_orders (id,tenant_id,order_number,agent_id,customer_id,order_type,status,subtotal,tax_amount,total_amount,payment_method,payment_status,created_at) VALUES ('order-0442','default-tenant-001','SO-00442','agent-001','cust-066','direct_sale','pending',4973.16,745.97,5719.13,'card','pending','2026-01-14T10:00:00Z');
INSERT OR IGNORE INTO sales_order_items (id,sales_order_id,product_id,quantity,unit_price,discount_percent,line_total) VALUES ('oi-0442-1','order-0442','prod-035',9,92.76,5,793.1);
INSERT OR IGNORE INTO sales_order_items (id,sales_order_id,product_id,quantity,unit_price,discount_percent,line_total) VALUES ('oi-0442-2','order-0442','prod-026',17,44.87,0,762.79);
INSERT OR IGNORE INTO sales_order_items (id,sales_order_id,product_id,quantity,unit_price,discount_percent,line_total) VALUES ('oi-0442-3','order-0442','prod-010',7,71.47,0,500.29);
INSERT OR IGNORE INTO sales_order_items (id,sales_order_id,product_id,quantity,unit_price,discount_percent,line_total) VALUES ('oi-0442-4','order-0442','prod-033',19,39.42,0,748.98);
INSERT OR IGNORE INTO sales_order_items (id,sales_order_id,product_id,quantity,unit_price,discount_percent,line_total) VALUES ('oi-0442-5','order-0442','prod-042',20,108.4,0,2168.0);
INSERT OR IGNORE INTO sales_orders (id,tenant_id,order_number,agent_id,customer_id,order_type,status,subtotal,tax_amount,total_amount,payment_method,payment_status,created_at) VALUES ('order-0443','default-tenant-001','SO-00443','agent-user-001','cust-074','direct_sale','delivered',7197.82,1079.67,8277.49,'cash','paid','2025-12-20T10:00:00Z');
INSERT OR IGNORE INTO sales_order_items (id,sales_order_id,product_id,quantity,unit_price,discount_percent,line_total) VALUES ('oi-0443-1','order-0443','prod-041',20,132.53,5,2518.07);
INSERT OR IGNORE INTO sales_order_items (id,sales_order_id,product_id,quantity,unit_price,discount_percent,line_total) VALUES ('oi-0443-2','order-0443','prod-002',18,10.55,0,189.9);
INSERT OR IGNORE INTO sales_order_items (id,sales_order_id,product_id,quantity,unit_price,discount_percent,line_total) VALUES ('oi-0443-3','order-0443','prod-027',17,175.34,0,2980.78);
INSERT OR IGNORE INTO sales_order_items (id,sales_order_id,product_id,quantity,unit_price,discount_percent,line_total) VALUES ('oi-0443-4','order-0443','prod-020',9,176.5,5,1509.07);
INSERT OR IGNORE INTO sales_orders (id,tenant_id,order_number,agent_id,customer_id,order_type,status,subtotal,tax_amount,total_amount,payment_method,payment_status,created_at) VALUES ('order-0444','default-tenant-001','SO-00444','agent-001','cust-005','direct_sale','completed',1425.1,213.76,1638.86,'cash','paid','2026-03-01T10:00:00Z');
INSERT OR IGNORE INTO sales_order_items (id,sales_order_id,product_id,quantity,unit_price,discount_percent,line_total) VALUES ('oi-0444-1','order-0444','prod-024',19,38.82,10,663.82);
INSERT OR IGNORE INTO sales_order_items (id,sales_order_id,product_id,quantity,unit_price,discount_percent,line_total) VALUES ('oi-0444-2','order-0444','prod-047',16,47.58,0,761.28);
INSERT OR IGNORE INTO sales_orders (id,tenant_id,order_number,agent_id,customer_id,order_type,status,subtotal,tax_amount,total_amount,payment_method,payment_status,created_at) VALUES ('order-0445','default-tenant-001','SO-00445','agent-user-001','cust-089','direct_sale','completed',3116.31,467.45,3583.76,'card','paid','2026-03-06T10:00:00Z');
INSERT OR IGNORE INTO sales_order_items (id,sales_order_id,product_id,quantity,unit_price,discount_percent,line_total) VALUES ('oi-0445-1','order-0445','prod-044',7,44.43,0,311.01);
INSERT OR IGNORE INTO sales_order_items (id,sales_order_id,product_id,quantity,unit_price,discount_percent,line_total) VALUES ('oi-0445-2','order-0445','prod-020',15,141.66,0,2124.9);
INSERT OR IGNORE INTO sales_order_items (id,sales_order_id,product_id,quantity,unit_price,discount_percent,line_total) VALUES ('oi-0445-3','order-0445','prod-049',15,45.36,0,680.4);
INSERT OR IGNORE INTO sales_orders (id,tenant_id,order_number,agent_id,customer_id,order_type,status,subtotal,tax_amount,total_amount,payment_method,payment_status,created_at) VALUES ('order-0446','default-tenant-001','SO-00446','agent-001','cust-004','direct_sale','delivered',2670.66,400.6,3071.26,'mobile_money','paid','2026-02-10T10:00:00Z');
INSERT OR IGNORE INTO sales_order_items (id,sales_order_id,product_id,quantity,unit_price,discount_percent,line_total) VALUES ('oi-0446-1','order-0446','prod-050',18,130.38,10,2112.16);
INSERT OR IGNORE INTO sales_order_items (id,sales_order_id,product_id,quantity,unit_price,discount_percent,line_total) VALUES ('oi-0446-2','order-0446','prod-024',8,77.57,10,558.5);
INSERT OR IGNORE INTO sales_orders (id,tenant_id,order_number,agent_id,customer_id,order_type,status,subtotal,tax_amount,total_amount,payment_method,payment_status,created_at) VALUES ('order-0447','default-tenant-001','SO-00447','agent-001','cust-089','direct_sale','completed',3882.17,582.33,4464.5,'cash','paid','2026-02-15T10:00:00Z');
INSERT OR IGNORE INTO sales_order_items (id,sales_order_id,product_id,quantity,unit_price,discount_percent,line_total) VALUES ('oi-0447-1','order-0447','prod-021',5,90.03,0,450.15);
INSERT OR IGNORE INTO sales_order_items (id,sales_order_id,product_id,quantity,unit_price,discount_percent,line_total) VALUES ('oi-0447-2','order-0447','prod-003',3,80.45,0,241.35);
INSERT OR IGNORE INTO sales_order_items (id,sales_order_id,product_id,quantity,unit_price,discount_percent,line_total) VALUES ('oi-0447-3','order-0447','prod-007',9,46.31,0,416.79);
INSERT OR IGNORE INTO sales_order_items (id,sales_order_id,product_id,quantity,unit_price,discount_percent,line_total) VALUES ('oi-0447-4','order-0447','prod-002',10,84.67,0,846.7);
INSERT OR IGNORE INTO sales_order_items (id,sales_order_id,product_id,quantity,unit_price,discount_percent,line_total) VALUES ('oi-0447-5','order-0447','prod-021',17,119.33,5,1927.18);
INSERT OR IGNORE INTO sales_orders (id,tenant_id,order_number,agent_id,customer_id,order_type,status,subtotal,tax_amount,total_amount,payment_method,payment_status,created_at) VALUES ('order-0448','default-tenant-001','SO-00448','agent-002','cust-026','direct_sale','pending',1303.46,195.52,1498.98,'credit','pending','2026-01-21T10:00:00Z');
INSERT OR IGNORE INTO sales_order_items (id,sales_order_id,product_id,quantity,unit_price,discount_percent,line_total) VALUES ('oi-0448-1','order-0448','prod-023',17,61.19,0,1040.23);
INSERT OR IGNORE INTO sales_order_items (id,sales_order_id,product_id,quantity,unit_price,discount_percent,line_total) VALUES ('oi-0448-2','order-0448','prod-013',11,23.93,0,263.23);
INSERT OR IGNORE INTO sales_orders (id,tenant_id,order_number,agent_id,customer_id,order_type,status,subtotal,tax_amount,total_amount,payment_method,payment_status,created_at) VALUES ('order-0449','default-tenant-001','SO-00449','agent-003','cust-073','direct_sale','completed',3275.71,491.36,3767.07,'credit','paid','2025-12-05T10:00:00Z');
INSERT OR IGNORE INTO sales_order_items (id,sales_order_id,product_id,quantity,unit_price,discount_percent,line_total) VALUES ('oi-0449-1','order-0449','prod-020',1,50.13,0,50.13);
INSERT OR IGNORE INTO sales_order_items (id,sales_order_id,product_id,quantity,unit_price,discount_percent,line_total) VALUES ('oi-0449-2','order-0449','prod-008',5,162.01,0,810.05);
INSERT OR IGNORE INTO sales_order_items (id,sales_order_id,product_id,quantity,unit_price,discount_percent,line_total) VALUES ('oi-0449-3','order-0449','prod-050',17,142.09,0,2415.53);
INSERT OR IGNORE INTO sales_orders (id,tenant_id,order_number,agent_id,customer_id,order_type,status,subtotal,tax_amount,total_amount,payment_method,payment_status,created_at) VALUES ('order-0450','default-tenant-001','SO-00450','agent-003','cust-078','direct_sale','completed',1731.85,259.78,1991.63,'card','paid','2026-02-06T10:00:00Z');
INSERT OR IGNORE INTO sales_order_items (id,sales_order_id,product_id,quantity,unit_price,discount_percent,line_total) VALUES ('oi-0450-1','order-0450','prod-008',10,126.23,0,1262.3);
INSERT OR IGNORE INTO sales_order_items (id,sales_order_id,product_id,quantity,unit_price,discount_percent,line_total) VALUES ('oi-0450-2','order-0450','prod-032',5,93.91,0,469.55);
INSERT OR IGNORE INTO sales_orders (id,tenant_id,order_number,agent_id,customer_id,order_type,status,subtotal,tax_amount,total_amount,payment_method,payment_status,created_at) VALUES ('order-0451','default-tenant-001','SO-00451','agent-005','cust-097','direct_sale','completed',2134.8,320.22,2455.02,'credit','paid','2025-10-28T10:00:00Z');
INSERT OR IGNORE INTO sales_order_items (id,sales_order_id,product_id,quantity,unit_price,discount_percent,line_total) VALUES ('oi-0451-1','order-0451','prod-022',9,87.7,10,710.37);
INSERT OR IGNORE INTO sales_order_items (id,sales_order_id,product_id,quantity,unit_price,discount_percent,line_total) VALUES ('oi-0451-2','order-0451','prod-027',10,158.27,10,1424.43);
INSERT OR IGNORE INTO sales_orders (id,tenant_id,order_number,agent_id,customer_id,order_type,status,subtotal,tax_amount,total_amount,payment_method,payment_status,created_at) VALUES ('order-0452','default-tenant-001','SO-00452','agent-004','cust-061','direct_sale','pending',2799.48,419.92,3219.4,'credit','pending','2026-03-07T10:00:00Z');
INSERT OR IGNORE INTO sales_order_items (id,sales_order_id,product_id,quantity,unit_price,discount_percent,line_total) VALUES ('oi-0452-1','order-0452','prod-026',1,77.7,10,69.93);
INSERT OR IGNORE INTO sales_order_items (id,sales_order_id,product_id,quantity,unit_price,discount_percent,line_total) VALUES ('oi-0452-2','order-0452','prod-040',14,51.8,0,725.2);
INSERT OR IGNORE INTO sales_order_items (id,sales_order_id,product_id,quantity,unit_price,discount_percent,line_total) VALUES ('oi-0452-3','order-0452','prod-033',5,120.98,10,544.41);
INSERT OR IGNORE INTO sales_order_items (id,sales_order_id,product_id,quantity,unit_price,discount_percent,line_total) VALUES ('oi-0452-4','order-0452','prod-012',9,77.84,0,700.56);
INSERT OR IGNORE INTO sales_order_items (id,sales_order_id,product_id,quantity,unit_price,discount_percent,line_total) VALUES ('oi-0452-5','order-0452','prod-002',9,93.75,10,759.38);
INSERT OR IGNORE INTO sales_orders (id,tenant_id,order_number,agent_id,customer_id,order_type,status,subtotal,tax_amount,total_amount,payment_method,payment_status,created_at) VALUES ('order-0453','default-tenant-001','SO-00453','agent-user-001','cust-060','direct_sale','delivered',678.04,101.71,779.75,'card','paid','2026-01-07T10:00:00Z');
INSERT OR IGNORE INTO sales_order_items (id,sales_order_id,product_id,quantity,unit_price,discount_percent,line_total) VALUES ('oi-0453-1','order-0453','prod-028',6,117.75,10,635.85);
INSERT OR IGNORE INTO sales_order_items (id,sales_order_id,product_id,quantity,unit_price,discount_percent,line_total) VALUES ('oi-0453-2','order-0453','prod-039',1,42.19,0,42.19);
INSERT OR IGNORE INTO sales_orders (id,tenant_id,order_number,agent_id,customer_id,order_type,status,subtotal,tax_amount,total_amount,payment_method,payment_status,created_at) VALUES ('order-0454','default-tenant-001','SO-00454','agent-003','cust-035','direct_sale','draft',5840.06,876.01,6716.07,'mobile_money','pending','2025-10-21T10:00:00Z');
INSERT OR IGNORE INTO sales_order_items (id,sales_order_id,product_id,quantity,unit_price,discount_percent,line_total) VALUES ('oi-0454-1','order-0454','prod-004',19,178.56,10,3053.38);
INSERT OR IGNORE INTO sales_order_items (id,sales_order_id,product_id,quantity,unit_price,discount_percent,line_total) VALUES ('oi-0454-2','order-0454','prod-023',16,82.16,0,1314.56);
INSERT OR IGNORE INTO sales_order_items (id,sales_order_id,product_id,quantity,unit_price,discount_percent,line_total) VALUES ('oi-0454-3','order-0454','prod-031',1,158.0,10,142.2);
INSERT OR IGNORE INTO sales_order_items (id,sales_order_id,product_id,quantity,unit_price,discount_percent,line_total) VALUES ('oi-0454-4','order-0454','prod-013',19,73.68,5,1329.92);
INSERT OR IGNORE INTO sales_orders (id,tenant_id,order_number,agent_id,customer_id,order_type,status,subtotal,tax_amount,total_amount,payment_method,payment_status,created_at) VALUES ('order-0455','default-tenant-001','SO-00455','agent-user-001','cust-073','direct_sale','completed',5798.120000000001,869.72,6667.84,'cash','paid','2026-02-24T10:00:00Z');
INSERT OR IGNORE INTO sales_order_items (id,sales_order_id,product_id,quantity,unit_price,discount_percent,line_total) VALUES ('oi-0455-1','order-0455','prod-003',6,75.19,0,451.14);
INSERT OR IGNORE INTO sales_order_items (id,sales_order_id,product_id,quantity,unit_price,discount_percent,line_total) VALUES ('oi-0455-2','order-0455','prod-007',4,163.96,5,623.05);
INSERT OR IGNORE INTO sales_order_items (id,sales_order_id,product_id,quantity,unit_price,discount_percent,line_total) VALUES ('oi-0455-3','order-0455','prod-032',17,109.97,0,1869.49);
INSERT OR IGNORE INTO sales_order_items (id,sales_order_id,product_id,quantity,unit_price,discount_percent,line_total) VALUES ('oi-0455-4','order-0455','prod-029',9,172.08,0,1548.72);
INSERT OR IGNORE INTO sales_order_items (id,sales_order_id,product_id,quantity,unit_price,discount_percent,line_total) VALUES ('oi-0455-5','order-0455','prod-019',6,53.01,0,318.06);
INSERT OR IGNORE INTO sales_order_items (id,sales_order_id,product_id,quantity,unit_price,discount_percent,line_total) VALUES ('oi-0455-6','order-0455','prod-038',10,109.74,10,987.66);
INSERT OR IGNORE INTO sales_orders (id,tenant_id,order_number,agent_id,customer_id,order_type,status,subtotal,tax_amount,total_amount,payment_method,payment_status,created_at) VALUES ('order-0456','default-tenant-001','SO-00456','agent-005','cust-042','direct_sale','completed',4628.18,694.23,5322.41,'credit','paid','2025-11-10T10:00:00Z');
INSERT OR IGNORE INTO sales_order_items (id,sales_order_id,product_id,quantity,unit_price,discount_percent,line_total) VALUES ('oi-0456-1','order-0456','prod-044',13,145.35,5,1795.07);
INSERT OR IGNORE INTO sales_order_items (id,sales_order_id,product_id,quantity,unit_price,discount_percent,line_total) VALUES ('oi-0456-2','order-0456','prod-005',10,101.99,0,1019.9);
INSERT OR IGNORE INTO sales_order_items (id,sales_order_id,product_id,quantity,unit_price,discount_percent,line_total) VALUES ('oi-0456-3','order-0456','prod-046',8,38.88,0,311.04);
INSERT OR IGNORE INTO sales_order_items (id,sales_order_id,product_id,quantity,unit_price,discount_percent,line_total) VALUES ('oi-0456-4','order-0456','prod-043',11,50.66,5,529.4);
INSERT OR IGNORE INTO sales_order_items (id,sales_order_id,product_id,quantity,unit_price,discount_percent,line_total) VALUES ('oi-0456-5','order-0456','prod-040',15,31.3,0,469.5);
INSERT OR IGNORE INTO sales_order_items (id,sales_order_id,product_id,quantity,unit_price,discount_percent,line_total) VALUES ('oi-0456-6','order-0456','prod-029',14,37.84,5,503.27);
INSERT OR IGNORE INTO sales_orders (id,tenant_id,order_number,agent_id,customer_id,order_type,status,subtotal,tax_amount,total_amount,payment_method,payment_status,created_at) VALUES ('order-0457','default-tenant-001','SO-00457','agent-002','cust-007','direct_sale','completed',1143.01,171.45,1314.46,'credit','paid','2025-11-15T10:00:00Z');
INSERT OR IGNORE INTO sales_order_items (id,sales_order_id,product_id,quantity,unit_price,discount_percent,line_total) VALUES ('oi-0457-1','order-0457','prod-031',11,24.96,0,274.56);
INSERT OR IGNORE INTO sales_order_items (id,sales_order_id,product_id,quantity,unit_price,discount_percent,line_total) VALUES ('oi-0457-2','order-0457','prod-019',6,19.03,0,114.18);
INSERT OR IGNORE INTO sales_order_items (id,sales_order_id,product_id,quantity,unit_price,discount_percent,line_total) VALUES ('oi-0457-3','order-0457','prod-028',11,68.57,0,754.27);
INSERT OR IGNORE INTO sales_orders (id,tenant_id,order_number,agent_id,customer_id,order_type,status,subtotal,tax_amount,total_amount,payment_method,payment_status,created_at) VALUES ('order-0458','default-tenant-001','SO-00458','agent-001','cust-081','direct_sale','pending',4975.2,746.28,5721.48,'mobile_money','pending','2026-02-26T10:00:00Z');
INSERT OR IGNORE INTO sales_order_items (id,sales_order_id,product_id,quantity,unit_price,discount_percent,line_total) VALUES ('oi-0458-1','order-0458','prod-024',3,52.3,0,156.9);
INSERT OR IGNORE INTO sales_order_items (id,sales_order_id,product_id,quantity,unit_price,discount_percent,line_total) VALUES ('oi-0458-2','order-0458','prod-009',17,162.15,0,2756.55);
INSERT OR IGNORE INTO sales_order_items (id,sales_order_id,product_id,quantity,unit_price,discount_percent,line_total) VALUES ('oi-0458-3','order-0458','prod-013',4,157.79,0,631.16);
INSERT OR IGNORE INTO sales_order_items (id,sales_order_id,product_id,quantity,unit_price,discount_percent,line_total) VALUES ('oi-0458-4','order-0458','prod-020',6,18.55,0,111.3);
INSERT OR IGNORE INTO sales_order_items (id,sales_order_id,product_id,quantity,unit_price,discount_percent,line_total) VALUES ('oi-0458-5','order-0458','prod-013',2,64.85,0,129.7);
INSERT OR IGNORE INTO sales_order_items (id,sales_order_id,product_id,quantity,unit_price,discount_percent,line_total) VALUES ('oi-0458-6','order-0458','prod-036',12,104.35,5,1189.59);
INSERT OR IGNORE INTO sales_orders (id,tenant_id,order_number,agent_id,customer_id,order_type,status,subtotal,tax_amount,total_amount,payment_method,payment_status,created_at) VALUES ('order-0459','default-tenant-001','SO-00459','agent-004','cust-034','direct_sale','completed',5857.3099999999995,878.6,6735.91,'cash','paid','2026-02-25T10:00:00Z');
INSERT OR IGNORE INTO sales_order_items (id,sales_order_id,product_id,quantity,unit_price,discount_percent,line_total) VALUES ('oi-0459-1','order-0459','prod-018',9,136.95,0,1232.55);
INSERT OR IGNORE INTO sales_order_items (id,sales_order_id,product_id,quantity,unit_price,discount_percent,line_total) VALUES ('oi-0459-2','order-0459','prod-003',20,159.21,0,3184.2);
INSERT OR IGNORE INTO sales_order_items (id,sales_order_id,product_id,quantity,unit_price,discount_percent,line_total) VALUES ('oi-0459-3','order-0459','prod-023',10,111.29,0,1112.9);
INSERT OR IGNORE INTO sales_order_items (id,sales_order_id,product_id,quantity,unit_price,discount_percent,line_total) VALUES ('oi-0459-4','order-0459','prod-036',6,54.61,0,327.66);
INSERT OR IGNORE INTO sales_orders (id,tenant_id,order_number,agent_id,customer_id,order_type,status,subtotal,tax_amount,total_amount,payment_method,payment_status,created_at) VALUES ('order-0460','default-tenant-001','SO-00460','agent-001','cust-065','direct_sale','delivered',426.24,63.94,490.18,'credit','paid','2026-02-19T10:00:00Z');
INSERT OR IGNORE INTO sales_order_items (id,sales_order_id,product_id,quantity,unit_price,discount_percent,line_total) VALUES ('oi-0460-1','order-0460','prod-036',1,81.08,0,81.08);
INSERT OR IGNORE INTO sales_order_items (id,sales_order_id,product_id,quantity,unit_price,discount_percent,line_total) VALUES ('oi-0460-2','order-0460','prod-048',6,22.92,5,130.64);
INSERT OR IGNORE INTO sales_order_items (id,sales_order_id,product_id,quantity,unit_price,discount_percent,line_total) VALUES ('oi-0460-3','order-0460','prod-036',4,53.63,0,214.52);
INSERT OR IGNORE INTO sales_orders (id,tenant_id,order_number,agent_id,customer_id,order_type,status,subtotal,tax_amount,total_amount,payment_method,payment_status,created_at) VALUES ('order-0461','default-tenant-001','SO-00461','agent-user-001','cust-034','direct_sale','delivered',2542.0299999999997,381.3,2923.33,'card','paid','2026-01-31T10:00:00Z');
INSERT OR IGNORE INTO sales_order_items (id,sales_order_id,product_id,quantity,unit_price,discount_percent,line_total) VALUES ('oi-0461-1','order-0461','prod-028',5,44.94,0,224.7);
INSERT OR IGNORE INTO sales_order_items (id,sales_order_id,product_id,quantity,unit_price,discount_percent,line_total) VALUES ('oi-0461-2','order-0461','prod-011',13,141.85,0,1844.05);
INSERT OR IGNORE INTO sales_order_items (id,sales_order_id,product_id,quantity,unit_price,discount_percent,line_total) VALUES ('oi-0461-3','order-0461','prod-044',6,78.88,0,473.28);
INSERT OR IGNORE INTO sales_orders (id,tenant_id,order_number,agent_id,customer_id,order_type,status,subtotal,tax_amount,total_amount,payment_method,payment_status,created_at) VALUES ('order-0462','default-tenant-001','SO-00462','agent-003','cust-087','direct_sale','completed',1752.21,262.83,2015.04,'card','paid','2026-03-07T10:00:00Z');
INSERT OR IGNORE INTO sales_order_items (id,sales_order_id,product_id,quantity,unit_price,discount_percent,line_total) VALUES ('oi-0462-1','order-0462','prod-029',3,29.6,0,88.8);
INSERT OR IGNORE INTO sales_order_items (id,sales_order_id,product_id,quantity,unit_price,discount_percent,line_total) VALUES ('oi-0462-2','order-0462','prod-007',9,150.84,5,1289.68);
INSERT OR IGNORE INTO sales_order_items (id,sales_order_id,product_id,quantity,unit_price,discount_percent,line_total) VALUES ('oi-0462-3','order-0462','prod-025',7,53.39,0,373.73);
INSERT OR IGNORE INTO sales_orders (id,tenant_id,order_number,agent_id,customer_id,order_type,status,subtotal,tax_amount,total_amount,payment_method,payment_status,created_at) VALUES ('order-0463','default-tenant-001','SO-00463','agent-004','cust-035','direct_sale','completed',2456.73,368.51,2825.24,'card','paid','2026-03-08T10:00:00Z');
INSERT OR IGNORE INTO sales_order_items (id,sales_order_id,product_id,quantity,unit_price,discount_percent,line_total) VALUES ('oi-0463-1','order-0463','prod-038',6,70.03,5,399.17);
INSERT OR IGNORE INTO sales_order_items (id,sales_order_id,product_id,quantity,unit_price,discount_percent,line_total) VALUES ('oi-0463-2','order-0463','prod-035',15,52.26,0,783.9);
INSERT OR IGNORE INTO sales_order_items (id,sales_order_id,product_id,quantity,unit_price,discount_percent,line_total) VALUES ('oi-0463-3','order-0463','prod-015',10,134.07,5,1273.66);
INSERT OR IGNORE INTO sales_orders (id,tenant_id,order_number,agent_id,customer_id,order_type,status,subtotal,tax_amount,total_amount,payment_method,payment_status,created_at) VALUES ('order-0464','default-tenant-001','SO-00464','agent-001','cust-047','direct_sale','delivered',3459.74,518.96,3978.7,'cash','paid','2025-10-15T10:00:00Z');
INSERT OR IGNORE INTO sales_order_items (id,sales_order_id,product_id,quantity,unit_price,discount_percent,line_total) VALUES ('oi-0464-1','order-0464','prod-012',8,68.8,0,550.4);
INSERT OR IGNORE INTO sales_order_items (id,sales_order_id,product_id,quantity,unit_price,discount_percent,line_total) VALUES ('oi-0464-2','order-0464','prod-038',10,104.71,0,1047.1);
INSERT OR IGNORE INTO sales_order_items (id,sales_order_id,product_id,quantity,unit_price,discount_percent,line_total) VALUES ('oi-0464-3','order-0464','prod-035',18,72.37,0,1302.66);
INSERT OR IGNORE INTO sales_order_items (id,sales_order_id,product_id,quantity,unit_price,discount_percent,line_total) VALUES ('oi-0464-4','order-0464','prod-004',1,176.77,0,176.77);
INSERT OR IGNORE INTO sales_order_items (id,sales_order_id,product_id,quantity,unit_price,discount_percent,line_total) VALUES ('oi-0464-5','order-0464','prod-013',12,33.58,5,382.81);
INSERT OR IGNORE INTO sales_orders (id,tenant_id,order_number,agent_id,customer_id,order_type,status,subtotal,tax_amount,total_amount,payment_method,payment_status,created_at) VALUES ('order-0465','default-tenant-001','SO-00465','agent-002','cust-015','direct_sale','delivered',3814.0899999999997,572.11,4386.2,'mobile_money','paid','2025-10-13T10:00:00Z');
INSERT OR IGNORE INTO sales_order_items (id,sales_order_id,product_id,quantity,unit_price,discount_percent,line_total) VALUES ('oi-0465-1','order-0465','prod-024',7,147.58,0,1033.06);
INSERT OR IGNORE INTO sales_order_items (id,sales_order_id,product_id,quantity,unit_price,discount_percent,line_total) VALUES ('oi-0465-2','order-0465','prod-013',15,69.7,5,993.22);
INSERT OR IGNORE INTO sales_order_items (id,sales_order_id,product_id,quantity,unit_price,discount_percent,line_total) VALUES ('oi-0465-3','order-0465','prod-036',9,88.94,0,800.46);
INSERT OR IGNORE INTO sales_order_items (id,sales_order_id,product_id,quantity,unit_price,discount_percent,line_total) VALUES ('oi-0465-4','order-0465','prod-044',12,86.61,5,987.35);
INSERT OR IGNORE INTO sales_orders (id,tenant_id,order_number,agent_id,customer_id,order_type,status,subtotal,tax_amount,total_amount,payment_method,payment_status,created_at) VALUES ('order-0466','default-tenant-001','SO-00466','agent-user-001','cust-067','direct_sale','draft',3197.2599999999998,479.59,3676.85,'mobile_money','pending','2025-12-03T10:00:00Z');
INSERT OR IGNORE INTO sales_order_items (id,sales_order_id,product_id,quantity,unit_price,discount_percent,line_total) VALUES ('oi-0466-1','order-0466','prod-044',14,54.37,0,761.18);
INSERT OR IGNORE INTO sales_order_items (id,sales_order_id,product_id,quantity,unit_price,discount_percent,line_total) VALUES ('oi-0466-2','order-0466','prod-046',20,41.87,0,837.4);
INSERT OR IGNORE INTO sales_order_items (id,sales_order_id,product_id,quantity,unit_price,discount_percent,line_total) VALUES ('oi-0466-3','order-0466','prod-003',16,14.61,0,233.76);
INSERT OR IGNORE INTO sales_order_items (id,sales_order_id,product_id,quantity,unit_price,discount_percent,line_total) VALUES ('oi-0466-4','order-0466','prod-013',18,64.75,5,1107.22);
INSERT OR IGNORE INTO sales_order_items (id,sales_order_id,product_id,quantity,unit_price,discount_percent,line_total) VALUES ('oi-0466-5','order-0466','prod-045',3,85.9,0,257.7);
INSERT OR IGNORE INTO sales_orders (id,tenant_id,order_number,agent_id,customer_id,order_type,status,subtotal,tax_amount,total_amount,payment_method,payment_status,created_at) VALUES ('order-0467','default-tenant-001','SO-00467','agent-005','cust-001','direct_sale','pending',2202.1899999999996,330.33,2532.52,'cash','pending','2026-02-01T10:00:00Z');
INSERT OR IGNORE INTO sales_order_items (id,sales_order_id,product_id,quantity,unit_price,discount_percent,line_total) VALUES ('oi-0467-1','order-0467','prod-023',10,112.13,10,1009.17);
INSERT OR IGNORE INTO sales_order_items (id,sales_order_id,product_id,quantity,unit_price,discount_percent,line_total) VALUES ('oi-0467-2','order-0467','prod-040',8,137.29,0,1098.32);
INSERT OR IGNORE INTO sales_order_items (id,sales_order_id,product_id,quantity,unit_price,discount_percent,line_total) VALUES ('oi-0467-3','order-0467','prod-045',4,24.92,5,94.7);
INSERT OR IGNORE INTO sales_orders (id,tenant_id,order_number,agent_id,customer_id,order_type,status,subtotal,tax_amount,total_amount,payment_method,payment_status,created_at) VALUES ('order-0468','default-tenant-001','SO-00468','agent-004','cust-058','direct_sale','delivered',2221.0,333.15,2554.15,'cash','paid','2026-01-04T10:00:00Z');
INSERT OR IGNORE INTO sales_order_items (id,sales_order_id,product_id,quantity,unit_price,discount_percent,line_total) VALUES ('oi-0468-1','order-0468','prod-013',10,51.15,10,460.35);
INSERT OR IGNORE INTO sales_order_items (id,sales_order_id,product_id,quantity,unit_price,discount_percent,line_total) VALUES ('oi-0468-2','order-0468','prod-018',8,173.56,0,1388.48);
INSERT OR IGNORE INTO sales_order_items (id,sales_order_id,product_id,quantity,unit_price,discount_percent,line_total) VALUES ('oi-0468-3','order-0468','prod-040',8,48.97,5,372.17);
INSERT OR IGNORE INTO sales_orders (id,tenant_id,order_number,agent_id,customer_id,order_type,status,subtotal,tax_amount,total_amount,payment_method,payment_status,created_at) VALUES ('order-0469','default-tenant-001','SO-00469','agent-003','cust-030','direct_sale','delivered',4313.6900000000005,647.05,4960.74,'credit','paid','2026-01-13T10:00:00Z');
INSERT OR IGNORE INTO sales_order_items (id,sales_order_id,product_id,quantity,unit_price,discount_percent,line_total) VALUES ('oi-0469-1','order-0469','prod-039',5,59.87,10,269.41);
INSERT OR IGNORE INTO sales_order_items (id,sales_order_id,product_id,quantity,unit_price,discount_percent,line_total) VALUES ('oi-0469-2','order-0469','prod-040',6,69.51,0,417.06);
INSERT OR IGNORE INTO sales_order_items (id,sales_order_id,product_id,quantity,unit_price,discount_percent,line_total) VALUES ('oi-0469-3','order-0469','prod-039',1,126.82,0,126.82);
INSERT OR IGNORE INTO sales_order_items (id,sales_order_id,product_id,quantity,unit_price,discount_percent,line_total) VALUES ('oi-0469-4','order-0469','prod-040',6,138.13,0,828.78);
INSERT OR IGNORE INTO sales_order_items (id,sales_order_id,product_id,quantity,unit_price,discount_percent,line_total) VALUES ('oi-0469-5','order-0469','prod-009',14,179.93,0,2519.02);
INSERT OR IGNORE INTO sales_order_items (id,sales_order_id,product_id,quantity,unit_price,discount_percent,line_total) VALUES ('oi-0469-6','order-0469','prod-035',1,152.6,0,152.6);
INSERT OR IGNORE INTO sales_orders (id,tenant_id,order_number,agent_id,customer_id,order_type,status,subtotal,tax_amount,total_amount,payment_method,payment_status,created_at) VALUES ('order-0470','default-tenant-001','SO-00470','agent-001','cust-023','direct_sale','pending',4831.5,724.73,5556.23,'cash','pending','2025-10-11T10:00:00Z');
INSERT OR IGNORE INTO sales_order_items (id,sales_order_id,product_id,quantity,unit_price,discount_percent,line_total) VALUES ('oi-0470-1','order-0470','prod-012',9,72.56,0,653.04);
INSERT OR IGNORE INTO sales_order_items (id,sales_order_id,product_id,quantity,unit_price,discount_percent,line_total) VALUES ('oi-0470-2','order-0470','prod-044',13,54.87,0,713.31);
INSERT OR IGNORE INTO sales_order_items (id,sales_order_id,product_id,quantity,unit_price,discount_percent,line_total) VALUES ('oi-0470-3','order-0470','prod-013',6,102.81,5,586.02);
INSERT OR IGNORE INTO sales_order_items (id,sales_order_id,product_id,quantity,unit_price,discount_percent,line_total) VALUES ('oi-0470-4','order-0470','prod-011',15,95.67,0,1435.05);
INSERT OR IGNORE INTO sales_order_items (id,sales_order_id,product_id,quantity,unit_price,discount_percent,line_total) VALUES ('oi-0470-5','order-0470','prod-022',10,113.32,0,1133.2);
INSERT OR IGNORE INTO sales_order_items (id,sales_order_id,product_id,quantity,unit_price,discount_percent,line_total) VALUES ('oi-0470-6','order-0470','prod-047',12,27.27,5,310.88);
INSERT OR IGNORE INTO sales_orders (id,tenant_id,order_number,agent_id,customer_id,order_type,status,subtotal,tax_amount,total_amount,payment_method,payment_status,created_at) VALUES ('order-0471','default-tenant-001','SO-00471','agent-user-001','cust-017','direct_sale','completed',1094.9199999999998,164.24,1259.16,'card','paid','2025-11-25T10:00:00Z');
INSERT OR IGNORE INTO sales_order_items (id,sales_order_id,product_id,quantity,unit_price,discount_percent,line_total) VALUES ('oi-0471-1','order-0471','prod-015',2,99.05,0,198.1);
INSERT OR IGNORE INTO sales_order_items (id,sales_order_id,product_id,quantity,unit_price,discount_percent,line_total) VALUES ('oi-0471-2','order-0471','prod-039',15,13.89,0,208.35);
INSERT OR IGNORE INTO sales_order_items (id,sales_order_id,product_id,quantity,unit_price,discount_percent,line_total) VALUES ('oi-0471-3','order-0471','prod-019',16,29.04,0,464.64);
INSERT OR IGNORE INTO sales_order_items (id,sales_order_id,product_id,quantity,unit_price,discount_percent,line_total) VALUES ('oi-0471-4','order-0471','prod-011',9,24.87,0,223.83);
INSERT OR IGNORE INTO sales_orders (id,tenant_id,order_number,agent_id,customer_id,order_type,status,subtotal,tax_amount,total_amount,payment_method,payment_status,created_at) VALUES ('order-0472','default-tenant-001','SO-00472','agent-004','cust-027','direct_sale','delivered',555.24,83.29,638.53,'mobile_money','paid','2025-12-03T10:00:00Z');
INSERT OR IGNORE INTO sales_order_items (id,sales_order_id,product_id,quantity,unit_price,discount_percent,line_total) VALUES ('oi-0472-1','order-0472','prod-029',16,10.23,0,163.68);
INSERT OR IGNORE INTO sales_order_items (id,sales_order_id,product_id,quantity,unit_price,discount_percent,line_total) VALUES ('oi-0472-2','order-0472','prod-035',4,97.89,0,391.56);
INSERT OR IGNORE INTO sales_orders (id,tenant_id,order_number,agent_id,customer_id,order_type,status,subtotal,tax_amount,total_amount,payment_method,payment_status,created_at) VALUES ('order-0473','default-tenant-001','SO-00473','agent-001','cust-072','direct_sale','completed',952.22,142.83,1095.05,'cash','paid','2026-03-10T10:00:00Z');
INSERT OR IGNORE INTO sales_order_items (id,sales_order_id,product_id,quantity,unit_price,discount_percent,line_total) VALUES ('oi-0473-1','order-0473','prod-011',2,111.89,0,223.78);
INSERT OR IGNORE INTO sales_order_items (id,sales_order_id,product_id,quantity,unit_price,discount_percent,line_total) VALUES ('oi-0473-2','order-0473','prod-031',7,65.62,0,459.34);
INSERT OR IGNORE INTO sales_order_items (id,sales_order_id,product_id,quantity,unit_price,discount_percent,line_total) VALUES ('oi-0473-3','order-0473','prod-014',18,14.95,0,269.1);
INSERT OR IGNORE INTO sales_orders (id,tenant_id,order_number,agent_id,customer_id,order_type,status,subtotal,tax_amount,total_amount,payment_method,payment_status,created_at) VALUES ('order-0474','default-tenant-001','SO-00474','agent-user-001','cust-048','direct_sale','completed',7742.219999999999,1161.33,8903.55,'card','paid','2025-10-31T10:00:00Z');
INSERT OR IGNORE INTO sales_order_items (id,sales_order_id,product_id,quantity,unit_price,discount_percent,line_total) VALUES ('oi-0474-1','order-0474','prod-042',9,42.18,0,379.62);
INSERT OR IGNORE INTO sales_order_items (id,sales_order_id,product_id,quantity,unit_price,discount_percent,line_total) VALUES ('oi-0474-2','order-0474','prod-028',12,75.0,5,855.0);
INSERT OR IGNORE INTO sales_order_items (id,sales_order_id,product_id,quantity,unit_price,discount_percent,line_total) VALUES ('oi-0474-3','order-0474','prod-043',14,89.46,10,1127.2);
INSERT OR IGNORE INTO sales_order_items (id,sales_order_id,product_id,quantity,unit_price,discount_percent,line_total) VALUES ('oi-0474-4','order-0474','prod-050',20,139.87,10,2517.66);
INSERT OR IGNORE INTO sales_order_items (id,sales_order_id,product_id,quantity,unit_price,discount_percent,line_total) VALUES ('oi-0474-5','order-0474','prod-019',18,88.77,10,1438.07);
INSERT OR IGNORE INTO sales_order_items (id,sales_order_id,product_id,quantity,unit_price,discount_percent,line_total) VALUES ('oi-0474-6','order-0474','prod-017',13,109.59,0,1424.67);
INSERT OR IGNORE INTO sales_orders (id,tenant_id,order_number,agent_id,customer_id,order_type,status,subtotal,tax_amount,total_amount,payment_method,payment_status,created_at) VALUES ('order-0475','default-tenant-001','SO-00475','agent-001','cust-010','direct_sale','completed',4233.32,635.0,4868.32,'card','paid','2026-02-08T10:00:00Z');
INSERT OR IGNORE INTO sales_order_items (id,sales_order_id,product_id,quantity,unit_price,discount_percent,line_total) VALUES ('oi-0475-1','order-0475','prod-010',11,101.12,0,1112.32);
INSERT OR IGNORE INTO sales_order_items (id,sales_order_id,product_id,quantity,unit_price,discount_percent,line_total) VALUES ('oi-0475-2','order-0475','prod-014',16,179.97,0,2879.52);
INSERT OR IGNORE INTO sales_order_items (id,sales_order_id,product_id,quantity,unit_price,discount_percent,line_total) VALUES ('oi-0475-3','order-0475','prod-044',4,60.37,0,241.48);
INSERT OR IGNORE INTO sales_orders (id,tenant_id,order_number,agent_id,customer_id,order_type,status,subtotal,tax_amount,total_amount,payment_method,payment_status,created_at) VALUES ('order-0476','default-tenant-001','SO-00476','agent-002','cust-040','direct_sale','completed',1436.08,215.41,1651.49,'card','paid','2025-12-19T10:00:00Z');
INSERT OR IGNORE INTO sales_order_items (id,sales_order_id,product_id,quantity,unit_price,discount_percent,line_total) VALUES ('oi-0476-1','order-0476','prod-016',10,112.38,0,1123.8);
INSERT OR IGNORE INTO sales_order_items (id,sales_order_id,product_id,quantity,unit_price,discount_percent,line_total) VALUES ('oi-0476-2','order-0476','prod-031',4,78.07,0,312.28);
INSERT OR IGNORE INTO sales_orders (id,tenant_id,order_number,agent_id,customer_id,order_type,status,subtotal,tax_amount,total_amount,payment_method,payment_status,created_at) VALUES ('order-0477','default-tenant-001','SO-00477','agent-005','cust-015','direct_sale','draft',4056.3,608.45,4664.75,'cash','pending','2026-01-13T10:00:00Z');
INSERT OR IGNORE INTO sales_order_items (id,sales_order_id,product_id,quantity,unit_price,discount_percent,line_total) VALUES ('oi-0477-1','order-0477','prod-026',13,172.96,5,2136.06);
INSERT OR IGNORE INTO sales_order_items (id,sales_order_id,product_id,quantity,unit_price,discount_percent,line_total) VALUES ('oi-0477-2','order-0477','prod-001',18,106.68,0,1920.24);
INSERT OR IGNORE INTO sales_orders (id,tenant_id,order_number,agent_id,customer_id,order_type,status,subtotal,tax_amount,total_amount,payment_method,payment_status,created_at) VALUES ('order-0478','default-tenant-001','SO-00478','agent-004','cust-048','direct_sale','completed',3906.76,586.01,4492.77,'card','paid','2025-10-29T10:00:00Z');
INSERT OR IGNORE INTO sales_order_items (id,sales_order_id,product_id,quantity,unit_price,discount_percent,line_total) VALUES ('oi-0478-1','order-0478','prod-001',4,66.67,0,266.68);
INSERT OR IGNORE INTO sales_order_items (id,sales_order_id,product_id,quantity,unit_price,discount_percent,line_total) VALUES ('oi-0478-2','order-0478','prod-011',2,36.27,5,68.91);
INSERT OR IGNORE INTO sales_order_items (id,sales_order_id,product_id,quantity,unit_price,discount_percent,line_total) VALUES ('oi-0478-3','order-0478','prod-019',18,175.94,0,3166.92);
INSERT OR IGNORE INTO sales_order_items (id,sales_order_id,product_id,quantity,unit_price,discount_percent,line_total) VALUES ('oi-0478-4','order-0478','prod-043',7,57.75,0,404.25);
INSERT OR IGNORE INTO sales_orders (id,tenant_id,order_number,agent_id,customer_id,order_type,status,subtotal,tax_amount,total_amount,payment_method,payment_status,created_at) VALUES ('order-0479','default-tenant-001','SO-00479','agent-004','cust-059','direct_sale','completed',1176.05,176.41,1352.46,'cash','paid','2026-01-24T10:00:00Z');
INSERT OR IGNORE INTO sales_order_items (id,sales_order_id,product_id,quantity,unit_price,discount_percent,line_total) VALUES ('oi-0479-1','order-0479','prod-046',12,82.64,5,942.1);
INSERT OR IGNORE INTO sales_order_items (id,sales_order_id,product_id,quantity,unit_price,discount_percent,line_total) VALUES ('oi-0479-2','order-0479','prod-014',15,17.33,10,233.95);
INSERT OR IGNORE INTO sales_orders (id,tenant_id,order_number,agent_id,customer_id,order_type,status,subtotal,tax_amount,total_amount,payment_method,payment_status,created_at) VALUES ('order-0480','default-tenant-001','SO-00480','agent-002','cust-007','direct_sale','completed',3512.79,526.92,4039.71,'credit','paid','2026-03-02T10:00:00Z');
INSERT OR IGNORE INTO sales_order_items (id,sales_order_id,product_id,quantity,unit_price,discount_percent,line_total) VALUES ('oi-0480-1','order-0480','prod-007',7,83.68,0,585.76);
INSERT OR IGNORE INTO sales_order_items (id,sales_order_id,product_id,quantity,unit_price,discount_percent,line_total) VALUES ('oi-0480-2','order-0480','prod-009',10,55.92,0,559.2);
INSERT OR IGNORE INTO sales_order_items (id,sales_order_id,product_id,quantity,unit_price,discount_percent,line_total) VALUES ('oi-0480-3','order-0480','prod-006',17,154.76,10,2367.83);
INSERT OR IGNORE INTO sales_orders (id,tenant_id,order_number,agent_id,customer_id,order_type,status,subtotal,tax_amount,total_amount,payment_method,payment_status,created_at) VALUES ('order-0481','default-tenant-001','SO-00481','agent-001','cust-023','direct_sale','completed',3747.7799999999997,562.17,4309.95,'cash','paid','2025-11-10T10:00:00Z');
INSERT OR IGNORE INTO sales_order_items (id,sales_order_id,product_id,quantity,unit_price,discount_percent,line_total) VALUES ('oi-0481-1','order-0481','prod-006',18,49.96,5,854.32);
INSERT OR IGNORE INTO sales_order_items (id,sales_order_id,product_id,quantity,unit_price,discount_percent,line_total) VALUES ('oi-0481-2','order-0481','prod-050',11,170.54,5,1782.14);
INSERT OR IGNORE INTO sales_order_items (id,sales_order_id,product_id,quantity,unit_price,discount_percent,line_total) VALUES ('oi-0481-3','order-0481','prod-042',12,102.9,10,1111.32);
INSERT OR IGNORE INTO sales_orders (id,tenant_id,order_number,agent_id,customer_id,order_type,status,subtotal,tax_amount,total_amount,payment_method,payment_status,created_at) VALUES ('order-0482','default-tenant-001','SO-00482','agent-user-001','cust-075','direct_sale','pending',5562.36,834.35,6396.71,'card','pending','2025-10-24T10:00:00Z');
INSERT OR IGNORE INTO sales_order_items (id,sales_order_id,product_id,quantity,unit_price,discount_percent,line_total) VALUES ('oi-0482-1','order-0482','prod-017',1,72.49,10,65.24);
INSERT OR IGNORE INTO sales_order_items (id,sales_order_id,product_id,quantity,unit_price,discount_percent,line_total) VALUES ('oi-0482-2','order-0482','prod-026',9,164.83,5,1409.3);
INSERT OR IGNORE INTO sales_order_items (id,sales_order_id,product_id,quantity,unit_price,discount_percent,line_total) VALUES ('oi-0482-3','order-0482','prod-002',3,146.91,0,440.73);
INSERT OR IGNORE INTO sales_order_items (id,sales_order_id,product_id,quantity,unit_price,discount_percent,line_total) VALUES ('oi-0482-4','order-0482','prod-017',15,21.92,10,295.92);
INSERT OR IGNORE INTO sales_order_items (id,sales_order_id,product_id,quantity,unit_price,discount_percent,line_total) VALUES ('oi-0482-5','order-0482','prod-014',15,137.79,5,1963.51);
INSERT OR IGNORE INTO sales_order_items (id,sales_order_id,product_id,quantity,unit_price,discount_percent,line_total) VALUES ('oi-0482-6','order-0482','prod-023',10,146.07,5,1387.66);
INSERT OR IGNORE INTO sales_orders (id,tenant_id,order_number,agent_id,customer_id,order_type,status,subtotal,tax_amount,total_amount,payment_method,payment_status,created_at) VALUES ('order-0483','default-tenant-001','SO-00483','agent-005','cust-085','direct_sale','draft',1591.1,238.66,1829.76,'cash','pending','2025-12-29T10:00:00Z');
INSERT OR IGNORE INTO sales_order_items (id,sales_order_id,product_id,quantity,unit_price,discount_percent,line_total) VALUES ('oi-0483-1','order-0483','prod-027',12,11.08,0,132.96);
INSERT OR IGNORE INTO sales_order_items (id,sales_order_id,product_id,quantity,unit_price,discount_percent,line_total) VALUES ('oi-0483-2','order-0483','prod-007',10,124.76,0,1247.6);
INSERT OR IGNORE INTO sales_order_items (id,sales_order_id,product_id,quantity,unit_price,discount_percent,line_total) VALUES ('oi-0483-3','order-0483','prod-018',3,70.18,0,210.54);
INSERT OR IGNORE INTO sales_orders (id,tenant_id,order_number,agent_id,customer_id,order_type,status,subtotal,tax_amount,total_amount,payment_method,payment_status,created_at) VALUES ('order-0484','default-tenant-001','SO-00484','agent-003','cust-020','direct_sale','completed',3714.1,557.12,4271.22,'cash','paid','2026-01-18T10:00:00Z');
INSERT OR IGNORE INTO sales_order_items (id,sales_order_id,product_id,quantity,unit_price,discount_percent,line_total) VALUES ('oi-0484-1','order-0484','prod-006',12,31.52,5,359.33);
INSERT OR IGNORE INTO sales_order_items (id,sales_order_id,product_id,quantity,unit_price,discount_percent,line_total) VALUES ('oi-0484-2','order-0484','prod-029',8,135.98,0,1087.84);
INSERT OR IGNORE INTO sales_order_items (id,sales_order_id,product_id,quantity,unit_price,discount_percent,line_total) VALUES ('oi-0484-3','order-0484','prod-035',15,95.23,10,1285.61);
INSERT OR IGNORE INTO sales_order_items (id,sales_order_id,product_id,quantity,unit_price,discount_percent,line_total) VALUES ('oi-0484-4','order-0484','prod-048',12,61.34,10,662.47);
INSERT OR IGNORE INTO sales_order_items (id,sales_order_id,product_id,quantity,unit_price,discount_percent,line_total) VALUES ('oi-0484-5','order-0484','prod-021',7,45.55,0,318.85);
INSERT OR IGNORE INTO sales_orders (id,tenant_id,order_number,agent_id,customer_id,order_type,status,subtotal,tax_amount,total_amount,payment_method,payment_status,created_at) VALUES ('order-0485','default-tenant-001','SO-00485','agent-002','cust-085','direct_sale','completed',5454.71,818.21,6272.92,'mobile_money','paid','2025-11-25T10:00:00Z');
INSERT OR IGNORE INTO sales_order_items (id,sales_order_id,product_id,quantity,unit_price,discount_percent,line_total) VALUES ('oi-0485-1','order-0485','prod-003',1,36.16,10,32.54);
INSERT OR IGNORE INTO sales_order_items (id,sales_order_id,product_id,quantity,unit_price,discount_percent,line_total) VALUES ('oi-0485-2','order-0485','prod-036',3,176.64,0,529.92);
INSERT OR IGNORE INTO sales_order_items (id,sales_order_id,product_id,quantity,unit_price,discount_percent,line_total) VALUES ('oi-0485-3','order-0485','prod-042',4,167.34,10,602.42);
INSERT OR IGNORE INTO sales_order_items (id,sales_order_id,product_id,quantity,unit_price,discount_percent,line_total) VALUES ('oi-0485-4','order-0485','prod-010',15,128.88,10,1739.88);
INSERT OR IGNORE INTO sales_order_items (id,sales_order_id,product_id,quantity,unit_price,discount_percent,line_total) VALUES ('oi-0485-5','order-0485','prod-030',13,121.75,0,1582.75);
INSERT OR IGNORE INTO sales_order_items (id,sales_order_id,product_id,quantity,unit_price,discount_percent,line_total) VALUES ('oi-0485-6','order-0485','prod-009',8,120.9,0,967.2);
INSERT OR IGNORE INTO sales_orders (id,tenant_id,order_number,agent_id,customer_id,order_type,status,subtotal,tax_amount,total_amount,payment_method,payment_status,created_at) VALUES ('order-0486','default-tenant-001','SO-00486','agent-001','cust-062','direct_sale','completed',3214.05,482.11,3696.16,'cash','paid','2026-01-25T10:00:00Z');
INSERT OR IGNORE INTO sales_order_items (id,sales_order_id,product_id,quantity,unit_price,discount_percent,line_total) VALUES ('oi-0486-1','order-0486','prod-049',4,157.79,0,631.16);
INSERT OR IGNORE INTO sales_order_items (id,sales_order_id,product_id,quantity,unit_price,discount_percent,line_total) VALUES ('oi-0486-2','order-0486','prod-045',3,124.43,5,354.63);
INSERT OR IGNORE INTO sales_order_items (id,sales_order_id,product_id,quantity,unit_price,discount_percent,line_total) VALUES ('oi-0486-3','order-0486','prod-041',4,113.13,0,452.52);
INSERT OR IGNORE INTO sales_order_items (id,sales_order_id,product_id,quantity,unit_price,discount_percent,line_total) VALUES ('oi-0486-4','order-0486','prod-012',12,34.08,0,408.96);
INSERT OR IGNORE INTO sales_order_items (id,sales_order_id,product_id,quantity,unit_price,discount_percent,line_total) VALUES ('oi-0486-5','order-0486','prod-031',18,16.38,10,265.36);
INSERT OR IGNORE INTO sales_order_items (id,sales_order_id,product_id,quantity,unit_price,discount_percent,line_total) VALUES ('oi-0486-6','order-0486','prod-014',20,61.19,10,1101.42);
INSERT OR IGNORE INTO sales_orders (id,tenant_id,order_number,agent_id,customer_id,order_type,status,subtotal,tax_amount,total_amount,payment_method,payment_status,created_at) VALUES ('order-0487','default-tenant-001','SO-00487','agent-user-001','cust-096','direct_sale','delivered',3728.36,559.25,4287.61,'credit','paid','2026-03-04T10:00:00Z');
INSERT OR IGNORE INTO sales_order_items (id,sales_order_id,product_id,quantity,unit_price,discount_percent,line_total) VALUES ('oi-0487-1','order-0487','prod-033',19,41.58,0,790.02);
INSERT OR IGNORE INTO sales_order_items (id,sales_order_id,product_id,quantity,unit_price,discount_percent,line_total) VALUES ('oi-0487-2','order-0487','prod-025',11,122.61,0,1348.71);
INSERT OR IGNORE INTO sales_order_items (id,sales_order_id,product_id,quantity,unit_price,discount_percent,line_total) VALUES ('oi-0487-3','order-0487','prod-040',10,167.33,5,1589.63);
INSERT OR IGNORE INTO sales_orders (id,tenant_id,order_number,agent_id,customer_id,order_type,status,subtotal,tax_amount,total_amount,payment_method,payment_status,created_at) VALUES ('order-0488','default-tenant-001','SO-00488','agent-004','cust-001','direct_sale','completed',3535.96,530.39,4066.35,'mobile_money','paid','2025-10-21T10:00:00Z');
INSERT OR IGNORE INTO sales_order_items (id,sales_order_id,product_id,quantity,unit_price,discount_percent,line_total) VALUES ('oi-0488-1','order-0488','prod-042',14,66.14,5,879.66);
INSERT OR IGNORE INTO sales_order_items (id,sales_order_id,product_id,quantity,unit_price,discount_percent,line_total) VALUES ('oi-0488-2','order-0488','prod-035',4,29.96,10,107.86);
INSERT OR IGNORE INTO sales_order_items (id,sales_order_id,product_id,quantity,unit_price,discount_percent,line_total) VALUES ('oi-0488-3','order-0488','prod-023',20,101.2,0,2024.0);
INSERT OR IGNORE INTO sales_order_items (id,sales_order_id,product_id,quantity,unit_price,discount_percent,line_total) VALUES ('oi-0488-4','order-0488','prod-037',4,131.11,0,524.44);
INSERT OR IGNORE INTO sales_orders (id,tenant_id,order_number,agent_id,customer_id,order_type,status,subtotal,tax_amount,total_amount,payment_method,payment_status,created_at) VALUES ('order-0489','default-tenant-001','SO-00489','agent-002','cust-017','direct_sale','completed',3164.19,474.63,3638.82,'mobile_money','paid','2025-12-14T10:00:00Z');
INSERT OR IGNORE INTO sales_order_items (id,sales_order_id,product_id,quantity,unit_price,discount_percent,line_total) VALUES ('oi-0489-1','order-0489','prod-017',15,157.19,0,2357.85);
INSERT OR IGNORE INTO sales_order_items (id,sales_order_id,product_id,quantity,unit_price,discount_percent,line_total) VALUES ('oi-0489-2','order-0489','prod-006',7,13.14,0,91.98);
INSERT OR IGNORE INTO sales_order_items (id,sales_order_id,product_id,quantity,unit_price,discount_percent,line_total) VALUES ('oi-0489-3','order-0489','prod-033',2,121.77,0,243.54);
INSERT OR IGNORE INTO sales_order_items (id,sales_order_id,product_id,quantity,unit_price,discount_percent,line_total) VALUES ('oi-0489-4','order-0489','prod-040',19,24.78,0,470.82);
INSERT OR IGNORE INTO sales_orders (id,tenant_id,order_number,agent_id,customer_id,order_type,status,subtotal,tax_amount,total_amount,payment_method,payment_status,created_at) VALUES ('order-0490','default-tenant-001','SO-00490','agent-004','cust-012','direct_sale','completed',1036.52,155.48,1192.0,'mobile_money','paid','2025-12-26T10:00:00Z');
INSERT OR IGNORE INTO sales_order_items (id,sales_order_id,product_id,quantity,unit_price,discount_percent,line_total) VALUES ('oi-0490-1','order-0490','prod-040',12,75.67,5,862.64);
INSERT OR IGNORE INTO sales_order_items (id,sales_order_id,product_id,quantity,unit_price,discount_percent,line_total) VALUES ('oi-0490-2','order-0490','prod-047',15,12.88,10,173.88);
INSERT OR IGNORE INTO sales_orders (id,tenant_id,order_number,agent_id,customer_id,order_type,status,subtotal,tax_amount,total_amount,payment_method,payment_status,created_at) VALUES ('order-0491','default-tenant-001','SO-00491','agent-user-001','cust-054','direct_sale','draft',6662.1,999.32,7661.42,'credit','pending','2025-10-24T10:00:00Z');
INSERT OR IGNORE INTO sales_order_items (id,sales_order_id,product_id,quantity,unit_price,discount_percent,line_total) VALUES ('oi-0491-1','order-0491','prod-043',9,117.19,0,1054.71);
INSERT OR IGNORE INTO sales_order_items (id,sales_order_id,product_id,quantity,unit_price,discount_percent,line_total) VALUES ('oi-0491-2','order-0491','prod-045',18,169.27,0,3046.86);
INSERT OR IGNORE INTO sales_order_items (id,sales_order_id,product_id,quantity,unit_price,discount_percent,line_total) VALUES ('oi-0491-3','order-0491','prod-014',5,157.79,10,710.05);
INSERT OR IGNORE INTO sales_order_items (id,sales_order_id,product_id,quantity,unit_price,discount_percent,line_total) VALUES ('oi-0491-4','order-0491','prod-015',11,43.99,10,435.5);
INSERT OR IGNORE INTO sales_order_items (id,sales_order_id,product_id,quantity,unit_price,discount_percent,line_total) VALUES ('oi-0491-5','order-0491','prod-032',18,78.61,0,1414.98);
INSERT OR IGNORE INTO sales_orders (id,tenant_id,order_number,agent_id,customer_id,order_type,status,subtotal,tax_amount,total_amount,payment_method,payment_status,created_at) VALUES ('order-0492','default-tenant-001','SO-00492','agent-005','cust-003','direct_sale','completed',3398.5399999999995,509.78,3908.32,'cash','paid','2026-01-16T10:00:00Z');
INSERT OR IGNORE INTO sales_order_items (id,sales_order_id,product_id,quantity,unit_price,discount_percent,line_total) VALUES ('oi-0492-1','order-0492','prod-048',11,44.61,10,441.64);
INSERT OR IGNORE INTO sales_order_items (id,sales_order_id,product_id,quantity,unit_price,discount_percent,line_total) VALUES ('oi-0492-2','order-0492','prod-015',14,175.87,0,2462.18);
INSERT OR IGNORE INTO sales_order_items (id,sales_order_id,product_id,quantity,unit_price,discount_percent,line_total) VALUES ('oi-0492-3','order-0492','prod-013',2,162.17,5,308.12);
INSERT OR IGNORE INTO sales_order_items (id,sales_order_id,product_id,quantity,unit_price,discount_percent,line_total) VALUES ('oi-0492-4','order-0492','prod-042',3,69.11,10,186.6);
INSERT OR IGNORE INTO sales_orders (id,tenant_id,order_number,agent_id,customer_id,order_type,status,subtotal,tax_amount,total_amount,payment_method,payment_status,created_at) VALUES ('order-0493','default-tenant-001','SO-00493','agent-005','cust-022','direct_sale','completed',2425.3999999999996,363.81,2789.21,'cash','paid','2025-10-21T10:00:00Z');
INSERT OR IGNORE INTO sales_order_items (id,sales_order_id,product_id,quantity,unit_price,discount_percent,line_total) VALUES ('oi-0493-1','order-0493','prod-026',11,37.28,0,410.08);
INSERT OR IGNORE INTO sales_order_items (id,sales_order_id,product_id,quantity,unit_price,discount_percent,line_total) VALUES ('oi-0493-2','order-0493','prod-014',9,116.51,10,943.73);
INSERT OR IGNORE INTO sales_order_items (id,sales_order_id,product_id,quantity,unit_price,discount_percent,line_total) VALUES ('oi-0493-3','order-0493','prod-046',13,82.43,0,1071.59);
INSERT OR IGNORE INTO sales_orders (id,tenant_id,order_number,agent_id,customer_id,order_type,status,subtotal,tax_amount,total_amount,payment_method,payment_status,created_at) VALUES ('order-0494','default-tenant-001','SO-00494','agent-003','cust-092','direct_sale','delivered',2387.16,358.07,2745.23,'cash','paid','2025-11-02T10:00:00Z');
INSERT OR IGNORE INTO sales_order_items (id,sales_order_id,product_id,quantity,unit_price,discount_percent,line_total) VALUES ('oi-0494-1','order-0494','prod-031',2,61.23,0,122.46);
INSERT OR IGNORE INTO sales_order_items (id,sales_order_id,product_id,quantity,unit_price,discount_percent,line_total) VALUES ('oi-0494-2','order-0494','prod-046',12,35.25,0,423.0);
INSERT OR IGNORE INTO sales_order_items (id,sales_order_id,product_id,quantity,unit_price,discount_percent,line_total) VALUES ('oi-0494-3','order-0494','prod-003',3,93.01,0,279.03);
INSERT OR IGNORE INTO sales_order_items (id,sales_order_id,product_id,quantity,unit_price,discount_percent,line_total) VALUES ('oi-0494-4','order-0494','prod-026',9,173.63,0,1562.67);
INSERT OR IGNORE INTO sales_orders (id,tenant_id,order_number,agent_id,customer_id,order_type,status,subtotal,tax_amount,total_amount,payment_method,payment_status,created_at) VALUES ('order-0495','default-tenant-001','SO-00495','agent-user-001','cust-068','direct_sale','delivered',2259.42,338.91,2598.33,'card','paid','2025-12-26T10:00:00Z');
INSERT OR IGNORE INTO sales_order_items (id,sales_order_id,product_id,quantity,unit_price,discount_percent,line_total) VALUES ('oi-0495-1','order-0495','prod-030',9,72.79,0,655.11);
INSERT OR IGNORE INTO sales_order_items (id,sales_order_id,product_id,quantity,unit_price,discount_percent,line_total) VALUES ('oi-0495-2','order-0495','prod-019',9,69.72,0,627.48);
INSERT OR IGNORE INTO sales_order_items (id,sales_order_id,product_id,quantity,unit_price,discount_percent,line_total) VALUES ('oi-0495-3','order-0495','prod-040',6,86.0,5,490.2);
INSERT OR IGNORE INTO sales_order_items (id,sales_order_id,product_id,quantity,unit_price,discount_percent,line_total) VALUES ('oi-0495-4','order-0495','prod-010',9,54.07,0,486.63);
INSERT OR IGNORE INTO sales_orders (id,tenant_id,order_number,agent_id,customer_id,order_type,status,subtotal,tax_amount,total_amount,payment_method,payment_status,created_at) VALUES ('order-0496','default-tenant-001','SO-00496','agent-001','cust-052','direct_sale','draft',3121.05,468.16,3589.21,'cash','pending','2025-10-06T10:00:00Z');
INSERT OR IGNORE INTO sales_order_items (id,sales_order_id,product_id,quantity,unit_price,discount_percent,line_total) VALUES ('oi-0496-1','order-0496','prod-043',13,115.56,5,1427.17);
INSERT OR IGNORE INTO sales_order_items (id,sales_order_id,product_id,quantity,unit_price,discount_percent,line_total) VALUES ('oi-0496-2','order-0496','prod-040',6,39.35,0,236.1);
INSERT OR IGNORE INTO sales_order_items (id,sales_order_id,product_id,quantity,unit_price,discount_percent,line_total) VALUES ('oi-0496-3','order-0496','prod-038',19,37.34,5,673.99);
INSERT OR IGNORE INTO sales_order_items (id,sales_order_id,product_id,quantity,unit_price,discount_percent,line_total) VALUES ('oi-0496-4','order-0496','prod-035',7,111.97,0,783.79);
INSERT OR IGNORE INTO sales_orders (id,tenant_id,order_number,agent_id,customer_id,order_type,status,subtotal,tax_amount,total_amount,payment_method,payment_status,created_at) VALUES ('order-0497','default-tenant-001','SO-00497','agent-user-001','cust-026','direct_sale','pending',3785.58,567.84,4353.42,'credit','pending','2026-01-15T10:00:00Z');
INSERT OR IGNORE INTO sales_order_items (id,sales_order_id,product_id,quantity,unit_price,discount_percent,line_total) VALUES ('oi-0497-1','order-0497','prod-035',20,151.38,0,3027.6);
INSERT OR IGNORE INTO sales_order_items (id,sales_order_id,product_id,quantity,unit_price,discount_percent,line_total) VALUES ('oi-0497-2','order-0497','prod-020',9,84.22,0,757.98);
INSERT OR IGNORE INTO sales_orders (id,tenant_id,order_number,agent_id,customer_id,order_type,status,subtotal,tax_amount,total_amount,payment_method,payment_status,created_at) VALUES ('order-0498','default-tenant-001','SO-00498','agent-005','cust-095','direct_sale','completed',4467.91,670.19,5138.1,'card','paid','2026-03-08T10:00:00Z');
INSERT OR IGNORE INTO sales_order_items (id,sales_order_id,product_id,quantity,unit_price,discount_percent,line_total) VALUES ('oi-0498-1','order-0498','prod-022',16,109.68,0,1754.88);
INSERT OR IGNORE INTO sales_order_items (id,sales_order_id,product_id,quantity,unit_price,discount_percent,line_total) VALUES ('oi-0498-2','order-0498','prod-002',20,54.32,0,1086.4);
INSERT OR IGNORE INTO sales_order_items (id,sales_order_id,product_id,quantity,unit_price,discount_percent,line_total) VALUES ('oi-0498-3','order-0498','prod-041',12,82.88,0,994.56);
INSERT OR IGNORE INTO sales_order_items (id,sales_order_id,product_id,quantity,unit_price,discount_percent,line_total) VALUES ('oi-0498-4','order-0498','prod-039',3,44.0,10,118.8);
INSERT OR IGNORE INTO sales_order_items (id,sales_order_id,product_id,quantity,unit_price,discount_percent,line_total) VALUES ('oi-0498-5','order-0498','prod-004',1,135.02,5,128.27);
INSERT OR IGNORE INTO sales_order_items (id,sales_order_id,product_id,quantity,unit_price,discount_percent,line_total) VALUES ('oi-0498-6','order-0498','prod-004',4,96.25,0,385.0);
INSERT OR IGNORE INTO sales_orders (id,tenant_id,order_number,agent_id,customer_id,order_type,status,subtotal,tax_amount,total_amount,payment_method,payment_status,created_at) VALUES ('order-0499','default-tenant-001','SO-00499','agent-001','cust-003','direct_sale','draft',5348.68,802.3,6150.98,'credit','pending','2025-12-17T10:00:00Z');
INSERT OR IGNORE INTO sales_order_items (id,sales_order_id,product_id,quantity,unit_price,discount_percent,line_total) VALUES ('oi-0499-1','order-0499','prod-021',15,118.38,0,1775.7);
INSERT OR IGNORE INTO sales_order_items (id,sales_order_id,product_id,quantity,unit_price,discount_percent,line_total) VALUES ('oi-0499-2','order-0499','prod-048',4,179.82,0,719.28);
INSERT OR IGNORE INTO sales_order_items (id,sales_order_id,product_id,quantity,unit_price,discount_percent,line_total) VALUES ('oi-0499-3','order-0499','prod-038',19,158.1,5,2853.7);
INSERT OR IGNORE INTO sales_orders (id,tenant_id,order_number,agent_id,customer_id,order_type,status,subtotal,tax_amount,total_amount,payment_method,payment_status,created_at) VALUES ('order-0500','default-tenant-001','SO-00500','agent-002','cust-033','direct_sale','completed',6376.13,956.42,7332.55,'mobile_money','paid','2025-10-25T10:00:00Z');
INSERT OR IGNORE INTO sales_order_items (id,sales_order_id,product_id,quantity,unit_price,discount_percent,line_total) VALUES ('oi-0500-1','order-0500','prod-031',10,140.03,0,1400.3);
INSERT OR IGNORE INTO sales_order_items (id,sales_order_id,product_id,quantity,unit_price,discount_percent,line_total) VALUES ('oi-0500-2','order-0500','prod-043',16,92.45,0,1479.2);
INSERT OR IGNORE INTO sales_order_items (id,sales_order_id,product_id,quantity,unit_price,discount_percent,line_total) VALUES ('oi-0500-3','order-0500','prod-027',19,164.47,0,3124.93);
INSERT OR IGNORE INTO sales_order_items (id,sales_order_id,product_id,quantity,unit_price,discount_percent,line_total) VALUES ('oi-0500-4','order-0500','prod-049',6,61.95,0,371.7);
INSERT OR IGNORE INTO visits (id,tenant_id,agent_id,customer_id,visit_date,visit_type,check_in_time,check_out_time,latitude,longitude,purpose,outcome,notes,status,created_at) VALUES ('visit-00001','default-tenant-001','agent-005','cust-067','2025-10-25','customer','2025-10-25T09:51:00Z','2025-10-25T10:32:00Z',-25.5246,30.9749,'new_customer','competitor_noted','New display set up','cancelled','2025-10-25T09:51:00Z');
INSERT OR IGNORE INTO visits (id,tenant_id,agent_id,customer_id,visit_date,visit_type,check_in_time,check_out_time,latitude,longitude,purpose,outcome,notes,status,created_at) VALUES ('visit-00002','default-tenant-001','agent-001','cust-067','2025-11-05','customer','2025-11-05T10:47:00Z','2025-11-05T11:59:00Z',-28.6903,24.7682,'customer_service','issue_resolved','Need more samples','completed','2025-11-05T10:47:00Z');
INSERT OR IGNORE INTO visits (id,tenant_id,agent_id,customer_id,visit_date,visit_type,check_in_time,check_out_time,latitude,longitude,purpose,outcome,notes,status,created_at) VALUES ('visit-00003','default-tenant-001','agent-user-001','cust-030','2026-02-03','customer','2026-02-03T08:39:00Z','2026-02-03T08:50:00Z',-33.9525,25.5775,'competitor_check','competitor_noted','Shelf space increased','completed','2026-02-03T08:39:00Z');
INSERT OR IGNORE INTO visits (id,tenant_id,agent_id,customer_id,visit_date,visit_type,check_in_time,check_out_time,latitude,longitude,purpose,outcome,notes,status,created_at) VALUES ('visit-00004','default-tenant-001','agent-003','cust-054','2025-11-14','customer','2025-11-14T14:25:00Z','2025-11-14T15:49:00Z',-29.0765,26.1563,'competitor_check','competitor_noted','Competitor promo spotted','completed','2025-11-14T14:25:00Z');
INSERT OR IGNORE INTO visits (id,tenant_id,agent_id,customer_id,visit_date,visit_type,check_in_time,check_out_time,latitude,longitude,purpose,outcome,notes,status,created_at) VALUES ('visit-00005','default-tenant-001','agent-001','cust-004','2025-11-26','customer','2025-11-26T15:15:00Z','2025-11-26T15:49:00Z',-25.7557,28.2012,'audit','no_order','Good visit','in_progress','2025-11-26T15:15:00Z');
INSERT OR IGNORE INTO visits (id,tenant_id,agent_id,customer_id,visit_date,visit_type,check_in_time,check_out_time,latitude,longitude,purpose,outcome,notes,status,created_at) VALUES ('visit-00006','default-tenant-001','agent-001','cust-038','2026-03-10','customer','2026-03-10T15:49:00Z','2026-03-10T17:05:00Z',-33.8884,18.4189,'new_customer','stock_checked','Good visit','completed','2026-03-10T15:49:00Z');
INSERT OR IGNORE INTO visits (id,tenant_id,agent_id,customer_id,visit_date,visit_type,check_in_time,check_out_time,latitude,longitude,purpose,outcome,notes,status,created_at) VALUES ('visit-00007','default-tenant-001','agent-002','cust-041','2026-01-14','customer','2026-01-14T15:48:00Z','2026-01-14T16:08:00Z',-25.4826,30.9294,'customer_service','follow_up_needed','Need more samples','in_progress','2026-01-14T15:48:00Z');
INSERT OR IGNORE INTO visits (id,tenant_id,agent_id,customer_id,visit_date,visit_type,check_in_time,check_out_time,latitude,longitude,purpose,outcome,notes,status,created_at) VALUES ('visit-00008','default-tenant-001','agent-003','cust-048','2026-03-06','customer','2026-03-06T15:43:00Z','2026-03-06T16:26:00Z',-33.9938,25.6227,'competitor_check','issue_resolved','Placed large order','completed','2026-03-06T15:43:00Z');
INSERT OR IGNORE INTO visits (id,tenant_id,agent_id,customer_id,visit_date,visit_type,check_in_time,check_out_time,latitude,longitude,purpose,outcome,notes,status,created_at) VALUES ('visit-00009','default-tenant-001','agent-003','cust-060','2026-03-04','customer','2026-03-04T14:16:00Z','2026-03-04T14:59:00Z',-26.2474,28.0623,'competitor_check','no_order','Follow up needed','pending','2026-03-04T14:16:00Z');
INSERT OR IGNORE INTO visits (id,tenant_id,agent_id,customer_id,visit_date,visit_type,check_in_time,check_out_time,latitude,longitude,purpose,outcome,notes,status,created_at) VALUES ('visit-00010','default-tenant-001','agent-003','cust-079','2025-10-23','customer','2025-10-23T12:06:00Z','2025-10-23T13:16:00Z',-29.0995,26.1207,'customer_service','order_placed','Need more samples','pending','2025-10-23T12:06:00Z');
INSERT OR IGNORE INTO visits (id,tenant_id,agent_id,customer_id,visit_date,visit_type,check_in_time,check_out_time,latitude,longitude,purpose,outcome,notes,status,created_at) VALUES ('visit-00011','default-tenant-001','agent-002','cust-056','2025-11-29','customer','2025-11-29T10:43:00Z','2025-11-29T11:30:00Z',-25.7038,28.2112,'customer_service','follow_up_needed','New display set up','completed','2025-11-29T10:43:00Z');
INSERT OR IGNORE INTO visits (id,tenant_id,agent_id,customer_id,visit_date,visit_type,check_in_time,check_out_time,latitude,longitude,purpose,outcome,notes,status,created_at) VALUES ('visit-00012','default-tenant-001','agent-user-001','cust-017','2026-02-13','customer','2026-02-13T16:26:00Z','2026-02-13T17:18:00Z',-33.9227,18.4215,'new_customer','no_order','Customer happy','pending','2026-02-13T16:26:00Z');
INSERT OR IGNORE INTO visits (id,tenant_id,agent_id,customer_id,visit_date,visit_type,check_in_time,check_out_time,latitude,longitude,purpose,outcome,notes,status,created_at) VALUES ('visit-00013','default-tenant-001','agent-user-001','cust-014','2025-10-15','customer','2025-10-15T09:00:00Z','2025-10-15T09:55:00Z',-33.0207,27.9366,'new_customer','order_placed','Stock low','completed','2025-10-15T09:00:00Z');
INSERT OR IGNORE INTO visits (id,tenant_id,agent_id,customer_id,visit_date,visit_type,check_in_time,check_out_time,latitude,longitude,purpose,outcome,notes,status,created_at) VALUES ('visit-00014','default-tenant-001','agent-005','cust-017','2026-01-08','customer','2026-01-08T08:44:00Z','2026-01-08T10:05:00Z',-33.9371,25.5529,'collection','order_placed','Customer happy','cancelled','2026-01-08T08:44:00Z');
INSERT OR IGNORE INTO visits (id,tenant_id,agent_id,customer_id,visit_date,visit_type,check_in_time,check_out_time,latitude,longitude,purpose,outcome,notes,status,created_at) VALUES ('visit-00015','default-tenant-001','agent-004','cust-093','2025-10-28','customer','2025-10-28T14:20:00Z','2025-10-28T15:17:00Z',-29.9028,30.9763,'new_customer','competitor_noted','New display set up','pending','2025-10-28T14:20:00Z');
INSERT OR IGNORE INTO visits (id,tenant_id,agent_id,customer_id,visit_date,visit_type,check_in_time,check_out_time,latitude,longitude,purpose,outcome,notes,status,created_at) VALUES ('visit-00016','default-tenant-001','agent-002','cust-087','2025-11-24','customer','2025-11-24T07:26:00Z','2025-11-24T07:48:00Z',-25.7158,28.2610,'audit','stock_checked','Competitor promo spotted','cancelled','2025-11-24T07:26:00Z');
INSERT OR IGNORE INTO visits (id,tenant_id,agent_id,customer_id,visit_date,visit_type,check_in_time,check_out_time,latitude,longitude,purpose,outcome,notes,status,created_at) VALUES ('visit-00017','default-tenant-001','agent-004','cust-082','2025-10-07','customer','2025-10-07T14:51:00Z','2025-10-07T15:41:00Z',-32.9668,27.9201,'delivery','stock_checked','New display set up','pending','2025-10-07T14:51:00Z');
INSERT OR IGNORE INTO visits (id,tenant_id,agent_id,customer_id,visit_date,visit_type,check_in_time,check_out_time,latitude,longitude,purpose,outcome,notes,status,created_at) VALUES ('visit-00018','default-tenant-001','agent-005','cust-091','2025-10-16','customer','2025-10-16T15:04:00Z','2025-10-16T15:27:00Z',-25.7053,28.2708,'customer_service','follow_up_needed','Follow up needed','in_progress','2025-10-16T15:04:00Z');
INSERT OR IGNORE INTO visits (id,tenant_id,agent_id,customer_id,visit_date,visit_type,check_in_time,check_out_time,latitude,longitude,purpose,outcome,notes,status,created_at) VALUES ('visit-00019','default-tenant-001','agent-001','cust-018','2025-12-21','customer','2025-12-21T14:42:00Z','2025-12-21T15:47:00Z',-28.7585,24.7592,'customer_service','issue_resolved','Competitor promo spotted','pending','2025-12-21T14:42:00Z');
INSERT OR IGNORE INTO visits (id,tenant_id,agent_id,customer_id,visit_date,visit_type,check_in_time,check_out_time,latitude,longitude,purpose,outcome,notes,status,created_at) VALUES ('visit-00020','default-tenant-001','agent-001','cust-048','2025-11-24','customer','2025-11-24T16:41:00Z','2025-11-24T17:29:00Z',-29.8218,31.0005,'merchandising','order_placed','New display set up','completed','2025-11-24T16:41:00Z');
INSERT OR IGNORE INTO visits (id,tenant_id,agent_id,customer_id,visit_date,visit_type,check_in_time,check_out_time,latitude,longitude,purpose,outcome,notes,status,created_at) VALUES ('visit-00021','default-tenant-001','agent-003','cust-006','2025-10-27','customer','2025-10-27T08:16:00Z','2025-10-27T09:36:00Z',-33.9816,25.6338,'audit','no_order','New display set up','completed','2025-10-27T08:16:00Z');
INSERT OR IGNORE INTO visits (id,tenant_id,agent_id,customer_id,visit_date,visit_type,check_in_time,check_out_time,latitude,longitude,purpose,outcome,notes,status,created_at) VALUES ('visit-00022','default-tenant-001','agent-001','cust-006','2026-03-02','customer','2026-03-02T08:32:00Z','2026-03-02T08:42:00Z',-29.0689,26.2000,'new_customer','competitor_noted','Need more samples','completed','2026-03-02T08:32:00Z');
INSERT OR IGNORE INTO visits (id,tenant_id,agent_id,customer_id,visit_date,visit_type,check_in_time,check_out_time,latitude,longitude,purpose,outcome,notes,status,created_at) VALUES ('visit-00023','default-tenant-001','agent-004','cust-067','2026-01-11','customer','2026-01-11T13:13:00Z','2026-01-11T13:51:00Z',-25.7684,28.2104,'merchandising','order_placed','Competitor promo spotted','completed','2026-01-11T13:13:00Z');
INSERT OR IGNORE INTO visits (id,tenant_id,agent_id,customer_id,visit_date,visit_type,check_in_time,check_out_time,latitude,longitude,purpose,outcome,notes,status,created_at) VALUES ('visit-00024','default-tenant-001','agent-001','cust-068','2025-11-26','customer','2025-11-26T07:48:00Z','2025-11-26T08:32:00Z',-26.1674,28.0495,'competitor_check','order_placed','Customer happy','cancelled','2025-11-26T07:48:00Z');
INSERT OR IGNORE INTO visits (id,tenant_id,agent_id,customer_id,visit_date,visit_type,check_in_time,check_out_time,latitude,longitude,purpose,outcome,notes,status,created_at) VALUES ('visit-00025','default-tenant-001','agent-003','cust-009','2026-02-09','customer','2026-02-09T17:36:00Z','2026-02-09T17:50:00Z',-28.7738,24.7089,'new_customer','issue_resolved','Placed large order','pending','2026-02-09T17:36:00Z');
INSERT OR IGNORE INTO visits (id,tenant_id,agent_id,customer_id,visit_date,visit_type,check_in_time,check_out_time,latitude,longitude,purpose,outcome,notes,status,created_at) VALUES ('visit-00026','default-tenant-001','agent-user-001','cust-092','2026-01-30','customer','2026-01-30T17:53:00Z','2026-01-30T18:52:00Z',-29.8631,31.0390,'new_customer','follow_up_needed','Customer happy','completed','2026-01-30T17:53:00Z');
INSERT OR IGNORE INTO visits (id,tenant_id,agent_id,customer_id,visit_date,visit_type,check_in_time,check_out_time,latitude,longitude,purpose,outcome,notes,status,created_at) VALUES ('visit-00027','default-tenant-001','agent-user-001','cust-044','2025-11-10','customer','2025-11-10T09:45:00Z','2025-11-10T10:57:00Z',-25.7724,28.2510,'delivery','competitor_noted','Need more samples','completed','2025-11-10T09:45:00Z');
INSERT OR IGNORE INTO visits (id,tenant_id,agent_id,customer_id,visit_date,visit_type,check_in_time,check_out_time,latitude,longitude,purpose,outcome,notes,status,created_at) VALUES ('visit-00028','default-tenant-001','agent-001','cust-059','2025-11-11','customer','2025-11-11T16:31:00Z','2025-11-11T17:02:00Z',-26.2258,28.0180,'sales','issue_resolved','Competitor promo spotted','in_progress','2025-11-11T16:31:00Z');
INSERT OR IGNORE INTO visits (id,tenant_id,agent_id,customer_id,visit_date,visit_type,check_in_time,check_out_time,latitude,longitude,purpose,outcome,notes,status,created_at) VALUES ('visit-00029','default-tenant-001','agent-002','cust-079','2025-10-31','customer','2025-10-31T11:09:00Z','2025-10-31T12:25:00Z',-33.0001,27.8974,'delivery','order_placed','Stock low','cancelled','2025-10-31T11:09:00Z');
INSERT OR IGNORE INTO visits (id,tenant_id,agent_id,customer_id,visit_date,visit_type,check_in_time,check_out_time,latitude,longitude,purpose,outcome,notes,status,created_at) VALUES ('visit-00030','default-tenant-001','agent-003','cust-031','2025-10-23','customer','2025-10-23T10:14:00Z','2025-10-23T10:40:00Z',-33.9158,18.3771,'audit','stock_checked','Competitor promo spotted','completed','2025-10-23T10:14:00Z');
INSERT OR IGNORE INTO visits (id,tenant_id,agent_id,customer_id,visit_date,visit_type,check_in_time,check_out_time,latitude,longitude,purpose,outcome,notes,status,created_at) VALUES ('visit-00031','default-tenant-001','agent-003','cust-005','2026-01-30','customer','2026-01-30T09:52:00Z','2026-01-30T11:13:00Z',-32.9850,27.8643,'competitor_check','order_placed','Need more samples','completed','2026-01-30T09:52:00Z');
INSERT OR IGNORE INTO visits (id,tenant_id,agent_id,customer_id,visit_date,visit_type,check_in_time,check_out_time,latitude,longitude,purpose,outcome,notes,status,created_at) VALUES ('visit-00032','default-tenant-001','agent-user-001','cust-027','2025-11-28','customer','2025-11-28T16:00:00Z','2025-11-28T17:08:00Z',-26.1947,28.0765,'audit','follow_up_needed','','completed','2025-11-28T16:00:00Z');
INSERT OR IGNORE INTO visits (id,tenant_id,agent_id,customer_id,visit_date,visit_type,check_in_time,check_out_time,latitude,longitude,purpose,outcome,notes,status,created_at) VALUES ('visit-00033','default-tenant-001','agent-001','cust-090','2026-01-29','customer','2026-01-29T13:58:00Z','2026-01-29T15:11:00Z',-33.9748,25.6209,'collection','follow_up_needed','Customer happy','completed','2026-01-29T13:58:00Z');
INSERT OR IGNORE INTO visits (id,tenant_id,agent_id,customer_id,visit_date,visit_type,check_in_time,check_out_time,latitude,longitude,purpose,outcome,notes,status,created_at) VALUES ('visit-00034','default-tenant-001','agent-user-001','cust-040','2026-02-23','customer','2026-02-23T17:47:00Z','2026-02-23T18:37:00Z',-33.0158,27.9033,'collection','follow_up_needed','Need more samples','completed','2026-02-23T17:47:00Z');
INSERT OR IGNORE INTO visits (id,tenant_id,agent_id,customer_id,visit_date,visit_type,check_in_time,check_out_time,latitude,longitude,purpose,outcome,notes,status,created_at) VALUES ('visit-00035','default-tenant-001','agent-user-001','cust-006','2026-01-19','customer','2026-01-19T11:20:00Z','2026-01-19T12:09:00Z',-25.7645,28.2652,'new_customer','order_placed','Follow up needed','in_progress','2026-01-19T11:20:00Z');
INSERT OR IGNORE INTO visits (id,tenant_id,agent_id,customer_id,visit_date,visit_type,check_in_time,check_out_time,latitude,longitude,purpose,outcome,notes,status,created_at) VALUES ('visit-00036','default-tenant-001','agent-005','cust-080','2026-01-13','customer','2026-01-13T17:17:00Z','2026-01-13T17:31:00Z',-32.9848,27.8819,'competitor_check','order_placed','Customer happy','completed','2026-01-13T17:17:00Z');
INSERT OR IGNORE INTO visits (id,tenant_id,agent_id,customer_id,visit_date,visit_type,check_in_time,check_out_time,latitude,longitude,purpose,outcome,notes,status,created_at) VALUES ('visit-00037','default-tenant-001','agent-003','cust-009','2025-12-05','customer','2025-12-05T12:15:00Z','2025-12-05T12:32:00Z',-34.0005,25.5523,'competitor_check','competitor_noted','Customer happy','in_progress','2025-12-05T12:15:00Z');
INSERT OR IGNORE INTO visits (id,tenant_id,agent_id,customer_id,visit_date,visit_type,check_in_time,check_out_time,latitude,longitude,purpose,outcome,notes,status,created_at) VALUES ('visit-00038','default-tenant-001','agent-003','cust-020','2025-11-05','customer','2025-11-05T17:45:00Z','2025-11-05T18:08:00Z',-32.9731,27.8639,'merchandising','no_order','','pending','2025-11-05T17:45:00Z');
INSERT OR IGNORE INTO visits (id,tenant_id,agent_id,customer_id,visit_date,visit_type,check_in_time,check_out_time,latitude,longitude,purpose,outcome,notes,status,created_at) VALUES ('visit-00039','default-tenant-001','agent-user-001','cust-002','2025-10-17','customer','2025-10-17T14:12:00Z','2025-10-17T14:54:00Z',-28.6788,24.7495,'customer_service','issue_resolved','Placed large order','cancelled','2025-10-17T14:12:00Z');
INSERT OR IGNORE INTO visits (id,tenant_id,agent_id,customer_id,visit_date,visit_type,check_in_time,check_out_time,latitude,longitude,purpose,outcome,notes,status,created_at) VALUES ('visit-00040','default-tenant-001','agent-002','cust-096','2026-02-17','customer','2026-02-17T07:30:00Z','2026-02-17T09:00:00Z',-33.9214,25.6400,'delivery','no_order','New display set up','completed','2026-02-17T07:30:00Z');
INSERT OR IGNORE INTO visits (id,tenant_id,agent_id,customer_id,visit_date,visit_type,check_in_time,check_out_time,latitude,longitude,purpose,outcome,notes,status,created_at) VALUES ('visit-00041','default-tenant-001','agent-001','cust-088','2026-01-06','customer','2026-01-06T07:56:00Z','2026-01-06T08:38:00Z',-33.0245,27.9264,'sales','issue_resolved','','completed','2026-01-06T07:56:00Z');
INSERT OR IGNORE INTO visits (id,tenant_id,agent_id,customer_id,visit_date,visit_type,check_in_time,check_out_time,latitude,longitude,purpose,outcome,notes,status,created_at) VALUES ('visit-00042','default-tenant-001','agent-005','cust-099','2026-01-21','customer','2026-01-21T11:19:00Z','2026-01-21T12:33:00Z',-26.1643,28.0647,'competitor_check','order_placed','Customer happy','cancelled','2026-01-21T11:19:00Z');
INSERT OR IGNORE INTO visits (id,tenant_id,agent_id,customer_id,visit_date,visit_type,check_in_time,check_out_time,latitude,longitude,purpose,outcome,notes,status,created_at) VALUES ('visit-00043','default-tenant-001','agent-005','cust-096','2025-12-08','customer','2025-12-08T08:36:00Z','2025-12-08T09:06:00Z',-29.8205,31.0617,'audit','competitor_noted','New display set up','completed','2025-12-08T08:36:00Z');
INSERT OR IGNORE INTO visits (id,tenant_id,agent_id,customer_id,visit_date,visit_type,check_in_time,check_out_time,latitude,longitude,purpose,outcome,notes,status,created_at) VALUES ('visit-00044','default-tenant-001','agent-004','cust-087','2025-10-24','customer','2025-10-24T13:26:00Z','2025-10-24T14:55:00Z',-23.8599,29.4994,'collection','stock_checked','Need more samples','completed','2025-10-24T13:26:00Z');
INSERT OR IGNORE INTO visits (id,tenant_id,agent_id,customer_id,visit_date,visit_type,check_in_time,check_out_time,latitude,longitude,purpose,outcome,notes,status,created_at) VALUES ('visit-00045','default-tenant-001','agent-user-001','cust-001','2025-12-31','customer','2025-12-31T15:34:00Z','2025-12-31T16:50:00Z',-33.9173,18.4537,'sales','no_order','New display set up','completed','2025-12-31T15:34:00Z');
INSERT OR IGNORE INTO visits (id,tenant_id,agent_id,customer_id,visit_date,visit_type,check_in_time,check_out_time,latitude,longitude,purpose,outcome,notes,status,created_at) VALUES ('visit-00046','default-tenant-001','agent-003','cust-010','2026-03-04','customer','2026-03-04T07:35:00Z','2026-03-04T08:05:00Z',-33.9238,18.3765,'customer_service','order_placed','Competitor promo spotted','cancelled','2026-03-04T07:35:00Z');
INSERT OR IGNORE INTO visits (id,tenant_id,agent_id,customer_id,visit_date,visit_type,check_in_time,check_out_time,latitude,longitude,purpose,outcome,notes,status,created_at) VALUES ('visit-00047','default-tenant-001','agent-003','cust-020','2025-11-07','customer','2025-11-07T12:46:00Z','2025-11-07T14:13:00Z',-25.5109,31.0014,'collection','follow_up_needed','Stock low','cancelled','2025-11-07T12:46:00Z');
INSERT OR IGNORE INTO visits (id,tenant_id,agent_id,customer_id,visit_date,visit_type,check_in_time,check_out_time,latitude,longitude,purpose,outcome,notes,status,created_at) VALUES ('visit-00048','default-tenant-001','agent-003','cust-084','2026-02-11','customer','2026-02-11T15:53:00Z','2026-02-11T17:18:00Z',-29.0988,26.1223,'new_customer','competitor_noted','','cancelled','2026-02-11T15:53:00Z');
INSERT OR IGNORE INTO visits (id,tenant_id,agent_id,customer_id,visit_date,visit_type,check_in_time,check_out_time,latitude,longitude,purpose,outcome,notes,status,created_at) VALUES ('visit-00049','default-tenant-001','agent-002','cust-038','2025-10-05','customer','2025-10-05T09:39:00Z','2025-10-05T10:12:00Z',-25.7625,28.2435,'customer_service','issue_resolved','Need more samples','pending','2025-10-05T09:39:00Z');
INSERT OR IGNORE INTO visits (id,tenant_id,agent_id,customer_id,visit_date,visit_type,check_in_time,check_out_time,latitude,longitude,purpose,outcome,notes,status,created_at) VALUES ('visit-00050','default-tenant-001','agent-004','cust-069','2025-11-30','customer','2025-11-30T12:03:00Z','2025-11-30T12:42:00Z',-33.9360,25.6502,'audit','issue_resolved','','in_progress','2025-11-30T12:03:00Z');
INSERT OR IGNORE INTO visits (id,tenant_id,agent_id,customer_id,visit_date,visit_type,check_in_time,check_out_time,latitude,longitude,purpose,outcome,notes,status,created_at) VALUES ('visit-00051','default-tenant-001','agent-003','cust-059','2025-11-03','customer','2025-11-03T09:00:00Z','2025-11-03T09:31:00Z',-29.8393,31.0600,'merchandising','no_order','Competitor promo spotted','in_progress','2025-11-03T09:00:00Z');
INSERT OR IGNORE INTO visits (id,tenant_id,agent_id,customer_id,visit_date,visit_type,check_in_time,check_out_time,latitude,longitude,purpose,outcome,notes,status,created_at) VALUES ('visit-00052','default-tenant-001','agent-005','cust-019','2025-11-26','customer','2025-11-26T15:35:00Z','2025-11-26T16:27:00Z',-25.7120,28.2777,'sales','order_placed','Shelf space increased','in_progress','2025-11-26T15:35:00Z');
INSERT OR IGNORE INTO visits (id,tenant_id,agent_id,customer_id,visit_date,visit_type,check_in_time,check_out_time,latitude,longitude,purpose,outcome,notes,status,created_at) VALUES ('visit-00053','default-tenant-001','agent-005','cust-049','2025-10-25','customer','2025-10-25T11:30:00Z','2025-10-25T11:54:00Z',-33.9495,18.4583,'merchandising','follow_up_needed','Stock low','completed','2025-10-25T11:30:00Z');
INSERT OR IGNORE INTO visits (id,tenant_id,agent_id,customer_id,visit_date,visit_type,check_in_time,check_out_time,latitude,longitude,purpose,outcome,notes,status,created_at) VALUES ('visit-00054','default-tenant-001','agent-005','cust-091','2025-11-01','customer','2025-11-01T15:17:00Z','2025-11-01T16:19:00Z',-29.8915,31.0188,'audit','follow_up_needed','Placed large order','completed','2025-11-01T15:17:00Z');
INSERT OR IGNORE INTO visits (id,tenant_id,agent_id,customer_id,visit_date,visit_type,check_in_time,check_out_time,latitude,longitude,purpose,outcome,notes,status,created_at) VALUES ('visit-00055','default-tenant-001','agent-user-001','cust-055','2026-02-02','customer','2026-02-02T10:38:00Z','2026-02-02T11:58:00Z',-25.4718,30.9202,'sales','competitor_noted','Need more samples','completed','2026-02-02T10:38:00Z');
INSERT OR IGNORE INTO visits (id,tenant_id,agent_id,customer_id,visit_date,visit_type,check_in_time,check_out_time,latitude,longitude,purpose,outcome,notes,status,created_at) VALUES ('visit-00056','default-tenant-001','agent-003','cust-060','2026-01-21','customer','2026-01-21T17:33:00Z','2026-01-21T17:43:00Z',-32.9992,27.9587,'collection','issue_resolved','','completed','2026-01-21T17:33:00Z');
INSERT OR IGNORE INTO visits (id,tenant_id,agent_id,customer_id,visit_date,visit_type,check_in_time,check_out_time,latitude,longitude,purpose,outcome,notes,status,created_at) VALUES ('visit-00057','default-tenant-001','agent-user-001','cust-049','2025-12-26','customer','2025-12-26T16:58:00Z','2025-12-26T18:26:00Z',-33.0441,27.9427,'audit','stock_checked','Customer happy','cancelled','2025-12-26T16:58:00Z');
INSERT OR IGNORE INTO visits (id,tenant_id,agent_id,customer_id,visit_date,visit_type,check_in_time,check_out_time,latitude,longitude,purpose,outcome,notes,status,created_at) VALUES ('visit-00058','default-tenant-001','agent-user-001','cust-079','2025-11-20','customer','2025-11-20T07:23:00Z','2025-11-20T08:50:00Z',-28.7722,24.7618,'audit','order_placed','','in_progress','2025-11-20T07:23:00Z');
INSERT OR IGNORE INTO visits (id,tenant_id,agent_id,customer_id,visit_date,visit_type,check_in_time,check_out_time,latitude,longitude,purpose,outcome,notes,status,created_at) VALUES ('visit-00059','default-tenant-001','agent-002','cust-058','2025-11-01','customer','2025-11-01T11:53:00Z','2025-11-01T12:49:00Z',-29.8738,31.0471,'merchandising','competitor_noted','Stock low','cancelled','2025-11-01T11:53:00Z');
INSERT OR IGNORE INTO visits (id,tenant_id,agent_id,customer_id,visit_date,visit_type,check_in_time,check_out_time,latitude,longitude,purpose,outcome,notes,status,created_at) VALUES ('visit-00060','default-tenant-001','agent-user-001','cust-051','2025-10-12','customer','2025-10-12T12:53:00Z','2025-10-12T13:07:00Z',-25.5165,31.0027,'new_customer','order_placed','Follow up needed','cancelled','2025-10-12T12:53:00Z');
INSERT OR IGNORE INTO visits (id,tenant_id,agent_id,customer_id,visit_date,visit_type,check_in_time,check_out_time,latitude,longitude,purpose,outcome,notes,status,created_at) VALUES ('visit-00061','default-tenant-001','agent-004','cust-087','2026-03-02','customer','2026-03-02T09:17:00Z','2026-03-02T10:05:00Z',-29.0933,26.1817,'customer_service','competitor_noted','Need more samples','cancelled','2026-03-02T09:17:00Z');
INSERT OR IGNORE INTO visits (id,tenant_id,agent_id,customer_id,visit_date,visit_type,check_in_time,check_out_time,latitude,longitude,purpose,outcome,notes,status,created_at) VALUES ('visit-00062','default-tenant-001','agent-002','cust-066','2025-12-13','customer','2025-12-13T16:01:00Z','2025-12-13T16:43:00Z',-28.7671,24.7527,'competitor_check','no_order','Competitor promo spotted','completed','2025-12-13T16:01:00Z');
INSERT OR IGNORE INTO visits (id,tenant_id,agent_id,customer_id,visit_date,visit_type,check_in_time,check_out_time,latitude,longitude,purpose,outcome,notes,status,created_at) VALUES ('visit-00063','default-tenant-001','agent-004','cust-071','2025-11-28','customer','2025-11-28T11:29:00Z','2025-11-28T12:04:00Z',-33.0169,27.9324,'collection','no_order','','cancelled','2025-11-28T11:29:00Z');
INSERT OR IGNORE INTO visits (id,tenant_id,agent_id,customer_id,visit_date,visit_type,check_in_time,check_out_time,latitude,longitude,purpose,outcome,notes,status,created_at) VALUES ('visit-00064','default-tenant-001','agent-001','cust-011','2025-12-26','customer','2025-12-26T13:13:00Z','2025-12-26T14:36:00Z',-23.9148,29.4452,'competitor_check','competitor_noted','Placed large order','completed','2025-12-26T13:13:00Z');
INSERT OR IGNORE INTO visits (id,tenant_id,agent_id,customer_id,visit_date,visit_type,check_in_time,check_out_time,latitude,longitude,purpose,outcome,notes,status,created_at) VALUES ('visit-00065','default-tenant-001','agent-001','cust-050','2025-12-24','customer','2025-12-24T13:53:00Z','2025-12-24T14:41:00Z',-23.9052,29.4259,'collection','competitor_noted','Follow up needed','in_progress','2025-12-24T13:53:00Z');
INSERT OR IGNORE INTO visits (id,tenant_id,agent_id,customer_id,visit_date,visit_type,check_in_time,check_out_time,latitude,longitude,purpose,outcome,notes,status,created_at) VALUES ('visit-00066','default-tenant-001','agent-003','cust-019','2025-10-20','customer','2025-10-20T08:42:00Z','2025-10-20T09:33:00Z',-33.9021,18.3974,'merchandising','stock_checked','New display set up','in_progress','2025-10-20T08:42:00Z');
INSERT OR IGNORE INTO visits (id,tenant_id,agent_id,customer_id,visit_date,visit_type,check_in_time,check_out_time,latitude,longitude,purpose,outcome,notes,status,created_at) VALUES ('visit-00067','default-tenant-001','agent-001','cust-012','2025-11-23','customer','2025-11-23T11:13:00Z','2025-11-23T12:30:00Z',-33.8916,18.4524,'audit','follow_up_needed','Placed large order','completed','2025-11-23T11:13:00Z');
INSERT OR IGNORE INTO visits (id,tenant_id,agent_id,customer_id,visit_date,visit_type,check_in_time,check_out_time,latitude,longitude,purpose,outcome,notes,status,created_at) VALUES ('visit-00068','default-tenant-001','agent-003','cust-083','2026-01-10','customer','2026-01-10T08:53:00Z','2026-01-10T10:18:00Z',-29.0390,26.1767,'customer_service','no_order','Stock low','completed','2026-01-10T08:53:00Z');
INSERT OR IGNORE INTO visits (id,tenant_id,agent_id,customer_id,visit_date,visit_type,check_in_time,check_out_time,latitude,longitude,purpose,outcome,notes,status,created_at) VALUES ('visit-00069','default-tenant-001','agent-001','cust-002','2025-12-25','customer','2025-12-25T07:20:00Z','2025-12-25T08:18:00Z',-34.0058,25.6333,'collection','stock_checked','New display set up','completed','2025-12-25T07:20:00Z');
INSERT OR IGNORE INTO visits (id,tenant_id,agent_id,customer_id,visit_date,visit_type,check_in_time,check_out_time,latitude,longitude,purpose,outcome,notes,status,created_at) VALUES ('visit-00070','default-tenant-001','agent-001','cust-010','2025-10-13','customer','2025-10-13T17:13:00Z','2025-10-13T17:31:00Z',-29.1131,26.1546,'audit','follow_up_needed','Competitor promo spotted','completed','2025-10-13T17:13:00Z');
INSERT OR IGNORE INTO visits (id,tenant_id,agent_id,customer_id,visit_date,visit_type,check_in_time,check_out_time,latitude,longitude,purpose,outcome,notes,status,created_at) VALUES ('visit-00071','default-tenant-001','agent-003','cust-074','2026-02-19','customer','2026-02-19T07:54:00Z','2026-02-19T09:00:00Z',-33.9513,25.5824,'collection','issue_resolved','Follow up needed','completed','2026-02-19T07:54:00Z');
INSERT OR IGNORE INTO visits (id,tenant_id,agent_id,customer_id,visit_date,visit_type,check_in_time,check_out_time,latitude,longitude,purpose,outcome,notes,status,created_at) VALUES ('visit-00072','default-tenant-001','agent-user-001','cust-071','2026-02-16','customer','2026-02-16T15:12:00Z','2026-02-16T15:46:00Z',-29.1153,26.2037,'delivery','competitor_noted','Stock low','completed','2026-02-16T15:12:00Z');
INSERT OR IGNORE INTO visits (id,tenant_id,agent_id,customer_id,visit_date,visit_type,check_in_time,check_out_time,latitude,longitude,purpose,outcome,notes,status,created_at) VALUES ('visit-00073','default-tenant-001','agent-002','cust-004','2026-03-08','customer','2026-03-08T15:37:00Z','2026-03-08T16:55:00Z',-33.0400,27.9002,'merchandising','follow_up_needed','Good visit','completed','2026-03-08T15:37:00Z');
INSERT OR IGNORE INTO visits (id,tenant_id,agent_id,customer_id,visit_date,visit_type,check_in_time,check_out_time,latitude,longitude,purpose,outcome,notes,status,created_at) VALUES ('visit-00074','default-tenant-001','agent-user-001','cust-060','2025-12-13','customer','2025-12-13T16:36:00Z','2025-12-13T16:48:00Z',-26.1567,28.0248,'sales','follow_up_needed','Follow up needed','completed','2025-12-13T16:36:00Z');
INSERT OR IGNORE INTO visits (id,tenant_id,agent_id,customer_id,visit_date,visit_type,check_in_time,check_out_time,latitude,longitude,purpose,outcome,notes,status,created_at) VALUES ('visit-00075','default-tenant-001','agent-005','cust-080','2025-12-05','customer','2025-12-05T15:52:00Z','2025-12-05T16:02:00Z',-23.9232,29.4520,'customer_service','competitor_noted','Good visit','in_progress','2025-12-05T15:52:00Z');
INSERT OR IGNORE INTO visits (id,tenant_id,agent_id,customer_id,visit_date,visit_type,check_in_time,check_out_time,latitude,longitude,purpose,outcome,notes,status,created_at) VALUES ('visit-00076','default-tenant-001','agent-004','cust-022','2025-12-29','customer','2025-12-29T07:22:00Z','2025-12-29T08:07:00Z',-33.9381,25.6375,'competitor_check','stock_checked','Stock low','in_progress','2025-12-29T07:22:00Z');
INSERT OR IGNORE INTO visits (id,tenant_id,agent_id,customer_id,visit_date,visit_type,check_in_time,check_out_time,latitude,longitude,purpose,outcome,notes,status,created_at) VALUES ('visit-00077','default-tenant-001','agent-003','cust-062','2026-01-17','customer','2026-01-17T09:19:00Z','2026-01-17T10:46:00Z',-26.1881,28.0295,'sales','order_placed','New display set up','completed','2026-01-17T09:19:00Z');
INSERT OR IGNORE INTO visits (id,tenant_id,agent_id,customer_id,visit_date,visit_type,check_in_time,check_out_time,latitude,longitude,purpose,outcome,notes,status,created_at) VALUES ('visit-00078','default-tenant-001','agent-002','cust-076','2025-11-17','customer','2025-11-17T15:07:00Z','2025-11-17T15:47:00Z',-29.8202,30.9937,'competitor_check','no_order','Placed large order','in_progress','2025-11-17T15:07:00Z');
INSERT OR IGNORE INTO visits (id,tenant_id,agent_id,customer_id,visit_date,visit_type,check_in_time,check_out_time,latitude,longitude,purpose,outcome,notes,status,created_at) VALUES ('visit-00079','default-tenant-001','agent-002','cust-008','2026-02-27','customer','2026-02-27T16:53:00Z','2026-02-27T17:18:00Z',-33.9458,25.5601,'customer_service','competitor_noted','Competitor promo spotted','completed','2026-02-27T16:53:00Z');
INSERT OR IGNORE INTO visits (id,tenant_id,agent_id,customer_id,visit_date,visit_type,check_in_time,check_out_time,latitude,longitude,purpose,outcome,notes,status,created_at) VALUES ('visit-00080','default-tenant-001','agent-user-001','cust-068','2026-02-05','customer','2026-02-05T15:11:00Z','2026-02-05T15:57:00Z',-29.1151,26.1747,'delivery','stock_checked','New display set up','pending','2026-02-05T15:11:00Z');
INSERT OR IGNORE INTO visits (id,tenant_id,agent_id,customer_id,visit_date,visit_type,check_in_time,check_out_time,latitude,longitude,purpose,outcome,notes,status,created_at) VALUES ('visit-00081','default-tenant-001','agent-002','cust-091','2025-11-23','customer','2025-11-23T07:04:00Z','2025-11-23T08:28:00Z',-29.8319,30.9727,'collection','competitor_noted','','pending','2025-11-23T07:04:00Z');
INSERT OR IGNORE INTO visits (id,tenant_id,agent_id,customer_id,visit_date,visit_type,check_in_time,check_out_time,latitude,longitude,purpose,outcome,notes,status,created_at) VALUES ('visit-00082','default-tenant-001','agent-001','cust-088','2026-02-22','customer','2026-02-22T17:57:00Z','2026-02-22T18:12:00Z',-28.6983,24.7087,'merchandising','follow_up_needed','Good visit','completed','2026-02-22T17:57:00Z');
INSERT OR IGNORE INTO visits (id,tenant_id,agent_id,customer_id,visit_date,visit_type,check_in_time,check_out_time,latitude,longitude,purpose,outcome,notes,status,created_at) VALUES ('visit-00083','default-tenant-001','agent-001','cust-015','2026-01-13','customer','2026-01-13T08:22:00Z','2026-01-13T08:46:00Z',-25.7872,28.1911,'audit','stock_checked','Follow up needed','completed','2026-01-13T08:22:00Z');
INSERT OR IGNORE INTO visits (id,tenant_id,agent_id,customer_id,visit_date,visit_type,check_in_time,check_out_time,latitude,longitude,purpose,outcome,notes,status,created_at) VALUES ('visit-00084','default-tenant-001','agent-003','cust-039','2025-11-10','customer','2025-11-10T09:20:00Z','2025-11-10T10:01:00Z',-33.9503,18.4281,'competitor_check','order_placed','Competitor promo spotted','completed','2025-11-10T09:20:00Z');
INSERT OR IGNORE INTO visits (id,tenant_id,agent_id,customer_id,visit_date,visit_type,check_in_time,check_out_time,latitude,longitude,purpose,outcome,notes,status,created_at) VALUES ('visit-00085','default-tenant-001','agent-001','cust-068','2025-12-09','customer','2025-12-09T07:08:00Z','2025-12-09T07:29:00Z',-33.8843,18.4703,'competitor_check','stock_checked','','pending','2025-12-09T07:08:00Z');
INSERT OR IGNORE INTO visits (id,tenant_id,agent_id,customer_id,visit_date,visit_type,check_in_time,check_out_time,latitude,longitude,purpose,outcome,notes,status,created_at) VALUES ('visit-00086','default-tenant-001','agent-002','cust-051','2026-02-28','customer','2026-02-28T16:23:00Z','2026-02-28T17:09:00Z',-25.4568,30.9810,'sales','no_order','Shelf space increased','pending','2026-02-28T16:23:00Z');
INSERT OR IGNORE INTO visits (id,tenant_id,agent_id,customer_id,visit_date,visit_type,check_in_time,check_out_time,latitude,longitude,purpose,outcome,notes,status,created_at) VALUES ('visit-00087','default-tenant-001','agent-005','cust-071','2025-12-25','customer','2025-12-25T16:59:00Z','2025-12-25T17:44:00Z',-33.9593,25.5552,'merchandising','competitor_noted','Customer happy','completed','2025-12-25T16:59:00Z');
INSERT OR IGNORE INTO visits (id,tenant_id,agent_id,customer_id,visit_date,visit_type,check_in_time,check_out_time,latitude,longitude,purpose,outcome,notes,status,created_at) VALUES ('visit-00088','default-tenant-001','agent-001','cust-011','2025-12-13','customer','2025-12-13T17:02:00Z','2025-12-13T17:49:00Z',-25.5133,31.0188,'collection','order_placed','Shelf space increased','completed','2025-12-13T17:02:00Z');
INSERT OR IGNORE INTO visits (id,tenant_id,agent_id,customer_id,visit_date,visit_type,check_in_time,check_out_time,latitude,longitude,purpose,outcome,notes,status,created_at) VALUES ('visit-00089','default-tenant-001','agent-002','cust-001','2026-01-16','customer','2026-01-16T11:11:00Z','2026-01-16T12:26:00Z',-29.8106,31.0254,'delivery','competitor_noted','New display set up','pending','2026-01-16T11:11:00Z');
INSERT OR IGNORE INTO visits (id,tenant_id,agent_id,customer_id,visit_date,visit_type,check_in_time,check_out_time,latitude,longitude,purpose,outcome,notes,status,created_at) VALUES ('visit-00090','default-tenant-001','agent-user-001','cust-006','2026-02-16','customer','2026-02-16T13:05:00Z','2026-02-16T14:23:00Z',-29.9018,31.0534,'new_customer','no_order','Shelf space increased','completed','2026-02-16T13:05:00Z');
INSERT OR IGNORE INTO visits (id,tenant_id,agent_id,customer_id,visit_date,visit_type,check_in_time,check_out_time,latitude,longitude,purpose,outcome,notes,status,created_at) VALUES ('visit-00091','default-tenant-001','agent-003','cust-001','2025-12-26','customer','2025-12-26T12:09:00Z','2025-12-26T12:57:00Z',-26.2530,28.0024,'collection','no_order','Follow up needed','completed','2025-12-26T12:09:00Z');
INSERT OR IGNORE INTO visits (id,tenant_id,agent_id,customer_id,visit_date,visit_type,check_in_time,check_out_time,latitude,longitude,purpose,outcome,notes,status,created_at) VALUES ('visit-00092','default-tenant-001','agent-004','cust-085','2026-02-07','customer','2026-02-07T11:43:00Z','2026-02-07T13:09:00Z',-29.0548,26.1700,'delivery','no_order','Follow up needed','completed','2026-02-07T11:43:00Z');
INSERT OR IGNORE INTO visits (id,tenant_id,agent_id,customer_id,visit_date,visit_type,check_in_time,check_out_time,latitude,longitude,purpose,outcome,notes,status,created_at) VALUES ('visit-00093','default-tenant-001','agent-003','cust-080','2026-02-03','customer','2026-02-03T11:27:00Z','2026-02-03T12:14:00Z',-32.9965,27.9070,'audit','order_placed','Follow up needed','completed','2026-02-03T11:27:00Z');
INSERT OR IGNORE INTO visits (id,tenant_id,agent_id,customer_id,visit_date,visit_type,check_in_time,check_out_time,latitude,longitude,purpose,outcome,notes,status,created_at) VALUES ('visit-00094','default-tenant-001','agent-002','cust-072','2026-01-25','customer','2026-01-25T13:31:00Z','2026-01-25T14:09:00Z',-33.9775,25.6212,'audit','stock_checked','New display set up','in_progress','2026-01-25T13:31:00Z');
INSERT OR IGNORE INTO visits (id,tenant_id,agent_id,customer_id,visit_date,visit_type,check_in_time,check_out_time,latitude,longitude,purpose,outcome,notes,status,created_at) VALUES ('visit-00095','default-tenant-001','agent-002','cust-085','2026-01-19','customer','2026-01-19T16:59:00Z','2026-01-19T17:25:00Z',-33.0307,27.9581,'sales','issue_resolved','Good visit','completed','2026-01-19T16:59:00Z');
INSERT OR IGNORE INTO visits (id,tenant_id,agent_id,customer_id,visit_date,visit_type,check_in_time,check_out_time,latitude,longitude,purpose,outcome,notes,status,created_at) VALUES ('visit-00096','default-tenant-001','agent-002','cust-052','2025-11-29','customer','2025-11-29T15:07:00Z','2025-11-29T15:43:00Z',-33.0337,27.8632,'customer_service','order_placed','Placed large order','pending','2025-11-29T15:07:00Z');
INSERT OR IGNORE INTO visits (id,tenant_id,agent_id,customer_id,visit_date,visit_type,check_in_time,check_out_time,latitude,longitude,purpose,outcome,notes,status,created_at) VALUES ('visit-00097','default-tenant-001','agent-001','cust-044','2025-12-07','customer','2025-12-07T12:29:00Z','2025-12-07T13:15:00Z',-33.9935,25.6020,'new_customer','issue_resolved','Placed large order','completed','2025-12-07T12:29:00Z');
INSERT OR IGNORE INTO visits (id,tenant_id,agent_id,customer_id,visit_date,visit_type,check_in_time,check_out_time,latitude,longitude,purpose,outcome,notes,status,created_at) VALUES ('visit-00098','default-tenant-001','agent-user-001','cust-093','2026-02-26','customer','2026-02-26T14:41:00Z','2026-02-26T15:03:00Z',-25.4751,30.9938,'new_customer','no_order','Good visit','completed','2026-02-26T14:41:00Z');
INSERT OR IGNORE INTO visits (id,tenant_id,agent_id,customer_id,visit_date,visit_type,check_in_time,check_out_time,latitude,longitude,purpose,outcome,notes,status,created_at) VALUES ('visit-00099','default-tenant-001','agent-004','cust-074','2026-03-02','customer','2026-03-02T08:50:00Z','2026-03-02T09:48:00Z',-29.8749,31.0644,'new_customer','stock_checked','Good visit','pending','2026-03-02T08:50:00Z');
INSERT OR IGNORE INTO visits (id,tenant_id,agent_id,customer_id,visit_date,visit_type,check_in_time,check_out_time,latitude,longitude,purpose,outcome,notes,status,created_at) VALUES ('visit-00100','default-tenant-001','agent-003','cust-054','2025-10-28','customer','2025-10-28T17:30:00Z','2025-10-28T18:55:00Z',-28.6897,24.7784,'customer_service','issue_resolved','Need more samples','completed','2025-10-28T17:30:00Z');
INSERT OR IGNORE INTO visits (id,tenant_id,agent_id,customer_id,visit_date,visit_type,check_in_time,check_out_time,latitude,longitude,purpose,outcome,notes,status,created_at) VALUES ('visit-00101','default-tenant-001','agent-001','cust-015','2026-02-12','customer','2026-02-12T08:23:00Z','2026-02-12T09:00:00Z',-23.8599,29.4541,'sales','follow_up_needed','Good visit','completed','2026-02-12T08:23:00Z');
INSERT OR IGNORE INTO visits (id,tenant_id,agent_id,customer_id,visit_date,visit_type,check_in_time,check_out_time,latitude,longitude,purpose,outcome,notes,status,created_at) VALUES ('visit-00102','default-tenant-001','agent-005','cust-006','2025-11-20','customer','2025-11-20T10:27:00Z','2025-11-20T11:19:00Z',-29.8322,31.0141,'competitor_check','stock_checked','Good visit','cancelled','2025-11-20T10:27:00Z');
INSERT OR IGNORE INTO visits (id,tenant_id,agent_id,customer_id,visit_date,visit_type,check_in_time,check_out_time,latitude,longitude,purpose,outcome,notes,status,created_at) VALUES ('visit-00103','default-tenant-001','agent-005','cust-058','2026-01-30','customer','2026-01-30T15:09:00Z','2026-01-30T16:25:00Z',-23.8759,29.4281,'customer_service','order_placed','Customer happy','pending','2026-01-30T15:09:00Z');
INSERT OR IGNORE INTO visits (id,tenant_id,agent_id,customer_id,visit_date,visit_type,check_in_time,check_out_time,latitude,longitude,purpose,outcome,notes,status,created_at) VALUES ('visit-00104','default-tenant-001','agent-001','cust-099','2025-11-05','customer','2025-11-05T14:49:00Z','2025-11-05T16:15:00Z',-33.8886,18.3782,'new_customer','stock_checked','Need more samples','completed','2025-11-05T14:49:00Z');
INSERT OR IGNORE INTO visits (id,tenant_id,agent_id,customer_id,visit_date,visit_type,check_in_time,check_out_time,latitude,longitude,purpose,outcome,notes,status,created_at) VALUES ('visit-00105','default-tenant-001','agent-002','cust-024','2025-10-16','customer','2025-10-16T12:45:00Z','2025-10-16T13:10:00Z',-25.4433,30.9328,'new_customer','follow_up_needed','','in_progress','2025-10-16T12:45:00Z');
INSERT OR IGNORE INTO visits (id,tenant_id,agent_id,customer_id,visit_date,visit_type,check_in_time,check_out_time,latitude,longitude,purpose,outcome,notes,status,created_at) VALUES ('visit-00106','default-tenant-001','agent-user-001','cust-043','2026-01-07','customer','2026-01-07T16:58:00Z','2026-01-07T17:26:00Z',-25.7480,28.1828,'new_customer','no_order','','cancelled','2026-01-07T16:58:00Z');
INSERT OR IGNORE INTO visits (id,tenant_id,agent_id,customer_id,visit_date,visit_type,check_in_time,check_out_time,latitude,longitude,purpose,outcome,notes,status,created_at) VALUES ('visit-00107','default-tenant-001','agent-001','cust-040','2026-01-28','customer','2026-01-28T11:42:00Z','2026-01-28T12:31:00Z',-29.1180,26.1372,'sales','no_order','Customer happy','completed','2026-01-28T11:42:00Z');
INSERT OR IGNORE INTO visits (id,tenant_id,agent_id,customer_id,visit_date,visit_type,check_in_time,check_out_time,latitude,longitude,purpose,outcome,notes,status,created_at) VALUES ('visit-00108','default-tenant-001','agent-user-001','cust-007','2026-01-04','customer','2026-01-04T17:33:00Z','2026-01-04T18:53:00Z',-23.9236,29.4375,'competitor_check','competitor_noted','Need more samples','completed','2026-01-04T17:33:00Z');
INSERT OR IGNORE INTO visits (id,tenant_id,agent_id,customer_id,visit_date,visit_type,check_in_time,check_out_time,latitude,longitude,purpose,outcome,notes,status,created_at) VALUES ('visit-00109','default-tenant-001','agent-003','cust-036','2025-12-09','customer','2025-12-09T14:43:00Z','2025-12-09T15:36:00Z',-25.7955,28.1868,'customer_service','no_order','Shelf space increased','completed','2025-12-09T14:43:00Z');
INSERT OR IGNORE INTO visits (id,tenant_id,agent_id,customer_id,visit_date,visit_type,check_in_time,check_out_time,latitude,longitude,purpose,outcome,notes,status,created_at) VALUES ('visit-00110','default-tenant-001','agent-001','cust-073','2025-12-31','customer','2025-12-31T10:39:00Z','2025-12-31T12:01:00Z',-33.8767,18.4360,'merchandising','follow_up_needed','Need more samples','completed','2025-12-31T10:39:00Z');
INSERT OR IGNORE INTO visits (id,tenant_id,agent_id,customer_id,visit_date,visit_type,check_in_time,check_out_time,latitude,longitude,purpose,outcome,notes,status,created_at) VALUES ('visit-00111','default-tenant-001','agent-005','cust-022','2025-12-06','customer','2025-12-06T07:09:00Z','2025-12-06T08:14:00Z',-33.0452,27.8733,'customer_service','competitor_noted','Competitor promo spotted','cancelled','2025-12-06T07:09:00Z');
INSERT OR IGNORE INTO visits (id,tenant_id,agent_id,customer_id,visit_date,visit_type,check_in_time,check_out_time,latitude,longitude,purpose,outcome,notes,status,created_at) VALUES ('visit-00112','default-tenant-001','agent-003','cust-092','2025-11-29','customer','2025-11-29T13:17:00Z','2025-11-29T14:34:00Z',-23.8553,29.4404,'audit','no_order','Follow up needed','pending','2025-11-29T13:17:00Z');
INSERT OR IGNORE INTO visits (id,tenant_id,agent_id,customer_id,visit_date,visit_type,check_in_time,check_out_time,latitude,longitude,purpose,outcome,notes,status,created_at) VALUES ('visit-00113','default-tenant-001','agent-005','cust-022','2026-02-06','customer','2026-02-06T09:22:00Z','2026-02-06T10:48:00Z',-25.4295,30.9391,'sales','follow_up_needed','Placed large order','in_progress','2026-02-06T09:22:00Z');
INSERT OR IGNORE INTO visits (id,tenant_id,agent_id,customer_id,visit_date,visit_type,check_in_time,check_out_time,latitude,longitude,purpose,outcome,notes,status,created_at) VALUES ('visit-00114','default-tenant-001','agent-005','cust-016','2025-10-19','customer','2025-10-19T08:50:00Z','2025-10-19T09:28:00Z',-29.1132,26.1228,'new_customer','competitor_noted','Need more samples','pending','2025-10-19T08:50:00Z');
INSERT OR IGNORE INTO visits (id,tenant_id,agent_id,customer_id,visit_date,visit_type,check_in_time,check_out_time,latitude,longitude,purpose,outcome,notes,status,created_at) VALUES ('visit-00115','default-tenant-001','agent-user-001','cust-025','2025-12-23','customer','2025-12-23T17:30:00Z','2025-12-23T18:48:00Z',-25.7159,28.1949,'delivery','no_order','Need more samples','in_progress','2025-12-23T17:30:00Z');
INSERT OR IGNORE INTO visits (id,tenant_id,agent_id,customer_id,visit_date,visit_type,check_in_time,check_out_time,latitude,longitude,purpose,outcome,notes,status,created_at) VALUES ('visit-00116','default-tenant-001','agent-user-001','cust-004','2025-12-24','customer','2025-12-24T15:18:00Z','2025-12-24T16:28:00Z',-26.2187,28.0425,'new_customer','stock_checked','','in_progress','2025-12-24T15:18:00Z');
INSERT OR IGNORE INTO visits (id,tenant_id,agent_id,customer_id,visit_date,visit_type,check_in_time,check_out_time,latitude,longitude,purpose,outcome,notes,status,created_at) VALUES ('visit-00117','default-tenant-001','agent-005','cust-007','2025-12-14','customer','2025-12-14T14:32:00Z','2025-12-14T15:50:00Z',-25.7753,28.2235,'new_customer','no_order','Placed large order','completed','2025-12-14T14:32:00Z');
INSERT OR IGNORE INTO visits (id,tenant_id,agent_id,customer_id,visit_date,visit_type,check_in_time,check_out_time,latitude,longitude,purpose,outcome,notes,status,created_at) VALUES ('visit-00118','default-tenant-001','agent-004','cust-031','2026-01-20','customer','2026-01-20T12:47:00Z','2026-01-20T14:05:00Z',-23.8782,29.4341,'new_customer','competitor_noted','Shelf space increased','pending','2026-01-20T12:47:00Z');
INSERT OR IGNORE INTO visits (id,tenant_id,agent_id,customer_id,visit_date,visit_type,check_in_time,check_out_time,latitude,longitude,purpose,outcome,notes,status,created_at) VALUES ('visit-00119','default-tenant-001','agent-001','cust-096','2025-10-27','customer','2025-10-27T08:52:00Z','2025-10-27T10:07:00Z',-29.0804,26.1197,'merchandising','no_order','Follow up needed','completed','2025-10-27T08:52:00Z');
INSERT OR IGNORE INTO visits (id,tenant_id,agent_id,customer_id,visit_date,visit_type,check_in_time,check_out_time,latitude,longitude,purpose,outcome,notes,status,created_at) VALUES ('visit-00120','default-tenant-001','agent-002','cust-081','2025-12-12','customer','2025-12-12T08:18:00Z','2025-12-12T09:20:00Z',-25.7679,28.2790,'customer_service','follow_up_needed','New display set up','pending','2025-12-12T08:18:00Z');
INSERT OR IGNORE INTO visits (id,tenant_id,agent_id,customer_id,visit_date,visit_type,check_in_time,check_out_time,latitude,longitude,purpose,outcome,notes,status,created_at) VALUES ('visit-00121','default-tenant-001','agent-003','cust-083','2026-02-01','customer','2026-02-01T13:21:00Z','2026-02-01T14:18:00Z',-28.7547,24.7360,'competitor_check','competitor_noted','Good visit','completed','2026-02-01T13:21:00Z');
INSERT OR IGNORE INTO visits (id,tenant_id,agent_id,customer_id,visit_date,visit_type,check_in_time,check_out_time,latitude,longitude,purpose,outcome,notes,status,created_at) VALUES ('visit-00122','default-tenant-001','agent-user-001','cust-100','2025-11-12','customer','2025-11-12T16:14:00Z','2025-11-12T17:09:00Z',-29.0849,26.1917,'delivery','issue_resolved','Shelf space increased','cancelled','2025-11-12T16:14:00Z');
INSERT OR IGNORE INTO visits (id,tenant_id,agent_id,customer_id,visit_date,visit_type,check_in_time,check_out_time,latitude,longitude,purpose,outcome,notes,status,created_at) VALUES ('visit-00123','default-tenant-001','agent-004','cust-024','2025-10-27','customer','2025-10-27T15:00:00Z','2025-10-27T16:18:00Z',-25.7044,28.2289,'merchandising','order_placed','Need more samples','completed','2025-10-27T15:00:00Z');
INSERT OR IGNORE INTO visits (id,tenant_id,agent_id,customer_id,visit_date,visit_type,check_in_time,check_out_time,latitude,longitude,purpose,outcome,notes,status,created_at) VALUES ('visit-00124','default-tenant-001','agent-user-001','cust-031','2026-02-22','customer','2026-02-22T16:20:00Z','2026-02-22T16:54:00Z',-23.9321,29.5102,'customer_service','competitor_noted','Good visit','completed','2026-02-22T16:20:00Z');
INSERT OR IGNORE INTO visits (id,tenant_id,agent_id,customer_id,visit_date,visit_type,check_in_time,check_out_time,latitude,longitude,purpose,outcome,notes,status,created_at) VALUES ('visit-00125','default-tenant-001','agent-001','cust-030','2025-11-22','customer','2025-11-22T16:43:00Z','2025-11-22T18:01:00Z',-23.9522,29.4808,'delivery','competitor_noted','Good visit','pending','2025-11-22T16:43:00Z');
INSERT OR IGNORE INTO visits (id,tenant_id,agent_id,customer_id,visit_date,visit_type,check_in_time,check_out_time,latitude,longitude,purpose,outcome,notes,status,created_at) VALUES ('visit-00126','default-tenant-001','agent-002','cust-021','2026-01-19','customer','2026-01-19T08:05:00Z','2026-01-19T08:39:00Z',-25.6985,28.1900,'merchandising','follow_up_needed','Follow up needed','completed','2026-01-19T08:05:00Z');
INSERT OR IGNORE INTO visits (id,tenant_id,agent_id,customer_id,visit_date,visit_type,check_in_time,check_out_time,latitude,longitude,purpose,outcome,notes,status,created_at) VALUES ('visit-00127','default-tenant-001','agent-005','cust-004','2026-02-10','customer','2026-02-10T11:38:00Z','2026-02-10T12:34:00Z',-23.9217,29.4776,'collection','follow_up_needed','Stock low','completed','2026-02-10T11:38:00Z');
INSERT OR IGNORE INTO visits (id,tenant_id,agent_id,customer_id,visit_date,visit_type,check_in_time,check_out_time,latitude,longitude,purpose,outcome,notes,status,created_at) VALUES ('visit-00128','default-tenant-001','agent-004','cust-049','2026-03-07','customer','2026-03-07T13:54:00Z','2026-03-07T14:28:00Z',-26.2526,28.0802,'merchandising','no_order','Follow up needed','completed','2026-03-07T13:54:00Z');
INSERT OR IGNORE INTO visits (id,tenant_id,agent_id,customer_id,visit_date,visit_type,check_in_time,check_out_time,latitude,longitude,purpose,outcome,notes,status,created_at) VALUES ('visit-00129','default-tenant-001','agent-005','cust-028','2025-11-23','customer','2025-11-23T12:06:00Z','2025-11-23T13:32:00Z',-23.9415,29.4934,'new_customer','competitor_noted','Placed large order','completed','2025-11-23T12:06:00Z');
INSERT OR IGNORE INTO visits (id,tenant_id,agent_id,customer_id,visit_date,visit_type,check_in_time,check_out_time,latitude,longitude,purpose,outcome,notes,status,created_at) VALUES ('visit-00130','default-tenant-001','agent-001','cust-087','2025-10-28','customer','2025-10-28T10:15:00Z','2025-10-28T11:18:00Z',-33.9509,18.4267,'customer_service','stock_checked','Customer happy','pending','2025-10-28T10:15:00Z');
INSERT OR IGNORE INTO visits (id,tenant_id,agent_id,customer_id,visit_date,visit_type,check_in_time,check_out_time,latitude,longitude,purpose,outcome,notes,status,created_at) VALUES ('visit-00131','default-tenant-001','agent-004','cust-059','2025-12-08','customer','2025-12-08T11:33:00Z','2025-12-08T12:36:00Z',-26.1558,28.0933,'new_customer','issue_resolved','Competitor promo spotted','completed','2025-12-08T11:33:00Z');
INSERT OR IGNORE INTO visits (id,tenant_id,agent_id,customer_id,visit_date,visit_type,check_in_time,check_out_time,latitude,longitude,purpose,outcome,notes,status,created_at) VALUES ('visit-00132','default-tenant-001','agent-001','cust-082','2026-03-06','customer','2026-03-06T09:04:00Z','2026-03-06T09:56:00Z',-28.7619,24.7832,'competitor_check','issue_resolved','Shelf space increased','in_progress','2026-03-06T09:04:00Z');
INSERT OR IGNORE INTO visits (id,tenant_id,agent_id,customer_id,visit_date,visit_type,check_in_time,check_out_time,latitude,longitude,purpose,outcome,notes,status,created_at) VALUES ('visit-00133','default-tenant-001','agent-005','cust-086','2025-11-12','customer','2025-11-12T13:13:00Z','2025-11-12T14:25:00Z',-28.7110,24.7992,'merchandising','stock_checked','Shelf space increased','cancelled','2025-11-12T13:13:00Z');
INSERT OR IGNORE INTO visits (id,tenant_id,agent_id,customer_id,visit_date,visit_type,check_in_time,check_out_time,latitude,longitude,purpose,outcome,notes,status,created_at) VALUES ('visit-00134','default-tenant-001','agent-004','cust-090','2025-10-06','customer','2025-10-06T16:47:00Z','2025-10-06T17:56:00Z',-29.1169,26.1696,'audit','no_order','','in_progress','2025-10-06T16:47:00Z');
INSERT OR IGNORE INTO visits (id,tenant_id,agent_id,customer_id,visit_date,visit_type,check_in_time,check_out_time,latitude,longitude,purpose,outcome,notes,status,created_at) VALUES ('visit-00135','default-tenant-001','agent-003','cust-065','2025-10-28','customer','2025-10-28T17:18:00Z','2025-10-28T18:15:00Z',-29.0687,26.1304,'delivery','stock_checked','Good visit','pending','2025-10-28T17:18:00Z');
INSERT OR IGNORE INTO visits (id,tenant_id,agent_id,customer_id,visit_date,visit_type,check_in_time,check_out_time,latitude,longitude,purpose,outcome,notes,status,created_at) VALUES ('visit-00136','default-tenant-001','agent-004','cust-080','2025-12-22','customer','2025-12-22T12:16:00Z','2025-12-22T13:33:00Z',-28.6956,24.7120,'audit','stock_checked','Good visit','completed','2025-12-22T12:16:00Z');
INSERT OR IGNORE INTO visits (id,tenant_id,agent_id,customer_id,visit_date,visit_type,check_in_time,check_out_time,latitude,longitude,purpose,outcome,notes,status,created_at) VALUES ('visit-00137','default-tenant-001','agent-005','cust-017','2025-10-14','customer','2025-10-14T17:36:00Z','2025-10-14T19:05:00Z',-29.8124,31.0137,'new_customer','no_order','Follow up needed','completed','2025-10-14T17:36:00Z');
INSERT OR IGNORE INTO visits (id,tenant_id,agent_id,customer_id,visit_date,visit_type,check_in_time,check_out_time,latitude,longitude,purpose,outcome,notes,status,created_at) VALUES ('visit-00138','default-tenant-001','agent-005','cust-004','2026-01-22','customer','2026-01-22T16:54:00Z','2026-01-22T17:19:00Z',-28.7246,24.7503,'new_customer','issue_resolved','Customer happy','cancelled','2026-01-22T16:54:00Z');
INSERT OR IGNORE INTO visits (id,tenant_id,agent_id,customer_id,visit_date,visit_type,check_in_time,check_out_time,latitude,longitude,purpose,outcome,notes,status,created_at) VALUES ('visit-00139','default-tenant-001','agent-004','cust-094','2025-10-11','customer','2025-10-11T07:16:00Z','2025-10-11T08:40:00Z',-33.9221,25.5956,'customer_service','order_placed','New display set up','in_progress','2025-10-11T07:16:00Z');
INSERT OR IGNORE INTO visits (id,tenant_id,agent_id,customer_id,visit_date,visit_type,check_in_time,check_out_time,latitude,longitude,purpose,outcome,notes,status,created_at) VALUES ('visit-00140','default-tenant-001','agent-001','cust-079','2025-10-07','customer','2025-10-07T14:36:00Z','2025-10-07T14:58:00Z',-34.0038,25.5931,'merchandising','competitor_noted','Good visit','completed','2025-10-07T14:36:00Z');
INSERT OR IGNORE INTO visits (id,tenant_id,agent_id,customer_id,visit_date,visit_type,check_in_time,check_out_time,latitude,longitude,purpose,outcome,notes,status,created_at) VALUES ('visit-00141','default-tenant-001','agent-user-001','cust-018','2026-02-11','customer','2026-02-11T15:15:00Z','2026-02-11T16:20:00Z',-25.4612,30.9743,'sales','follow_up_needed','','cancelled','2026-02-11T15:15:00Z');
INSERT OR IGNORE INTO visits (id,tenant_id,agent_id,customer_id,visit_date,visit_type,check_in_time,check_out_time,latitude,longitude,purpose,outcome,notes,status,created_at) VALUES ('visit-00142','default-tenant-001','agent-003','cust-032','2025-11-08','customer','2025-11-08T08:55:00Z','2025-11-08T09:26:00Z',-29.0744,26.1809,'delivery','follow_up_needed','Shelf space increased','cancelled','2025-11-08T08:55:00Z');
INSERT OR IGNORE INTO visits (id,tenant_id,agent_id,customer_id,visit_date,visit_type,check_in_time,check_out_time,latitude,longitude,purpose,outcome,notes,status,created_at) VALUES ('visit-00143','default-tenant-001','agent-002','cust-057','2026-02-10','customer','2026-02-10T11:36:00Z','2026-02-10T11:51:00Z',-23.8562,29.4929,'audit','competitor_noted','','completed','2026-02-10T11:36:00Z');
INSERT OR IGNORE INTO visits (id,tenant_id,agent_id,customer_id,visit_date,visit_type,check_in_time,check_out_time,latitude,longitude,purpose,outcome,notes,status,created_at) VALUES ('visit-00144','default-tenant-001','agent-002','cust-087','2025-10-19','customer','2025-10-19T07:34:00Z','2025-10-19T09:00:00Z',-32.9676,27.9202,'sales','competitor_noted','Customer happy','completed','2025-10-19T07:34:00Z');
INSERT OR IGNORE INTO visits (id,tenant_id,agent_id,customer_id,visit_date,visit_type,check_in_time,check_out_time,latitude,longitude,purpose,outcome,notes,status,created_at) VALUES ('visit-00145','default-tenant-001','agent-user-001','cust-036','2025-10-22','customer','2025-10-22T14:47:00Z','2025-10-22T15:40:00Z',-23.9226,29.4316,'collection','issue_resolved','New display set up','cancelled','2025-10-22T14:47:00Z');
INSERT OR IGNORE INTO visits (id,tenant_id,agent_id,customer_id,visit_date,visit_type,check_in_time,check_out_time,latitude,longitude,purpose,outcome,notes,status,created_at) VALUES ('visit-00146','default-tenant-001','agent-001','cust-090','2025-11-01','customer','2025-11-01T07:17:00Z','2025-11-01T07:57:00Z',-25.7809,28.2314,'competitor_check','issue_resolved','Need more samples','completed','2025-11-01T07:17:00Z');
INSERT OR IGNORE INTO visits (id,tenant_id,agent_id,customer_id,visit_date,visit_type,check_in_time,check_out_time,latitude,longitude,purpose,outcome,notes,status,created_at) VALUES ('visit-00147','default-tenant-001','agent-user-001','cust-022','2026-02-20','customer','2026-02-20T15:08:00Z','2026-02-20T15:46:00Z',-28.7007,24.7387,'merchandising','order_placed','Good visit','pending','2026-02-20T15:08:00Z');
INSERT OR IGNORE INTO visits (id,tenant_id,agent_id,customer_id,visit_date,visit_type,check_in_time,check_out_time,latitude,longitude,purpose,outcome,notes,status,created_at) VALUES ('visit-00148','default-tenant-001','agent-user-001','cust-072','2026-02-26','customer','2026-02-26T08:17:00Z','2026-02-26T09:29:00Z',-33.0596,27.9179,'sales','competitor_noted','Follow up needed','pending','2026-02-26T08:17:00Z');
INSERT OR IGNORE INTO visits (id,tenant_id,agent_id,customer_id,visit_date,visit_type,check_in_time,check_out_time,latitude,longitude,purpose,outcome,notes,status,created_at) VALUES ('visit-00149','default-tenant-001','agent-001','cust-034','2025-10-18','customer','2025-10-18T16:30:00Z','2025-10-18T17:16:00Z',-33.0050,27.8692,'collection','competitor_noted','Customer happy','completed','2025-10-18T16:30:00Z');
INSERT OR IGNORE INTO visits (id,tenant_id,agent_id,customer_id,visit_date,visit_type,check_in_time,check_out_time,latitude,longitude,purpose,outcome,notes,status,created_at) VALUES ('visit-00150','default-tenant-001','agent-user-001','cust-076','2025-10-29','customer','2025-10-29T14:21:00Z','2025-10-29T15:29:00Z',-33.9124,25.5826,'audit','competitor_noted','Good visit','completed','2025-10-29T14:21:00Z');
INSERT OR IGNORE INTO visits (id,tenant_id,agent_id,customer_id,visit_date,visit_type,check_in_time,check_out_time,latitude,longitude,purpose,outcome,notes,status,created_at) VALUES ('visit-00151','default-tenant-001','agent-004','cust-018','2026-01-17','customer','2026-01-17T14:44:00Z','2026-01-17T15:09:00Z',-25.7948,28.2560,'sales','issue_resolved','Shelf space increased','completed','2026-01-17T14:44:00Z');
INSERT OR IGNORE INTO visits (id,tenant_id,agent_id,customer_id,visit_date,visit_type,check_in_time,check_out_time,latitude,longitude,purpose,outcome,notes,status,created_at) VALUES ('visit-00152','default-tenant-001','agent-004','cust-093','2026-01-28','customer','2026-01-28T08:00:00Z','2026-01-28T08:37:00Z',-28.7308,24.7200,'new_customer','follow_up_needed','Need more samples','completed','2026-01-28T08:00:00Z');
INSERT OR IGNORE INTO visits (id,tenant_id,agent_id,customer_id,visit_date,visit_type,check_in_time,check_out_time,latitude,longitude,purpose,outcome,notes,status,created_at) VALUES ('visit-00153','default-tenant-001','agent-005','cust-092','2025-10-14','customer','2025-10-14T17:22:00Z','2025-10-14T18:01:00Z',-33.9222,18.3963,'new_customer','order_placed','Placed large order','completed','2025-10-14T17:22:00Z');
INSERT OR IGNORE INTO visits (id,tenant_id,agent_id,customer_id,visit_date,visit_type,check_in_time,check_out_time,latitude,longitude,purpose,outcome,notes,status,created_at) VALUES ('visit-00154','default-tenant-001','agent-user-001','cust-002','2025-10-22','customer','2025-10-22T10:57:00Z','2025-10-22T11:40:00Z',-33.8961,18.4100,'audit','stock_checked','Competitor promo spotted','completed','2025-10-22T10:57:00Z');
INSERT OR IGNORE INTO visits (id,tenant_id,agent_id,customer_id,visit_date,visit_type,check_in_time,check_out_time,latitude,longitude,purpose,outcome,notes,status,created_at) VALUES ('visit-00155','default-tenant-001','agent-005','cust-027','2026-01-09','customer','2026-01-09T08:33:00Z','2026-01-09T09:35:00Z',-23.9523,29.4482,'sales','follow_up_needed','Shelf space increased','cancelled','2026-01-09T08:33:00Z');
INSERT OR IGNORE INTO visits (id,tenant_id,agent_id,customer_id,visit_date,visit_type,check_in_time,check_out_time,latitude,longitude,purpose,outcome,notes,status,created_at) VALUES ('visit-00156','default-tenant-001','agent-001','cust-094','2025-11-01','customer','2025-11-01T17:58:00Z','2025-11-01T18:14:00Z',-26.2305,28.0185,'collection','issue_resolved','Stock low','pending','2025-11-01T17:58:00Z');
INSERT OR IGNORE INTO visits (id,tenant_id,agent_id,customer_id,visit_date,visit_type,check_in_time,check_out_time,latitude,longitude,purpose,outcome,notes,status,created_at) VALUES ('visit-00157','default-tenant-001','agent-003','cust-081','2025-12-06','customer','2025-12-06T09:45:00Z','2025-12-06T10:31:00Z',-29.0749,26.2071,'delivery','issue_resolved','Shelf space increased','in_progress','2025-12-06T09:45:00Z');
INSERT OR IGNORE INTO visits (id,tenant_id,agent_id,customer_id,visit_date,visit_type,check_in_time,check_out_time,latitude,longitude,purpose,outcome,notes,status,created_at) VALUES ('visit-00158','default-tenant-001','agent-005','cust-033','2025-11-20','customer','2025-11-20T12:26:00Z','2025-11-20T12:58:00Z',-25.7933,28.2073,'customer_service','follow_up_needed','Shelf space increased','pending','2025-11-20T12:26:00Z');
INSERT OR IGNORE INTO visits (id,tenant_id,agent_id,customer_id,visit_date,visit_type,check_in_time,check_out_time,latitude,longitude,purpose,outcome,notes,status,created_at) VALUES ('visit-00159','default-tenant-001','agent-003','cust-067','2025-10-18','customer','2025-10-18T14:34:00Z','2025-10-18T14:47:00Z',-23.8648,29.4581,'delivery','follow_up_needed','Placed large order','completed','2025-10-18T14:34:00Z');
INSERT OR IGNORE INTO visits (id,tenant_id,agent_id,customer_id,visit_date,visit_type,check_in_time,check_out_time,latitude,longitude,purpose,outcome,notes,status,created_at) VALUES ('visit-00160','default-tenant-001','agent-002','cust-088','2025-11-27','customer','2025-11-27T11:30:00Z','2025-11-27T11:45:00Z',-33.0175,27.9250,'audit','competitor_noted','Customer happy','cancelled','2025-11-27T11:30:00Z');
INSERT OR IGNORE INTO visits (id,tenant_id,agent_id,customer_id,visit_date,visit_type,check_in_time,check_out_time,latitude,longitude,purpose,outcome,notes,status,created_at) VALUES ('visit-00161','default-tenant-001','agent-001','cust-069','2026-01-22','customer','2026-01-22T11:03:00Z','2026-01-22T12:13:00Z',-33.9217,25.5584,'audit','competitor_noted','Shelf space increased','pending','2026-01-22T11:03:00Z');
INSERT OR IGNORE INTO visits (id,tenant_id,agent_id,customer_id,visit_date,visit_type,check_in_time,check_out_time,latitude,longitude,purpose,outcome,notes,status,created_at) VALUES ('visit-00162','default-tenant-001','agent-005','cust-070','2025-11-11','customer','2025-11-11T15:23:00Z','2025-11-11T15:42:00Z',-33.9769,25.6152,'new_customer','order_placed','Placed large order','cancelled','2025-11-11T15:23:00Z');
INSERT OR IGNORE INTO visits (id,tenant_id,agent_id,customer_id,visit_date,visit_type,check_in_time,check_out_time,latitude,longitude,purpose,outcome,notes,status,created_at) VALUES ('visit-00163','default-tenant-001','agent-001','cust-073','2025-12-08','customer','2025-12-08T09:46:00Z','2025-12-08T10:48:00Z',-29.8111,30.9854,'merchandising','competitor_noted','Follow up needed','pending','2025-12-08T09:46:00Z');
INSERT OR IGNORE INTO visits (id,tenant_id,agent_id,customer_id,visit_date,visit_type,check_in_time,check_out_time,latitude,longitude,purpose,outcome,notes,status,created_at) VALUES ('visit-00164','default-tenant-001','agent-003','cust-090','2025-10-18','customer','2025-10-18T15:24:00Z','2025-10-18T15:56:00Z',-25.5078,31.0137,'customer_service','order_placed','Placed large order','completed','2025-10-18T15:24:00Z');
INSERT OR IGNORE INTO visits (id,tenant_id,agent_id,customer_id,visit_date,visit_type,check_in_time,check_out_time,latitude,longitude,purpose,outcome,notes,status,created_at) VALUES ('visit-00165','default-tenant-001','agent-user-001','cust-045','2026-01-15','customer','2026-01-15T09:01:00Z','2026-01-15T10:19:00Z',-29.8208,30.9907,'competitor_check','follow_up_needed','Shelf space increased','cancelled','2026-01-15T09:01:00Z');
INSERT OR IGNORE INTO visits (id,tenant_id,agent_id,customer_id,visit_date,visit_type,check_in_time,check_out_time,latitude,longitude,purpose,outcome,notes,status,created_at) VALUES ('visit-00166','default-tenant-001','agent-004','cust-092','2026-01-17','customer','2026-01-17T12:40:00Z','2026-01-17T13:08:00Z',-25.5031,30.9269,'sales','follow_up_needed','Shelf space increased','cancelled','2026-01-17T12:40:00Z');
INSERT OR IGNORE INTO visits (id,tenant_id,agent_id,customer_id,visit_date,visit_type,check_in_time,check_out_time,latitude,longitude,purpose,outcome,notes,status,created_at) VALUES ('visit-00167','default-tenant-001','agent-002','cust-041','2025-12-15','customer','2025-12-15T07:31:00Z','2025-12-15T07:41:00Z',-33.9283,25.6009,'new_customer','no_order','Good visit','completed','2025-12-15T07:31:00Z');
INSERT OR IGNORE INTO visits (id,tenant_id,agent_id,customer_id,visit_date,visit_type,check_in_time,check_out_time,latitude,longitude,purpose,outcome,notes,status,created_at) VALUES ('visit-00168','default-tenant-001','agent-004','cust-046','2025-10-22','customer','2025-10-22T15:03:00Z','2025-10-22T15:20:00Z',-33.0122,27.8987,'collection','no_order','Follow up needed','in_progress','2025-10-22T15:03:00Z');
INSERT OR IGNORE INTO visits (id,tenant_id,agent_id,customer_id,visit_date,visit_type,check_in_time,check_out_time,latitude,longitude,purpose,outcome,notes,status,created_at) VALUES ('visit-00169','default-tenant-001','agent-user-001','cust-041','2025-12-20','customer','2025-12-20T11:53:00Z','2025-12-20T12:34:00Z',-28.7316,24.7024,'new_customer','issue_resolved','Shelf space increased','completed','2025-12-20T11:53:00Z');
INSERT OR IGNORE INTO visits (id,tenant_id,agent_id,customer_id,visit_date,visit_type,check_in_time,check_out_time,latitude,longitude,purpose,outcome,notes,status,created_at) VALUES ('visit-00170','default-tenant-001','agent-002','cust-038','2025-11-09','customer','2025-11-09T13:33:00Z','2025-11-09T13:55:00Z',-33.9518,18.4152,'delivery','issue_resolved','Shelf space increased','completed','2025-11-09T13:33:00Z');
INSERT OR IGNORE INTO visits (id,tenant_id,agent_id,customer_id,visit_date,visit_type,check_in_time,check_out_time,latitude,longitude,purpose,outcome,notes,status,created_at) VALUES ('visit-00171','default-tenant-001','agent-003','cust-062','2025-11-24','customer','2025-11-24T08:37:00Z','2025-11-24T09:36:00Z',-26.2152,28.0488,'customer_service','order_placed','Placed large order','completed','2025-11-24T08:37:00Z');
INSERT OR IGNORE INTO visits (id,tenant_id,agent_id,customer_id,visit_date,visit_type,check_in_time,check_out_time,latitude,longitude,purpose,outcome,notes,status,created_at) VALUES ('visit-00172','default-tenant-001','agent-001','cust-028','2026-02-22','customer','2026-02-22T09:48:00Z','2026-02-22T10:16:00Z',-33.0431,27.8983,'audit','issue_resolved','Customer happy','completed','2026-02-22T09:48:00Z');
INSERT OR IGNORE INTO visits (id,tenant_id,agent_id,customer_id,visit_date,visit_type,check_in_time,check_out_time,latitude,longitude,purpose,outcome,notes,status,created_at) VALUES ('visit-00173','default-tenant-001','agent-001','cust-079','2026-02-28','customer','2026-02-28T07:00:00Z','2026-02-28T07:16:00Z',-29.8587,31.0030,'customer_service','stock_checked','','completed','2026-02-28T07:00:00Z');
INSERT OR IGNORE INTO visits (id,tenant_id,agent_id,customer_id,visit_date,visit_type,check_in_time,check_out_time,latitude,longitude,purpose,outcome,notes,status,created_at) VALUES ('visit-00174','default-tenant-001','agent-user-001','cust-004','2026-02-20','customer','2026-02-20T11:10:00Z','2026-02-20T11:27:00Z',-32.9724,27.9028,'merchandising','order_placed','Stock low','completed','2026-02-20T11:10:00Z');
INSERT OR IGNORE INTO visits (id,tenant_id,agent_id,customer_id,visit_date,visit_type,check_in_time,check_out_time,latitude,longitude,purpose,outcome,notes,status,created_at) VALUES ('visit-00175','default-tenant-001','agent-005','cust-013','2026-01-01','customer','2026-01-01T13:47:00Z','2026-01-01T14:05:00Z',-33.9238,25.6411,'customer_service','order_placed','Placed large order','in_progress','2026-01-01T13:47:00Z');
INSERT OR IGNORE INTO visits (id,tenant_id,agent_id,customer_id,visit_date,visit_type,check_in_time,check_out_time,latitude,longitude,purpose,outcome,notes,status,created_at) VALUES ('visit-00176','default-tenant-001','agent-002','cust-090','2026-01-04','customer','2026-01-04T16:54:00Z','2026-01-04T17:07:00Z',-34.0064,25.6083,'sales','competitor_noted','Need more samples','completed','2026-01-04T16:54:00Z');
INSERT OR IGNORE INTO visits (id,tenant_id,agent_id,customer_id,visit_date,visit_type,check_in_time,check_out_time,latitude,longitude,purpose,outcome,notes,status,created_at) VALUES ('visit-00177','default-tenant-001','agent-user-001','cust-053','2026-03-06','customer','2026-03-06T10:32:00Z','2026-03-06T11:31:00Z',-34.0097,25.6393,'new_customer','no_order','Good visit','completed','2026-03-06T10:32:00Z');
INSERT OR IGNORE INTO visits (id,tenant_id,agent_id,customer_id,visit_date,visit_type,check_in_time,check_out_time,latitude,longitude,purpose,outcome,notes,status,created_at) VALUES ('visit-00178','default-tenant-001','agent-001','cust-095','2026-02-15','customer','2026-02-15T08:39:00Z','2026-02-15T09:00:00Z',-25.4684,30.9980,'customer_service','stock_checked','Need more samples','pending','2026-02-15T08:39:00Z');
INSERT OR IGNORE INTO visits (id,tenant_id,agent_id,customer_id,visit_date,visit_type,check_in_time,check_out_time,latitude,longitude,purpose,outcome,notes,status,created_at) VALUES ('visit-00179','default-tenant-001','agent-002','cust-070','2026-03-04','customer','2026-03-04T17:17:00Z','2026-03-04T17:32:00Z',-25.4757,30.9934,'collection','competitor_noted','Customer happy','cancelled','2026-03-04T17:17:00Z');
INSERT OR IGNORE INTO visits (id,tenant_id,agent_id,customer_id,visit_date,visit_type,check_in_time,check_out_time,latitude,longitude,purpose,outcome,notes,status,created_at) VALUES ('visit-00180','default-tenant-001','agent-004','cust-015','2026-01-31','customer','2026-01-31T07:57:00Z','2026-01-31T08:08:00Z',-33.0081,27.8921,'customer_service','competitor_noted','Shelf space increased','completed','2026-01-31T07:57:00Z');
INSERT OR IGNORE INTO visits (id,tenant_id,agent_id,customer_id,visit_date,visit_type,check_in_time,check_out_time,latitude,longitude,purpose,outcome,notes,status,created_at) VALUES ('visit-00181','default-tenant-001','agent-002','cust-002','2026-01-06','customer','2026-01-06T17:56:00Z','2026-01-06T18:49:00Z',-23.9274,29.4703,'sales','follow_up_needed','New display set up','cancelled','2026-01-06T17:56:00Z');
INSERT OR IGNORE INTO visits (id,tenant_id,agent_id,customer_id,visit_date,visit_type,check_in_time,check_out_time,latitude,longitude,purpose,outcome,notes,status,created_at) VALUES ('visit-00182','default-tenant-001','agent-005','cust-046','2025-10-07','customer','2025-10-07T15:18:00Z','2025-10-07T16:02:00Z',-25.7714,28.2182,'merchandising','follow_up_needed','Placed large order','in_progress','2025-10-07T15:18:00Z');
INSERT OR IGNORE INTO visits (id,tenant_id,agent_id,customer_id,visit_date,visit_type,check_in_time,check_out_time,latitude,longitude,purpose,outcome,notes,status,created_at) VALUES ('visit-00183','default-tenant-001','agent-004','cust-081','2025-11-05','customer','2025-11-05T10:05:00Z','2025-11-05T10:32:00Z',-29.0615,26.1871,'audit','follow_up_needed','','completed','2025-11-05T10:05:00Z');
INSERT OR IGNORE INTO visits (id,tenant_id,agent_id,customer_id,visit_date,visit_type,check_in_time,check_out_time,latitude,longitude,purpose,outcome,notes,status,created_at) VALUES ('visit-00184','default-tenant-001','agent-001','cust-042','2026-01-20','customer','2026-01-20T16:13:00Z','2026-01-20T17:02:00Z',-28.7401,24.7452,'audit','competitor_noted','New display set up','cancelled','2026-01-20T16:13:00Z');
INSERT OR IGNORE INTO visits (id,tenant_id,agent_id,customer_id,visit_date,visit_type,check_in_time,check_out_time,latitude,longitude,purpose,outcome,notes,status,created_at) VALUES ('visit-00185','default-tenant-001','agent-user-001','cust-055','2025-12-28','customer','2025-12-28T11:18:00Z','2025-12-28T11:30:00Z',-28.7489,24.7080,'audit','order_placed','Stock low','completed','2025-12-28T11:18:00Z');
INSERT OR IGNORE INTO visits (id,tenant_id,agent_id,customer_id,visit_date,visit_type,check_in_time,check_out_time,latitude,longitude,purpose,outcome,notes,status,created_at) VALUES ('visit-00186','default-tenant-001','agent-user-001','cust-061','2026-01-05','customer','2026-01-05T10:57:00Z','2026-01-05T12:16:00Z',-28.7060,24.7663,'collection','no_order','New display set up','completed','2026-01-05T10:57:00Z');
INSERT OR IGNORE INTO visits (id,tenant_id,agent_id,customer_id,visit_date,visit_type,check_in_time,check_out_time,latitude,longitude,purpose,outcome,notes,status,created_at) VALUES ('visit-00187','default-tenant-001','agent-005','cust-092','2026-01-27','customer','2026-01-27T15:00:00Z','2026-01-27T15:54:00Z',-33.9342,25.6513,'new_customer','issue_resolved','New display set up','completed','2026-01-27T15:00:00Z');
INSERT OR IGNORE INTO visits (id,tenant_id,agent_id,customer_id,visit_date,visit_type,check_in_time,check_out_time,latitude,longitude,purpose,outcome,notes,status,created_at) VALUES ('visit-00188','default-tenant-001','agent-002','cust-045','2025-12-25','customer','2025-12-25T08:12:00Z','2025-12-25T08:28:00Z',-26.2039,28.0213,'collection','issue_resolved','Customer happy','in_progress','2025-12-25T08:12:00Z');
INSERT OR IGNORE INTO visits (id,tenant_id,agent_id,customer_id,visit_date,visit_type,check_in_time,check_out_time,latitude,longitude,purpose,outcome,notes,status,created_at) VALUES ('visit-00189','default-tenant-001','agent-005','cust-044','2025-10-19','customer','2025-10-19T10:51:00Z','2025-10-19T11:21:00Z',-29.0771,26.1300,'collection','no_order','Follow up needed','completed','2025-10-19T10:51:00Z');
INSERT OR IGNORE INTO visits (id,tenant_id,agent_id,customer_id,visit_date,visit_type,check_in_time,check_out_time,latitude,longitude,purpose,outcome,notes,status,created_at) VALUES ('visit-00190','default-tenant-001','agent-003','cust-068','2025-10-13','customer','2025-10-13T11:42:00Z','2025-10-13T12:46:00Z',-32.9825,27.9036,'new_customer','competitor_noted','Follow up needed','in_progress','2025-10-13T11:42:00Z');
INSERT OR IGNORE INTO visits (id,tenant_id,agent_id,customer_id,visit_date,visit_type,check_in_time,check_out_time,latitude,longitude,purpose,outcome,notes,status,created_at) VALUES ('visit-00191','default-tenant-001','agent-005','cust-041','2025-11-22','customer','2025-11-22T07:29:00Z','2025-11-22T08:36:00Z',-29.1080,26.1613,'sales','order_placed','Good visit','completed','2025-11-22T07:29:00Z');
INSERT OR IGNORE INTO visits (id,tenant_id,agent_id,customer_id,visit_date,visit_type,check_in_time,check_out_time,latitude,longitude,purpose,outcome,notes,status,created_at) VALUES ('visit-00192','default-tenant-001','agent-user-001','cust-034','2025-12-16','customer','2025-12-16T15:11:00Z','2025-12-16T15:36:00Z',-33.0341,27.8694,'merchandising','stock_checked','Shelf space increased','completed','2025-12-16T15:11:00Z');
INSERT OR IGNORE INTO visits (id,tenant_id,agent_id,customer_id,visit_date,visit_type,check_in_time,check_out_time,latitude,longitude,purpose,outcome,notes,status,created_at) VALUES ('visit-00193','default-tenant-001','agent-003','cust-077','2025-10-31','customer','2025-10-31T16:40:00Z','2025-10-31T17:12:00Z',-23.8926,29.4482,'delivery','follow_up_needed','Shelf space increased','completed','2025-10-31T16:40:00Z');
INSERT OR IGNORE INTO visits (id,tenant_id,agent_id,customer_id,visit_date,visit_type,check_in_time,check_out_time,latitude,longitude,purpose,outcome,notes,status,created_at) VALUES ('visit-00194','default-tenant-001','agent-002','cust-046','2026-01-13','customer','2026-01-13T15:03:00Z','2026-01-13T16:02:00Z',-33.0508,27.9039,'delivery','no_order','Stock low','completed','2026-01-13T15:03:00Z');
INSERT OR IGNORE INTO visits (id,tenant_id,agent_id,customer_id,visit_date,visit_type,check_in_time,check_out_time,latitude,longitude,purpose,outcome,notes,status,created_at) VALUES ('visit-00195','default-tenant-001','agent-005','cust-090','2025-12-08','customer','2025-12-08T09:58:00Z','2025-12-08T11:07:00Z',-29.1343,26.1124,'merchandising','no_order','','in_progress','2025-12-08T09:58:00Z');
INSERT OR IGNORE INTO visits (id,tenant_id,agent_id,customer_id,visit_date,visit_type,check_in_time,check_out_time,latitude,longitude,purpose,outcome,notes,status,created_at) VALUES ('visit-00196','default-tenant-001','agent-005','cust-013','2026-02-08','customer','2026-02-08T15:39:00Z','2026-02-08T16:15:00Z',-33.9258,18.3890,'collection','stock_checked','Need more samples','completed','2026-02-08T15:39:00Z');
INSERT OR IGNORE INTO visits (id,tenant_id,agent_id,customer_id,visit_date,visit_type,check_in_time,check_out_time,latitude,longitude,purpose,outcome,notes,status,created_at) VALUES ('visit-00197','default-tenant-001','agent-003','cust-039','2025-10-09','customer','2025-10-09T14:39:00Z','2025-10-09T15:45:00Z',-25.7393,28.2101,'audit','order_placed','Shelf space increased','completed','2025-10-09T14:39:00Z');
INSERT OR IGNORE INTO visits (id,tenant_id,agent_id,customer_id,visit_date,visit_type,check_in_time,check_out_time,latitude,longitude,purpose,outcome,notes,status,created_at) VALUES ('visit-00198','default-tenant-001','agent-001','cust-064','2025-11-21','customer','2025-11-21T12:40:00Z','2025-11-21T13:57:00Z',-33.9931,25.5994,'customer_service','competitor_noted','Stock low','completed','2025-11-21T12:40:00Z');
INSERT OR IGNORE INTO visits (id,tenant_id,agent_id,customer_id,visit_date,visit_type,check_in_time,check_out_time,latitude,longitude,purpose,outcome,notes,status,created_at) VALUES ('visit-00199','default-tenant-001','agent-003','cust-067','2026-01-10','customer','2026-01-10T11:36:00Z','2026-01-10T12:04:00Z',-33.0204,27.9131,'collection','stock_checked','Placed large order','pending','2026-01-10T11:36:00Z');
INSERT OR IGNORE INTO visits (id,tenant_id,agent_id,customer_id,visit_date,visit_type,check_in_time,check_out_time,latitude,longitude,purpose,outcome,notes,status,created_at) VALUES ('visit-00200','default-tenant-001','agent-001','cust-067','2026-02-26','customer','2026-02-26T15:15:00Z','2026-02-26T16:41:00Z',-33.0132,27.9147,'sales','stock_checked','Good visit','completed','2026-02-26T15:15:00Z');
INSERT OR IGNORE INTO visits (id,tenant_id,agent_id,customer_id,visit_date,visit_type,check_in_time,check_out_time,latitude,longitude,purpose,outcome,notes,status,created_at) VALUES ('visit-00201','default-tenant-001','agent-001','cust-001','2025-12-23','customer','2025-12-23T13:37:00Z','2025-12-23T14:36:00Z',-29.8299,30.9859,'audit','no_order','Good visit','completed','2025-12-23T13:37:00Z');
INSERT OR IGNORE INTO visits (id,tenant_id,agent_id,customer_id,visit_date,visit_type,check_in_time,check_out_time,latitude,longitude,purpose,outcome,notes,status,created_at) VALUES ('visit-00202','default-tenant-001','agent-002','cust-088','2025-10-09','customer','2025-10-09T07:50:00Z','2025-10-09T08:32:00Z',-26.2310,28.0275,'collection','follow_up_needed','New display set up','completed','2025-10-09T07:50:00Z');
INSERT OR IGNORE INTO visits (id,tenant_id,agent_id,customer_id,visit_date,visit_type,check_in_time,check_out_time,latitude,longitude,purpose,outcome,notes,status,created_at) VALUES ('visit-00203','default-tenant-001','agent-user-001','cust-018','2025-12-13','customer','2025-12-13T11:59:00Z','2025-12-13T12:26:00Z',-33.9328,18.3927,'competitor_check','order_placed','','completed','2025-12-13T11:59:00Z');
INSERT OR IGNORE INTO visits (id,tenant_id,agent_id,customer_id,visit_date,visit_type,check_in_time,check_out_time,latitude,longitude,purpose,outcome,notes,status,created_at) VALUES ('visit-00204','default-tenant-001','agent-005','cust-098','2025-12-17','customer','2025-12-17T13:42:00Z','2025-12-17T14:50:00Z',-23.8876,29.4230,'customer_service','competitor_noted','Placed large order','completed','2025-12-17T13:42:00Z');
INSERT OR IGNORE INTO visits (id,tenant_id,agent_id,customer_id,visit_date,visit_type,check_in_time,check_out_time,latitude,longitude,purpose,outcome,notes,status,created_at) VALUES ('visit-00205','default-tenant-001','agent-003','cust-069','2026-01-05','customer','2026-01-05T10:14:00Z','2026-01-05T11:13:00Z',-25.4416,30.9374,'competitor_check','follow_up_needed','New display set up','completed','2026-01-05T10:14:00Z');
INSERT OR IGNORE INTO visits (id,tenant_id,agent_id,customer_id,visit_date,visit_type,check_in_time,check_out_time,latitude,longitude,purpose,outcome,notes,status,created_at) VALUES ('visit-00206','default-tenant-001','agent-003','cust-017','2025-12-28','customer','2025-12-28T10:02:00Z','2025-12-28T10:50:00Z',-33.8838,18.4323,'customer_service','follow_up_needed','New display set up','completed','2025-12-28T10:02:00Z');
INSERT OR IGNORE INTO visits (id,tenant_id,agent_id,customer_id,visit_date,visit_type,check_in_time,check_out_time,latitude,longitude,purpose,outcome,notes,status,created_at) VALUES ('visit-00207','default-tenant-001','agent-002','cust-050','2025-12-31','customer','2025-12-31T13:12:00Z','2025-12-31T14:10:00Z',-25.4344,31.0049,'collection','no_order','Follow up needed','cancelled','2025-12-31T13:12:00Z');
INSERT OR IGNORE INTO visits (id,tenant_id,agent_id,customer_id,visit_date,visit_type,check_in_time,check_out_time,latitude,longitude,purpose,outcome,notes,status,created_at) VALUES ('visit-00208','default-tenant-001','agent-004','cust-034','2025-11-28','customer','2025-11-28T13:30:00Z','2025-11-28T14:33:00Z',-25.5098,30.9947,'delivery','order_placed','Need more samples','completed','2025-11-28T13:30:00Z');
INSERT OR IGNORE INTO visits (id,tenant_id,agent_id,customer_id,visit_date,visit_type,check_in_time,check_out_time,latitude,longitude,purpose,outcome,notes,status,created_at) VALUES ('visit-00209','default-tenant-001','agent-user-001','cust-038','2026-01-23','customer','2026-01-23T12:48:00Z','2026-01-23T14:01:00Z',-29.0853,26.1189,'customer_service','order_placed','Placed large order','cancelled','2026-01-23T12:48:00Z');
INSERT OR IGNORE INTO visits (id,tenant_id,agent_id,customer_id,visit_date,visit_type,check_in_time,check_out_time,latitude,longitude,purpose,outcome,notes,status,created_at) VALUES ('visit-00210','default-tenant-001','agent-user-001','cust-095','2026-02-07','customer','2026-02-07T11:14:00Z','2026-02-07T12:37:00Z',-26.2133,28.0417,'sales','follow_up_needed','Follow up needed','completed','2026-02-07T11:14:00Z');
INSERT OR IGNORE INTO visits (id,tenant_id,agent_id,customer_id,visit_date,visit_type,check_in_time,check_out_time,latitude,longitude,purpose,outcome,notes,status,created_at) VALUES ('visit-00211','default-tenant-001','agent-005','cust-022','2025-12-04','customer','2025-12-04T10:03:00Z','2025-12-04T10:20:00Z',-33.9665,25.6429,'sales','stock_checked','Good visit','completed','2025-12-04T10:03:00Z');
INSERT OR IGNORE INTO visits (id,tenant_id,agent_id,customer_id,visit_date,visit_type,check_in_time,check_out_time,latitude,longitude,purpose,outcome,notes,status,created_at) VALUES ('visit-00212','default-tenant-001','agent-004','cust-041','2025-12-30','customer','2025-12-30T14:12:00Z','2025-12-30T14:32:00Z',-29.8483,31.0479,'audit','issue_resolved','','in_progress','2025-12-30T14:12:00Z');
INSERT OR IGNORE INTO visits (id,tenant_id,agent_id,customer_id,visit_date,visit_type,check_in_time,check_out_time,latitude,longitude,purpose,outcome,notes,status,created_at) VALUES ('visit-00213','default-tenant-001','agent-005','cust-023','2025-12-07','customer','2025-12-07T09:25:00Z','2025-12-07T10:38:00Z',-33.9537,18.3763,'new_customer','follow_up_needed','Good visit','completed','2025-12-07T09:25:00Z');
INSERT OR IGNORE INTO visits (id,tenant_id,agent_id,customer_id,visit_date,visit_type,check_in_time,check_out_time,latitude,longitude,purpose,outcome,notes,status,created_at) VALUES ('visit-00214','default-tenant-001','agent-user-001','cust-052','2025-11-17','customer','2025-11-17T14:18:00Z','2025-11-17T14:43:00Z',-29.8783,30.9847,'new_customer','no_order','Shelf space increased','completed','2025-11-17T14:18:00Z');
INSERT OR IGNORE INTO visits (id,tenant_id,agent_id,customer_id,visit_date,visit_type,check_in_time,check_out_time,latitude,longitude,purpose,outcome,notes,status,created_at) VALUES ('visit-00215','default-tenant-001','agent-002','cust-005','2025-12-04','customer','2025-12-04T07:12:00Z','2025-12-04T08:25:00Z',-26.1614,28.0537,'competitor_check','stock_checked','New display set up','completed','2025-12-04T07:12:00Z');
INSERT OR IGNORE INTO visits (id,tenant_id,agent_id,customer_id,visit_date,visit_type,check_in_time,check_out_time,latitude,longitude,purpose,outcome,notes,status,created_at) VALUES ('visit-00216','default-tenant-001','agent-005','cust-042','2026-01-04','customer','2026-01-04T11:55:00Z','2026-01-04T12:29:00Z',-25.7038,28.1847,'competitor_check','order_placed','Stock low','completed','2026-01-04T11:55:00Z');
INSERT OR IGNORE INTO visits (id,tenant_id,agent_id,customer_id,visit_date,visit_type,check_in_time,check_out_time,latitude,longitude,purpose,outcome,notes,status,created_at) VALUES ('visit-00217','default-tenant-001','agent-002','cust-080','2026-01-23','customer','2026-01-23T13:04:00Z','2026-01-23T13:42:00Z',-33.8844,18.4276,'sales','stock_checked','Stock low','completed','2026-01-23T13:04:00Z');
INSERT OR IGNORE INTO visits (id,tenant_id,agent_id,customer_id,visit_date,visit_type,check_in_time,check_out_time,latitude,longitude,purpose,outcome,notes,status,created_at) VALUES ('visit-00218','default-tenant-001','agent-002','cust-074','2025-10-19','customer','2025-10-19T11:22:00Z','2025-10-19T12:31:00Z',-33.9681,25.5872,'competitor_check','no_order','New display set up','completed','2025-10-19T11:22:00Z');
INSERT OR IGNORE INTO visits (id,tenant_id,agent_id,customer_id,visit_date,visit_type,check_in_time,check_out_time,latitude,longitude,purpose,outcome,notes,status,created_at) VALUES ('visit-00219','default-tenant-001','agent-001','cust-016','2025-12-01','customer','2025-12-01T15:57:00Z','2025-12-01T16:22:00Z',-29.0729,26.1196,'competitor_check','issue_resolved','Shelf space increased','completed','2025-12-01T15:57:00Z');
INSERT OR IGNORE INTO visits (id,tenant_id,agent_id,customer_id,visit_date,visit_type,check_in_time,check_out_time,latitude,longitude,purpose,outcome,notes,status,created_at) VALUES ('visit-00220','default-tenant-001','agent-002','cust-065','2026-01-11','customer','2026-01-11T14:28:00Z','2026-01-11T14:52:00Z',-25.7507,28.2160,'audit','follow_up_needed','Follow up needed','completed','2026-01-11T14:28:00Z');
INSERT OR IGNORE INTO visits (id,tenant_id,agent_id,customer_id,visit_date,visit_type,check_in_time,check_out_time,latitude,longitude,purpose,outcome,notes,status,created_at) VALUES ('visit-00221','default-tenant-001','agent-user-001','cust-087','2025-12-19','customer','2025-12-19T14:53:00Z','2025-12-19T15:27:00Z',-23.9362,29.4995,'audit','competitor_noted','Competitor promo spotted','completed','2025-12-19T14:53:00Z');
INSERT OR IGNORE INTO visits (id,tenant_id,agent_id,customer_id,visit_date,visit_type,check_in_time,check_out_time,latitude,longitude,purpose,outcome,notes,status,created_at) VALUES ('visit-00222','default-tenant-001','agent-002','cust-073','2025-11-27','customer','2025-11-27T08:31:00Z','2025-11-27T09:28:00Z',-32.9972,27.8625,'merchandising','follow_up_needed','Customer happy','pending','2025-11-27T08:31:00Z');
INSERT OR IGNORE INTO visits (id,tenant_id,agent_id,customer_id,visit_date,visit_type,check_in_time,check_out_time,latitude,longitude,purpose,outcome,notes,status,created_at) VALUES ('visit-00223','default-tenant-001','agent-002','cust-098','2026-02-05','customer','2026-02-05T07:57:00Z','2026-02-05T09:20:00Z',-29.0852,26.1680,'customer_service','competitor_noted','Placed large order','cancelled','2026-02-05T07:57:00Z');
INSERT OR IGNORE INTO visits (id,tenant_id,agent_id,customer_id,visit_date,visit_type,check_in_time,check_out_time,latitude,longitude,purpose,outcome,notes,status,created_at) VALUES ('visit-00224','default-tenant-001','agent-004','cust-009','2025-10-04','customer','2025-10-04T08:20:00Z','2025-10-04T08:45:00Z',-33.0013,27.9220,'audit','issue_resolved','New display set up','completed','2025-10-04T08:20:00Z');
INSERT OR IGNORE INTO visits (id,tenant_id,agent_id,customer_id,visit_date,visit_type,check_in_time,check_out_time,latitude,longitude,purpose,outcome,notes,status,created_at) VALUES ('visit-00225','default-tenant-001','agent-001','cust-052','2025-12-19','customer','2025-12-19T07:34:00Z','2025-12-19T09:03:00Z',-29.8678,31.0073,'audit','no_order','Need more samples','in_progress','2025-12-19T07:34:00Z');
INSERT OR IGNORE INTO visits (id,tenant_id,agent_id,customer_id,visit_date,visit_type,check_in_time,check_out_time,latitude,longitude,purpose,outcome,notes,status,created_at) VALUES ('visit-00226','default-tenant-001','agent-004','cust-019','2025-10-19','customer','2025-10-19T07:18:00Z','2025-10-19T08:38:00Z',-33.0515,27.8754,'customer_service','follow_up_needed','','completed','2025-10-19T07:18:00Z');
INSERT OR IGNORE INTO visits (id,tenant_id,agent_id,customer_id,visit_date,visit_type,check_in_time,check_out_time,latitude,longitude,purpose,outcome,notes,status,created_at) VALUES ('visit-00227','default-tenant-001','agent-004','cust-077','2025-10-05','customer','2025-10-05T08:25:00Z','2025-10-05T09:31:00Z',-33.9216,25.6100,'delivery','follow_up_needed','Stock low','completed','2025-10-05T08:25:00Z');
INSERT OR IGNORE INTO visits (id,tenant_id,agent_id,customer_id,visit_date,visit_type,check_in_time,check_out_time,latitude,longitude,purpose,outcome,notes,status,created_at) VALUES ('visit-00228','default-tenant-001','agent-user-001','cust-018','2025-11-04','customer','2025-11-04T10:15:00Z','2025-11-04T10:38:00Z',-29.1080,26.1566,'merchandising','stock_checked','Shelf space increased','in_progress','2025-11-04T10:15:00Z');
INSERT OR IGNORE INTO visits (id,tenant_id,agent_id,customer_id,visit_date,visit_type,check_in_time,check_out_time,latitude,longitude,purpose,outcome,notes,status,created_at) VALUES ('visit-00229','default-tenant-001','agent-005','cust-002','2025-10-14','customer','2025-10-14T11:28:00Z','2025-10-14T12:49:00Z',-25.4610,30.9371,'collection','no_order','Good visit','in_progress','2025-10-14T11:28:00Z');
INSERT OR IGNORE INTO visits (id,tenant_id,agent_id,customer_id,visit_date,visit_type,check_in_time,check_out_time,latitude,longitude,purpose,outcome,notes,status,created_at) VALUES ('visit-00230','default-tenant-001','agent-004','cust-084','2025-12-19','customer','2025-12-19T13:37:00Z','2025-12-19T14:41:00Z',-29.8896,31.0333,'audit','no_order','Competitor promo spotted','completed','2025-12-19T13:37:00Z');
INSERT OR IGNORE INTO visits (id,tenant_id,agent_id,customer_id,visit_date,visit_type,check_in_time,check_out_time,latitude,longitude,purpose,outcome,notes,status,created_at) VALUES ('visit-00231','default-tenant-001','agent-004','cust-033','2026-01-25','customer','2026-01-25T16:45:00Z','2026-01-25T17:03:00Z',-25.4606,30.9565,'customer_service','order_placed','Good visit','completed','2026-01-25T16:45:00Z');
INSERT OR IGNORE INTO visits (id,tenant_id,agent_id,customer_id,visit_date,visit_type,check_in_time,check_out_time,latitude,longitude,purpose,outcome,notes,status,created_at) VALUES ('visit-00232','default-tenant-001','agent-003','cust-093','2025-12-03','customer','2025-12-03T07:31:00Z','2025-12-03T08:40:00Z',-29.1134,26.1573,'competitor_check','competitor_noted','Good visit','completed','2025-12-03T07:31:00Z');
INSERT OR IGNORE INTO visits (id,tenant_id,agent_id,customer_id,visit_date,visit_type,check_in_time,check_out_time,latitude,longitude,purpose,outcome,notes,status,created_at) VALUES ('visit-00233','default-tenant-001','agent-004','cust-031','2025-11-17','customer','2025-11-17T17:23:00Z','2025-11-17T18:24:00Z',-28.7552,24.7672,'sales','order_placed','Need more samples','completed','2025-11-17T17:23:00Z');
INSERT OR IGNORE INTO visits (id,tenant_id,agent_id,customer_id,visit_date,visit_type,check_in_time,check_out_time,latitude,longitude,purpose,outcome,notes,status,created_at) VALUES ('visit-00234','default-tenant-001','agent-004','cust-088','2026-02-15','customer','2026-02-15T14:31:00Z','2026-02-15T14:53:00Z',-29.0807,26.1386,'collection','no_order','Placed large order','completed','2026-02-15T14:31:00Z');
INSERT OR IGNORE INTO visits (id,tenant_id,agent_id,customer_id,visit_date,visit_type,check_in_time,check_out_time,latitude,longitude,purpose,outcome,notes,status,created_at) VALUES ('visit-00235','default-tenant-001','agent-004','cust-031','2025-10-09','customer','2025-10-09T14:27:00Z','2025-10-09T15:13:00Z',-25.7365,28.2122,'competitor_check','order_placed','Follow up needed','completed','2025-10-09T14:27:00Z');
INSERT OR IGNORE INTO visits (id,tenant_id,agent_id,customer_id,visit_date,visit_type,check_in_time,check_out_time,latitude,longitude,purpose,outcome,notes,status,created_at) VALUES ('visit-00236','default-tenant-001','agent-004','cust-079','2026-02-10','customer','2026-02-10T16:32:00Z','2026-02-10T17:46:00Z',-23.9388,29.4497,'sales','competitor_noted','New display set up','completed','2026-02-10T16:32:00Z');
INSERT OR IGNORE INTO visits (id,tenant_id,agent_id,customer_id,visit_date,visit_type,check_in_time,check_out_time,latitude,longitude,purpose,outcome,notes,status,created_at) VALUES ('visit-00237','default-tenant-001','agent-002','cust-033','2026-03-07','customer','2026-03-07T12:35:00Z','2026-03-07T13:45:00Z',-25.4386,31.0085,'collection','order_placed','Competitor promo spotted','completed','2026-03-07T12:35:00Z');
INSERT OR IGNORE INTO visits (id,tenant_id,agent_id,customer_id,visit_date,visit_type,check_in_time,check_out_time,latitude,longitude,purpose,outcome,notes,status,created_at) VALUES ('visit-00238','default-tenant-001','agent-002','cust-071','2025-10-09','customer','2025-10-09T17:43:00Z','2025-10-09T18:27:00Z',-29.1330,26.1476,'new_customer','competitor_noted','Follow up needed','completed','2025-10-09T17:43:00Z');
INSERT OR IGNORE INTO visits (id,tenant_id,agent_id,customer_id,visit_date,visit_type,check_in_time,check_out_time,latitude,longitude,purpose,outcome,notes,status,created_at) VALUES ('visit-00239','default-tenant-001','agent-001','cust-063','2025-11-08','customer','2025-11-08T15:08:00Z','2025-11-08T16:05:00Z',-28.7327,24.7290,'merchandising','follow_up_needed','Competitor promo spotted','completed','2025-11-08T15:08:00Z');
INSERT OR IGNORE INTO visits (id,tenant_id,agent_id,customer_id,visit_date,visit_type,check_in_time,check_out_time,latitude,longitude,purpose,outcome,notes,status,created_at) VALUES ('visit-00240','default-tenant-001','agent-003','cust-070','2026-01-21','customer','2026-01-21T09:41:00Z','2026-01-21T10:21:00Z',-29.1113,26.1249,'competitor_check','follow_up_needed','','completed','2026-01-21T09:41:00Z');
INSERT OR IGNORE INTO visits (id,tenant_id,agent_id,customer_id,visit_date,visit_type,check_in_time,check_out_time,latitude,longitude,purpose,outcome,notes,status,created_at) VALUES ('visit-00241','default-tenant-001','agent-002','cust-016','2026-02-27','customer','2026-02-27T11:09:00Z','2026-02-27T12:20:00Z',-28.6968,24.7854,'audit','follow_up_needed','Need more samples','pending','2026-02-27T11:09:00Z');
INSERT OR IGNORE INTO visits (id,tenant_id,agent_id,customer_id,visit_date,visit_type,check_in_time,check_out_time,latitude,longitude,purpose,outcome,notes,status,created_at) VALUES ('visit-00242','default-tenant-001','agent-004','cust-043','2025-10-04','customer','2025-10-04T08:15:00Z','2025-10-04T08:49:00Z',-25.5018,31.0132,'competitor_check','stock_checked','Follow up needed','pending','2025-10-04T08:15:00Z');
INSERT OR IGNORE INTO visits (id,tenant_id,agent_id,customer_id,visit_date,visit_type,check_in_time,check_out_time,latitude,longitude,purpose,outcome,notes,status,created_at) VALUES ('visit-00243','default-tenant-001','agent-001','cust-007','2025-11-27','customer','2025-11-27T11:45:00Z','2025-11-27T12:13:00Z',-23.9012,29.4976,'audit','issue_resolved','Customer happy','completed','2025-11-27T11:45:00Z');
INSERT OR IGNORE INTO visits (id,tenant_id,agent_id,customer_id,visit_date,visit_type,check_in_time,check_out_time,latitude,longitude,purpose,outcome,notes,status,created_at) VALUES ('visit-00244','default-tenant-001','agent-user-001','cust-095','2025-12-07','customer','2025-12-07T17:04:00Z','2025-12-07T17:45:00Z',-29.8123,31.0534,'new_customer','stock_checked','Follow up needed','completed','2025-12-07T17:04:00Z');
INSERT OR IGNORE INTO visits (id,tenant_id,agent_id,customer_id,visit_date,visit_type,check_in_time,check_out_time,latitude,longitude,purpose,outcome,notes,status,created_at) VALUES ('visit-00245','default-tenant-001','agent-005','cust-001','2025-12-28','customer','2025-12-28T14:57:00Z','2025-12-28T15:36:00Z',-33.0437,27.9530,'audit','stock_checked','Follow up needed','completed','2025-12-28T14:57:00Z');
INSERT OR IGNORE INTO visits (id,tenant_id,agent_id,customer_id,visit_date,visit_type,check_in_time,check_out_time,latitude,longitude,purpose,outcome,notes,status,created_at) VALUES ('visit-00246','default-tenant-001','agent-005','cust-030','2026-01-07','customer','2026-01-07T16:02:00Z','2026-01-07T16:49:00Z',-33.9477,18.4530,'collection','competitor_noted','Competitor promo spotted','in_progress','2026-01-07T16:02:00Z');
INSERT OR IGNORE INTO visits (id,tenant_id,agent_id,customer_id,visit_date,visit_type,check_in_time,check_out_time,latitude,longitude,purpose,outcome,notes,status,created_at) VALUES ('visit-00247','default-tenant-001','agent-user-001','cust-068','2026-01-14','customer','2026-01-14T14:02:00Z','2026-01-14T15:30:00Z',-23.9067,29.4925,'merchandising','issue_resolved','','in_progress','2026-01-14T14:02:00Z');
INSERT OR IGNORE INTO visits (id,tenant_id,agent_id,customer_id,visit_date,visit_type,check_in_time,check_out_time,latitude,longitude,purpose,outcome,notes,status,created_at) VALUES ('visit-00248','default-tenant-001','agent-005','cust-098','2025-12-11','customer','2025-12-11T09:42:00Z','2025-12-11T11:09:00Z',-29.0849,26.1769,'new_customer','order_placed','Customer happy','cancelled','2025-12-11T09:42:00Z');
INSERT OR IGNORE INTO visits (id,tenant_id,agent_id,customer_id,visit_date,visit_type,check_in_time,check_out_time,latitude,longitude,purpose,outcome,notes,status,created_at) VALUES ('visit-00249','default-tenant-001','agent-user-001','cust-029','2025-12-09','customer','2025-12-09T09:17:00Z','2025-12-09T09:44:00Z',-28.7377,24.7341,'collection','no_order','Good visit','cancelled','2025-12-09T09:17:00Z');
INSERT OR IGNORE INTO visits (id,tenant_id,agent_id,customer_id,visit_date,visit_type,check_in_time,check_out_time,latitude,longitude,purpose,outcome,notes,status,created_at) VALUES ('visit-00250','default-tenant-001','agent-004','cust-096','2026-01-12','customer','2026-01-12T14:44:00Z','2026-01-12T15:06:00Z',-33.0451,27.9301,'audit','issue_resolved','Good visit','in_progress','2026-01-12T14:44:00Z');
INSERT OR IGNORE INTO visits (id,tenant_id,agent_id,customer_id,visit_date,visit_type,check_in_time,check_out_time,latitude,longitude,purpose,outcome,notes,status,created_at) VALUES ('visit-00251','default-tenant-001','agent-002','cust-049','2026-01-12','customer','2026-01-12T08:22:00Z','2026-01-12T09:25:00Z',-25.4782,30.9936,'sales','stock_checked','Stock low','completed','2026-01-12T08:22:00Z');
INSERT OR IGNORE INTO visits (id,tenant_id,agent_id,customer_id,visit_date,visit_type,check_in_time,check_out_time,latitude,longitude,purpose,outcome,notes,status,created_at) VALUES ('visit-00252','default-tenant-001','agent-005','cust-019','2025-12-20','customer','2025-12-20T11:22:00Z','2025-12-20T12:44:00Z',-26.2150,28.0070,'merchandising','no_order','Need more samples','cancelled','2025-12-20T11:22:00Z');
INSERT OR IGNORE INTO visits (id,tenant_id,agent_id,customer_id,visit_date,visit_type,check_in_time,check_out_time,latitude,longitude,purpose,outcome,notes,status,created_at) VALUES ('visit-00253','default-tenant-001','agent-user-001','cust-075','2026-02-02','customer','2026-02-02T13:44:00Z','2026-02-02T15:04:00Z',-33.9621,18.4657,'new_customer','stock_checked','Stock low','completed','2026-02-02T13:44:00Z');
INSERT OR IGNORE INTO visits (id,tenant_id,agent_id,customer_id,visit_date,visit_type,check_in_time,check_out_time,latitude,longitude,purpose,outcome,notes,status,created_at) VALUES ('visit-00254','default-tenant-001','agent-002','cust-059','2025-10-27','customer','2025-10-27T10:14:00Z','2025-10-27T10:28:00Z',-25.4857,30.9953,'delivery','competitor_noted','Good visit','completed','2025-10-27T10:14:00Z');
INSERT OR IGNORE INTO visits (id,tenant_id,agent_id,customer_id,visit_date,visit_type,check_in_time,check_out_time,latitude,longitude,purpose,outcome,notes,status,created_at) VALUES ('visit-00255','default-tenant-001','agent-003','cust-064','2026-01-31','customer','2026-01-31T13:02:00Z','2026-01-31T14:30:00Z',-33.9023,18.4104,'new_customer','stock_checked','Need more samples','pending','2026-01-31T13:02:00Z');
INSERT OR IGNORE INTO visits (id,tenant_id,agent_id,customer_id,visit_date,visit_type,check_in_time,check_out_time,latitude,longitude,purpose,outcome,notes,status,created_at) VALUES ('visit-00256','default-tenant-001','agent-002','cust-035','2026-01-28','customer','2026-01-28T16:47:00Z','2026-01-28T18:00:00Z',-29.9040,30.9899,'competitor_check','follow_up_needed','Follow up needed','completed','2026-01-28T16:47:00Z');
INSERT OR IGNORE INTO visits (id,tenant_id,agent_id,customer_id,visit_date,visit_type,check_in_time,check_out_time,latitude,longitude,purpose,outcome,notes,status,created_at) VALUES ('visit-00257','default-tenant-001','agent-005','cust-065','2025-10-16','customer','2025-10-16T17:52:00Z','2025-10-16T18:48:00Z',-25.4390,30.9702,'sales','no_order','New display set up','in_progress','2025-10-16T17:52:00Z');
INSERT OR IGNORE INTO visits (id,tenant_id,agent_id,customer_id,visit_date,visit_type,check_in_time,check_out_time,latitude,longitude,purpose,outcome,notes,status,created_at) VALUES ('visit-00258','default-tenant-001','agent-005','cust-092','2026-01-18','customer','2026-01-18T09:40:00Z','2026-01-18T10:24:00Z',-25.4497,30.9701,'new_customer','competitor_noted','','completed','2026-01-18T09:40:00Z');
INSERT OR IGNORE INTO visits (id,tenant_id,agent_id,customer_id,visit_date,visit_type,check_in_time,check_out_time,latitude,longitude,purpose,outcome,notes,status,created_at) VALUES ('visit-00259','default-tenant-001','agent-001','cust-068','2025-11-18','customer','2025-11-18T17:11:00Z','2025-11-18T18:34:00Z',-26.1566,28.0122,'collection','follow_up_needed','Shelf space increased','completed','2025-11-18T17:11:00Z');
INSERT OR IGNORE INTO visits (id,tenant_id,agent_id,customer_id,visit_date,visit_type,check_in_time,check_out_time,latitude,longitude,purpose,outcome,notes,status,created_at) VALUES ('visit-00260','default-tenant-001','agent-user-001','cust-059','2025-12-29','customer','2025-12-29T16:45:00Z','2025-12-29T17:43:00Z',-33.9972,25.5598,'collection','follow_up_needed','Follow up needed','in_progress','2025-12-29T16:45:00Z');
INSERT OR IGNORE INTO visits (id,tenant_id,agent_id,customer_id,visit_date,visit_type,check_in_time,check_out_time,latitude,longitude,purpose,outcome,notes,status,created_at) VALUES ('visit-00261','default-tenant-001','agent-003','cust-047','2025-10-16','customer','2025-10-16T16:42:00Z','2025-10-16T16:55:00Z',-33.9493,25.5588,'collection','no_order','Shelf space increased','completed','2025-10-16T16:42:00Z');
INSERT OR IGNORE INTO visits (id,tenant_id,agent_id,customer_id,visit_date,visit_type,check_in_time,check_out_time,latitude,longitude,purpose,outcome,notes,status,created_at) VALUES ('visit-00262','default-tenant-001','agent-003','cust-079','2025-10-27','customer','2025-10-27T08:39:00Z','2025-10-27T09:00:00Z',-26.2160,28.0056,'new_customer','stock_checked','Placed large order','completed','2025-10-27T08:39:00Z');
INSERT OR IGNORE INTO visits (id,tenant_id,agent_id,customer_id,visit_date,visit_type,check_in_time,check_out_time,latitude,longitude,purpose,outcome,notes,status,created_at) VALUES ('visit-00263','default-tenant-001','agent-user-001','cust-100','2026-02-05','customer','2026-02-05T14:50:00Z','2026-02-05T16:08:00Z',-29.0875,26.1446,'delivery','order_placed','Customer happy','cancelled','2026-02-05T14:50:00Z');
INSERT OR IGNORE INTO visits (id,tenant_id,agent_id,customer_id,visit_date,visit_type,check_in_time,check_out_time,latitude,longitude,purpose,outcome,notes,status,created_at) VALUES ('visit-00264','default-tenant-001','agent-003','cust-010','2026-01-03','customer','2026-01-03T17:22:00Z','2026-01-03T17:43:00Z',-25.5005,30.9631,'sales','order_placed','Placed large order','completed','2026-01-03T17:22:00Z');
INSERT OR IGNORE INTO visits (id,tenant_id,agent_id,customer_id,visit_date,visit_type,check_in_time,check_out_time,latitude,longitude,purpose,outcome,notes,status,created_at) VALUES ('visit-00265','default-tenant-001','agent-003','cust-025','2026-03-02','customer','2026-03-02T11:33:00Z','2026-03-02T12:12:00Z',-23.8568,29.4488,'customer_service','order_placed','Need more samples','pending','2026-03-02T11:33:00Z');
INSERT OR IGNORE INTO visits (id,tenant_id,agent_id,customer_id,visit_date,visit_type,check_in_time,check_out_time,latitude,longitude,purpose,outcome,notes,status,created_at) VALUES ('visit-00266','default-tenant-001','agent-002','cust-041','2026-02-02','customer','2026-02-02T14:37:00Z','2026-02-02T15:50:00Z',-34.0055,25.6461,'customer_service','follow_up_needed','Need more samples','pending','2026-02-02T14:37:00Z');
INSERT OR IGNORE INTO visits (id,tenant_id,agent_id,customer_id,visit_date,visit_type,check_in_time,check_out_time,latitude,longitude,purpose,outcome,notes,status,created_at) VALUES ('visit-00267','default-tenant-001','agent-003','cust-075','2026-01-07','customer','2026-01-07T07:34:00Z','2026-01-07T08:28:00Z',-33.9201,25.6486,'delivery','no_order','','completed','2026-01-07T07:34:00Z');
INSERT OR IGNORE INTO visits (id,tenant_id,agent_id,customer_id,visit_date,visit_type,check_in_time,check_out_time,latitude,longitude,purpose,outcome,notes,status,created_at) VALUES ('visit-00268','default-tenant-001','agent-001','cust-048','2026-01-08','customer','2026-01-08T15:45:00Z','2026-01-08T16:01:00Z',-25.7390,28.2334,'merchandising','order_placed','Need more samples','cancelled','2026-01-08T15:45:00Z');
INSERT OR IGNORE INTO visits (id,tenant_id,agent_id,customer_id,visit_date,visit_type,check_in_time,check_out_time,latitude,longitude,purpose,outcome,notes,status,created_at) VALUES ('visit-00269','default-tenant-001','agent-user-001','cust-016','2025-10-26','customer','2025-10-26T07:14:00Z','2025-10-26T08:41:00Z',-33.0332,27.9059,'merchandising','stock_checked','New display set up','completed','2025-10-26T07:14:00Z');
INSERT OR IGNORE INTO visits (id,tenant_id,agent_id,customer_id,visit_date,visit_type,check_in_time,check_out_time,latitude,longitude,purpose,outcome,notes,status,created_at) VALUES ('visit-00270','default-tenant-001','agent-005','cust-016','2026-03-06','customer','2026-03-06T12:38:00Z','2026-03-06T12:49:00Z',-29.8319,31.0143,'audit','stock_checked','Good visit','pending','2026-03-06T12:38:00Z');
INSERT OR IGNORE INTO visits (id,tenant_id,agent_id,customer_id,visit_date,visit_type,check_in_time,check_out_time,latitude,longitude,purpose,outcome,notes,status,created_at) VALUES ('visit-00271','default-tenant-001','agent-005','cust-036','2025-10-14','customer','2025-10-14T17:36:00Z','2025-10-14T18:41:00Z',-25.4817,30.9519,'competitor_check','no_order','Stock low','pending','2025-10-14T17:36:00Z');
INSERT OR IGNORE INTO visits (id,tenant_id,agent_id,customer_id,visit_date,visit_type,check_in_time,check_out_time,latitude,longitude,purpose,outcome,notes,status,created_at) VALUES ('visit-00272','default-tenant-001','agent-001','cust-027','2025-12-14','customer','2025-12-14T17:55:00Z','2025-12-14T18:18:00Z',-29.0970,26.1700,'customer_service','no_order','Placed large order','completed','2025-12-14T17:55:00Z');
INSERT OR IGNORE INTO visits (id,tenant_id,agent_id,customer_id,visit_date,visit_type,check_in_time,check_out_time,latitude,longitude,purpose,outcome,notes,status,created_at) VALUES ('visit-00273','default-tenant-001','agent-003','cust-047','2025-10-26','customer','2025-10-26T09:35:00Z','2025-10-26T10:52:00Z',-33.9439,18.4041,'customer_service','order_placed','New display set up','completed','2025-10-26T09:35:00Z');
INSERT OR IGNORE INTO visits (id,tenant_id,agent_id,customer_id,visit_date,visit_type,check_in_time,check_out_time,latitude,longitude,purpose,outcome,notes,status,created_at) VALUES ('visit-00274','default-tenant-001','agent-003','cust-019','2025-12-18','customer','2025-12-18T15:38:00Z','2025-12-18T16:59:00Z',-29.8942,31.0510,'merchandising','issue_resolved','Shelf space increased','completed','2025-12-18T15:38:00Z');
INSERT OR IGNORE INTO visits (id,tenant_id,agent_id,customer_id,visit_date,visit_type,check_in_time,check_out_time,latitude,longitude,purpose,outcome,notes,status,created_at) VALUES ('visit-00275','default-tenant-001','agent-001','cust-046','2025-10-26','customer','2025-10-26T07:45:00Z','2025-10-26T07:55:00Z',-33.9051,18.3819,'sales','competitor_noted','Follow up needed','completed','2025-10-26T07:45:00Z');
INSERT OR IGNORE INTO visits (id,tenant_id,agent_id,customer_id,visit_date,visit_type,check_in_time,check_out_time,latitude,longitude,purpose,outcome,notes,status,created_at) VALUES ('visit-00276','default-tenant-001','agent-002','cust-048','2025-12-23','customer','2025-12-23T13:57:00Z','2025-12-23T14:41:00Z',-33.9172,18.3857,'collection','follow_up_needed','Need more samples','completed','2025-12-23T13:57:00Z');
INSERT OR IGNORE INTO visits (id,tenant_id,agent_id,customer_id,visit_date,visit_type,check_in_time,check_out_time,latitude,longitude,purpose,outcome,notes,status,created_at) VALUES ('visit-00277','default-tenant-001','agent-001','cust-027','2026-03-04','customer','2026-03-04T07:57:00Z','2026-03-04T09:11:00Z',-23.8598,29.4197,'collection','competitor_noted','Shelf space increased','completed','2026-03-04T07:57:00Z');
INSERT OR IGNORE INTO visits (id,tenant_id,agent_id,customer_id,visit_date,visit_type,check_in_time,check_out_time,latitude,longitude,purpose,outcome,notes,status,created_at) VALUES ('visit-00278','default-tenant-001','agent-005','cust-046','2025-11-22','customer','2025-11-22T08:51:00Z','2025-11-22T09:39:00Z',-26.1813,28.0236,'competitor_check','stock_checked','Good visit','in_progress','2025-11-22T08:51:00Z');
INSERT OR IGNORE INTO visits (id,tenant_id,agent_id,customer_id,visit_date,visit_type,check_in_time,check_out_time,latitude,longitude,purpose,outcome,notes,status,created_at) VALUES ('visit-00279','default-tenant-001','agent-004','cust-020','2025-12-12','customer','2025-12-12T14:20:00Z','2025-12-12T14:41:00Z',-23.8701,29.4726,'delivery','no_order','Placed large order','pending','2025-12-12T14:20:00Z');
INSERT OR IGNORE INTO visits (id,tenant_id,agent_id,customer_id,visit_date,visit_type,check_in_time,check_out_time,latitude,longitude,purpose,outcome,notes,status,created_at) VALUES ('visit-00280','default-tenant-001','agent-user-001','cust-084','2026-02-17','customer','2026-02-17T08:37:00Z','2026-02-17T09:46:00Z',-33.8776,18.4092,'audit','no_order','New display set up','pending','2026-02-17T08:37:00Z');
INSERT OR IGNORE INTO visits (id,tenant_id,agent_id,customer_id,visit_date,visit_type,check_in_time,check_out_time,latitude,longitude,purpose,outcome,notes,status,created_at) VALUES ('visit-00281','default-tenant-001','agent-001','cust-044','2025-10-26','customer','2025-10-26T13:45:00Z','2025-10-26T15:01:00Z',-33.8915,18.3782,'audit','issue_resolved','Customer happy','pending','2025-10-26T13:45:00Z');
INSERT OR IGNORE INTO visits (id,tenant_id,agent_id,customer_id,visit_date,visit_type,check_in_time,check_out_time,latitude,longitude,purpose,outcome,notes,status,created_at) VALUES ('visit-00282','default-tenant-001','agent-003','cust-048','2025-11-22','customer','2025-11-22T10:45:00Z','2025-11-22T10:57:00Z',-25.7445,28.2645,'delivery','competitor_noted','Competitor promo spotted','pending','2025-11-22T10:45:00Z');
INSERT OR IGNORE INTO visits (id,tenant_id,agent_id,customer_id,visit_date,visit_type,check_in_time,check_out_time,latitude,longitude,purpose,outcome,notes,status,created_at) VALUES ('visit-00283','default-tenant-001','agent-005','cust-022','2025-10-02','customer','2025-10-02T12:56:00Z','2025-10-02T14:05:00Z',-25.7551,28.2142,'audit','no_order','Follow up needed','completed','2025-10-02T12:56:00Z');
INSERT OR IGNORE INTO visits (id,tenant_id,agent_id,customer_id,visit_date,visit_type,check_in_time,check_out_time,latitude,longitude,purpose,outcome,notes,status,created_at) VALUES ('visit-00284','default-tenant-001','agent-002','cust-079','2025-11-30','customer','2025-11-30T08:27:00Z','2025-11-30T09:08:00Z',-33.9794,25.6012,'delivery','no_order','','completed','2025-11-30T08:27:00Z');
INSERT OR IGNORE INTO visits (id,tenant_id,agent_id,customer_id,visit_date,visit_type,check_in_time,check_out_time,latitude,longitude,purpose,outcome,notes,status,created_at) VALUES ('visit-00285','default-tenant-001','agent-003','cust-022','2026-01-24','customer','2026-01-24T12:11:00Z','2026-01-24T13:30:00Z',-33.9652,25.6487,'customer_service','no_order','Need more samples','completed','2026-01-24T12:11:00Z');
INSERT OR IGNORE INTO visits (id,tenant_id,agent_id,customer_id,visit_date,visit_type,check_in_time,check_out_time,latitude,longitude,purpose,outcome,notes,status,created_at) VALUES ('visit-00286','default-tenant-001','agent-002','cust-034','2026-01-29','customer','2026-01-29T09:40:00Z','2026-01-29T10:31:00Z',-26.2463,28.0056,'delivery','no_order','','completed','2026-01-29T09:40:00Z');
INSERT OR IGNORE INTO visits (id,tenant_id,agent_id,customer_id,visit_date,visit_type,check_in_time,check_out_time,latitude,longitude,purpose,outcome,notes,status,created_at) VALUES ('visit-00287','default-tenant-001','agent-user-001','cust-014','2025-10-21','customer','2025-10-21T08:47:00Z','2025-10-21T10:00:00Z',-26.1963,28.0431,'customer_service','no_order','Placed large order','completed','2025-10-21T08:47:00Z');
INSERT OR IGNORE INTO visits (id,tenant_id,agent_id,customer_id,visit_date,visit_type,check_in_time,check_out_time,latitude,longitude,purpose,outcome,notes,status,created_at) VALUES ('visit-00288','default-tenant-001','agent-003','cust-073','2025-10-21','customer','2025-10-21T07:03:00Z','2025-10-21T07:22:00Z',-25.4378,30.9646,'sales','stock_checked','Competitor promo spotted','cancelled','2025-10-21T07:03:00Z');
INSERT OR IGNORE INTO visits (id,tenant_id,agent_id,customer_id,visit_date,visit_type,check_in_time,check_out_time,latitude,longitude,purpose,outcome,notes,status,created_at) VALUES ('visit-00289','default-tenant-001','agent-005','cust-030','2026-01-31','customer','2026-01-31T16:03:00Z','2026-01-31T16:34:00Z',-29.9076,30.9881,'collection','follow_up_needed','Stock low','completed','2026-01-31T16:03:00Z');
INSERT OR IGNORE INTO visits (id,tenant_id,agent_id,customer_id,visit_date,visit_type,check_in_time,check_out_time,latitude,longitude,purpose,outcome,notes,status,created_at) VALUES ('visit-00290','default-tenant-001','agent-005','cust-077','2025-10-13','customer','2025-10-13T17:13:00Z','2025-10-13T18:21:00Z',-28.7067,24.7388,'competitor_check','no_order','New display set up','completed','2025-10-13T17:13:00Z');
INSERT OR IGNORE INTO visits (id,tenant_id,agent_id,customer_id,visit_date,visit_type,check_in_time,check_out_time,latitude,longitude,purpose,outcome,notes,status,created_at) VALUES ('visit-00291','default-tenant-001','agent-005','cust-053','2025-10-19','customer','2025-10-19T10:13:00Z','2025-10-19T10:34:00Z',-25.5179,30.9401,'customer_service','competitor_noted','Good visit','completed','2025-10-19T10:13:00Z');
INSERT OR IGNORE INTO visits (id,tenant_id,agent_id,customer_id,visit_date,visit_type,check_in_time,check_out_time,latitude,longitude,purpose,outcome,notes,status,created_at) VALUES ('visit-00292','default-tenant-001','agent-001','cust-085','2025-12-04','customer','2025-12-04T11:49:00Z','2025-12-04T12:58:00Z',-29.8910,30.9872,'collection','follow_up_needed','Customer happy','completed','2025-12-04T11:49:00Z');
INSERT OR IGNORE INTO visits (id,tenant_id,agent_id,customer_id,visit_date,visit_type,check_in_time,check_out_time,latitude,longitude,purpose,outcome,notes,status,created_at) VALUES ('visit-00293','default-tenant-001','agent-004','cust-024','2025-11-30','customer','2025-11-30T16:05:00Z','2025-11-30T16:57:00Z',-33.9377,18.4510,'collection','follow_up_needed','Follow up needed','completed','2025-11-30T16:05:00Z');
INSERT OR IGNORE INTO visits (id,tenant_id,agent_id,customer_id,visit_date,visit_type,check_in_time,check_out_time,latitude,longitude,purpose,outcome,notes,status,created_at) VALUES ('visit-00294','default-tenant-001','agent-005','cust-045','2026-02-06','customer','2026-02-06T10:28:00Z','2026-02-06T11:31:00Z',-28.7402,24.7218,'customer_service','follow_up_needed','Stock low','completed','2026-02-06T10:28:00Z');
INSERT OR IGNORE INTO visits (id,tenant_id,agent_id,customer_id,visit_date,visit_type,check_in_time,check_out_time,latitude,longitude,purpose,outcome,notes,status,created_at) VALUES ('visit-00295','default-tenant-001','agent-002','cust-024','2026-01-17','customer','2026-01-17T12:00:00Z','2026-01-17T12:30:00Z',-26.1812,28.0039,'collection','issue_resolved','Need more samples','cancelled','2026-01-17T12:00:00Z');
INSERT OR IGNORE INTO visits (id,tenant_id,agent_id,customer_id,visit_date,visit_type,check_in_time,check_out_time,latitude,longitude,purpose,outcome,notes,status,created_at) VALUES ('visit-00296','default-tenant-001','agent-001','cust-085','2025-11-07','customer','2025-11-07T07:35:00Z','2025-11-07T08:56:00Z',-29.1110,26.1292,'delivery','follow_up_needed','Follow up needed','completed','2025-11-07T07:35:00Z');
INSERT OR IGNORE INTO visits (id,tenant_id,agent_id,customer_id,visit_date,visit_type,check_in_time,check_out_time,latitude,longitude,purpose,outcome,notes,status,created_at) VALUES ('visit-00297','default-tenant-001','agent-003','cust-058','2025-10-18','customer','2025-10-18T07:28:00Z','2025-10-18T08:46:00Z',-25.7763,28.2340,'new_customer','order_placed','Placed large order','completed','2025-10-18T07:28:00Z');
INSERT OR IGNORE INTO visits (id,tenant_id,agent_id,customer_id,visit_date,visit_type,check_in_time,check_out_time,latitude,longitude,purpose,outcome,notes,status,created_at) VALUES ('visit-00298','default-tenant-001','agent-user-001','cust-031','2025-11-14','customer','2025-11-14T13:07:00Z','2025-11-14T13:25:00Z',-25.4356,31.0164,'new_customer','no_order','Competitor promo spotted','cancelled','2025-11-14T13:07:00Z');
INSERT OR IGNORE INTO visits (id,tenant_id,agent_id,customer_id,visit_date,visit_type,check_in_time,check_out_time,latitude,longitude,purpose,outcome,notes,status,created_at) VALUES ('visit-00299','default-tenant-001','agent-005','cust-082','2025-11-08','customer','2025-11-08T09:19:00Z','2025-11-08T09:47:00Z',-23.9305,29.4735,'merchandising','stock_checked','Competitor promo spotted','cancelled','2025-11-08T09:19:00Z');
INSERT OR IGNORE INTO visits (id,tenant_id,agent_id,customer_id,visit_date,visit_type,check_in_time,check_out_time,latitude,longitude,purpose,outcome,notes,status,created_at) VALUES ('visit-00300','default-tenant-001','agent-005','cust-010','2025-10-03','customer','2025-10-03T07:03:00Z','2025-10-03T08:17:00Z',-26.1946,28.0411,'audit','competitor_noted','New display set up','in_progress','2025-10-03T07:03:00Z');
INSERT OR IGNORE INTO visits (id,tenant_id,agent_id,customer_id,visit_date,visit_type,check_in_time,check_out_time,latitude,longitude,purpose,outcome,notes,status,created_at) VALUES ('visit-00301','default-tenant-001','agent-005','cust-022','2026-01-23','customer','2026-01-23T07:49:00Z','2026-01-23T09:17:00Z',-29.8868,31.0534,'sales','stock_checked','Need more samples','cancelled','2026-01-23T07:49:00Z');
INSERT OR IGNORE INTO visits (id,tenant_id,agent_id,customer_id,visit_date,visit_type,check_in_time,check_out_time,latitude,longitude,purpose,outcome,notes,status,created_at) VALUES ('visit-00302','default-tenant-001','agent-004','cust-075','2025-10-29','customer','2025-10-29T08:52:00Z','2025-10-29T09:10:00Z',-25.4452,30.9786,'collection','issue_resolved','Good visit','in_progress','2025-10-29T08:52:00Z');
INSERT OR IGNORE INTO visits (id,tenant_id,agent_id,customer_id,visit_date,visit_type,check_in_time,check_out_time,latitude,longitude,purpose,outcome,notes,status,created_at) VALUES ('visit-00303','default-tenant-001','agent-user-001','cust-079','2025-12-12','customer','2025-12-12T09:00:00Z','2025-12-12T09:34:00Z',-23.9041,29.4733,'new_customer','issue_resolved','Placed large order','completed','2025-12-12T09:00:00Z');
INSERT OR IGNORE INTO visits (id,tenant_id,agent_id,customer_id,visit_date,visit_type,check_in_time,check_out_time,latitude,longitude,purpose,outcome,notes,status,created_at) VALUES ('visit-00304','default-tenant-001','agent-003','cust-059','2026-01-18','customer','2026-01-18T11:49:00Z','2026-01-18T12:42:00Z',-25.7718,28.2215,'sales','issue_resolved','Need more samples','completed','2026-01-18T11:49:00Z');
INSERT OR IGNORE INTO visits (id,tenant_id,agent_id,customer_id,visit_date,visit_type,check_in_time,check_out_time,latitude,longitude,purpose,outcome,notes,status,created_at) VALUES ('visit-00305','default-tenant-001','agent-003','cust-053','2026-01-06','customer','2026-01-06T07:37:00Z','2026-01-06T08:18:00Z',-25.4957,30.9763,'delivery','issue_resolved','New display set up','completed','2026-01-06T07:37:00Z');
INSERT OR IGNORE INTO visits (id,tenant_id,agent_id,customer_id,visit_date,visit_type,check_in_time,check_out_time,latitude,longitude,purpose,outcome,notes,status,created_at) VALUES ('visit-00306','default-tenant-001','agent-005','cust-085','2026-02-17','customer','2026-02-17T11:52:00Z','2026-02-17T13:08:00Z',-28.6970,24.7389,'collection','order_placed','','in_progress','2026-02-17T11:52:00Z');
INSERT OR IGNORE INTO visits (id,tenant_id,agent_id,customer_id,visit_date,visit_type,check_in_time,check_out_time,latitude,longitude,purpose,outcome,notes,status,created_at) VALUES ('visit-00307','default-tenant-001','agent-004','cust-072','2025-12-28','customer','2025-12-28T11:38:00Z','2025-12-28T12:38:00Z',-23.9364,29.4902,'customer_service','issue_resolved','Good visit','pending','2025-12-28T11:38:00Z');
INSERT OR IGNORE INTO visits (id,tenant_id,agent_id,customer_id,visit_date,visit_type,check_in_time,check_out_time,latitude,longitude,purpose,outcome,notes,status,created_at) VALUES ('visit-00308','default-tenant-001','agent-002','cust-049','2026-01-26','customer','2026-01-26T17:50:00Z','2026-01-26T18:43:00Z',-29.8792,31.0020,'merchandising','order_placed','Placed large order','completed','2026-01-26T17:50:00Z');
INSERT OR IGNORE INTO visits (id,tenant_id,agent_id,customer_id,visit_date,visit_type,check_in_time,check_out_time,latitude,longitude,purpose,outcome,notes,status,created_at) VALUES ('visit-00309','default-tenant-001','agent-001','cust-080','2025-10-26','customer','2025-10-26T10:56:00Z','2025-10-26T11:51:00Z',-25.7972,28.2529,'customer_service','order_placed','Customer happy','completed','2025-10-26T10:56:00Z');
INSERT OR IGNORE INTO visits (id,tenant_id,agent_id,customer_id,visit_date,visit_type,check_in_time,check_out_time,latitude,longitude,purpose,outcome,notes,status,created_at) VALUES ('visit-00310','default-tenant-001','agent-003','cust-040','2025-10-10','customer','2025-10-10T17:05:00Z','2025-10-10T17:50:00Z',-33.0352,27.9076,'customer_service','no_order','Follow up needed','completed','2025-10-10T17:05:00Z');
INSERT OR IGNORE INTO visits (id,tenant_id,agent_id,customer_id,visit_date,visit_type,check_in_time,check_out_time,latitude,longitude,purpose,outcome,notes,status,created_at) VALUES ('visit-00311','default-tenant-001','agent-001','cust-030','2025-12-03','customer','2025-12-03T07:50:00Z','2025-12-03T08:57:00Z',-23.9107,29.4288,'collection','competitor_noted','Need more samples','pending','2025-12-03T07:50:00Z');
INSERT OR IGNORE INTO visits (id,tenant_id,agent_id,customer_id,visit_date,visit_type,check_in_time,check_out_time,latitude,longitude,purpose,outcome,notes,status,created_at) VALUES ('visit-00312','default-tenant-001','agent-003','cust-001','2026-03-06','customer','2026-03-06T12:58:00Z','2026-03-06T14:26:00Z',-33.0018,27.9084,'delivery','follow_up_needed','Good visit','in_progress','2026-03-06T12:58:00Z');
INSERT OR IGNORE INTO visits (id,tenant_id,agent_id,customer_id,visit_date,visit_type,check_in_time,check_out_time,latitude,longitude,purpose,outcome,notes,status,created_at) VALUES ('visit-00313','default-tenant-001','agent-user-001','cust-096','2025-10-27','customer','2025-10-27T12:34:00Z','2025-10-27T13:17:00Z',-33.9323,18.4449,'audit','issue_resolved','Follow up needed','cancelled','2025-10-27T12:34:00Z');
INSERT OR IGNORE INTO visits (id,tenant_id,agent_id,customer_id,visit_date,visit_type,check_in_time,check_out_time,latitude,longitude,purpose,outcome,notes,status,created_at) VALUES ('visit-00314','default-tenant-001','agent-003','cust-033','2026-03-07','customer','2026-03-07T17:34:00Z','2026-03-07T18:59:00Z',-29.0551,26.1715,'audit','no_order','Customer happy','cancelled','2026-03-07T17:34:00Z');
INSERT OR IGNORE INTO visits (id,tenant_id,agent_id,customer_id,visit_date,visit_type,check_in_time,check_out_time,latitude,longitude,purpose,outcome,notes,status,created_at) VALUES ('visit-00315','default-tenant-001','agent-003','cust-041','2026-01-03','customer','2026-01-03T14:29:00Z','2026-01-03T14:52:00Z',-25.4809,30.9416,'new_customer','issue_resolved','Need more samples','completed','2026-01-03T14:29:00Z');
INSERT OR IGNORE INTO visits (id,tenant_id,agent_id,customer_id,visit_date,visit_type,check_in_time,check_out_time,latitude,longitude,purpose,outcome,notes,status,created_at) VALUES ('visit-00316','default-tenant-001','agent-005','cust-100','2025-12-03','customer','2025-12-03T17:06:00Z','2025-12-03T18:13:00Z',-33.9364,25.6204,'delivery','competitor_noted','Need more samples','completed','2025-12-03T17:06:00Z');
INSERT OR IGNORE INTO visits (id,tenant_id,agent_id,customer_id,visit_date,visit_type,check_in_time,check_out_time,latitude,longitude,purpose,outcome,notes,status,created_at) VALUES ('visit-00317','default-tenant-001','agent-004','cust-007','2026-01-14','customer','2026-01-14T11:50:00Z','2026-01-14T12:32:00Z',-33.8925,18.3917,'sales','issue_resolved','Follow up needed','pending','2026-01-14T11:50:00Z');
INSERT OR IGNORE INTO visits (id,tenant_id,agent_id,customer_id,visit_date,visit_type,check_in_time,check_out_time,latitude,longitude,purpose,outcome,notes,status,created_at) VALUES ('visit-00318','default-tenant-001','agent-001','cust-022','2026-02-06','customer','2026-02-06T12:11:00Z','2026-02-06T12:56:00Z',-23.9363,29.4258,'audit','competitor_noted','Customer happy','completed','2026-02-06T12:11:00Z');
INSERT OR IGNORE INTO visits (id,tenant_id,agent_id,customer_id,visit_date,visit_type,check_in_time,check_out_time,latitude,longitude,purpose,outcome,notes,status,created_at) VALUES ('visit-00319','default-tenant-001','agent-001','cust-084','2026-01-26','customer','2026-01-26T10:28:00Z','2026-01-26T11:45:00Z',-23.9154,29.5121,'audit','competitor_noted','Customer happy','in_progress','2026-01-26T10:28:00Z');
INSERT OR IGNORE INTO visits (id,tenant_id,agent_id,customer_id,visit_date,visit_type,check_in_time,check_out_time,latitude,longitude,purpose,outcome,notes,status,created_at) VALUES ('visit-00320','default-tenant-001','agent-001','cust-033','2025-12-08','customer','2025-12-08T12:37:00Z','2025-12-08T13:49:00Z',-28.7275,24.7157,'competitor_check','competitor_noted','','pending','2025-12-08T12:37:00Z');
INSERT OR IGNORE INTO visits (id,tenant_id,agent_id,customer_id,visit_date,visit_type,check_in_time,check_out_time,latitude,longitude,purpose,outcome,notes,status,created_at) VALUES ('visit-00321','default-tenant-001','agent-004','cust-019','2026-01-01','customer','2026-01-01T15:33:00Z','2026-01-01T16:02:00Z',-33.9275,25.5653,'customer_service','no_order','','cancelled','2026-01-01T15:33:00Z');
INSERT OR IGNORE INTO visits (id,tenant_id,agent_id,customer_id,visit_date,visit_type,check_in_time,check_out_time,latitude,longitude,purpose,outcome,notes,status,created_at) VALUES ('visit-00322','default-tenant-001','agent-002','cust-079','2025-11-11','customer','2025-11-11T13:41:00Z','2025-11-11T14:39:00Z',-26.2048,28.0750,'new_customer','competitor_noted','New display set up','completed','2025-11-11T13:41:00Z');
INSERT OR IGNORE INTO visits (id,tenant_id,agent_id,customer_id,visit_date,visit_type,check_in_time,check_out_time,latitude,longitude,purpose,outcome,notes,status,created_at) VALUES ('visit-00323','default-tenant-001','agent-002','cust-056','2025-10-07','customer','2025-10-07T07:32:00Z','2025-10-07T08:35:00Z',-25.4602,31.0156,'delivery','no_order','Customer happy','pending','2025-10-07T07:32:00Z');
INSERT OR IGNORE INTO visits (id,tenant_id,agent_id,customer_id,visit_date,visit_type,check_in_time,check_out_time,latitude,longitude,purpose,outcome,notes,status,created_at) VALUES ('visit-00324','default-tenant-001','agent-005','cust-080','2026-03-06','customer','2026-03-06T17:38:00Z','2026-03-06T18:48:00Z',-29.0481,26.1530,'sales','issue_resolved','Good visit','completed','2026-03-06T17:38:00Z');
INSERT OR IGNORE INTO visits (id,tenant_id,agent_id,customer_id,visit_date,visit_type,check_in_time,check_out_time,latitude,longitude,purpose,outcome,notes,status,created_at) VALUES ('visit-00325','default-tenant-001','agent-001','cust-014','2025-10-06','customer','2025-10-06T14:57:00Z','2025-10-06T15:16:00Z',-32.9685,27.9216,'new_customer','stock_checked','Stock low','in_progress','2025-10-06T14:57:00Z');
INSERT OR IGNORE INTO visits (id,tenant_id,agent_id,customer_id,visit_date,visit_type,check_in_time,check_out_time,latitude,longitude,purpose,outcome,notes,status,created_at) VALUES ('visit-00326','default-tenant-001','agent-user-001','cust-089','2026-02-05','customer','2026-02-05T11:45:00Z','2026-02-05T12:20:00Z',-26.2061,28.0646,'sales','issue_resolved','Customer happy','completed','2026-02-05T11:45:00Z');
INSERT OR IGNORE INTO visits (id,tenant_id,agent_id,customer_id,visit_date,visit_type,check_in_time,check_out_time,latitude,longitude,purpose,outcome,notes,status,created_at) VALUES ('visit-00327','default-tenant-001','agent-001','cust-065','2025-11-05','customer','2025-11-05T17:32:00Z','2025-11-05T18:52:00Z',-23.8940,29.4397,'competitor_check','stock_checked','Placed large order','in_progress','2025-11-05T17:32:00Z');
INSERT OR IGNORE INTO visits (id,tenant_id,agent_id,customer_id,visit_date,visit_type,check_in_time,check_out_time,latitude,longitude,purpose,outcome,notes,status,created_at) VALUES ('visit-00328','default-tenant-001','agent-003','cust-017','2025-11-03','customer','2025-11-03T16:37:00Z','2025-11-03T17:55:00Z',-25.4591,30.9363,'competitor_check','no_order','New display set up','in_progress','2025-11-03T16:37:00Z');
INSERT OR IGNORE INTO visits (id,tenant_id,agent_id,customer_id,visit_date,visit_type,check_in_time,check_out_time,latitude,longitude,purpose,outcome,notes,status,created_at) VALUES ('visit-00329','default-tenant-001','agent-001','cust-038','2026-01-02','customer','2026-01-02T14:59:00Z','2026-01-02T15:35:00Z',-25.5201,31.0080,'collection','stock_checked','Customer happy','pending','2026-01-02T14:59:00Z');
INSERT OR IGNORE INTO visits (id,tenant_id,agent_id,customer_id,visit_date,visit_type,check_in_time,check_out_time,latitude,longitude,purpose,outcome,notes,status,created_at) VALUES ('visit-00330','default-tenant-001','agent-002','cust-023','2025-10-11','customer','2025-10-11T14:54:00Z','2025-10-11T16:14:00Z',-29.0808,26.1680,'collection','order_placed','','cancelled','2025-10-11T14:54:00Z');
INSERT OR IGNORE INTO visits (id,tenant_id,agent_id,customer_id,visit_date,visit_type,check_in_time,check_out_time,latitude,longitude,purpose,outcome,notes,status,created_at) VALUES ('visit-00331','default-tenant-001','agent-user-001','cust-092','2025-10-13','customer','2025-10-13T17:54:00Z','2025-10-13T18:39:00Z',-33.0248,27.9364,'new_customer','issue_resolved','Competitor promo spotted','completed','2025-10-13T17:54:00Z');
INSERT OR IGNORE INTO visits (id,tenant_id,agent_id,customer_id,visit_date,visit_type,check_in_time,check_out_time,latitude,longitude,purpose,outcome,notes,status,created_at) VALUES ('visit-00332','default-tenant-001','agent-user-001','cust-006','2026-02-09','customer','2026-02-09T16:14:00Z','2026-02-09T16:43:00Z',-33.9522,25.5620,'delivery','competitor_noted','Stock low','completed','2026-02-09T16:14:00Z');
INSERT OR IGNORE INTO visits (id,tenant_id,agent_id,customer_id,visit_date,visit_type,check_in_time,check_out_time,latitude,longitude,purpose,outcome,notes,status,created_at) VALUES ('visit-00333','default-tenant-001','agent-003','cust-028','2025-10-17','customer','2025-10-17T12:04:00Z','2025-10-17T13:24:00Z',-29.8131,31.0329,'collection','stock_checked','Follow up needed','completed','2025-10-17T12:04:00Z');
INSERT OR IGNORE INTO visits (id,tenant_id,agent_id,customer_id,visit_date,visit_type,check_in_time,check_out_time,latitude,longitude,purpose,outcome,notes,status,created_at) VALUES ('visit-00334','default-tenant-001','agent-user-001','cust-037','2025-12-01','customer','2025-12-01T17:52:00Z','2025-12-01T19:12:00Z',-25.4353,31.0166,'new_customer','stock_checked','','completed','2025-12-01T17:52:00Z');
INSERT OR IGNORE INTO visits (id,tenant_id,agent_id,customer_id,visit_date,visit_type,check_in_time,check_out_time,latitude,longitude,purpose,outcome,notes,status,created_at) VALUES ('visit-00335','default-tenant-001','agent-003','cust-024','2026-03-10','customer','2026-03-10T07:01:00Z','2026-03-10T07:54:00Z',-25.4372,30.9414,'merchandising','competitor_noted','Follow up needed','in_progress','2026-03-10T07:01:00Z');
INSERT OR IGNORE INTO visits (id,tenant_id,agent_id,customer_id,visit_date,visit_type,check_in_time,check_out_time,latitude,longitude,purpose,outcome,notes,status,created_at) VALUES ('visit-00336','default-tenant-001','agent-user-001','cust-055','2025-10-09','customer','2025-10-09T15:34:00Z','2025-10-09T16:48:00Z',-23.9094,29.4504,'audit','issue_resolved','Shelf space increased','completed','2025-10-09T15:34:00Z');
INSERT OR IGNORE INTO visits (id,tenant_id,agent_id,customer_id,visit_date,visit_type,check_in_time,check_out_time,latitude,longitude,purpose,outcome,notes,status,created_at) VALUES ('visit-00337','default-tenant-001','agent-003','cust-001','2025-12-09','customer','2025-12-09T17:24:00Z','2025-12-09T18:38:00Z',-29.9058,30.9789,'competitor_check','order_placed','New display set up','completed','2025-12-09T17:24:00Z');
INSERT OR IGNORE INTO visits (id,tenant_id,agent_id,customer_id,visit_date,visit_type,check_in_time,check_out_time,latitude,longitude,purpose,outcome,notes,status,created_at) VALUES ('visit-00338','default-tenant-001','agent-001','cust-074','2026-02-09','customer','2026-02-09T09:39:00Z','2026-02-09T11:05:00Z',-33.9225,18.4338,'competitor_check','issue_resolved','Good visit','completed','2026-02-09T09:39:00Z');
INSERT OR IGNORE INTO visits (id,tenant_id,agent_id,customer_id,visit_date,visit_type,check_in_time,check_out_time,latitude,longitude,purpose,outcome,notes,status,created_at) VALUES ('visit-00339','default-tenant-001','agent-004','cust-037','2025-10-24','customer','2025-10-24T16:46:00Z','2025-10-24T18:16:00Z',-33.9330,18.4420,'sales','issue_resolved','Follow up needed','completed','2025-10-24T16:46:00Z');
INSERT OR IGNORE INTO visits (id,tenant_id,agent_id,customer_id,visit_date,visit_type,check_in_time,check_out_time,latitude,longitude,purpose,outcome,notes,status,created_at) VALUES ('visit-00340','default-tenant-001','agent-003','cust-039','2025-12-22','customer','2025-12-22T07:18:00Z','2025-12-22T07:49:00Z',-33.9893,25.6503,'merchandising','order_placed','Follow up needed','completed','2025-12-22T07:18:00Z');
INSERT OR IGNORE INTO visits (id,tenant_id,agent_id,customer_id,visit_date,visit_type,check_in_time,check_out_time,latitude,longitude,purpose,outcome,notes,status,created_at) VALUES ('visit-00341','default-tenant-001','agent-005','cust-048','2025-10-01','customer','2025-10-01T11:08:00Z','2025-10-01T12:03:00Z',-29.0362,26.1823,'customer_service','competitor_noted','Customer happy','completed','2025-10-01T11:08:00Z');
INSERT OR IGNORE INTO visits (id,tenant_id,agent_id,customer_id,visit_date,visit_type,check_in_time,check_out_time,latitude,longitude,purpose,outcome,notes,status,created_at) VALUES ('visit-00342','default-tenant-001','agent-003','cust-082','2025-12-01','customer','2025-12-01T13:18:00Z','2025-12-01T14:18:00Z',-33.9133,25.6145,'delivery','order_placed','Good visit','completed','2025-12-01T13:18:00Z');
INSERT OR IGNORE INTO visits (id,tenant_id,agent_id,customer_id,visit_date,visit_type,check_in_time,check_out_time,latitude,longitude,purpose,outcome,notes,status,created_at) VALUES ('visit-00343','default-tenant-001','agent-user-001','cust-027','2025-12-06','customer','2025-12-06T14:26:00Z','2025-12-06T15:49:00Z',-25.4312,30.9429,'collection','no_order','','completed','2025-12-06T14:26:00Z');
INSERT OR IGNORE INTO visits (id,tenant_id,agent_id,customer_id,visit_date,visit_type,check_in_time,check_out_time,latitude,longitude,purpose,outcome,notes,status,created_at) VALUES ('visit-00344','default-tenant-001','agent-005','cust-081','2025-11-12','customer','2025-11-12T07:45:00Z','2025-11-12T08:35:00Z',-25.4806,30.9666,'customer_service','no_order','Need more samples','pending','2025-11-12T07:45:00Z');
INSERT OR IGNORE INTO visits (id,tenant_id,agent_id,customer_id,visit_date,visit_type,check_in_time,check_out_time,latitude,longitude,purpose,outcome,notes,status,created_at) VALUES ('visit-00345','default-tenant-001','agent-user-001','cust-022','2026-03-01','customer','2026-03-01T12:13:00Z','2026-03-01T12:45:00Z',-25.7740,28.2689,'competitor_check','no_order','Stock low','completed','2026-03-01T12:13:00Z');
INSERT OR IGNORE INTO visits (id,tenant_id,agent_id,customer_id,visit_date,visit_type,check_in_time,check_out_time,latitude,longitude,purpose,outcome,notes,status,created_at) VALUES ('visit-00346','default-tenant-001','agent-005','cust-058','2026-02-23','customer','2026-02-23T15:12:00Z','2026-02-23T15:25:00Z',-25.7605,28.2445,'sales','order_placed','Follow up needed','completed','2026-02-23T15:12:00Z');
INSERT OR IGNORE INTO visits (id,tenant_id,agent_id,customer_id,visit_date,visit_type,check_in_time,check_out_time,latitude,longitude,purpose,outcome,notes,status,created_at) VALUES ('visit-00347','default-tenant-001','agent-005','cust-097','2026-01-18','customer','2026-01-18T15:38:00Z','2026-01-18T16:11:00Z',-25.4861,31.0041,'delivery','stock_checked','Stock low','completed','2026-01-18T15:38:00Z');
INSERT OR IGNORE INTO visits (id,tenant_id,agent_id,customer_id,visit_date,visit_type,check_in_time,check_out_time,latitude,longitude,purpose,outcome,notes,status,created_at) VALUES ('visit-00348','default-tenant-001','agent-user-001','cust-038','2025-10-19','customer','2025-10-19T09:39:00Z','2025-10-19T10:16:00Z',-25.7141,28.2437,'collection','competitor_noted','Stock low','completed','2025-10-19T09:39:00Z');
INSERT OR IGNORE INTO visits (id,tenant_id,agent_id,customer_id,visit_date,visit_type,check_in_time,check_out_time,latitude,longitude,purpose,outcome,notes,status,created_at) VALUES ('visit-00349','default-tenant-001','agent-004','cust-048','2025-10-20','customer','2025-10-20T16:06:00Z','2025-10-20T16:27:00Z',-23.9035,29.4480,'sales','no_order','Competitor promo spotted','in_progress','2025-10-20T16:06:00Z');
INSERT OR IGNORE INTO visits (id,tenant_id,agent_id,customer_id,visit_date,visit_type,check_in_time,check_out_time,latitude,longitude,purpose,outcome,notes,status,created_at) VALUES ('visit-00350','default-tenant-001','agent-002','cust-066','2025-10-20','customer','2025-10-20T13:22:00Z','2025-10-20T14:08:00Z',-23.8840,29.4380,'competitor_check','competitor_noted','Shelf space increased','completed','2025-10-20T13:22:00Z');
INSERT OR IGNORE INTO visits (id,tenant_id,agent_id,customer_id,visit_date,visit_type,check_in_time,check_out_time,latitude,longitude,purpose,outcome,notes,status,created_at) VALUES ('visit-00351','default-tenant-001','agent-004','cust-037','2026-02-24','customer','2026-02-24T12:36:00Z','2026-02-24T14:03:00Z',-33.8819,18.4155,'audit','follow_up_needed','Need more samples','completed','2026-02-24T12:36:00Z');
INSERT OR IGNORE INTO visits (id,tenant_id,agent_id,customer_id,visit_date,visit_type,check_in_time,check_out_time,latitude,longitude,purpose,outcome,notes,status,created_at) VALUES ('visit-00352','default-tenant-001','agent-user-001','cust-017','2025-12-12','customer','2025-12-12T08:12:00Z','2025-12-12T09:13:00Z',-34.0014,25.5619,'merchandising','order_placed','Competitor promo spotted','completed','2025-12-12T08:12:00Z');
INSERT OR IGNORE INTO visits (id,tenant_id,agent_id,customer_id,visit_date,visit_type,check_in_time,check_out_time,latitude,longitude,purpose,outcome,notes,status,created_at) VALUES ('visit-00353','default-tenant-001','agent-002','cust-071','2026-01-05','customer','2026-01-05T07:24:00Z','2026-01-05T08:23:00Z',-33.9372,25.5826,'delivery','stock_checked','Good visit','pending','2026-01-05T07:24:00Z');
INSERT OR IGNORE INTO visits (id,tenant_id,agent_id,customer_id,visit_date,visit_type,check_in_time,check_out_time,latitude,longitude,purpose,outcome,notes,status,created_at) VALUES ('visit-00354','default-tenant-001','agent-002','cust-043','2026-01-23','customer','2026-01-23T08:33:00Z','2026-01-23T09:03:00Z',-29.0377,26.1191,'competitor_check','order_placed','','completed','2026-01-23T08:33:00Z');
INSERT OR IGNORE INTO visits (id,tenant_id,agent_id,customer_id,visit_date,visit_type,check_in_time,check_out_time,latitude,longitude,purpose,outcome,notes,status,created_at) VALUES ('visit-00355','default-tenant-001','agent-004','cust-025','2026-02-08','customer','2026-02-08T12:04:00Z','2026-02-08T12:47:00Z',-25.7480,28.1873,'customer_service','stock_checked','Shelf space increased','completed','2026-02-08T12:04:00Z');
INSERT OR IGNORE INTO visits (id,tenant_id,agent_id,customer_id,visit_date,visit_type,check_in_time,check_out_time,latitude,longitude,purpose,outcome,notes,status,created_at) VALUES ('visit-00356','default-tenant-001','agent-003','cust-023','2025-10-23','customer','2025-10-23T11:06:00Z','2025-10-23T11:29:00Z',-25.7954,28.2302,'collection','follow_up_needed','','completed','2025-10-23T11:06:00Z');
INSERT OR IGNORE INTO visits (id,tenant_id,agent_id,customer_id,visit_date,visit_type,check_in_time,check_out_time,latitude,longitude,purpose,outcome,notes,status,created_at) VALUES ('visit-00357','default-tenant-001','agent-user-001','cust-072','2025-11-24','customer','2025-11-24T11:25:00Z','2025-11-24T12:04:00Z',-33.9159,25.5980,'competitor_check','stock_checked','Shelf space increased','completed','2025-11-24T11:25:00Z');
INSERT OR IGNORE INTO visits (id,tenant_id,agent_id,customer_id,visit_date,visit_type,check_in_time,check_out_time,latitude,longitude,purpose,outcome,notes,status,created_at) VALUES ('visit-00358','default-tenant-001','agent-001','cust-081','2025-12-13','customer','2025-12-13T07:56:00Z','2025-12-13T09:17:00Z',-25.7407,28.2657,'merchandising','issue_resolved','Stock low','in_progress','2025-12-13T07:56:00Z');
INSERT OR IGNORE INTO visits (id,tenant_id,agent_id,customer_id,visit_date,visit_type,check_in_time,check_out_time,latitude,longitude,purpose,outcome,notes,status,created_at) VALUES ('visit-00359','default-tenant-001','agent-user-001','cust-042','2025-12-22','customer','2025-12-22T08:14:00Z','2025-12-22T08:31:00Z',-29.0991,26.1428,'collection','stock_checked','Follow up needed','completed','2025-12-22T08:14:00Z');
INSERT OR IGNORE INTO visits (id,tenant_id,agent_id,customer_id,visit_date,visit_type,check_in_time,check_out_time,latitude,longitude,purpose,outcome,notes,status,created_at) VALUES ('visit-00360','default-tenant-001','agent-002','cust-033','2025-10-06','customer','2025-10-06T14:58:00Z','2025-10-06T16:20:00Z',-23.8958,29.4859,'delivery','issue_resolved','','completed','2025-10-06T14:58:00Z');
INSERT OR IGNORE INTO visits (id,tenant_id,agent_id,customer_id,visit_date,visit_type,check_in_time,check_out_time,latitude,longitude,purpose,outcome,notes,status,created_at) VALUES ('visit-00361','default-tenant-001','agent-user-001','cust-025','2026-02-22','customer','2026-02-22T14:00:00Z','2026-02-22T15:12:00Z',-33.8997,18.3762,'sales','no_order','','pending','2026-02-22T14:00:00Z');
INSERT OR IGNORE INTO visits (id,tenant_id,agent_id,customer_id,visit_date,visit_type,check_in_time,check_out_time,latitude,longitude,purpose,outcome,notes,status,created_at) VALUES ('visit-00362','default-tenant-001','agent-002','cust-089','2025-11-18','customer','2025-11-18T08:25:00Z','2025-11-18T09:48:00Z',-33.9777,25.6183,'customer_service','issue_resolved','','completed','2025-11-18T08:25:00Z');
INSERT OR IGNORE INTO visits (id,tenant_id,agent_id,customer_id,visit_date,visit_type,check_in_time,check_out_time,latitude,longitude,purpose,outcome,notes,status,created_at) VALUES ('visit-00363','default-tenant-001','agent-004','cust-010','2026-02-24','customer','2026-02-24T07:33:00Z','2026-02-24T07:52:00Z',-32.9935,27.9212,'delivery','follow_up_needed','Placed large order','completed','2026-02-24T07:33:00Z');
INSERT OR IGNORE INTO visits (id,tenant_id,agent_id,customer_id,visit_date,visit_type,check_in_time,check_out_time,latitude,longitude,purpose,outcome,notes,status,created_at) VALUES ('visit-00364','default-tenant-001','agent-user-001','cust-004','2025-12-12','customer','2025-12-12T17:07:00Z','2025-12-12T17:35:00Z',-23.9191,29.4217,'collection','follow_up_needed','Placed large order','cancelled','2025-12-12T17:07:00Z');
INSERT OR IGNORE INTO visits (id,tenant_id,agent_id,customer_id,visit_date,visit_type,check_in_time,check_out_time,latitude,longitude,purpose,outcome,notes,status,created_at) VALUES ('visit-00365','default-tenant-001','agent-002','cust-088','2025-12-30','customer','2025-12-30T14:32:00Z','2025-12-30T15:28:00Z',-23.9151,29.4668,'audit','no_order','Need more samples','completed','2025-12-30T14:32:00Z');
INSERT OR IGNORE INTO visits (id,tenant_id,agent_id,customer_id,visit_date,visit_type,check_in_time,check_out_time,latitude,longitude,purpose,outcome,notes,status,created_at) VALUES ('visit-00366','default-tenant-001','agent-003','cust-024','2025-10-23','customer','2025-10-23T13:16:00Z','2025-10-23T13:59:00Z',-25.7898,28.2507,'new_customer','competitor_noted','Follow up needed','in_progress','2025-10-23T13:16:00Z');
INSERT OR IGNORE INTO visits (id,tenant_id,agent_id,customer_id,visit_date,visit_type,check_in_time,check_out_time,latitude,longitude,purpose,outcome,notes,status,created_at) VALUES ('visit-00367','default-tenant-001','agent-002','cust-033','2025-11-14','customer','2025-11-14T14:59:00Z','2025-11-14T15:20:00Z',-26.2305,28.0490,'collection','no_order','Shelf space increased','in_progress','2025-11-14T14:59:00Z');
INSERT OR IGNORE INTO visits (id,tenant_id,agent_id,customer_id,visit_date,visit_type,check_in_time,check_out_time,latitude,longitude,purpose,outcome,notes,status,created_at) VALUES ('visit-00368','default-tenant-001','agent-003','cust-017','2025-11-02','customer','2025-11-02T09:19:00Z','2025-11-02T10:22:00Z',-25.4346,30.9237,'audit','follow_up_needed','Good visit','completed','2025-11-02T09:19:00Z');
INSERT OR IGNORE INTO visits (id,tenant_id,agent_id,customer_id,visit_date,visit_type,check_in_time,check_out_time,latitude,longitude,purpose,outcome,notes,status,created_at) VALUES ('visit-00369','default-tenant-001','agent-005','cust-100','2026-03-05','customer','2026-03-05T07:14:00Z','2026-03-05T08:44:00Z',-25.4356,30.9909,'audit','follow_up_needed','Customer happy','cancelled','2026-03-05T07:14:00Z');
INSERT OR IGNORE INTO visits (id,tenant_id,agent_id,customer_id,visit_date,visit_type,check_in_time,check_out_time,latitude,longitude,purpose,outcome,notes,status,created_at) VALUES ('visit-00370','default-tenant-001','agent-002','cust-031','2025-10-12','customer','2025-10-12T14:12:00Z','2025-10-12T14:53:00Z',-34.0071,25.6458,'delivery','order_placed','Competitor promo spotted','completed','2025-10-12T14:12:00Z');
INSERT OR IGNORE INTO visits (id,tenant_id,agent_id,customer_id,visit_date,visit_type,check_in_time,check_out_time,latitude,longitude,purpose,outcome,notes,status,created_at) VALUES ('visit-00371','default-tenant-001','agent-001','cust-022','2026-02-21','customer','2026-02-21T14:06:00Z','2026-02-21T14:52:00Z',-29.0764,26.1645,'merchandising','order_placed','New display set up','completed','2026-02-21T14:06:00Z');
INSERT OR IGNORE INTO visits (id,tenant_id,agent_id,customer_id,visit_date,visit_type,check_in_time,check_out_time,latitude,longitude,purpose,outcome,notes,status,created_at) VALUES ('visit-00372','default-tenant-001','agent-001','cust-018','2026-02-07','customer','2026-02-07T11:02:00Z','2026-02-07T11:57:00Z',-33.9575,18.3900,'audit','no_order','Follow up needed','completed','2026-02-07T11:02:00Z');
INSERT OR IGNORE INTO visits (id,tenant_id,agent_id,customer_id,visit_date,visit_type,check_in_time,check_out_time,latitude,longitude,purpose,outcome,notes,status,created_at) VALUES ('visit-00373','default-tenant-001','agent-002','cust-071','2026-01-21','customer','2026-01-21T12:24:00Z','2026-01-21T13:47:00Z',-25.7157,28.2385,'collection','competitor_noted','','pending','2026-01-21T12:24:00Z');
INSERT OR IGNORE INTO visits (id,tenant_id,agent_id,customer_id,visit_date,visit_type,check_in_time,check_out_time,latitude,longitude,purpose,outcome,notes,status,created_at) VALUES ('visit-00374','default-tenant-001','agent-004','cust-070','2025-11-15','customer','2025-11-15T10:32:00Z','2025-11-15T11:13:00Z',-23.8573,29.4755,'audit','stock_checked','Need more samples','completed','2025-11-15T10:32:00Z');
INSERT OR IGNORE INTO visits (id,tenant_id,agent_id,customer_id,visit_date,visit_type,check_in_time,check_out_time,latitude,longitude,purpose,outcome,notes,status,created_at) VALUES ('visit-00375','default-tenant-001','agent-005','cust-083','2025-12-29','customer','2025-12-29T13:31:00Z','2025-12-29T14:21:00Z',-28.7708,24.7590,'sales','follow_up_needed','New display set up','completed','2025-12-29T13:31:00Z');
INSERT OR IGNORE INTO visits (id,tenant_id,agent_id,customer_id,visit_date,visit_type,check_in_time,check_out_time,latitude,longitude,purpose,outcome,notes,status,created_at) VALUES ('visit-00376','default-tenant-001','agent-003','cust-059','2025-12-31','customer','2025-12-31T16:06:00Z','2025-12-31T16:25:00Z',-25.5042,31.0131,'customer_service','issue_resolved','Placed large order','pending','2025-12-31T16:06:00Z');
INSERT OR IGNORE INTO visits (id,tenant_id,agent_id,customer_id,visit_date,visit_type,check_in_time,check_out_time,latitude,longitude,purpose,outcome,notes,status,created_at) VALUES ('visit-00377','default-tenant-001','agent-005','cust-038','2026-02-07','customer','2026-02-07T16:38:00Z','2026-02-07T18:06:00Z',-26.2063,28.0363,'delivery','order_placed','Placed large order','completed','2026-02-07T16:38:00Z');
INSERT OR IGNORE INTO visits (id,tenant_id,agent_id,customer_id,visit_date,visit_type,check_in_time,check_out_time,latitude,longitude,purpose,outcome,notes,status,created_at) VALUES ('visit-00378','default-tenant-001','agent-001','cust-082','2026-03-10','customer','2026-03-10T11:27:00Z','2026-03-10T11:54:00Z',-29.8815,30.9916,'new_customer','competitor_noted','Good visit','completed','2026-03-10T11:27:00Z');
INSERT OR IGNORE INTO visits (id,tenant_id,agent_id,customer_id,visit_date,visit_type,check_in_time,check_out_time,latitude,longitude,purpose,outcome,notes,status,created_at) VALUES ('visit-00379','default-tenant-001','agent-002','cust-005','2025-12-10','customer','2025-12-10T15:41:00Z','2025-12-10T16:05:00Z',-28.6951,24.7484,'delivery','follow_up_needed','Stock low','in_progress','2025-12-10T15:41:00Z');
INSERT OR IGNORE INTO visits (id,tenant_id,agent_id,customer_id,visit_date,visit_type,check_in_time,check_out_time,latitude,longitude,purpose,outcome,notes,status,created_at) VALUES ('visit-00380','default-tenant-001','agent-user-001','cust-073','2026-01-27','customer','2026-01-27T07:55:00Z','2026-01-27T08:06:00Z',-25.7657,28.2391,'new_customer','order_placed','Customer happy','cancelled','2026-01-27T07:55:00Z');
INSERT OR IGNORE INTO visits (id,tenant_id,agent_id,customer_id,visit_date,visit_type,check_in_time,check_out_time,latitude,longitude,purpose,outcome,notes,status,created_at) VALUES ('visit-00381','default-tenant-001','agent-004','cust-035','2025-10-16','customer','2025-10-16T17:55:00Z','2025-10-16T18:49:00Z',-33.9875,25.6013,'audit','no_order','','cancelled','2025-10-16T17:55:00Z');
INSERT OR IGNORE INTO visits (id,tenant_id,agent_id,customer_id,visit_date,visit_type,check_in_time,check_out_time,latitude,longitude,purpose,outcome,notes,status,created_at) VALUES ('visit-00382','default-tenant-001','agent-003','cust-033','2026-03-09','customer','2026-03-09T14:25:00Z','2026-03-09T14:50:00Z',-29.0411,26.2062,'sales','order_placed','Competitor promo spotted','cancelled','2026-03-09T14:25:00Z');
INSERT OR IGNORE INTO visits (id,tenant_id,agent_id,customer_id,visit_date,visit_type,check_in_time,check_out_time,latitude,longitude,purpose,outcome,notes,status,created_at) VALUES ('visit-00383','default-tenant-001','agent-001','cust-016','2026-01-30','customer','2026-01-30T09:55:00Z','2026-01-30T11:15:00Z',-29.0955,26.1434,'merchandising','issue_resolved','New display set up','pending','2026-01-30T09:55:00Z');
INSERT OR IGNORE INTO visits (id,tenant_id,agent_id,customer_id,visit_date,visit_type,check_in_time,check_out_time,latitude,longitude,purpose,outcome,notes,status,created_at) VALUES ('visit-00384','default-tenant-001','agent-005','cust-036','2025-11-13','customer','2025-11-13T08:16:00Z','2025-11-13T09:14:00Z',-23.9540,29.4738,'merchandising','competitor_noted','','pending','2025-11-13T08:16:00Z');
INSERT OR IGNORE INTO visits (id,tenant_id,agent_id,customer_id,visit_date,visit_type,check_in_time,check_out_time,latitude,longitude,purpose,outcome,notes,status,created_at) VALUES ('visit-00385','default-tenant-001','agent-002','cust-012','2026-02-23','customer','2026-02-23T10:03:00Z','2026-02-23T10:52:00Z',-25.7729,28.2024,'delivery','competitor_noted','Customer happy','completed','2026-02-23T10:03:00Z');
INSERT OR IGNORE INTO visits (id,tenant_id,agent_id,customer_id,visit_date,visit_type,check_in_time,check_out_time,latitude,longitude,purpose,outcome,notes,status,created_at) VALUES ('visit-00386','default-tenant-001','agent-001','cust-016','2025-10-15','customer','2025-10-15T16:33:00Z','2025-10-15T18:00:00Z',-26.1807,28.0269,'new_customer','order_placed','Placed large order','completed','2025-10-15T16:33:00Z');
INSERT OR IGNORE INTO visits (id,tenant_id,agent_id,customer_id,visit_date,visit_type,check_in_time,check_out_time,latitude,longitude,purpose,outcome,notes,status,created_at) VALUES ('visit-00387','default-tenant-001','agent-002','cust-086','2026-01-28','customer','2026-01-28T08:42:00Z','2026-01-28T09:24:00Z',-25.4625,30.9318,'new_customer','issue_resolved','Placed large order','in_progress','2026-01-28T08:42:00Z');
INSERT OR IGNORE INTO visits (id,tenant_id,agent_id,customer_id,visit_date,visit_type,check_in_time,check_out_time,latitude,longitude,purpose,outcome,notes,status,created_at) VALUES ('visit-00388','default-tenant-001','agent-003','cust-093','2026-01-31','customer','2026-01-31T17:02:00Z','2026-01-31T18:24:00Z',-26.1917,28.0346,'customer_service','order_placed','Follow up needed','completed','2026-01-31T17:02:00Z');
INSERT OR IGNORE INTO visits (id,tenant_id,agent_id,customer_id,visit_date,visit_type,check_in_time,check_out_time,latitude,longitude,purpose,outcome,notes,status,created_at) VALUES ('visit-00389','default-tenant-001','agent-005','cust-048','2026-02-06','customer','2026-02-06T11:25:00Z','2026-02-06T12:33:00Z',-33.9310,18.3988,'competitor_check','issue_resolved','Customer happy','pending','2026-02-06T11:25:00Z');
INSERT OR IGNORE INTO visits (id,tenant_id,agent_id,customer_id,visit_date,visit_type,check_in_time,check_out_time,latitude,longitude,purpose,outcome,notes,status,created_at) VALUES ('visit-00390','default-tenant-001','agent-002','cust-013','2025-12-23','customer','2025-12-23T07:21:00Z','2025-12-23T07:56:00Z',-33.9252,25.6475,'new_customer','order_placed','Good visit','in_progress','2025-12-23T07:21:00Z');
INSERT OR IGNORE INTO visits (id,tenant_id,agent_id,customer_id,visit_date,visit_type,check_in_time,check_out_time,latitude,longitude,purpose,outcome,notes,status,created_at) VALUES ('visit-00391','default-tenant-001','agent-user-001','cust-008','2026-01-02','customer','2026-01-02T16:33:00Z','2026-01-02T17:03:00Z',-28.6882,24.7282,'competitor_check','competitor_noted','Good visit','cancelled','2026-01-02T16:33:00Z');
INSERT OR IGNORE INTO visits (id,tenant_id,agent_id,customer_id,visit_date,visit_type,check_in_time,check_out_time,latitude,longitude,purpose,outcome,notes,status,created_at) VALUES ('visit-00392','default-tenant-001','agent-001','cust-075','2026-02-17','customer','2026-02-17T10:16:00Z','2026-02-17T10:27:00Z',-25.5220,30.9676,'new_customer','issue_resolved','Stock low','completed','2026-02-17T10:16:00Z');
INSERT OR IGNORE INTO visits (id,tenant_id,agent_id,customer_id,visit_date,visit_type,check_in_time,check_out_time,latitude,longitude,purpose,outcome,notes,status,created_at) VALUES ('visit-00393','default-tenant-001','agent-005','cust-081','2025-11-13','customer','2025-11-13T11:53:00Z','2025-11-13T12:36:00Z',-33.9166,25.5781,'customer_service','stock_checked','Competitor promo spotted','completed','2025-11-13T11:53:00Z');
INSERT OR IGNORE INTO visits (id,tenant_id,agent_id,customer_id,visit_date,visit_type,check_in_time,check_out_time,latitude,longitude,purpose,outcome,notes,status,created_at) VALUES ('visit-00394','default-tenant-001','agent-001','cust-016','2026-01-02','customer','2026-01-02T07:29:00Z','2026-01-02T08:49:00Z',-25.7234,28.2354,'audit','no_order','Shelf space increased','pending','2026-01-02T07:29:00Z');
INSERT OR IGNORE INTO visits (id,tenant_id,agent_id,customer_id,visit_date,visit_type,check_in_time,check_out_time,latitude,longitude,purpose,outcome,notes,status,created_at) VALUES ('visit-00395','default-tenant-001','agent-005','cust-069','2025-11-25','customer','2025-11-25T10:32:00Z','2025-11-25T10:45:00Z',-29.1191,26.1804,'competitor_check','stock_checked','','completed','2025-11-25T10:32:00Z');
INSERT OR IGNORE INTO visits (id,tenant_id,agent_id,customer_id,visit_date,visit_type,check_in_time,check_out_time,latitude,longitude,purpose,outcome,notes,status,created_at) VALUES ('visit-00396','default-tenant-001','agent-003','cust-074','2026-02-28','customer','2026-02-28T09:32:00Z','2026-02-28T10:38:00Z',-33.8985,18.3801,'audit','issue_resolved','Placed large order','pending','2026-02-28T09:32:00Z');
INSERT OR IGNORE INTO visits (id,tenant_id,agent_id,customer_id,visit_date,visit_type,check_in_time,check_out_time,latitude,longitude,purpose,outcome,notes,status,created_at) VALUES ('visit-00397','default-tenant-001','agent-004','cust-069','2025-10-16','customer','2025-10-16T13:57:00Z','2025-10-16T14:38:00Z',-29.8113,31.0415,'customer_service','follow_up_needed','Competitor promo spotted','cancelled','2025-10-16T13:57:00Z');
INSERT OR IGNORE INTO visits (id,tenant_id,agent_id,customer_id,visit_date,visit_type,check_in_time,check_out_time,latitude,longitude,purpose,outcome,notes,status,created_at) VALUES ('visit-00398','default-tenant-001','agent-005','cust-098','2025-10-01','customer','2025-10-01T11:45:00Z','2025-10-01T12:34:00Z',-25.7642,28.2254,'competitor_check','order_placed','Good visit','pending','2025-10-01T11:45:00Z');
INSERT OR IGNORE INTO visits (id,tenant_id,agent_id,customer_id,visit_date,visit_type,check_in_time,check_out_time,latitude,longitude,purpose,outcome,notes,status,created_at) VALUES ('visit-00399','default-tenant-001','agent-003','cust-091','2025-10-22','customer','2025-10-22T17:05:00Z','2025-10-22T18:27:00Z',-25.7786,28.2158,'delivery','issue_resolved','Shelf space increased','completed','2025-10-22T17:05:00Z');
INSERT OR IGNORE INTO visits (id,tenant_id,agent_id,customer_id,visit_date,visit_type,check_in_time,check_out_time,latitude,longitude,purpose,outcome,notes,status,created_at) VALUES ('visit-00400','default-tenant-001','agent-002','cust-021','2025-10-02','customer','2025-10-02T15:04:00Z','2025-10-02T16:34:00Z',-34.0070,25.6510,'competitor_check','competitor_noted','Follow up needed','completed','2025-10-02T15:04:00Z');
INSERT OR IGNORE INTO visits (id,tenant_id,agent_id,customer_id,visit_date,visit_type,check_in_time,check_out_time,latitude,longitude,purpose,outcome,notes,status,created_at) VALUES ('visit-00401','default-tenant-001','agent-004','cust-096','2025-11-17','customer','2025-11-17T13:03:00Z','2025-11-17T14:12:00Z',-25.4551,30.9764,'merchandising','stock_checked','Shelf space increased','in_progress','2025-11-17T13:03:00Z');
INSERT OR IGNORE INTO visits (id,tenant_id,agent_id,customer_id,visit_date,visit_type,check_in_time,check_out_time,latitude,longitude,purpose,outcome,notes,status,created_at) VALUES ('visit-00402','default-tenant-001','agent-001','cust-019','2026-02-25','customer','2026-02-25T12:39:00Z','2026-02-25T14:09:00Z',-29.0935,26.1515,'sales','stock_checked','Placed large order','pending','2026-02-25T12:39:00Z');
INSERT OR IGNORE INTO visits (id,tenant_id,agent_id,customer_id,visit_date,visit_type,check_in_time,check_out_time,latitude,longitude,purpose,outcome,notes,status,created_at) VALUES ('visit-00403','default-tenant-001','agent-003','cust-020','2025-10-27','customer','2025-10-27T17:06:00Z','2025-10-27T17:33:00Z',-33.9605,18.3741,'competitor_check','competitor_noted','Stock low','in_progress','2025-10-27T17:06:00Z');
INSERT OR IGNORE INTO visits (id,tenant_id,agent_id,customer_id,visit_date,visit_type,check_in_time,check_out_time,latitude,longitude,purpose,outcome,notes,status,created_at) VALUES ('visit-00404','default-tenant-001','agent-user-001','cust-024','2025-10-30','customer','2025-10-30T15:43:00Z','2025-10-30T15:59:00Z',-26.1599,28.0452,'collection','competitor_noted','Need more samples','in_progress','2025-10-30T15:43:00Z');
INSERT OR IGNORE INTO visits (id,tenant_id,agent_id,customer_id,visit_date,visit_type,check_in_time,check_out_time,latitude,longitude,purpose,outcome,notes,status,created_at) VALUES ('visit-00405','default-tenant-001','agent-003','cust-074','2026-01-24','customer','2026-01-24T08:52:00Z','2026-01-24T09:49:00Z',-23.9112,29.5124,'merchandising','order_placed','','completed','2026-01-24T08:52:00Z');
INSERT OR IGNORE INTO visits (id,tenant_id,agent_id,customer_id,visit_date,visit_type,check_in_time,check_out_time,latitude,longitude,purpose,outcome,notes,status,created_at) VALUES ('visit-00406','default-tenant-001','agent-005','cust-003','2026-01-03','customer','2026-01-03T11:38:00Z','2026-01-03T12:06:00Z',-25.4306,30.9950,'customer_service','issue_resolved','Customer happy','completed','2026-01-03T11:38:00Z');
INSERT OR IGNORE INTO visits (id,tenant_id,agent_id,customer_id,visit_date,visit_type,check_in_time,check_out_time,latitude,longitude,purpose,outcome,notes,status,created_at) VALUES ('visit-00407','default-tenant-001','agent-user-001','cust-080','2026-01-13','customer','2026-01-13T08:23:00Z','2026-01-13T08:42:00Z',-23.8881,29.5046,'audit','no_order','Competitor promo spotted','completed','2026-01-13T08:23:00Z');
INSERT OR IGNORE INTO visits (id,tenant_id,agent_id,customer_id,visit_date,visit_type,check_in_time,check_out_time,latitude,longitude,purpose,outcome,notes,status,created_at) VALUES ('visit-00408','default-tenant-001','agent-user-001','cust-019','2025-11-06','customer','2025-11-06T16:12:00Z','2025-11-06T16:48:00Z',-33.9181,25.5818,'collection','stock_checked','Competitor promo spotted','cancelled','2025-11-06T16:12:00Z');
INSERT OR IGNORE INTO visits (id,tenant_id,agent_id,customer_id,visit_date,visit_type,check_in_time,check_out_time,latitude,longitude,purpose,outcome,notes,status,created_at) VALUES ('visit-00409','default-tenant-001','agent-004','cust-045','2026-01-11','customer','2026-01-11T15:22:00Z','2026-01-11T16:47:00Z',-33.0430,27.9094,'delivery','issue_resolved','New display set up','in_progress','2026-01-11T15:22:00Z');
INSERT OR IGNORE INTO visits (id,tenant_id,agent_id,customer_id,visit_date,visit_type,check_in_time,check_out_time,latitude,longitude,purpose,outcome,notes,status,created_at) VALUES ('visit-00410','default-tenant-001','agent-001','cust-031','2025-12-28','customer','2025-12-28T07:38:00Z','2025-12-28T08:11:00Z',-33.9353,25.5913,'audit','order_placed','New display set up','completed','2025-12-28T07:38:00Z');
INSERT OR IGNORE INTO visits (id,tenant_id,agent_id,customer_id,visit_date,visit_type,check_in_time,check_out_time,latitude,longitude,purpose,outcome,notes,status,created_at) VALUES ('visit-00411','default-tenant-001','agent-005','cust-025','2025-12-01','customer','2025-12-01T15:04:00Z','2025-12-01T16:31:00Z',-23.9067,29.4356,'merchandising','no_order','Shelf space increased','completed','2025-12-01T15:04:00Z');
INSERT OR IGNORE INTO visits (id,tenant_id,agent_id,customer_id,visit_date,visit_type,check_in_time,check_out_time,latitude,longitude,purpose,outcome,notes,status,created_at) VALUES ('visit-00412','default-tenant-001','agent-003','cust-047','2025-11-15','customer','2025-11-15T10:47:00Z','2025-11-15T11:09:00Z',-33.0218,27.8749,'new_customer','stock_checked','New display set up','completed','2025-11-15T10:47:00Z');
INSERT OR IGNORE INTO visits (id,tenant_id,agent_id,customer_id,visit_date,visit_type,check_in_time,check_out_time,latitude,longitude,purpose,outcome,notes,status,created_at) VALUES ('visit-00413','default-tenant-001','agent-001','cust-015','2026-02-20','customer','2026-02-20T12:19:00Z','2026-02-20T13:15:00Z',-28.7443,24.7502,'delivery','follow_up_needed','Good visit','completed','2026-02-20T12:19:00Z');
INSERT OR IGNORE INTO visits (id,tenant_id,agent_id,customer_id,visit_date,visit_type,check_in_time,check_out_time,latitude,longitude,purpose,outcome,notes,status,created_at) VALUES ('visit-00414','default-tenant-001','agent-003','cust-019','2026-02-28','customer','2026-02-28T14:41:00Z','2026-02-28T16:09:00Z',-23.9185,29.4986,'sales','follow_up_needed','','completed','2026-02-28T14:41:00Z');
INSERT OR IGNORE INTO visits (id,tenant_id,agent_id,customer_id,visit_date,visit_type,check_in_time,check_out_time,latitude,longitude,purpose,outcome,notes,status,created_at) VALUES ('visit-00415','default-tenant-001','agent-001','cust-058','2026-02-19','customer','2026-02-19T07:55:00Z','2026-02-19T09:14:00Z',-33.9803,25.5934,'new_customer','order_placed','Good visit','in_progress','2026-02-19T07:55:00Z');
INSERT OR IGNORE INTO visits (id,tenant_id,agent_id,customer_id,visit_date,visit_type,check_in_time,check_out_time,latitude,longitude,purpose,outcome,notes,status,created_at) VALUES ('visit-00416','default-tenant-001','agent-001','cust-008','2025-11-19','customer','2025-11-19T11:48:00Z','2025-11-19T12:03:00Z',-28.7451,24.7094,'sales','stock_checked','Placed large order','completed','2025-11-19T11:48:00Z');
INSERT OR IGNORE INTO visits (id,tenant_id,agent_id,customer_id,visit_date,visit_type,check_in_time,check_out_time,latitude,longitude,purpose,outcome,notes,status,created_at) VALUES ('visit-00417','default-tenant-001','agent-003','cust-024','2025-10-05','customer','2025-10-05T13:03:00Z','2025-10-05T13:40:00Z',-33.9386,25.5612,'delivery','follow_up_needed','Good visit','completed','2025-10-05T13:03:00Z');
INSERT OR IGNORE INTO visits (id,tenant_id,agent_id,customer_id,visit_date,visit_type,check_in_time,check_out_time,latitude,longitude,purpose,outcome,notes,status,created_at) VALUES ('visit-00418','default-tenant-001','agent-002','cust-001','2026-03-05','customer','2026-03-05T17:23:00Z','2026-03-05T18:50:00Z',-33.0408,27.9080,'new_customer','issue_resolved','','completed','2026-03-05T17:23:00Z');
INSERT OR IGNORE INTO visits (id,tenant_id,agent_id,customer_id,visit_date,visit_type,check_in_time,check_out_time,latitude,longitude,purpose,outcome,notes,status,created_at) VALUES ('visit-00419','default-tenant-001','agent-005','cust-094','2026-01-10','customer','2026-01-10T12:55:00Z','2026-01-10T14:09:00Z',-26.1589,28.0811,'audit','issue_resolved','New display set up','pending','2026-01-10T12:55:00Z');
INSERT OR IGNORE INTO visits (id,tenant_id,agent_id,customer_id,visit_date,visit_type,check_in_time,check_out_time,latitude,longitude,purpose,outcome,notes,status,created_at) VALUES ('visit-00420','default-tenant-001','agent-002','cust-018','2025-11-14','customer','2025-11-14T09:15:00Z','2025-11-14T09:58:00Z',-23.9492,29.4593,'merchandising','no_order','Competitor promo spotted','completed','2025-11-14T09:15:00Z');
INSERT OR IGNORE INTO visits (id,tenant_id,agent_id,customer_id,visit_date,visit_type,check_in_time,check_out_time,latitude,longitude,purpose,outcome,notes,status,created_at) VALUES ('visit-00421','default-tenant-001','agent-user-001','cust-070','2026-01-22','customer','2026-01-22T10:45:00Z','2026-01-22T11:20:00Z',-23.9420,29.4924,'sales','competitor_noted','Good visit','cancelled','2026-01-22T10:45:00Z');
INSERT OR IGNORE INTO visits (id,tenant_id,agent_id,customer_id,visit_date,visit_type,check_in_time,check_out_time,latitude,longitude,purpose,outcome,notes,status,created_at) VALUES ('visit-00422','default-tenant-001','agent-001','cust-030','2026-01-06','customer','2026-01-06T15:58:00Z','2026-01-06T17:08:00Z',-32.9856,27.8848,'sales','stock_checked','Placed large order','completed','2026-01-06T15:58:00Z');
INSERT OR IGNORE INTO visits (id,tenant_id,agent_id,customer_id,visit_date,visit_type,check_in_time,check_out_time,latitude,longitude,purpose,outcome,notes,status,created_at) VALUES ('visit-00423','default-tenant-001','agent-002','cust-019','2026-02-02','customer','2026-02-02T15:41:00Z','2026-02-02T16:29:00Z',-33.9011,18.4095,'competitor_check','order_placed','Good visit','completed','2026-02-02T15:41:00Z');
INSERT OR IGNORE INTO visits (id,tenant_id,agent_id,customer_id,visit_date,visit_type,check_in_time,check_out_time,latitude,longitude,purpose,outcome,notes,status,created_at) VALUES ('visit-00424','default-tenant-001','agent-002','cust-042','2025-12-04','customer','2025-12-04T16:40:00Z','2025-12-04T18:01:00Z',-26.1638,28.0471,'new_customer','no_order','New display set up','pending','2025-12-04T16:40:00Z');
INSERT OR IGNORE INTO visits (id,tenant_id,agent_id,customer_id,visit_date,visit_type,check_in_time,check_out_time,latitude,longitude,purpose,outcome,notes,status,created_at) VALUES ('visit-00425','default-tenant-001','agent-002','cust-087','2025-10-13','customer','2025-10-13T13:16:00Z','2025-10-13T14:32:00Z',-23.8761,29.4460,'new_customer','follow_up_needed','Placed large order','completed','2025-10-13T13:16:00Z');
INSERT OR IGNORE INTO visits (id,tenant_id,agent_id,customer_id,visit_date,visit_type,check_in_time,check_out_time,latitude,longitude,purpose,outcome,notes,status,created_at) VALUES ('visit-00426','default-tenant-001','agent-003','cust-083','2025-12-19','customer','2025-12-19T09:52:00Z','2025-12-19T11:10:00Z',-29.1105,26.1871,'new_customer','order_placed','','pending','2025-12-19T09:52:00Z');
INSERT OR IGNORE INTO visits (id,tenant_id,agent_id,customer_id,visit_date,visit_type,check_in_time,check_out_time,latitude,longitude,purpose,outcome,notes,status,created_at) VALUES ('visit-00427','default-tenant-001','agent-004','cust-038','2025-11-22','customer','2025-11-22T10:06:00Z','2025-11-22T11:15:00Z',-33.9226,25.6437,'merchandising','stock_checked','Stock low','in_progress','2025-11-22T10:06:00Z');
INSERT OR IGNORE INTO visits (id,tenant_id,agent_id,customer_id,visit_date,visit_type,check_in_time,check_out_time,latitude,longitude,purpose,outcome,notes,status,created_at) VALUES ('visit-00428','default-tenant-001','agent-003','cust-074','2025-12-06','customer','2025-12-06T14:17:00Z','2025-12-06T14:31:00Z',-33.9162,18.3934,'sales','issue_resolved','Shelf space increased','pending','2025-12-06T14:17:00Z');
INSERT OR IGNORE INTO visits (id,tenant_id,agent_id,customer_id,visit_date,visit_type,check_in_time,check_out_time,latitude,longitude,purpose,outcome,notes,status,created_at) VALUES ('visit-00429','default-tenant-001','agent-004','cust-066','2025-10-08','customer','2025-10-08T15:22:00Z','2025-10-08T15:50:00Z',-33.9642,18.4099,'merchandising','no_order','Stock low','pending','2025-10-08T15:22:00Z');
INSERT OR IGNORE INTO visits (id,tenant_id,agent_id,customer_id,visit_date,visit_type,check_in_time,check_out_time,latitude,longitude,purpose,outcome,notes,status,created_at) VALUES ('visit-00430','default-tenant-001','agent-002','cust-040','2025-12-24','customer','2025-12-24T09:06:00Z','2025-12-24T09:21:00Z',-28.6921,24.7025,'merchandising','order_placed','Competitor promo spotted','in_progress','2025-12-24T09:06:00Z');
INSERT OR IGNORE INTO visits (id,tenant_id,agent_id,customer_id,visit_date,visit_type,check_in_time,check_out_time,latitude,longitude,purpose,outcome,notes,status,created_at) VALUES ('visit-00431','default-tenant-001','agent-004','cust-018','2025-10-28','customer','2025-10-28T10:00:00Z','2025-10-28T11:06:00Z',-29.8489,30.9764,'collection','order_placed','New display set up','completed','2025-10-28T10:00:00Z');
INSERT OR IGNORE INTO visits (id,tenant_id,agent_id,customer_id,visit_date,visit_type,check_in_time,check_out_time,latitude,longitude,purpose,outcome,notes,status,created_at) VALUES ('visit-00432','default-tenant-001','agent-003','cust-033','2026-01-18','customer','2026-01-18T15:17:00Z','2026-01-18T15:34:00Z',-29.0422,26.1355,'sales','competitor_noted','Shelf space increased','completed','2026-01-18T15:17:00Z');
INSERT OR IGNORE INTO visits (id,tenant_id,agent_id,customer_id,visit_date,visit_type,check_in_time,check_out_time,latitude,longitude,purpose,outcome,notes,status,created_at) VALUES ('visit-00433','default-tenant-001','agent-005','cust-022','2025-11-01','customer','2025-11-01T10:38:00Z','2025-11-01T11:33:00Z',-23.9094,29.4548,'customer_service','stock_checked','Need more samples','pending','2025-11-01T10:38:00Z');
INSERT OR IGNORE INTO visits (id,tenant_id,agent_id,customer_id,visit_date,visit_type,check_in_time,check_out_time,latitude,longitude,purpose,outcome,notes,status,created_at) VALUES ('visit-00434','default-tenant-001','agent-003','cust-038','2025-10-12','customer','2025-10-12T12:12:00Z','2025-10-12T13:12:00Z',-33.9374,25.5715,'sales','issue_resolved','Good visit','completed','2025-10-12T12:12:00Z');
INSERT OR IGNORE INTO visits (id,tenant_id,agent_id,customer_id,visit_date,visit_type,check_in_time,check_out_time,latitude,longitude,purpose,outcome,notes,status,created_at) VALUES ('visit-00435','default-tenant-001','agent-002','cust-068','2026-02-22','customer','2026-02-22T12:01:00Z','2026-02-22T12:34:00Z',-29.8189,31.0215,'competitor_check','no_order','Competitor promo spotted','completed','2026-02-22T12:01:00Z');
INSERT OR IGNORE INTO visits (id,tenant_id,agent_id,customer_id,visit_date,visit_type,check_in_time,check_out_time,latitude,longitude,purpose,outcome,notes,status,created_at) VALUES ('visit-00436','default-tenant-001','agent-002','cust-071','2025-11-25','customer','2025-11-25T12:45:00Z','2025-11-25T14:14:00Z',-25.4634,30.9990,'competitor_check','no_order','Competitor promo spotted','completed','2025-11-25T12:45:00Z');
INSERT OR IGNORE INTO visits (id,tenant_id,agent_id,customer_id,visit_date,visit_type,check_in_time,check_out_time,latitude,longitude,purpose,outcome,notes,status,created_at) VALUES ('visit-00437','default-tenant-001','agent-005','cust-008','2025-11-12','customer','2025-11-12T12:06:00Z','2025-11-12T13:01:00Z',-32.9914,27.9149,'new_customer','stock_checked','Placed large order','completed','2025-11-12T12:06:00Z');
INSERT OR IGNORE INTO visits (id,tenant_id,agent_id,customer_id,visit_date,visit_type,check_in_time,check_out_time,latitude,longitude,purpose,outcome,notes,status,created_at) VALUES ('visit-00438','default-tenant-001','agent-002','cust-059','2025-10-14','customer','2025-10-14T13:42:00Z','2025-10-14T14:59:00Z',-23.9035,29.4332,'new_customer','stock_checked','Good visit','completed','2025-10-14T13:42:00Z');
INSERT OR IGNORE INTO visits (id,tenant_id,agent_id,customer_id,visit_date,visit_type,check_in_time,check_out_time,latitude,longitude,purpose,outcome,notes,status,created_at) VALUES ('visit-00439','default-tenant-001','agent-004','cust-067','2026-01-23','customer','2026-01-23T09:21:00Z','2026-01-23T10:07:00Z',-28.6870,24.7384,'delivery','issue_resolved','Placed large order','completed','2026-01-23T09:21:00Z');
INSERT OR IGNORE INTO visits (id,tenant_id,agent_id,customer_id,visit_date,visit_type,check_in_time,check_out_time,latitude,longitude,purpose,outcome,notes,status,created_at) VALUES ('visit-00440','default-tenant-001','agent-user-001','cust-030','2026-02-05','customer','2026-02-05T16:02:00Z','2026-02-05T17:21:00Z',-25.7946,28.2669,'sales','issue_resolved','Good visit','in_progress','2026-02-05T16:02:00Z');
INSERT OR IGNORE INTO visits (id,tenant_id,agent_id,customer_id,visit_date,visit_type,check_in_time,check_out_time,latitude,longitude,purpose,outcome,notes,status,created_at) VALUES ('visit-00441','default-tenant-001','agent-002','cust-018','2026-02-08','customer','2026-02-08T11:42:00Z','2026-02-08T12:42:00Z',-28.7781,24.7458,'new_customer','issue_resolved','Shelf space increased','completed','2026-02-08T11:42:00Z');
INSERT OR IGNORE INTO visits (id,tenant_id,agent_id,customer_id,visit_date,visit_type,check_in_time,check_out_time,latitude,longitude,purpose,outcome,notes,status,created_at) VALUES ('visit-00442','default-tenant-001','agent-002','cust-045','2026-03-01','customer','2026-03-01T11:49:00Z','2026-03-01T13:01:00Z',-29.1317,26.2063,'delivery','competitor_noted','Competitor promo spotted','in_progress','2026-03-01T11:49:00Z');
INSERT OR IGNORE INTO visits (id,tenant_id,agent_id,customer_id,visit_date,visit_type,check_in_time,check_out_time,latitude,longitude,purpose,outcome,notes,status,created_at) VALUES ('visit-00443','default-tenant-001','agent-001','cust-004','2025-10-09','customer','2025-10-09T16:59:00Z','2025-10-09T17:31:00Z',-29.8802,30.9733,'collection','competitor_noted','Good visit','cancelled','2025-10-09T16:59:00Z');
INSERT OR IGNORE INTO visits (id,tenant_id,agent_id,customer_id,visit_date,visit_type,check_in_time,check_out_time,latitude,longitude,purpose,outcome,notes,status,created_at) VALUES ('visit-00444','default-tenant-001','agent-004','cust-067','2025-11-16','customer','2025-11-16T07:48:00Z','2025-11-16T08:30:00Z',-25.7423,28.2316,'sales','follow_up_needed','Stock low','cancelled','2025-11-16T07:48:00Z');
INSERT OR IGNORE INTO visits (id,tenant_id,agent_id,customer_id,visit_date,visit_type,check_in_time,check_out_time,latitude,longitude,purpose,outcome,notes,status,created_at) VALUES ('visit-00445','default-tenant-001','agent-004','cust-087','2025-10-15','customer','2025-10-15T11:23:00Z','2025-10-15T12:23:00Z',-29.8328,30.9754,'new_customer','stock_checked','','completed','2025-10-15T11:23:00Z');
INSERT OR IGNORE INTO visits (id,tenant_id,agent_id,customer_id,visit_date,visit_type,check_in_time,check_out_time,latitude,longitude,purpose,outcome,notes,status,created_at) VALUES ('visit-00446','default-tenant-001','agent-005','cust-015','2025-10-10','customer','2025-10-10T16:37:00Z','2025-10-10T18:07:00Z',-25.7343,28.2587,'new_customer','issue_resolved','Good visit','pending','2025-10-10T16:37:00Z');
INSERT OR IGNORE INTO visits (id,tenant_id,agent_id,customer_id,visit_date,visit_type,check_in_time,check_out_time,latitude,longitude,purpose,outcome,notes,status,created_at) VALUES ('visit-00447','default-tenant-001','agent-001','cust-078','2026-02-03','customer','2026-02-03T11:00:00Z','2026-02-03T12:20:00Z',-33.9663,25.6039,'customer_service','no_order','','completed','2026-02-03T11:00:00Z');
INSERT OR IGNORE INTO visits (id,tenant_id,agent_id,customer_id,visit_date,visit_type,check_in_time,check_out_time,latitude,longitude,purpose,outcome,notes,status,created_at) VALUES ('visit-00448','default-tenant-001','agent-005','cust-062','2026-01-29','customer','2026-01-29T09:32:00Z','2026-01-29T09:54:00Z',-29.0754,26.1369,'audit','follow_up_needed','Shelf space increased','pending','2026-01-29T09:32:00Z');
INSERT OR IGNORE INTO visits (id,tenant_id,agent_id,customer_id,visit_date,visit_type,check_in_time,check_out_time,latitude,longitude,purpose,outcome,notes,status,created_at) VALUES ('visit-00449','default-tenant-001','agent-001','cust-017','2026-02-12','customer','2026-02-12T11:37:00Z','2026-02-12T12:09:00Z',-26.1901,28.0032,'audit','follow_up_needed','Stock low','completed','2026-02-12T11:37:00Z');
INSERT OR IGNORE INTO visits (id,tenant_id,agent_id,customer_id,visit_date,visit_type,check_in_time,check_out_time,latitude,longitude,purpose,outcome,notes,status,created_at) VALUES ('visit-00450','default-tenant-001','agent-005','cust-051','2026-02-26','customer','2026-02-26T13:57:00Z','2026-02-26T14:51:00Z',-29.8494,31.0157,'competitor_check','follow_up_needed','Competitor promo spotted','completed','2026-02-26T13:57:00Z');
INSERT OR IGNORE INTO visits (id,tenant_id,agent_id,customer_id,visit_date,visit_type,check_in_time,check_out_time,latitude,longitude,purpose,outcome,notes,status,created_at) VALUES ('visit-00451','default-tenant-001','agent-user-001','cust-097','2026-02-03','customer','2026-02-03T16:21:00Z','2026-02-03T17:20:00Z',-25.4396,31.0011,'delivery','no_order','Good visit','pending','2026-02-03T16:21:00Z');
INSERT OR IGNORE INTO visits (id,tenant_id,agent_id,customer_id,visit_date,visit_type,check_in_time,check_out_time,latitude,longitude,purpose,outcome,notes,status,created_at) VALUES ('visit-00452','default-tenant-001','agent-004','cust-020','2025-11-12','customer','2025-11-12T10:06:00Z','2025-11-12T11:26:00Z',-29.0781,26.1102,'merchandising','competitor_noted','','cancelled','2025-11-12T10:06:00Z');
INSERT OR IGNORE INTO visits (id,tenant_id,agent_id,customer_id,visit_date,visit_type,check_in_time,check_out_time,latitude,longitude,purpose,outcome,notes,status,created_at) VALUES ('visit-00453','default-tenant-001','agent-001','cust-028','2026-01-05','customer','2026-01-05T17:05:00Z','2026-01-05T17:34:00Z',-25.7573,28.1854,'delivery','competitor_noted','Placed large order','in_progress','2026-01-05T17:05:00Z');
INSERT OR IGNORE INTO visits (id,tenant_id,agent_id,customer_id,visit_date,visit_type,check_in_time,check_out_time,latitude,longitude,purpose,outcome,notes,status,created_at) VALUES ('visit-00454','default-tenant-001','agent-004','cust-095','2025-11-24','customer','2025-11-24T17:41:00Z','2025-11-24T17:59:00Z',-29.8801,31.0524,'delivery','competitor_noted','Stock low','completed','2025-11-24T17:41:00Z');
INSERT OR IGNORE INTO visits (id,tenant_id,agent_id,customer_id,visit_date,visit_type,check_in_time,check_out_time,latitude,longitude,purpose,outcome,notes,status,created_at) VALUES ('visit-00455','default-tenant-001','agent-001','cust-084','2025-11-14','customer','2025-11-14T13:42:00Z','2025-11-14T14:40:00Z',-29.8676,31.0207,'collection','stock_checked','Follow up needed','in_progress','2025-11-14T13:42:00Z');
INSERT OR IGNORE INTO visits (id,tenant_id,agent_id,customer_id,visit_date,visit_type,check_in_time,check_out_time,latitude,longitude,purpose,outcome,notes,status,created_at) VALUES ('visit-00456','default-tenant-001','agent-001','cust-016','2025-11-01','customer','2025-11-01T08:50:00Z','2025-11-01T09:33:00Z',-25.7963,28.2282,'customer_service','competitor_noted','Competitor promo spotted','pending','2025-11-01T08:50:00Z');
INSERT OR IGNORE INTO visits (id,tenant_id,agent_id,customer_id,visit_date,visit_type,check_in_time,check_out_time,latitude,longitude,purpose,outcome,notes,status,created_at) VALUES ('visit-00457','default-tenant-001','agent-003','cust-032','2025-12-19','customer','2025-12-19T16:26:00Z','2025-12-19T17:00:00Z',-29.8783,31.0086,'merchandising','order_placed','Good visit','completed','2025-12-19T16:26:00Z');
INSERT OR IGNORE INTO visits (id,tenant_id,agent_id,customer_id,visit_date,visit_type,check_in_time,check_out_time,latitude,longitude,purpose,outcome,notes,status,created_at) VALUES ('visit-00458','default-tenant-001','agent-user-001','cust-099','2025-12-09','customer','2025-12-09T07:07:00Z','2025-12-09T08:22:00Z',-33.9726,18.3883,'collection','order_placed','Placed large order','completed','2025-12-09T07:07:00Z');
INSERT OR IGNORE INTO visits (id,tenant_id,agent_id,customer_id,visit_date,visit_type,check_in_time,check_out_time,latitude,longitude,purpose,outcome,notes,status,created_at) VALUES ('visit-00459','default-tenant-001','agent-002','cust-057','2025-10-20','customer','2025-10-20T17:17:00Z','2025-10-20T17:44:00Z',-26.1858,28.0637,'merchandising','issue_resolved','Customer happy','in_progress','2025-10-20T17:17:00Z');
INSERT OR IGNORE INTO visits (id,tenant_id,agent_id,customer_id,visit_date,visit_type,check_in_time,check_out_time,latitude,longitude,purpose,outcome,notes,status,created_at) VALUES ('visit-00460','default-tenant-001','agent-003','cust-097','2026-01-18','customer','2026-01-18T08:08:00Z','2026-01-18T09:14:00Z',-25.7477,28.2578,'merchandising','competitor_noted','','cancelled','2026-01-18T08:08:00Z');
INSERT OR IGNORE INTO visits (id,tenant_id,agent_id,customer_id,visit_date,visit_type,check_in_time,check_out_time,latitude,longitude,purpose,outcome,notes,status,created_at) VALUES ('visit-00461','default-tenant-001','agent-002','cust-055','2025-12-28','customer','2025-12-28T12:13:00Z','2025-12-28T12:36:00Z',-28.7640,24.7453,'delivery','follow_up_needed','Placed large order','completed','2025-12-28T12:13:00Z');
INSERT OR IGNORE INTO visits (id,tenant_id,agent_id,customer_id,visit_date,visit_type,check_in_time,check_out_time,latitude,longitude,purpose,outcome,notes,status,created_at) VALUES ('visit-00462','default-tenant-001','agent-005','cust-053','2025-12-21','customer','2025-12-21T16:28:00Z','2025-12-21T17:27:00Z',-32.9883,27.9394,'merchandising','competitor_noted','','completed','2025-12-21T16:28:00Z');
INSERT OR IGNORE INTO visits (id,tenant_id,agent_id,customer_id,visit_date,visit_type,check_in_time,check_out_time,latitude,longitude,purpose,outcome,notes,status,created_at) VALUES ('visit-00463','default-tenant-001','agent-001','cust-020','2026-02-02','customer','2026-02-02T16:27:00Z','2026-02-02T17:38:00Z',-29.0796,26.1202,'delivery','issue_resolved','Follow up needed','cancelled','2026-02-02T16:27:00Z');
INSERT OR IGNORE INTO visits (id,tenant_id,agent_id,customer_id,visit_date,visit_type,check_in_time,check_out_time,latitude,longitude,purpose,outcome,notes,status,created_at) VALUES ('visit-00464','default-tenant-001','agent-001','cust-010','2025-11-11','customer','2025-11-11T09:52:00Z','2025-11-11T11:21:00Z',-33.0407,27.9493,'sales','competitor_noted','Good visit','completed','2025-11-11T09:52:00Z');
INSERT OR IGNORE INTO visits (id,tenant_id,agent_id,customer_id,visit_date,visit_type,check_in_time,check_out_time,latitude,longitude,purpose,outcome,notes,status,created_at) VALUES ('visit-00465','default-tenant-001','agent-user-001','cust-071','2025-12-06','customer','2025-12-06T08:42:00Z','2025-12-06T10:09:00Z',-29.0399,26.1358,'competitor_check','order_placed','Customer happy','completed','2025-12-06T08:42:00Z');
INSERT OR IGNORE INTO visits (id,tenant_id,agent_id,customer_id,visit_date,visit_type,check_in_time,check_out_time,latitude,longitude,purpose,outcome,notes,status,created_at) VALUES ('visit-00466','default-tenant-001','agent-004','cust-029','2025-10-13','customer','2025-10-13T08:21:00Z','2025-10-13T09:36:00Z',-33.9311,18.4222,'audit','issue_resolved','Placed large order','completed','2025-10-13T08:21:00Z');
INSERT OR IGNORE INTO visits (id,tenant_id,agent_id,customer_id,visit_date,visit_type,check_in_time,check_out_time,latitude,longitude,purpose,outcome,notes,status,created_at) VALUES ('visit-00467','default-tenant-001','agent-001','cust-047','2026-01-03','customer','2026-01-03T10:21:00Z','2026-01-03T11:22:00Z',-26.2319,28.0899,'merchandising','no_order','Stock low','completed','2026-01-03T10:21:00Z');
INSERT OR IGNORE INTO visits (id,tenant_id,agent_id,customer_id,visit_date,visit_type,check_in_time,check_out_time,latitude,longitude,purpose,outcome,notes,status,created_at) VALUES ('visit-00468','default-tenant-001','agent-003','cust-016','2025-10-21','customer','2025-10-21T15:43:00Z','2025-10-21T17:11:00Z',-32.9821,27.9046,'sales','stock_checked','','in_progress','2025-10-21T15:43:00Z');
INSERT OR IGNORE INTO visits (id,tenant_id,agent_id,customer_id,visit_date,visit_type,check_in_time,check_out_time,latitude,longitude,purpose,outcome,notes,status,created_at) VALUES ('visit-00469','default-tenant-001','agent-005','cust-047','2026-01-31','customer','2026-01-31T13:16:00Z','2026-01-31T14:33:00Z',-33.9234,18.4052,'collection','issue_resolved','Shelf space increased','completed','2026-01-31T13:16:00Z');
INSERT OR IGNORE INTO visits (id,tenant_id,agent_id,customer_id,visit_date,visit_type,check_in_time,check_out_time,latitude,longitude,purpose,outcome,notes,status,created_at) VALUES ('visit-00470','default-tenant-001','agent-001','cust-030','2025-11-26','customer','2025-11-26T08:58:00Z','2025-11-26T09:10:00Z',-26.1822,28.0185,'competitor_check','no_order','Need more samples','completed','2025-11-26T08:58:00Z');
INSERT OR IGNORE INTO visits (id,tenant_id,agent_id,customer_id,visit_date,visit_type,check_in_time,check_out_time,latitude,longitude,purpose,outcome,notes,status,created_at) VALUES ('visit-00471','default-tenant-001','agent-004','cust-075','2025-11-10','customer','2025-11-10T11:42:00Z','2025-11-10T12:25:00Z',-28.7766,24.7692,'competitor_check','order_placed','New display set up','completed','2025-11-10T11:42:00Z');
INSERT OR IGNORE INTO visits (id,tenant_id,agent_id,customer_id,visit_date,visit_type,check_in_time,check_out_time,latitude,longitude,purpose,outcome,notes,status,created_at) VALUES ('visit-00472','default-tenant-001','agent-001','cust-044','2026-01-25','customer','2026-01-25T11:00:00Z','2026-01-25T11:28:00Z',-25.7830,28.2400,'competitor_check','competitor_noted','Placed large order','cancelled','2026-01-25T11:00:00Z');
INSERT OR IGNORE INTO visits (id,tenant_id,agent_id,customer_id,visit_date,visit_type,check_in_time,check_out_time,latitude,longitude,purpose,outcome,notes,status,created_at) VALUES ('visit-00473','default-tenant-001','agent-001','cust-095','2025-11-10','customer','2025-11-10T08:11:00Z','2025-11-10T08:42:00Z',-25.5180,30.9374,'merchandising','issue_resolved','Placed large order','pending','2025-11-10T08:11:00Z');
INSERT OR IGNORE INTO visits (id,tenant_id,agent_id,customer_id,visit_date,visit_type,check_in_time,check_out_time,latitude,longitude,purpose,outcome,notes,status,created_at) VALUES ('visit-00474','default-tenant-001','agent-user-001','cust-095','2026-03-02','customer','2026-03-02T16:59:00Z','2026-03-02T18:12:00Z',-29.0849,26.1467,'merchandising','order_placed','Competitor promo spotted','in_progress','2026-03-02T16:59:00Z');
INSERT OR IGNORE INTO visits (id,tenant_id,agent_id,customer_id,visit_date,visit_type,check_in_time,check_out_time,latitude,longitude,purpose,outcome,notes,status,created_at) VALUES ('visit-00475','default-tenant-001','agent-user-001','cust-026','2026-01-01','customer','2026-01-01T14:11:00Z','2026-01-01T14:29:00Z',-33.9021,18.4353,'new_customer','competitor_noted','Competitor promo spotted','completed','2026-01-01T14:11:00Z');
INSERT OR IGNORE INTO visits (id,tenant_id,agent_id,customer_id,visit_date,visit_type,check_in_time,check_out_time,latitude,longitude,purpose,outcome,notes,status,created_at) VALUES ('visit-00476','default-tenant-001','agent-user-001','cust-022','2026-02-10','customer','2026-02-10T12:34:00Z','2026-02-10T13:42:00Z',-33.8751,18.4654,'competitor_check','order_placed','Placed large order','completed','2026-02-10T12:34:00Z');
INSERT OR IGNORE INTO visits (id,tenant_id,agent_id,customer_id,visit_date,visit_type,check_in_time,check_out_time,latitude,longitude,purpose,outcome,notes,status,created_at) VALUES ('visit-00477','default-tenant-001','agent-001','cust-025','2025-12-06','customer','2025-12-06T10:21:00Z','2025-12-06T10:43:00Z',-28.7365,24.7724,'competitor_check','order_placed','','cancelled','2025-12-06T10:21:00Z');
INSERT OR IGNORE INTO visits (id,tenant_id,agent_id,customer_id,visit_date,visit_type,check_in_time,check_out_time,latitude,longitude,purpose,outcome,notes,status,created_at) VALUES ('visit-00478','default-tenant-001','agent-002','cust-046','2025-11-28','customer','2025-11-28T12:36:00Z','2025-11-28T13:17:00Z',-28.7766,24.7954,'sales','order_placed','Need more samples','pending','2025-11-28T12:36:00Z');
INSERT OR IGNORE INTO visits (id,tenant_id,agent_id,customer_id,visit_date,visit_type,check_in_time,check_out_time,latitude,longitude,purpose,outcome,notes,status,created_at) VALUES ('visit-00479','default-tenant-001','agent-001','cust-031','2026-01-19','customer','2026-01-19T14:23:00Z','2026-01-19T15:05:00Z',-33.9249,18.4245,'collection','follow_up_needed','Need more samples','completed','2026-01-19T14:23:00Z');
INSERT OR IGNORE INTO visits (id,tenant_id,agent_id,customer_id,visit_date,visit_type,check_in_time,check_out_time,latitude,longitude,purpose,outcome,notes,status,created_at) VALUES ('visit-00480','default-tenant-001','agent-002','cust-004','2025-11-22','customer','2025-11-22T09:44:00Z','2025-11-22T10:52:00Z',-25.4414,31.0110,'collection','issue_resolved','New display set up','completed','2025-11-22T09:44:00Z');
INSERT OR IGNORE INTO visits (id,tenant_id,agent_id,customer_id,visit_date,visit_type,check_in_time,check_out_time,latitude,longitude,purpose,outcome,notes,status,created_at) VALUES ('visit-00481','default-tenant-001','agent-002','cust-010','2026-03-09','customer','2026-03-09T17:49:00Z','2026-03-09T19:06:00Z',-33.9877,25.6109,'customer_service','competitor_noted','New display set up','cancelled','2026-03-09T17:49:00Z');
INSERT OR IGNORE INTO visits (id,tenant_id,agent_id,customer_id,visit_date,visit_type,check_in_time,check_out_time,latitude,longitude,purpose,outcome,notes,status,created_at) VALUES ('visit-00482','default-tenant-001','agent-user-001','cust-007','2026-01-01','customer','2026-01-01T09:37:00Z','2026-01-01T10:57:00Z',-33.9357,25.5669,'collection','no_order','Follow up needed','completed','2026-01-01T09:37:00Z');
INSERT OR IGNORE INTO visits (id,tenant_id,agent_id,customer_id,visit_date,visit_type,check_in_time,check_out_time,latitude,longitude,purpose,outcome,notes,status,created_at) VALUES ('visit-00483','default-tenant-001','agent-user-001','cust-029','2025-11-02','customer','2025-11-02T09:14:00Z','2025-11-02T10:08:00Z',-25.7029,28.2538,'audit','stock_checked','Follow up needed','in_progress','2025-11-02T09:14:00Z');
INSERT OR IGNORE INTO visits (id,tenant_id,agent_id,customer_id,visit_date,visit_type,check_in_time,check_out_time,latitude,longitude,purpose,outcome,notes,status,created_at) VALUES ('visit-00484','default-tenant-001','agent-003','cust-093','2026-02-14','customer','2026-02-14T07:42:00Z','2026-02-14T07:52:00Z',-23.8855,29.5111,'customer_service','order_placed','Follow up needed','completed','2026-02-14T07:42:00Z');
INSERT OR IGNORE INTO visits (id,tenant_id,agent_id,customer_id,visit_date,visit_type,check_in_time,check_out_time,latitude,longitude,purpose,outcome,notes,status,created_at) VALUES ('visit-00485','default-tenant-001','agent-004','cust-001','2025-10-18','customer','2025-10-18T15:42:00Z','2025-10-18T15:55:00Z',-26.1645,28.0557,'competitor_check','follow_up_needed','','completed','2025-10-18T15:42:00Z');
INSERT OR IGNORE INTO visits (id,tenant_id,agent_id,customer_id,visit_date,visit_type,check_in_time,check_out_time,latitude,longitude,purpose,outcome,notes,status,created_at) VALUES ('visit-00486','default-tenant-001','agent-003','cust-059','2025-11-26','customer','2025-11-26T09:17:00Z','2025-11-26T10:07:00Z',-29.0972,26.1312,'customer_service','follow_up_needed','Shelf space increased','in_progress','2025-11-26T09:17:00Z');
INSERT OR IGNORE INTO visits (id,tenant_id,agent_id,customer_id,visit_date,visit_type,check_in_time,check_out_time,latitude,longitude,purpose,outcome,notes,status,created_at) VALUES ('visit-00487','default-tenant-001','agent-002','cust-018','2025-11-03','customer','2025-11-03T16:05:00Z','2025-11-03T16:34:00Z',-23.8715,29.4363,'competitor_check','stock_checked','New display set up','completed','2025-11-03T16:05:00Z');
INSERT OR IGNORE INTO visits (id,tenant_id,agent_id,customer_id,visit_date,visit_type,check_in_time,check_out_time,latitude,longitude,purpose,outcome,notes,status,created_at) VALUES ('visit-00488','default-tenant-001','agent-001','cust-077','2026-01-11','customer','2026-01-11T13:24:00Z','2026-01-11T14:30:00Z',-25.4690,30.9832,'audit','no_order','Placed large order','completed','2026-01-11T13:24:00Z');
INSERT OR IGNORE INTO visits (id,tenant_id,agent_id,customer_id,visit_date,visit_type,check_in_time,check_out_time,latitude,longitude,purpose,outcome,notes,status,created_at) VALUES ('visit-00489','default-tenant-001','agent-002','cust-098','2025-10-09','customer','2025-10-09T09:58:00Z','2025-10-09T10:45:00Z',-25.4900,30.9457,'new_customer','no_order','Customer happy','completed','2025-10-09T09:58:00Z');
INSERT OR IGNORE INTO visits (id,tenant_id,agent_id,customer_id,visit_date,visit_type,check_in_time,check_out_time,latitude,longitude,purpose,outcome,notes,status,created_at) VALUES ('visit-00490','default-tenant-001','agent-003','cust-019','2026-03-01','customer','2026-03-01T13:10:00Z','2026-03-01T14:17:00Z',-29.8667,31.0534,'competitor_check','stock_checked','Follow up needed','in_progress','2026-03-01T13:10:00Z');
INSERT OR IGNORE INTO visits (id,tenant_id,agent_id,customer_id,visit_date,visit_type,check_in_time,check_out_time,latitude,longitude,purpose,outcome,notes,status,created_at) VALUES ('visit-00491','default-tenant-001','agent-004','cust-084','2025-11-21','customer','2025-11-21T07:13:00Z','2025-11-21T08:24:00Z',-28.7445,24.7719,'sales','no_order','','in_progress','2025-11-21T07:13:00Z');
INSERT OR IGNORE INTO visits (id,tenant_id,agent_id,customer_id,visit_date,visit_type,check_in_time,check_out_time,latitude,longitude,purpose,outcome,notes,status,created_at) VALUES ('visit-00492','default-tenant-001','agent-002','cust-066','2025-12-20','customer','2025-12-20T11:36:00Z','2025-12-20T12:27:00Z',-32.9994,27.9320,'collection','stock_checked','New display set up','cancelled','2025-12-20T11:36:00Z');
INSERT OR IGNORE INTO visits (id,tenant_id,agent_id,customer_id,visit_date,visit_type,check_in_time,check_out_time,latitude,longitude,purpose,outcome,notes,status,created_at) VALUES ('visit-00493','default-tenant-001','agent-002','cust-031','2026-01-16','customer','2026-01-16T08:47:00Z','2026-01-16T08:59:00Z',-28.7492,24.7092,'customer_service','no_order','Placed large order','completed','2026-01-16T08:47:00Z');
INSERT OR IGNORE INTO visits (id,tenant_id,agent_id,customer_id,visit_date,visit_type,check_in_time,check_out_time,latitude,longitude,purpose,outcome,notes,status,created_at) VALUES ('visit-00494','default-tenant-001','agent-005','cust-033','2026-01-13','customer','2026-01-13T07:40:00Z','2026-01-13T09:05:00Z',-28.7260,24.7994,'customer_service','order_placed','Good visit','pending','2026-01-13T07:40:00Z');
INSERT OR IGNORE INTO visits (id,tenant_id,agent_id,customer_id,visit_date,visit_type,check_in_time,check_out_time,latitude,longitude,purpose,outcome,notes,status,created_at) VALUES ('visit-00495','default-tenant-001','agent-003','cust-093','2025-11-16','customer','2025-11-16T12:04:00Z','2025-11-16T12:53:00Z',-25.4907,30.9632,'collection','issue_resolved','Shelf space increased','cancelled','2025-11-16T12:04:00Z');
INSERT OR IGNORE INTO visits (id,tenant_id,agent_id,customer_id,visit_date,visit_type,check_in_time,check_out_time,latitude,longitude,purpose,outcome,notes,status,created_at) VALUES ('visit-00496','default-tenant-001','agent-user-001','cust-086','2026-02-08','customer','2026-02-08T13:01:00Z','2026-02-08T13:22:00Z',-25.7723,28.2411,'competitor_check','issue_resolved','Customer happy','pending','2026-02-08T13:01:00Z');
INSERT OR IGNORE INTO visits (id,tenant_id,agent_id,customer_id,visit_date,visit_type,check_in_time,check_out_time,latitude,longitude,purpose,outcome,notes,status,created_at) VALUES ('visit-00497','default-tenant-001','agent-user-001','cust-034','2025-10-12','customer','2025-10-12T13:54:00Z','2025-10-12T14:11:00Z',-23.8890,29.5042,'audit','stock_checked','','completed','2025-10-12T13:54:00Z');
INSERT OR IGNORE INTO visits (id,tenant_id,agent_id,customer_id,visit_date,visit_type,check_in_time,check_out_time,latitude,longitude,purpose,outcome,notes,status,created_at) VALUES ('visit-00498','default-tenant-001','agent-004','cust-080','2026-02-24','customer','2026-02-24T13:03:00Z','2026-02-24T13:56:00Z',-33.9699,18.4719,'audit','issue_resolved','Competitor promo spotted','completed','2026-02-24T13:03:00Z');
INSERT OR IGNORE INTO visits (id,tenant_id,agent_id,customer_id,visit_date,visit_type,check_in_time,check_out_time,latitude,longitude,purpose,outcome,notes,status,created_at) VALUES ('visit-00499','default-tenant-001','agent-004','cust-052','2025-10-11','customer','2025-10-11T07:16:00Z','2025-10-11T08:27:00Z',-33.0251,27.8711,'delivery','follow_up_needed','Customer happy','completed','2025-10-11T07:16:00Z');
INSERT OR IGNORE INTO visits (id,tenant_id,agent_id,customer_id,visit_date,visit_type,check_in_time,check_out_time,latitude,longitude,purpose,outcome,notes,status,created_at) VALUES ('visit-00500','default-tenant-001','agent-002','cust-032','2026-02-10','customer','2026-02-10T13:12:00Z','2026-02-10T14:39:00Z',-25.7695,28.1896,'audit','follow_up_needed','Stock low','in_progress','2026-02-10T13:12:00Z');
INSERT OR IGNORE INTO visits (id,tenant_id,agent_id,customer_id,visit_date,visit_type,check_in_time,check_out_time,latitude,longitude,purpose,outcome,notes,status,created_at) VALUES ('visit-00501','default-tenant-001','agent-001','cust-013','2026-01-10','customer','2026-01-10T16:16:00Z','2026-01-10T17:08:00Z',-25.4976,30.9446,'new_customer','issue_resolved','Competitor promo spotted','in_progress','2026-01-10T16:16:00Z');
INSERT OR IGNORE INTO visits (id,tenant_id,agent_id,customer_id,visit_date,visit_type,check_in_time,check_out_time,latitude,longitude,purpose,outcome,notes,status,created_at) VALUES ('visit-00502','default-tenant-001','agent-001','cust-006','2025-11-01','customer','2025-11-01T15:06:00Z','2025-11-01T16:28:00Z',-29.0908,26.1852,'collection','follow_up_needed','Good visit','completed','2025-11-01T15:06:00Z');
INSERT OR IGNORE INTO visits (id,tenant_id,agent_id,customer_id,visit_date,visit_type,check_in_time,check_out_time,latitude,longitude,purpose,outcome,notes,status,created_at) VALUES ('visit-00503','default-tenant-001','agent-003','cust-006','2025-12-19','customer','2025-12-19T12:13:00Z','2025-12-19T13:09:00Z',-33.0231,27.9492,'merchandising','no_order','Customer happy','cancelled','2025-12-19T12:13:00Z');
INSERT OR IGNORE INTO visits (id,tenant_id,agent_id,customer_id,visit_date,visit_type,check_in_time,check_out_time,latitude,longitude,purpose,outcome,notes,status,created_at) VALUES ('visit-00504','default-tenant-001','agent-001','cust-077','2025-11-03','customer','2025-11-03T17:43:00Z','2025-11-03T18:42:00Z',-33.9671,25.5768,'audit','stock_checked','Need more samples','cancelled','2025-11-03T17:43:00Z');
INSERT OR IGNORE INTO visits (id,tenant_id,agent_id,customer_id,visit_date,visit_type,check_in_time,check_out_time,latitude,longitude,purpose,outcome,notes,status,created_at) VALUES ('visit-00505','default-tenant-001','agent-005','cust-097','2025-10-17','customer','2025-10-17T09:08:00Z','2025-10-17T09:30:00Z',-33.9052,18.4265,'sales','issue_resolved','New display set up','completed','2025-10-17T09:08:00Z');
INSERT OR IGNORE INTO visits (id,tenant_id,agent_id,customer_id,visit_date,visit_type,check_in_time,check_out_time,latitude,longitude,purpose,outcome,notes,status,created_at) VALUES ('visit-00506','default-tenant-001','agent-004','cust-052','2026-02-26','customer','2026-02-26T11:11:00Z','2026-02-26T11:57:00Z',-25.4906,30.9753,'delivery','competitor_noted','','completed','2026-02-26T11:11:00Z');
INSERT OR IGNORE INTO visits (id,tenant_id,agent_id,customer_id,visit_date,visit_type,check_in_time,check_out_time,latitude,longitude,purpose,outcome,notes,status,created_at) VALUES ('visit-00507','default-tenant-001','agent-001','cust-059','2026-02-05','customer','2026-02-05T16:47:00Z','2026-02-05T18:04:00Z',-33.0638,27.8627,'customer_service','competitor_noted','Competitor promo spotted','pending','2026-02-05T16:47:00Z');
INSERT OR IGNORE INTO visits (id,tenant_id,agent_id,customer_id,visit_date,visit_type,check_in_time,check_out_time,latitude,longitude,purpose,outcome,notes,status,created_at) VALUES ('visit-00508','default-tenant-001','agent-user-001','cust-069','2025-11-04','customer','2025-11-04T11:41:00Z','2025-11-04T12:04:00Z',-29.0428,26.1636,'competitor_check','competitor_noted','Stock low','completed','2025-11-04T11:41:00Z');
INSERT OR IGNORE INTO visits (id,tenant_id,agent_id,customer_id,visit_date,visit_type,check_in_time,check_out_time,latitude,longitude,purpose,outcome,notes,status,created_at) VALUES ('visit-00509','default-tenant-001','agent-003','cust-033','2025-11-07','customer','2025-11-07T16:23:00Z','2025-11-07T16:59:00Z',-33.9142,18.3906,'competitor_check','follow_up_needed','Follow up needed','pending','2025-11-07T16:23:00Z');
INSERT OR IGNORE INTO visits (id,tenant_id,agent_id,customer_id,visit_date,visit_type,check_in_time,check_out_time,latitude,longitude,purpose,outcome,notes,status,created_at) VALUES ('visit-00510','default-tenant-001','agent-003','cust-026','2025-10-17','customer','2025-10-17T12:20:00Z','2025-10-17T13:01:00Z',-33.0542,27.9126,'sales','competitor_noted','','completed','2025-10-17T12:20:00Z');
INSERT OR IGNORE INTO visits (id,tenant_id,agent_id,customer_id,visit_date,visit_type,check_in_time,check_out_time,latitude,longitude,purpose,outcome,notes,status,created_at) VALUES ('visit-00511','default-tenant-001','agent-002','cust-094','2026-03-10','customer','2026-03-10T08:51:00Z','2026-03-10T09:01:00Z',-33.0033,27.8617,'collection','follow_up_needed','','completed','2026-03-10T08:51:00Z');
INSERT OR IGNORE INTO visits (id,tenant_id,agent_id,customer_id,visit_date,visit_type,check_in_time,check_out_time,latitude,longitude,purpose,outcome,notes,status,created_at) VALUES ('visit-00512','default-tenant-001','agent-003','cust-016','2025-10-18','customer','2025-10-18T08:21:00Z','2025-10-18T08:36:00Z',-25.4581,30.9996,'merchandising','order_placed','Good visit','completed','2025-10-18T08:21:00Z');
INSERT OR IGNORE INTO visits (id,tenant_id,agent_id,customer_id,visit_date,visit_type,check_in_time,check_out_time,latitude,longitude,purpose,outcome,notes,status,created_at) VALUES ('visit-00513','default-tenant-001','agent-user-001','cust-028','2026-02-27','customer','2026-02-27T09:56:00Z','2026-02-27T11:03:00Z',-23.9183,29.5044,'delivery','follow_up_needed','New display set up','cancelled','2026-02-27T09:56:00Z');
INSERT OR IGNORE INTO visits (id,tenant_id,agent_id,customer_id,visit_date,visit_type,check_in_time,check_out_time,latitude,longitude,purpose,outcome,notes,status,created_at) VALUES ('visit-00514','default-tenant-001','agent-005','cust-057','2026-01-13','customer','2026-01-13T17:53:00Z','2026-01-13T18:21:00Z',-29.1170,26.1744,'competitor_check','no_order','Stock low','completed','2026-01-13T17:53:00Z');
INSERT OR IGNORE INTO visits (id,tenant_id,agent_id,customer_id,visit_date,visit_type,check_in_time,check_out_time,latitude,longitude,purpose,outcome,notes,status,created_at) VALUES ('visit-00515','default-tenant-001','agent-005','cust-058','2025-11-27','customer','2025-11-27T08:18:00Z','2025-11-27T09:46:00Z',-23.9261,29.4535,'new_customer','stock_checked','Competitor promo spotted','completed','2025-11-27T08:18:00Z');
INSERT OR IGNORE INTO visits (id,tenant_id,agent_id,customer_id,visit_date,visit_type,check_in_time,check_out_time,latitude,longitude,purpose,outcome,notes,status,created_at) VALUES ('visit-00516','default-tenant-001','agent-003','cust-020','2025-10-18','customer','2025-10-18T17:53:00Z','2025-10-18T18:45:00Z',-33.9181,18.4010,'merchandising','order_placed','Shelf space increased','completed','2025-10-18T17:53:00Z');
INSERT OR IGNORE INTO visits (id,tenant_id,agent_id,customer_id,visit_date,visit_type,check_in_time,check_out_time,latitude,longitude,purpose,outcome,notes,status,created_at) VALUES ('visit-00517','default-tenant-001','agent-004','cust-056','2025-12-18','customer','2025-12-18T14:33:00Z','2025-12-18T15:53:00Z',-26.2318,28.0822,'collection','competitor_noted','Follow up needed','cancelled','2025-12-18T14:33:00Z');
INSERT OR IGNORE INTO visits (id,tenant_id,agent_id,customer_id,visit_date,visit_type,check_in_time,check_out_time,latitude,longitude,purpose,outcome,notes,status,created_at) VALUES ('visit-00518','default-tenant-001','agent-005','cust-018','2025-10-02','customer','2025-10-02T07:31:00Z','2025-10-02T08:57:00Z',-28.7452,24.7395,'collection','no_order','Shelf space increased','in_progress','2025-10-02T07:31:00Z');
INSERT OR IGNORE INTO visits (id,tenant_id,agent_id,customer_id,visit_date,visit_type,check_in_time,check_out_time,latitude,longitude,purpose,outcome,notes,status,created_at) VALUES ('visit-00519','default-tenant-001','agent-002','cust-091','2025-12-06','customer','2025-12-06T12:32:00Z','2025-12-06T13:41:00Z',-23.8763,29.4562,'merchandising','stock_checked','Stock low','completed','2025-12-06T12:32:00Z');
INSERT OR IGNORE INTO visits (id,tenant_id,agent_id,customer_id,visit_date,visit_type,check_in_time,check_out_time,latitude,longitude,purpose,outcome,notes,status,created_at) VALUES ('visit-00520','default-tenant-001','agent-001','cust-069','2025-10-21','customer','2025-10-21T10:49:00Z','2025-10-21T12:09:00Z',-25.5109,30.9983,'new_customer','competitor_noted','Follow up needed','completed','2025-10-21T10:49:00Z');
INSERT OR IGNORE INTO visits (id,tenant_id,agent_id,customer_id,visit_date,visit_type,check_in_time,check_out_time,latitude,longitude,purpose,outcome,notes,status,created_at) VALUES ('visit-00521','default-tenant-001','agent-004','cust-019','2025-11-11','customer','2025-11-11T07:21:00Z','2025-11-11T07:31:00Z',-28.7230,24.7043,'audit','follow_up_needed','Shelf space increased','pending','2025-11-11T07:21:00Z');
INSERT OR IGNORE INTO visits (id,tenant_id,agent_id,customer_id,visit_date,visit_type,check_in_time,check_out_time,latitude,longitude,purpose,outcome,notes,status,created_at) VALUES ('visit-00522','default-tenant-001','agent-user-001','cust-013','2026-02-24','customer','2026-02-24T12:26:00Z','2026-02-24T13:36:00Z',-33.0020,27.9248,'competitor_check','no_order','Good visit','cancelled','2026-02-24T12:26:00Z');
INSERT OR IGNORE INTO visits (id,tenant_id,agent_id,customer_id,visit_date,visit_type,check_in_time,check_out_time,latitude,longitude,purpose,outcome,notes,status,created_at) VALUES ('visit-00523','default-tenant-001','agent-user-001','cust-005','2025-12-19','customer','2025-12-19T14:18:00Z','2025-12-19T14:30:00Z',-33.0324,27.9403,'competitor_check','follow_up_needed','Stock low','completed','2025-12-19T14:18:00Z');
INSERT OR IGNORE INTO visits (id,tenant_id,agent_id,customer_id,visit_date,visit_type,check_in_time,check_out_time,latitude,longitude,purpose,outcome,notes,status,created_at) VALUES ('visit-00524','default-tenant-001','agent-002','cust-029','2025-11-24','customer','2025-11-24T14:02:00Z','2025-11-24T14:59:00Z',-33.8920,18.4336,'collection','issue_resolved','Follow up needed','pending','2025-11-24T14:02:00Z');
INSERT OR IGNORE INTO visits (id,tenant_id,agent_id,customer_id,visit_date,visit_type,check_in_time,check_out_time,latitude,longitude,purpose,outcome,notes,status,created_at) VALUES ('visit-00525','default-tenant-001','agent-002','cust-020','2025-12-25','customer','2025-12-25T16:19:00Z','2025-12-25T17:49:00Z',-29.8973,31.0460,'delivery','follow_up_needed','New display set up','completed','2025-12-25T16:19:00Z');
INSERT OR IGNORE INTO visits (id,tenant_id,agent_id,customer_id,visit_date,visit_type,check_in_time,check_out_time,latitude,longitude,purpose,outcome,notes,status,created_at) VALUES ('visit-00526','default-tenant-001','agent-001','cust-053','2025-11-06','customer','2025-11-06T13:26:00Z','2025-11-06T14:54:00Z',-28.7186,24.7245,'new_customer','stock_checked','New display set up','pending','2025-11-06T13:26:00Z');
INSERT OR IGNORE INTO visits (id,tenant_id,agent_id,customer_id,visit_date,visit_type,check_in_time,check_out_time,latitude,longitude,purpose,outcome,notes,status,created_at) VALUES ('visit-00527','default-tenant-001','agent-005','cust-001','2025-10-19','customer','2025-10-19T08:19:00Z','2025-10-19T08:39:00Z',-23.8945,29.4327,'competitor_check','no_order','Shelf space increased','completed','2025-10-19T08:19:00Z');
INSERT OR IGNORE INTO visits (id,tenant_id,agent_id,customer_id,visit_date,visit_type,check_in_time,check_out_time,latitude,longitude,purpose,outcome,notes,status,created_at) VALUES ('visit-00528','default-tenant-001','agent-003','cust-040','2025-12-28','customer','2025-12-28T13:11:00Z','2025-12-28T14:29:00Z',-33.0317,27.9597,'new_customer','competitor_noted','','completed','2025-12-28T13:11:00Z');
INSERT OR IGNORE INTO visits (id,tenant_id,agent_id,customer_id,visit_date,visit_type,check_in_time,check_out_time,latitude,longitude,purpose,outcome,notes,status,created_at) VALUES ('visit-00529','default-tenant-001','agent-004','cust-002','2026-02-18','customer','2026-02-18T08:28:00Z','2026-02-18T09:26:00Z',-32.9712,27.9158,'new_customer','no_order','Shelf space increased','completed','2026-02-18T08:28:00Z');
INSERT OR IGNORE INTO visits (id,tenant_id,agent_id,customer_id,visit_date,visit_type,check_in_time,check_out_time,latitude,longitude,purpose,outcome,notes,status,created_at) VALUES ('visit-00530','default-tenant-001','agent-001','cust-001','2025-11-25','customer','2025-11-25T15:56:00Z','2025-11-25T17:00:00Z',-26.1756,28.0473,'delivery','competitor_noted','Placed large order','cancelled','2025-11-25T15:56:00Z');
INSERT OR IGNORE INTO visits (id,tenant_id,agent_id,customer_id,visit_date,visit_type,check_in_time,check_out_time,latitude,longitude,purpose,outcome,notes,status,created_at) VALUES ('visit-00531','default-tenant-001','agent-user-001','cust-083','2026-02-05','customer','2026-02-05T13:24:00Z','2026-02-05T14:49:00Z',-28.7707,24.7341,'audit','competitor_noted','Good visit','pending','2026-02-05T13:24:00Z');
INSERT OR IGNORE INTO visits (id,tenant_id,agent_id,customer_id,visit_date,visit_type,check_in_time,check_out_time,latitude,longitude,purpose,outcome,notes,status,created_at) VALUES ('visit-00532','default-tenant-001','agent-user-001','cust-099','2026-03-01','customer','2026-03-01T17:24:00Z','2026-03-01T17:42:00Z',-25.4818,30.9817,'competitor_check','issue_resolved','Good visit','in_progress','2026-03-01T17:24:00Z');
INSERT OR IGNORE INTO visits (id,tenant_id,agent_id,customer_id,visit_date,visit_type,check_in_time,check_out_time,latitude,longitude,purpose,outcome,notes,status,created_at) VALUES ('visit-00533','default-tenant-001','agent-user-001','cust-096','2025-12-09','customer','2025-12-09T07:19:00Z','2025-12-09T08:03:00Z',-25.7463,28.2120,'competitor_check','issue_resolved','New display set up','pending','2025-12-09T07:19:00Z');
INSERT OR IGNORE INTO visits (id,tenant_id,agent_id,customer_id,visit_date,visit_type,check_in_time,check_out_time,latitude,longitude,purpose,outcome,notes,status,created_at) VALUES ('visit-00534','default-tenant-001','agent-002','cust-034','2025-12-27','customer','2025-12-27T09:33:00Z','2025-12-27T10:35:00Z',-28.6798,24.7257,'sales','issue_resolved','Need more samples','completed','2025-12-27T09:33:00Z');
INSERT OR IGNORE INTO visits (id,tenant_id,agent_id,customer_id,visit_date,visit_type,check_in_time,check_out_time,latitude,longitude,purpose,outcome,notes,status,created_at) VALUES ('visit-00535','default-tenant-001','agent-user-001','cust-097','2025-11-30','customer','2025-11-30T10:27:00Z','2025-11-30T11:02:00Z',-29.8321,31.0352,'audit','order_placed','Competitor promo spotted','completed','2025-11-30T10:27:00Z');
INSERT OR IGNORE INTO visits (id,tenant_id,agent_id,customer_id,visit_date,visit_type,check_in_time,check_out_time,latitude,longitude,purpose,outcome,notes,status,created_at) VALUES ('visit-00536','default-tenant-001','agent-005','cust-048','2026-01-25','customer','2026-01-25T09:17:00Z','2026-01-25T10:22:00Z',-26.1560,28.0640,'merchandising','no_order','Placed large order','cancelled','2026-01-25T09:17:00Z');
INSERT OR IGNORE INTO visits (id,tenant_id,agent_id,customer_id,visit_date,visit_type,check_in_time,check_out_time,latitude,longitude,purpose,outcome,notes,status,created_at) VALUES ('visit-00537','default-tenant-001','agent-005','cust-085','2025-12-27','customer','2025-12-27T12:44:00Z','2025-12-27T14:07:00Z',-23.8636,29.5045,'collection','stock_checked','Shelf space increased','pending','2025-12-27T12:44:00Z');
INSERT OR IGNORE INTO visits (id,tenant_id,agent_id,customer_id,visit_date,visit_type,check_in_time,check_out_time,latitude,longitude,purpose,outcome,notes,status,created_at) VALUES ('visit-00538','default-tenant-001','agent-001','cust-078','2025-11-08','customer','2025-11-08T07:56:00Z','2025-11-08T08:36:00Z',-25.7603,28.2144,'competitor_check','order_placed','New display set up','cancelled','2025-11-08T07:56:00Z');
INSERT OR IGNORE INTO visits (id,tenant_id,agent_id,customer_id,visit_date,visit_type,check_in_time,check_out_time,latitude,longitude,purpose,outcome,notes,status,created_at) VALUES ('visit-00539','default-tenant-001','agent-005','cust-031','2025-12-10','customer','2025-12-10T14:58:00Z','2025-12-10T15:15:00Z',-33.9125,25.6358,'customer_service','no_order','Stock low','completed','2025-12-10T14:58:00Z');
INSERT OR IGNORE INTO visits (id,tenant_id,agent_id,customer_id,visit_date,visit_type,check_in_time,check_out_time,latitude,longitude,purpose,outcome,notes,status,created_at) VALUES ('visit-00540','default-tenant-001','agent-003','cust-045','2026-02-11','customer','2026-02-11T09:05:00Z','2026-02-11T09:51:00Z',-28.7527,24.7079,'competitor_check','issue_resolved','Customer happy','completed','2026-02-11T09:05:00Z');
INSERT OR IGNORE INTO visits (id,tenant_id,agent_id,customer_id,visit_date,visit_type,check_in_time,check_out_time,latitude,longitude,purpose,outcome,notes,status,created_at) VALUES ('visit-00541','default-tenant-001','agent-001','cust-059','2026-01-27','customer','2026-01-27T07:54:00Z','2026-01-27T08:59:00Z',-23.9410,29.5034,'audit','no_order','Placed large order','pending','2026-01-27T07:54:00Z');
INSERT OR IGNORE INTO visits (id,tenant_id,agent_id,customer_id,visit_date,visit_type,check_in_time,check_out_time,latitude,longitude,purpose,outcome,notes,status,created_at) VALUES ('visit-00542','default-tenant-001','agent-003','cust-013','2025-12-28','customer','2025-12-28T13:49:00Z','2025-12-28T15:09:00Z',-29.8341,31.0479,'delivery','no_order','New display set up','completed','2025-12-28T13:49:00Z');
INSERT OR IGNORE INTO visits (id,tenant_id,agent_id,customer_id,visit_date,visit_type,check_in_time,check_out_time,latitude,longitude,purpose,outcome,notes,status,created_at) VALUES ('visit-00543','default-tenant-001','agent-003','cust-094','2026-01-14','customer','2026-01-14T15:36:00Z','2026-01-14T16:46:00Z',-33.8766,18.3990,'new_customer','follow_up_needed','Customer happy','pending','2026-01-14T15:36:00Z');
INSERT OR IGNORE INTO visits (id,tenant_id,agent_id,customer_id,visit_date,visit_type,check_in_time,check_out_time,latitude,longitude,purpose,outcome,notes,status,created_at) VALUES ('visit-00544','default-tenant-001','agent-002','cust-087','2026-02-24','customer','2026-02-24T16:29:00Z','2026-02-24T16:59:00Z',-28.7314,24.7676,'new_customer','competitor_noted','Good visit','completed','2026-02-24T16:29:00Z');
INSERT OR IGNORE INTO visits (id,tenant_id,agent_id,customer_id,visit_date,visit_type,check_in_time,check_out_time,latitude,longitude,purpose,outcome,notes,status,created_at) VALUES ('visit-00545','default-tenant-001','agent-002','cust-051','2026-02-12','customer','2026-02-12T11:18:00Z','2026-02-12T11:30:00Z',-33.9446,25.5851,'competitor_check','issue_resolved','New display set up','in_progress','2026-02-12T11:18:00Z');
INSERT OR IGNORE INTO visits (id,tenant_id,agent_id,customer_id,visit_date,visit_type,check_in_time,check_out_time,latitude,longitude,purpose,outcome,notes,status,created_at) VALUES ('visit-00546','default-tenant-001','agent-004','cust-042','2026-03-07','customer','2026-03-07T15:57:00Z','2026-03-07T16:53:00Z',-25.7896,28.2775,'sales','competitor_noted','Stock low','pending','2026-03-07T15:57:00Z');
INSERT OR IGNORE INTO visits (id,tenant_id,agent_id,customer_id,visit_date,visit_type,check_in_time,check_out_time,latitude,longitude,purpose,outcome,notes,status,created_at) VALUES ('visit-00547','default-tenant-001','agent-user-001','cust-007','2026-01-14','customer','2026-01-14T08:08:00Z','2026-01-14T09:13:00Z',-25.4933,30.9444,'delivery','competitor_noted','','in_progress','2026-01-14T08:08:00Z');
INSERT OR IGNORE INTO visits (id,tenant_id,agent_id,customer_id,visit_date,visit_type,check_in_time,check_out_time,latitude,longitude,purpose,outcome,notes,status,created_at) VALUES ('visit-00548','default-tenant-001','agent-003','cust-078','2025-10-07','customer','2025-10-07T11:41:00Z','2025-10-07T13:05:00Z',-29.8977,31.0654,'sales','stock_checked','Stock low','completed','2025-10-07T11:41:00Z');
INSERT OR IGNORE INTO visits (id,tenant_id,agent_id,customer_id,visit_date,visit_type,check_in_time,check_out_time,latitude,longitude,purpose,outcome,notes,status,created_at) VALUES ('visit-00549','default-tenant-001','agent-003','cust-068','2026-01-19','customer','2026-01-19T15:55:00Z','2026-01-19T16:49:00Z',-33.9280,25.6260,'new_customer','follow_up_needed','Competitor promo spotted','completed','2026-01-19T15:55:00Z');
INSERT OR IGNORE INTO visits (id,tenant_id,agent_id,customer_id,visit_date,visit_type,check_in_time,check_out_time,latitude,longitude,purpose,outcome,notes,status,created_at) VALUES ('visit-00550','default-tenant-001','agent-002','cust-057','2025-11-19','customer','2025-11-19T12:51:00Z','2025-11-19T13:59:00Z',-25.5149,30.9245,'audit','no_order','Shelf space increased','in_progress','2025-11-19T12:51:00Z');
INSERT OR IGNORE INTO visits (id,tenant_id,agent_id,customer_id,visit_date,visit_type,check_in_time,check_out_time,latitude,longitude,purpose,outcome,notes,status,created_at) VALUES ('visit-00551','default-tenant-001','agent-005','cust-082','2025-12-30','customer','2025-12-30T09:51:00Z','2025-12-30T10:37:00Z',-28.7576,24.7456,'delivery','competitor_noted','Follow up needed','in_progress','2025-12-30T09:51:00Z');
INSERT OR IGNORE INTO visits (id,tenant_id,agent_id,customer_id,visit_date,visit_type,check_in_time,check_out_time,latitude,longitude,purpose,outcome,notes,status,created_at) VALUES ('visit-00552','default-tenant-001','agent-005','cust-094','2026-01-08','customer','2026-01-08T17:13:00Z','2026-01-08T18:02:00Z',-33.0180,27.9286,'new_customer','competitor_noted','Follow up needed','pending','2026-01-08T17:13:00Z');
INSERT OR IGNORE INTO visits (id,tenant_id,agent_id,customer_id,visit_date,visit_type,check_in_time,check_out_time,latitude,longitude,purpose,outcome,notes,status,created_at) VALUES ('visit-00553','default-tenant-001','agent-user-001','cust-091','2025-10-02','customer','2025-10-02T10:43:00Z','2025-10-02T11:06:00Z',-25.4772,30.9481,'customer_service','stock_checked','Good visit','completed','2025-10-02T10:43:00Z');
INSERT OR IGNORE INTO visits (id,tenant_id,agent_id,customer_id,visit_date,visit_type,check_in_time,check_out_time,latitude,longitude,purpose,outcome,notes,status,created_at) VALUES ('visit-00554','default-tenant-001','agent-user-001','cust-042','2025-12-06','customer','2025-12-06T16:35:00Z','2025-12-06T17:25:00Z',-28.7224,24.7611,'competitor_check','no_order','Stock low','completed','2025-12-06T16:35:00Z');
INSERT OR IGNORE INTO visits (id,tenant_id,agent_id,customer_id,visit_date,visit_type,check_in_time,check_out_time,latitude,longitude,purpose,outcome,notes,status,created_at) VALUES ('visit-00555','default-tenant-001','agent-003','cust-024','2026-03-09','customer','2026-03-09T09:40:00Z','2026-03-09T10:46:00Z',-23.9122,29.4474,'audit','stock_checked','Shelf space increased','completed','2026-03-09T09:40:00Z');
INSERT OR IGNORE INTO visits (id,tenant_id,agent_id,customer_id,visit_date,visit_type,check_in_time,check_out_time,latitude,longitude,purpose,outcome,notes,status,created_at) VALUES ('visit-00556','default-tenant-001','agent-003','cust-027','2026-01-28','customer','2026-01-28T14:30:00Z','2026-01-28T14:43:00Z',-25.4755,30.9290,'customer_service','competitor_noted','Shelf space increased','in_progress','2026-01-28T14:30:00Z');
INSERT OR IGNORE INTO visits (id,tenant_id,agent_id,customer_id,visit_date,visit_type,check_in_time,check_out_time,latitude,longitude,purpose,outcome,notes,status,created_at) VALUES ('visit-00557','default-tenant-001','agent-001','cust-082','2025-11-11','customer','2025-11-11T09:57:00Z','2025-11-11T10:21:00Z',-33.0283,27.9528,'delivery','stock_checked','Follow up needed','pending','2025-11-11T09:57:00Z');
INSERT OR IGNORE INTO visits (id,tenant_id,agent_id,customer_id,visit_date,visit_type,check_in_time,check_out_time,latitude,longitude,purpose,outcome,notes,status,created_at) VALUES ('visit-00558','default-tenant-001','agent-002','cust-084','2026-02-03','customer','2026-02-03T08:52:00Z','2026-02-03T09:22:00Z',-29.8510,31.0397,'competitor_check','competitor_noted','Placed large order','completed','2026-02-03T08:52:00Z');
INSERT OR IGNORE INTO visits (id,tenant_id,agent_id,customer_id,visit_date,visit_type,check_in_time,check_out_time,latitude,longitude,purpose,outcome,notes,status,created_at) VALUES ('visit-00559','default-tenant-001','agent-001','cust-075','2025-10-31','customer','2025-10-31T10:00:00Z','2025-10-31T11:21:00Z',-23.8810,29.4752,'customer_service','competitor_noted','Stock low','pending','2025-10-31T10:00:00Z');
INSERT OR IGNORE INTO visits (id,tenant_id,agent_id,customer_id,visit_date,visit_type,check_in_time,check_out_time,latitude,longitude,purpose,outcome,notes,status,created_at) VALUES ('visit-00560','default-tenant-001','agent-002','cust-064','2025-11-15','customer','2025-11-15T17:11:00Z','2025-11-15T17:58:00Z',-25.4283,30.9515,'delivery','issue_resolved','','in_progress','2025-11-15T17:11:00Z');
INSERT OR IGNORE INTO visits (id,tenant_id,agent_id,customer_id,visit_date,visit_type,check_in_time,check_out_time,latitude,longitude,purpose,outcome,notes,status,created_at) VALUES ('visit-00561','default-tenant-001','agent-004','cust-055','2025-10-16','customer','2025-10-16T08:17:00Z','2025-10-16T08:39:00Z',-25.7776,28.2027,'merchandising','order_placed','Customer happy','completed','2025-10-16T08:17:00Z');
INSERT OR IGNORE INTO visits (id,tenant_id,agent_id,customer_id,visit_date,visit_type,check_in_time,check_out_time,latitude,longitude,purpose,outcome,notes,status,created_at) VALUES ('visit-00562','default-tenant-001','agent-003','cust-082','2026-02-02','customer','2026-02-02T13:05:00Z','2026-02-02T14:18:00Z',-25.7694,28.2153,'merchandising','stock_checked','Follow up needed','cancelled','2026-02-02T13:05:00Z');
INSERT OR IGNORE INTO visits (id,tenant_id,agent_id,customer_id,visit_date,visit_type,check_in_time,check_out_time,latitude,longitude,purpose,outcome,notes,status,created_at) VALUES ('visit-00563','default-tenant-001','agent-user-001','cust-053','2025-11-25','customer','2025-11-25T09:36:00Z','2025-11-25T10:45:00Z',-25.7681,28.2574,'competitor_check','competitor_noted','New display set up','completed','2025-11-25T09:36:00Z');
INSERT OR IGNORE INTO visits (id,tenant_id,agent_id,customer_id,visit_date,visit_type,check_in_time,check_out_time,latitude,longitude,purpose,outcome,notes,status,created_at) VALUES ('visit-00564','default-tenant-001','agent-user-001','cust-033','2025-11-25','customer','2025-11-25T09:59:00Z','2025-11-25T10:13:00Z',-29.8679,31.0335,'new_customer','issue_resolved','Good visit','pending','2025-11-25T09:59:00Z');
INSERT OR IGNORE INTO visits (id,tenant_id,agent_id,customer_id,visit_date,visit_type,check_in_time,check_out_time,latitude,longitude,purpose,outcome,notes,status,created_at) VALUES ('visit-00565','default-tenant-001','agent-002','cust-019','2026-02-13','customer','2026-02-13T10:38:00Z','2026-02-13T10:59:00Z',-23.9380,29.4794,'customer_service','stock_checked','Good visit','completed','2026-02-13T10:38:00Z');
INSERT OR IGNORE INTO visits (id,tenant_id,agent_id,customer_id,visit_date,visit_type,check_in_time,check_out_time,latitude,longitude,purpose,outcome,notes,status,created_at) VALUES ('visit-00566','default-tenant-001','agent-004','cust-012','2025-10-12','customer','2025-10-12T11:10:00Z','2025-10-12T11:50:00Z',-28.7139,24.7776,'new_customer','issue_resolved','Follow up needed','completed','2025-10-12T11:10:00Z');
INSERT OR IGNORE INTO visits (id,tenant_id,agent_id,customer_id,visit_date,visit_type,check_in_time,check_out_time,latitude,longitude,purpose,outcome,notes,status,created_at) VALUES ('visit-00567','default-tenant-001','agent-004','cust-090','2026-01-09','customer','2026-01-09T10:00:00Z','2026-01-09T11:22:00Z',-29.0986,26.1597,'delivery','issue_resolved','New display set up','completed','2026-01-09T10:00:00Z');
INSERT OR IGNORE INTO visits (id,tenant_id,agent_id,customer_id,visit_date,visit_type,check_in_time,check_out_time,latitude,longitude,purpose,outcome,notes,status,created_at) VALUES ('visit-00568','default-tenant-001','agent-002','cust-053','2026-02-16','customer','2026-02-16T17:29:00Z','2026-02-16T18:53:00Z',-33.9524,18.3988,'audit','stock_checked','Good visit','pending','2026-02-16T17:29:00Z');
INSERT OR IGNORE INTO visits (id,tenant_id,agent_id,customer_id,visit_date,visit_type,check_in_time,check_out_time,latitude,longitude,purpose,outcome,notes,status,created_at) VALUES ('visit-00569','default-tenant-001','agent-002','cust-096','2025-10-29','customer','2025-10-29T15:33:00Z','2025-10-29T15:51:00Z',-25.7881,28.2340,'customer_service','no_order','Good visit','completed','2025-10-29T15:33:00Z');
INSERT OR IGNORE INTO visits (id,tenant_id,agent_id,customer_id,visit_date,visit_type,check_in_time,check_out_time,latitude,longitude,purpose,outcome,notes,status,created_at) VALUES ('visit-00570','default-tenant-001','agent-003','cust-041','2025-12-16','customer','2025-12-16T16:30:00Z','2025-12-16T17:54:00Z',-25.4890,30.9518,'new_customer','competitor_noted','Follow up needed','completed','2025-12-16T16:30:00Z');
INSERT OR IGNORE INTO visits (id,tenant_id,agent_id,customer_id,visit_date,visit_type,check_in_time,check_out_time,latitude,longitude,purpose,outcome,notes,status,created_at) VALUES ('visit-00571','default-tenant-001','agent-user-001','cust-089','2026-02-28','customer','2026-02-28T15:41:00Z','2026-02-28T16:38:00Z',-28.6939,24.7625,'customer_service','order_placed','Shelf space increased','completed','2026-02-28T15:41:00Z');
INSERT OR IGNORE INTO visits (id,tenant_id,agent_id,customer_id,visit_date,visit_type,check_in_time,check_out_time,latitude,longitude,purpose,outcome,notes,status,created_at) VALUES ('visit-00572','default-tenant-001','agent-005','cust-076','2026-02-11','customer','2026-02-11T17:30:00Z','2026-02-11T18:16:00Z',-33.9656,25.5952,'merchandising','no_order','Follow up needed','completed','2026-02-11T17:30:00Z');
INSERT OR IGNORE INTO visits (id,tenant_id,agent_id,customer_id,visit_date,visit_type,check_in_time,check_out_time,latitude,longitude,purpose,outcome,notes,status,created_at) VALUES ('visit-00573','default-tenant-001','agent-003','cust-098','2025-12-29','customer','2025-12-29T13:56:00Z','2025-12-29T14:32:00Z',-25.7867,28.1865,'new_customer','no_order','Customer happy','completed','2025-12-29T13:56:00Z');
INSERT OR IGNORE INTO visits (id,tenant_id,agent_id,customer_id,visit_date,visit_type,check_in_time,check_out_time,latitude,longitude,purpose,outcome,notes,status,created_at) VALUES ('visit-00574','default-tenant-001','agent-001','cust-018','2025-10-14','customer','2025-10-14T10:37:00Z','2025-10-14T12:04:00Z',-33.0446,27.8819,'competitor_check','no_order','Follow up needed','completed','2025-10-14T10:37:00Z');
INSERT OR IGNORE INTO visits (id,tenant_id,agent_id,customer_id,visit_date,visit_type,check_in_time,check_out_time,latitude,longitude,purpose,outcome,notes,status,created_at) VALUES ('visit-00575','default-tenant-001','agent-005','cust-037','2026-02-20','customer','2026-02-20T07:44:00Z','2026-02-20T08:42:00Z',-33.0243,27.9186,'merchandising','no_order','Follow up needed','cancelled','2026-02-20T07:44:00Z');
INSERT OR IGNORE INTO visits (id,tenant_id,agent_id,customer_id,visit_date,visit_type,check_in_time,check_out_time,latitude,longitude,purpose,outcome,notes,status,created_at) VALUES ('visit-00576','default-tenant-001','agent-005','cust-013','2025-12-17','customer','2025-12-17T12:29:00Z','2025-12-17T13:13:00Z',-28.7025,24.7890,'competitor_check','follow_up_needed','New display set up','completed','2025-12-17T12:29:00Z');
INSERT OR IGNORE INTO visits (id,tenant_id,agent_id,customer_id,visit_date,visit_type,check_in_time,check_out_time,latitude,longitude,purpose,outcome,notes,status,created_at) VALUES ('visit-00577','default-tenant-001','agent-004','cust-021','2025-10-03','customer','2025-10-03T15:56:00Z','2025-10-03T16:08:00Z',-29.8521,31.0230,'audit','issue_resolved','','cancelled','2025-10-03T15:56:00Z');
INSERT OR IGNORE INTO visits (id,tenant_id,agent_id,customer_id,visit_date,visit_type,check_in_time,check_out_time,latitude,longitude,purpose,outcome,notes,status,created_at) VALUES ('visit-00578','default-tenant-001','agent-005','cust-033','2025-12-08','customer','2025-12-08T14:14:00Z','2025-12-08T14:53:00Z',-26.2451,28.0061,'delivery','follow_up_needed','Good visit','completed','2025-12-08T14:14:00Z');
INSERT OR IGNORE INTO visits (id,tenant_id,agent_id,customer_id,visit_date,visit_type,check_in_time,check_out_time,latitude,longitude,purpose,outcome,notes,status,created_at) VALUES ('visit-00579','default-tenant-001','agent-003','cust-034','2026-03-04','customer','2026-03-04T17:31:00Z','2026-03-04T17:56:00Z',-25.4812,30.9730,'competitor_check','order_placed','Follow up needed','completed','2026-03-04T17:31:00Z');
INSERT OR IGNORE INTO visits (id,tenant_id,agent_id,customer_id,visit_date,visit_type,check_in_time,check_out_time,latitude,longitude,purpose,outcome,notes,status,created_at) VALUES ('visit-00580','default-tenant-001','agent-user-001','cust-072','2026-01-11','customer','2026-01-11T12:11:00Z','2026-01-11T13:22:00Z',-33.9314,25.5711,'audit','issue_resolved','Customer happy','completed','2026-01-11T12:11:00Z');
INSERT OR IGNORE INTO visits (id,tenant_id,agent_id,customer_id,visit_date,visit_type,check_in_time,check_out_time,latitude,longitude,purpose,outcome,notes,status,created_at) VALUES ('visit-00581','default-tenant-001','agent-005','cust-038','2025-10-05','customer','2025-10-05T14:12:00Z','2025-10-05T15:08:00Z',-26.2469,28.0486,'delivery','follow_up_needed','Need more samples','completed','2025-10-05T14:12:00Z');
INSERT OR IGNORE INTO visits (id,tenant_id,agent_id,customer_id,visit_date,visit_type,check_in_time,check_out_time,latitude,longitude,purpose,outcome,notes,status,created_at) VALUES ('visit-00582','default-tenant-001','agent-003','cust-010','2025-10-22','customer','2025-10-22T13:27:00Z','2025-10-22T14:30:00Z',-25.5205,30.9407,'delivery','competitor_noted','Shelf space increased','completed','2025-10-22T13:27:00Z');
INSERT OR IGNORE INTO visits (id,tenant_id,agent_id,customer_id,visit_date,visit_type,check_in_time,check_out_time,latitude,longitude,purpose,outcome,notes,status,created_at) VALUES ('visit-00583','default-tenant-001','agent-003','cust-053','2025-11-16','customer','2025-11-16T10:29:00Z','2025-11-16T11:19:00Z',-29.0364,26.1873,'collection','order_placed','Good visit','in_progress','2025-11-16T10:29:00Z');
INSERT OR IGNORE INTO visits (id,tenant_id,agent_id,customer_id,visit_date,visit_type,check_in_time,check_out_time,latitude,longitude,purpose,outcome,notes,status,created_at) VALUES ('visit-00584','default-tenant-001','agent-001','cust-042','2026-01-08','customer','2026-01-08T09:36:00Z','2026-01-08T10:31:00Z',-28.7207,24.7588,'merchandising','follow_up_needed','Competitor promo spotted','completed','2026-01-08T09:36:00Z');
INSERT OR IGNORE INTO visits (id,tenant_id,agent_id,customer_id,visit_date,visit_type,check_in_time,check_out_time,latitude,longitude,purpose,outcome,notes,status,created_at) VALUES ('visit-00585','default-tenant-001','agent-005','cust-011','2025-12-26','customer','2025-12-26T13:58:00Z','2025-12-26T14:44:00Z',-33.9872,25.5565,'sales','competitor_noted','Competitor promo spotted','in_progress','2025-12-26T13:58:00Z');
INSERT OR IGNORE INTO visits (id,tenant_id,agent_id,customer_id,visit_date,visit_type,check_in_time,check_out_time,latitude,longitude,purpose,outcome,notes,status,created_at) VALUES ('visit-00586','default-tenant-001','agent-002','cust-014','2025-10-29','customer','2025-10-29T14:23:00Z','2025-10-29T15:17:00Z',-23.8766,29.4904,'merchandising','stock_checked','Need more samples','completed','2025-10-29T14:23:00Z');
INSERT OR IGNORE INTO visits (id,tenant_id,agent_id,customer_id,visit_date,visit_type,check_in_time,check_out_time,latitude,longitude,purpose,outcome,notes,status,created_at) VALUES ('visit-00587','default-tenant-001','agent-005','cust-034','2026-02-08','customer','2026-02-08T14:18:00Z','2026-02-08T15:00:00Z',-33.0051,27.9486,'new_customer','no_order','Follow up needed','pending','2026-02-08T14:18:00Z');
INSERT OR IGNORE INTO visits (id,tenant_id,agent_id,customer_id,visit_date,visit_type,check_in_time,check_out_time,latitude,longitude,purpose,outcome,notes,status,created_at) VALUES ('visit-00588','default-tenant-001','agent-003','cust-025','2026-03-01','customer','2026-03-01T07:17:00Z','2026-03-01T07:50:00Z',-29.0977,26.1550,'sales','stock_checked','Placed large order','completed','2026-03-01T07:17:00Z');
INSERT OR IGNORE INTO visits (id,tenant_id,agent_id,customer_id,visit_date,visit_type,check_in_time,check_out_time,latitude,longitude,purpose,outcome,notes,status,created_at) VALUES ('visit-00589','default-tenant-001','agent-003','cust-049','2025-12-14','customer','2025-12-14T10:46:00Z','2025-12-14T10:59:00Z',-25.7874,28.2172,'sales','issue_resolved','Competitor promo spotted','cancelled','2025-12-14T10:46:00Z');
INSERT OR IGNORE INTO visits (id,tenant_id,agent_id,customer_id,visit_date,visit_type,check_in_time,check_out_time,latitude,longitude,purpose,outcome,notes,status,created_at) VALUES ('visit-00590','default-tenant-001','agent-004','cust-077','2025-10-05','customer','2025-10-05T12:45:00Z','2025-10-05T13:23:00Z',-23.8677,29.4582,'merchandising','competitor_noted','Competitor promo spotted','completed','2025-10-05T12:45:00Z');
INSERT OR IGNORE INTO visits (id,tenant_id,agent_id,customer_id,visit_date,visit_type,check_in_time,check_out_time,latitude,longitude,purpose,outcome,notes,status,created_at) VALUES ('visit-00591','default-tenant-001','agent-001','cust-069','2025-12-31','customer','2025-12-31T15:32:00Z','2025-12-31T15:49:00Z',-33.9112,18.4270,'merchandising','no_order','Need more samples','completed','2025-12-31T15:32:00Z');
INSERT OR IGNORE INTO visits (id,tenant_id,agent_id,customer_id,visit_date,visit_type,check_in_time,check_out_time,latitude,longitude,purpose,outcome,notes,status,created_at) VALUES ('visit-00592','default-tenant-001','agent-002','cust-018','2026-03-02','customer','2026-03-02T17:04:00Z','2026-03-02T18:34:00Z',-33.0025,27.8887,'sales','order_placed','Follow up needed','completed','2026-03-02T17:04:00Z');
INSERT OR IGNORE INTO visits (id,tenant_id,agent_id,customer_id,visit_date,visit_type,check_in_time,check_out_time,latitude,longitude,purpose,outcome,notes,status,created_at) VALUES ('visit-00593','default-tenant-001','agent-003','cust-065','2025-11-05','customer','2025-11-05T11:08:00Z','2025-11-05T12:25:00Z',-23.8660,29.5149,'competitor_check','issue_resolved','Placed large order','completed','2025-11-05T11:08:00Z');
INSERT OR IGNORE INTO visits (id,tenant_id,agent_id,customer_id,visit_date,visit_type,check_in_time,check_out_time,latitude,longitude,purpose,outcome,notes,status,created_at) VALUES ('visit-00594','default-tenant-001','agent-005','cust-001','2026-02-13','customer','2026-02-13T14:15:00Z','2026-02-13T15:02:00Z',-25.4984,30.9340,'delivery','competitor_noted','Placed large order','cancelled','2026-02-13T14:15:00Z');
INSERT OR IGNORE INTO visits (id,tenant_id,agent_id,customer_id,visit_date,visit_type,check_in_time,check_out_time,latitude,longitude,purpose,outcome,notes,status,created_at) VALUES ('visit-00595','default-tenant-001','agent-004','cust-094','2026-02-26','customer','2026-02-26T14:09:00Z','2026-02-26T14:56:00Z',-33.0582,27.9045,'competitor_check','no_order','','completed','2026-02-26T14:09:00Z');
INSERT OR IGNORE INTO visits (id,tenant_id,agent_id,customer_id,visit_date,visit_type,check_in_time,check_out_time,latitude,longitude,purpose,outcome,notes,status,created_at) VALUES ('visit-00596','default-tenant-001','agent-user-001','cust-025','2025-10-03','customer','2025-10-03T14:07:00Z','2025-10-03T15:32:00Z',-29.0441,26.1316,'delivery','competitor_noted','Good visit','pending','2025-10-03T14:07:00Z');
INSERT OR IGNORE INTO visits (id,tenant_id,agent_id,customer_id,visit_date,visit_type,check_in_time,check_out_time,latitude,longitude,purpose,outcome,notes,status,created_at) VALUES ('visit-00597','default-tenant-001','agent-002','cust-012','2025-12-15','customer','2025-12-15T16:37:00Z','2025-12-15T16:54:00Z',-29.8230,31.0589,'new_customer','order_placed','Good visit','completed','2025-12-15T16:37:00Z');
INSERT OR IGNORE INTO visits (id,tenant_id,agent_id,customer_id,visit_date,visit_type,check_in_time,check_out_time,latitude,longitude,purpose,outcome,notes,status,created_at) VALUES ('visit-00598','default-tenant-001','agent-001','cust-061','2025-10-23','customer','2025-10-23T09:49:00Z','2025-10-23T10:08:00Z',-33.9270,18.3995,'audit','stock_checked','Good visit','cancelled','2025-10-23T09:49:00Z');
INSERT OR IGNORE INTO visits (id,tenant_id,agent_id,customer_id,visit_date,visit_type,check_in_time,check_out_time,latitude,longitude,purpose,outcome,notes,status,created_at) VALUES ('visit-00599','default-tenant-001','agent-005','cust-069','2026-02-22','customer','2026-02-22T10:06:00Z','2026-02-22T11:01:00Z',-23.9351,29.4951,'sales','order_placed','Need more samples','pending','2026-02-22T10:06:00Z');
INSERT OR IGNORE INTO visits (id,tenant_id,agent_id,customer_id,visit_date,visit_type,check_in_time,check_out_time,latitude,longitude,purpose,outcome,notes,status,created_at) VALUES ('visit-00600','default-tenant-001','agent-001','cust-079','2025-10-14','customer','2025-10-14T07:17:00Z','2025-10-14T08:35:00Z',-33.9732,18.4096,'customer_service','issue_resolved','Stock low','cancelled','2025-10-14T07:17:00Z');
INSERT OR IGNORE INTO visits (id,tenant_id,agent_id,customer_id,visit_date,visit_type,check_in_time,check_out_time,latitude,longitude,purpose,outcome,notes,status,created_at) VALUES ('visit-00601','default-tenant-001','agent-003','cust-029','2025-11-15','customer','2025-11-15T10:48:00Z','2025-11-15T11:34:00Z',-33.9502,25.6403,'competitor_check','no_order','Stock low','in_progress','2025-11-15T10:48:00Z');
INSERT OR IGNORE INTO visits (id,tenant_id,agent_id,customer_id,visit_date,visit_type,check_in_time,check_out_time,latitude,longitude,purpose,outcome,notes,status,created_at) VALUES ('visit-00602','default-tenant-001','agent-user-001','cust-050','2026-02-05','customer','2026-02-05T08:52:00Z','2026-02-05T10:01:00Z',-25.7355,28.2753,'merchandising','order_placed','Shelf space increased','completed','2026-02-05T08:52:00Z');
INSERT OR IGNORE INTO visits (id,tenant_id,agent_id,customer_id,visit_date,visit_type,check_in_time,check_out_time,latitude,longitude,purpose,outcome,notes,status,created_at) VALUES ('visit-00603','default-tenant-001','agent-002','cust-054','2026-01-08','customer','2026-01-08T07:38:00Z','2026-01-08T08:28:00Z',-32.9936,27.9063,'customer_service','no_order','Need more samples','completed','2026-01-08T07:38:00Z');
INSERT OR IGNORE INTO visits (id,tenant_id,agent_id,customer_id,visit_date,visit_type,check_in_time,check_out_time,latitude,longitude,purpose,outcome,notes,status,created_at) VALUES ('visit-00604','default-tenant-001','agent-004','cust-042','2025-10-26','customer','2025-10-26T15:51:00Z','2025-10-26T16:54:00Z',-25.7557,28.2729,'new_customer','stock_checked','','completed','2025-10-26T15:51:00Z');
INSERT OR IGNORE INTO visits (id,tenant_id,agent_id,customer_id,visit_date,visit_type,check_in_time,check_out_time,latitude,longitude,purpose,outcome,notes,status,created_at) VALUES ('visit-00605','default-tenant-001','agent-003','cust-007','2026-02-05','customer','2026-02-05T17:43:00Z','2026-02-05T17:58:00Z',-33.9377,25.6280,'merchandising','order_placed','Shelf space increased','completed','2026-02-05T17:43:00Z');
INSERT OR IGNORE INTO visits (id,tenant_id,agent_id,customer_id,visit_date,visit_type,check_in_time,check_out_time,latitude,longitude,purpose,outcome,notes,status,created_at) VALUES ('visit-00606','default-tenant-001','agent-user-001','cust-082','2025-12-18','customer','2025-12-18T11:55:00Z','2025-12-18T12:32:00Z',-29.8093,31.0097,'new_customer','issue_resolved','Good visit','completed','2025-12-18T11:55:00Z');
INSERT OR IGNORE INTO visits (id,tenant_id,agent_id,customer_id,visit_date,visit_type,check_in_time,check_out_time,latitude,longitude,purpose,outcome,notes,status,created_at) VALUES ('visit-00607','default-tenant-001','agent-003','cust-049','2026-02-12','customer','2026-02-12T07:49:00Z','2026-02-12T08:20:00Z',-29.8454,31.0633,'competitor_check','competitor_noted','Shelf space increased','completed','2026-02-12T07:49:00Z');
INSERT OR IGNORE INTO visits (id,tenant_id,agent_id,customer_id,visit_date,visit_type,check_in_time,check_out_time,latitude,longitude,purpose,outcome,notes,status,created_at) VALUES ('visit-00608','default-tenant-001','agent-003','cust-083','2026-02-16','customer','2026-02-16T15:38:00Z','2026-02-16T16:31:00Z',-33.9395,18.3903,'sales','competitor_noted','Placed large order','cancelled','2026-02-16T15:38:00Z');
INSERT OR IGNORE INTO visits (id,tenant_id,agent_id,customer_id,visit_date,visit_type,check_in_time,check_out_time,latitude,longitude,purpose,outcome,notes,status,created_at) VALUES ('visit-00609','default-tenant-001','agent-005','cust-057','2025-12-20','customer','2025-12-20T14:03:00Z','2025-12-20T14:43:00Z',-29.1012,26.1225,'competitor_check','issue_resolved','Shelf space increased','pending','2025-12-20T14:03:00Z');
INSERT OR IGNORE INTO visits (id,tenant_id,agent_id,customer_id,visit_date,visit_type,check_in_time,check_out_time,latitude,longitude,purpose,outcome,notes,status,created_at) VALUES ('visit-00610','default-tenant-001','agent-user-001','cust-025','2026-02-10','customer','2026-02-10T13:55:00Z','2026-02-10T14:38:00Z',-25.5020,31.0066,'customer_service','stock_checked','Competitor promo spotted','in_progress','2026-02-10T13:55:00Z');
INSERT OR IGNORE INTO visits (id,tenant_id,agent_id,customer_id,visit_date,visit_type,check_in_time,check_out_time,latitude,longitude,purpose,outcome,notes,status,created_at) VALUES ('visit-00611','default-tenant-001','agent-004','cust-021','2026-01-18','customer','2026-01-18T07:52:00Z','2026-01-18T08:45:00Z',-25.4903,30.9243,'merchandising','order_placed','New display set up','in_progress','2026-01-18T07:52:00Z');
INSERT OR IGNORE INTO visits (id,tenant_id,agent_id,customer_id,visit_date,visit_type,check_in_time,check_out_time,latitude,longitude,purpose,outcome,notes,status,created_at) VALUES ('visit-00612','default-tenant-001','agent-004','cust-036','2026-02-07','customer','2026-02-07T12:36:00Z','2026-02-07T13:07:00Z',-32.9909,27.9588,'audit','no_order','','completed','2026-02-07T12:36:00Z');
INSERT OR IGNORE INTO visits (id,tenant_id,agent_id,customer_id,visit_date,visit_type,check_in_time,check_out_time,latitude,longitude,purpose,outcome,notes,status,created_at) VALUES ('visit-00613','default-tenant-001','agent-001','cust-071','2025-11-16','customer','2025-11-16T17:00:00Z','2025-11-16T17:37:00Z',-29.8790,31.0336,'customer_service','no_order','Follow up needed','completed','2025-11-16T17:00:00Z');
INSERT OR IGNORE INTO visits (id,tenant_id,agent_id,customer_id,visit_date,visit_type,check_in_time,check_out_time,latitude,longitude,purpose,outcome,notes,status,created_at) VALUES ('visit-00614','default-tenant-001','agent-001','cust-065','2026-01-24','customer','2026-01-24T13:06:00Z','2026-01-24T13:51:00Z',-29.8574,30.9993,'collection','follow_up_needed','Shelf space increased','completed','2026-01-24T13:06:00Z');
INSERT OR IGNORE INTO visits (id,tenant_id,agent_id,customer_id,visit_date,visit_type,check_in_time,check_out_time,latitude,longitude,purpose,outcome,notes,status,created_at) VALUES ('visit-00615','default-tenant-001','agent-001','cust-074','2025-10-24','customer','2025-10-24T16:35:00Z','2025-10-24T17:30:00Z',-25.4331,31.0025,'merchandising','no_order','','pending','2025-10-24T16:35:00Z');
INSERT OR IGNORE INTO visits (id,tenant_id,agent_id,customer_id,visit_date,visit_type,check_in_time,check_out_time,latitude,longitude,purpose,outcome,notes,status,created_at) VALUES ('visit-00616','default-tenant-001','agent-001','cust-038','2026-02-10','customer','2026-02-10T14:58:00Z','2026-02-10T15:16:00Z',-33.0408,27.9090,'new_customer','order_placed','','completed','2026-02-10T14:58:00Z');
INSERT OR IGNORE INTO visits (id,tenant_id,agent_id,customer_id,visit_date,visit_type,check_in_time,check_out_time,latitude,longitude,purpose,outcome,notes,status,created_at) VALUES ('visit-00617','default-tenant-001','agent-002','cust-089','2026-01-07','customer','2026-01-07T10:16:00Z','2026-01-07T11:32:00Z',-33.9384,25.5925,'sales','issue_resolved','Good visit','completed','2026-01-07T10:16:00Z');
INSERT OR IGNORE INTO visits (id,tenant_id,agent_id,customer_id,visit_date,visit_type,check_in_time,check_out_time,latitude,longitude,purpose,outcome,notes,status,created_at) VALUES ('visit-00618','default-tenant-001','agent-004','cust-039','2026-01-28','customer','2026-01-28T12:32:00Z','2026-01-28T12:48:00Z',-25.7245,28.2355,'merchandising','issue_resolved','Shelf space increased','cancelled','2026-01-28T12:32:00Z');
INSERT OR IGNORE INTO visits (id,tenant_id,agent_id,customer_id,visit_date,visit_type,check_in_time,check_out_time,latitude,longitude,purpose,outcome,notes,status,created_at) VALUES ('visit-00619','default-tenant-001','agent-user-001','cust-081','2025-10-04','customer','2025-10-04T09:44:00Z','2025-10-04T10:03:00Z',-23.8657,29.4789,'competitor_check','competitor_noted','Competitor promo spotted','pending','2025-10-04T09:44:00Z');
INSERT OR IGNORE INTO visits (id,tenant_id,agent_id,customer_id,visit_date,visit_type,check_in_time,check_out_time,latitude,longitude,purpose,outcome,notes,status,created_at) VALUES ('visit-00620','default-tenant-001','agent-001','cust-048','2025-11-30','customer','2025-11-30T12:34:00Z','2025-11-30T12:59:00Z',-28.7653,24.7622,'audit','follow_up_needed','Shelf space increased','completed','2025-11-30T12:34:00Z');
INSERT OR IGNORE INTO visits (id,tenant_id,agent_id,customer_id,visit_date,visit_type,check_in_time,check_out_time,latitude,longitude,purpose,outcome,notes,status,created_at) VALUES ('visit-00621','default-tenant-001','agent-005','cust-003','2026-01-05','customer','2026-01-05T14:04:00Z','2026-01-05T15:02:00Z',-29.8505,31.0113,'audit','issue_resolved','Placed large order','pending','2026-01-05T14:04:00Z');
INSERT OR IGNORE INTO visits (id,tenant_id,agent_id,customer_id,visit_date,visit_type,check_in_time,check_out_time,latitude,longitude,purpose,outcome,notes,status,created_at) VALUES ('visit-00622','default-tenant-001','agent-user-001','cust-023','2026-02-09','customer','2026-02-09T16:04:00Z','2026-02-09T17:18:00Z',-33.0372,27.9604,'customer_service','follow_up_needed','Follow up needed','completed','2026-02-09T16:04:00Z');
INSERT OR IGNORE INTO visits (id,tenant_id,agent_id,customer_id,visit_date,visit_type,check_in_time,check_out_time,latitude,longitude,purpose,outcome,notes,status,created_at) VALUES ('visit-00623','default-tenant-001','agent-user-001','cust-010','2025-12-16','customer','2025-12-16T14:03:00Z','2025-12-16T15:19:00Z',-26.1845,28.0285,'collection','issue_resolved','','pending','2025-12-16T14:03:00Z');
INSERT OR IGNORE INTO visits (id,tenant_id,agent_id,customer_id,visit_date,visit_type,check_in_time,check_out_time,latitude,longitude,purpose,outcome,notes,status,created_at) VALUES ('visit-00624','default-tenant-001','agent-user-001','cust-071','2025-10-12','customer','2025-10-12T16:49:00Z','2025-10-12T18:00:00Z',-32.9886,27.8782,'new_customer','competitor_noted','Shelf space increased','in_progress','2025-10-12T16:49:00Z');
INSERT OR IGNORE INTO visits (id,tenant_id,agent_id,customer_id,visit_date,visit_type,check_in_time,check_out_time,latitude,longitude,purpose,outcome,notes,status,created_at) VALUES ('visit-00625','default-tenant-001','agent-005','cust-029','2026-02-06','customer','2026-02-06T13:45:00Z','2026-02-06T15:15:00Z',-23.9317,29.4436,'collection','follow_up_needed','Customer happy','in_progress','2026-02-06T13:45:00Z');
INSERT OR IGNORE INTO visits (id,tenant_id,agent_id,customer_id,visit_date,visit_type,check_in_time,check_out_time,latitude,longitude,purpose,outcome,notes,status,created_at) VALUES ('visit-00626','default-tenant-001','agent-005','cust-068','2025-10-20','customer','2025-10-20T11:00:00Z','2025-10-20T11:36:00Z',-29.8243,31.0053,'customer_service','stock_checked','Shelf space increased','cancelled','2025-10-20T11:00:00Z');
INSERT OR IGNORE INTO visits (id,tenant_id,agent_id,customer_id,visit_date,visit_type,check_in_time,check_out_time,latitude,longitude,purpose,outcome,notes,status,created_at) VALUES ('visit-00627','default-tenant-001','agent-003','cust-083','2025-11-24','customer','2025-11-24T09:39:00Z','2025-11-24T10:42:00Z',-33.9405,25.5596,'collection','competitor_noted','Good visit','completed','2025-11-24T09:39:00Z');
INSERT OR IGNORE INTO visits (id,tenant_id,agent_id,customer_id,visit_date,visit_type,check_in_time,check_out_time,latitude,longitude,purpose,outcome,notes,status,created_at) VALUES ('visit-00628','default-tenant-001','agent-003','cust-021','2026-03-09','customer','2026-03-09T10:51:00Z','2026-03-09T11:25:00Z',-33.9048,18.3848,'audit','stock_checked','New display set up','in_progress','2026-03-09T10:51:00Z');
INSERT OR IGNORE INTO visits (id,tenant_id,agent_id,customer_id,visit_date,visit_type,check_in_time,check_out_time,latitude,longitude,purpose,outcome,notes,status,created_at) VALUES ('visit-00629','default-tenant-001','agent-001','cust-090','2025-11-24','customer','2025-11-24T07:54:00Z','2025-11-24T08:13:00Z',-23.9472,29.4448,'sales','no_order','','completed','2025-11-24T07:54:00Z');
INSERT OR IGNORE INTO visits (id,tenant_id,agent_id,customer_id,visit_date,visit_type,check_in_time,check_out_time,latitude,longitude,purpose,outcome,notes,status,created_at) VALUES ('visit-00630','default-tenant-001','agent-004','cust-067','2026-02-27','customer','2026-02-27T09:19:00Z','2026-02-27T09:43:00Z',-33.9973,25.5822,'collection','order_placed','Shelf space increased','completed','2026-02-27T09:19:00Z');
INSERT OR IGNORE INTO visits (id,tenant_id,agent_id,customer_id,visit_date,visit_type,check_in_time,check_out_time,latitude,longitude,purpose,outcome,notes,status,created_at) VALUES ('visit-00631','default-tenant-001','agent-005','cust-087','2025-11-20','customer','2025-11-20T15:15:00Z','2025-11-20T15:59:00Z',-28.7651,24.7419,'new_customer','stock_checked','Follow up needed','completed','2025-11-20T15:15:00Z');
INSERT OR IGNORE INTO visits (id,tenant_id,agent_id,customer_id,visit_date,visit_type,check_in_time,check_out_time,latitude,longitude,purpose,outcome,notes,status,created_at) VALUES ('visit-00632','default-tenant-001','agent-002','cust-018','2026-02-18','customer','2026-02-18T16:21:00Z','2026-02-18T17:23:00Z',-33.9318,25.6182,'new_customer','issue_resolved','','completed','2026-02-18T16:21:00Z');
INSERT OR IGNORE INTO visits (id,tenant_id,agent_id,customer_id,visit_date,visit_type,check_in_time,check_out_time,latitude,longitude,purpose,outcome,notes,status,created_at) VALUES ('visit-00633','default-tenant-001','agent-005','cust-046','2026-02-19','customer','2026-02-19T11:04:00Z','2026-02-19T11:18:00Z',-33.9123,25.6380,'competitor_check','competitor_noted','','completed','2026-02-19T11:04:00Z');
INSERT OR IGNORE INTO visits (id,tenant_id,agent_id,customer_id,visit_date,visit_type,check_in_time,check_out_time,latitude,longitude,purpose,outcome,notes,status,created_at) VALUES ('visit-00634','default-tenant-001','agent-004','cust-001','2025-10-27','customer','2025-10-27T10:47:00Z','2025-10-27T11:35:00Z',-26.2453,28.0360,'sales','stock_checked','Competitor promo spotted','completed','2025-10-27T10:47:00Z');
INSERT OR IGNORE INTO visits (id,tenant_id,agent_id,customer_id,visit_date,visit_type,check_in_time,check_out_time,latitude,longitude,purpose,outcome,notes,status,created_at) VALUES ('visit-00635','default-tenant-001','agent-003','cust-012','2025-10-05','customer','2025-10-05T14:59:00Z','2025-10-05T16:08:00Z',-33.9540,25.5972,'sales','competitor_noted','Placed large order','cancelled','2025-10-05T14:59:00Z');
INSERT OR IGNORE INTO visits (id,tenant_id,agent_id,customer_id,visit_date,visit_type,check_in_time,check_out_time,latitude,longitude,purpose,outcome,notes,status,created_at) VALUES ('visit-00636','default-tenant-001','agent-002','cust-051','2026-01-14','customer','2026-01-14T07:52:00Z','2026-01-14T08:30:00Z',-29.8799,31.0404,'merchandising','order_placed','','completed','2026-01-14T07:52:00Z');
INSERT OR IGNORE INTO visits (id,tenant_id,agent_id,customer_id,visit_date,visit_type,check_in_time,check_out_time,latitude,longitude,purpose,outcome,notes,status,created_at) VALUES ('visit-00637','default-tenant-001','agent-002','cust-021','2026-03-04','customer','2026-03-04T12:40:00Z','2026-03-04T14:06:00Z',-33.0544,27.9215,'sales','follow_up_needed','Stock low','completed','2026-03-04T12:40:00Z');
INSERT OR IGNORE INTO visits (id,tenant_id,agent_id,customer_id,visit_date,visit_type,check_in_time,check_out_time,latitude,longitude,purpose,outcome,notes,status,created_at) VALUES ('visit-00638','default-tenant-001','agent-user-001','cust-051','2026-01-05','customer','2026-01-05T07:51:00Z','2026-01-05T08:21:00Z',-29.0678,26.1393,'new_customer','issue_resolved','Good visit','pending','2026-01-05T07:51:00Z');
INSERT OR IGNORE INTO visits (id,tenant_id,agent_id,customer_id,visit_date,visit_type,check_in_time,check_out_time,latitude,longitude,purpose,outcome,notes,status,created_at) VALUES ('visit-00639','default-tenant-001','agent-002','cust-038','2026-02-10','customer','2026-02-10T14:37:00Z','2026-02-10T15:32:00Z',-26.2205,28.0239,'competitor_check','no_order','','in_progress','2026-02-10T14:37:00Z');
INSERT OR IGNORE INTO visits (id,tenant_id,agent_id,customer_id,visit_date,visit_type,check_in_time,check_out_time,latitude,longitude,purpose,outcome,notes,status,created_at) VALUES ('visit-00640','default-tenant-001','agent-001','cust-035','2026-01-21','customer','2026-01-21T17:30:00Z','2026-01-21T17:49:00Z',-33.9530,18.4695,'delivery','issue_resolved','New display set up','completed','2026-01-21T17:30:00Z');
INSERT OR IGNORE INTO visits (id,tenant_id,agent_id,customer_id,visit_date,visit_type,check_in_time,check_out_time,latitude,longitude,purpose,outcome,notes,status,created_at) VALUES ('visit-00641','default-tenant-001','agent-003','cust-075','2025-12-05','customer','2025-12-05T13:24:00Z','2025-12-05T14:50:00Z',-33.0645,27.8628,'customer_service','issue_resolved','Placed large order','in_progress','2025-12-05T13:24:00Z');
INSERT OR IGNORE INTO visits (id,tenant_id,agent_id,customer_id,visit_date,visit_type,check_in_time,check_out_time,latitude,longitude,purpose,outcome,notes,status,created_at) VALUES ('visit-00642','default-tenant-001','agent-001','cust-004','2025-12-18','customer','2025-12-18T11:09:00Z','2025-12-18T11:31:00Z',-25.4476,31.0105,'new_customer','stock_checked','Need more samples','cancelled','2025-12-18T11:09:00Z');
INSERT OR IGNORE INTO visits (id,tenant_id,agent_id,customer_id,visit_date,visit_type,check_in_time,check_out_time,latitude,longitude,purpose,outcome,notes,status,created_at) VALUES ('visit-00643','default-tenant-001','agent-002','cust-056','2025-12-26','customer','2025-12-26T13:11:00Z','2025-12-26T14:16:00Z',-25.7409,28.2197,'sales','stock_checked','Customer happy','completed','2025-12-26T13:11:00Z');
INSERT OR IGNORE INTO visits (id,tenant_id,agent_id,customer_id,visit_date,visit_type,check_in_time,check_out_time,latitude,longitude,purpose,outcome,notes,status,created_at) VALUES ('visit-00644','default-tenant-001','agent-user-001','cust-054','2025-10-21','customer','2025-10-21T12:39:00Z','2025-10-21T13:25:00Z',-25.4669,30.9349,'audit','order_placed','Placed large order','completed','2025-10-21T12:39:00Z');
INSERT OR IGNORE INTO visits (id,tenant_id,agent_id,customer_id,visit_date,visit_type,check_in_time,check_out_time,latitude,longitude,purpose,outcome,notes,status,created_at) VALUES ('visit-00645','default-tenant-001','agent-001','cust-099','2026-02-21','customer','2026-02-21T13:37:00Z','2026-02-21T14:41:00Z',-29.9043,31.0115,'sales','issue_resolved','New display set up','completed','2026-02-21T13:37:00Z');
INSERT OR IGNORE INTO visits (id,tenant_id,agent_id,customer_id,visit_date,visit_type,check_in_time,check_out_time,latitude,longitude,purpose,outcome,notes,status,created_at) VALUES ('visit-00646','default-tenant-001','agent-001','cust-029','2025-10-24','customer','2025-10-24T10:18:00Z','2025-10-24T11:11:00Z',-28.7676,24.7977,'competitor_check','order_placed','','completed','2025-10-24T10:18:00Z');
INSERT OR IGNORE INTO visits (id,tenant_id,agent_id,customer_id,visit_date,visit_type,check_in_time,check_out_time,latitude,longitude,purpose,outcome,notes,status,created_at) VALUES ('visit-00647','default-tenant-001','agent-001','cust-024','2025-10-11','customer','2025-10-11T12:51:00Z','2025-10-11T14:05:00Z',-33.0428,27.9056,'competitor_check','stock_checked','Competitor promo spotted','completed','2025-10-11T12:51:00Z');
INSERT OR IGNORE INTO visits (id,tenant_id,agent_id,customer_id,visit_date,visit_type,check_in_time,check_out_time,latitude,longitude,purpose,outcome,notes,status,created_at) VALUES ('visit-00648','default-tenant-001','agent-004','cust-026','2026-02-28','customer','2026-02-28T09:37:00Z','2026-02-28T10:16:00Z',-29.8879,31.0559,'delivery','follow_up_needed','Customer happy','completed','2026-02-28T09:37:00Z');
INSERT OR IGNORE INTO visits (id,tenant_id,agent_id,customer_id,visit_date,visit_type,check_in_time,check_out_time,latitude,longitude,purpose,outcome,notes,status,created_at) VALUES ('visit-00649','default-tenant-001','agent-005','cust-085','2026-03-06','customer','2026-03-06T16:06:00Z','2026-03-06T16:16:00Z',-33.0099,27.9008,'new_customer','competitor_noted','Good visit','completed','2026-03-06T16:06:00Z');
INSERT OR IGNORE INTO visits (id,tenant_id,agent_id,customer_id,visit_date,visit_type,check_in_time,check_out_time,latitude,longitude,purpose,outcome,notes,status,created_at) VALUES ('visit-00650','default-tenant-001','agent-003','cust-083','2025-10-05','customer','2025-10-05T11:25:00Z','2025-10-05T12:47:00Z',-33.8793,18.4738,'customer_service','order_placed','Shelf space increased','in_progress','2025-10-05T11:25:00Z');
INSERT OR IGNORE INTO visits (id,tenant_id,agent_id,customer_id,visit_date,visit_type,check_in_time,check_out_time,latitude,longitude,purpose,outcome,notes,status,created_at) VALUES ('visit-00651','default-tenant-001','agent-003','cust-088','2025-11-08','customer','2025-11-08T14:01:00Z','2025-11-08T14:48:00Z',-29.1099,26.1935,'new_customer','issue_resolved','Stock low','in_progress','2025-11-08T14:01:00Z');
INSERT OR IGNORE INTO visits (id,tenant_id,agent_id,customer_id,visit_date,visit_type,check_in_time,check_out_time,latitude,longitude,purpose,outcome,notes,status,created_at) VALUES ('visit-00652','default-tenant-001','agent-user-001','cust-017','2025-10-02','customer','2025-10-02T10:09:00Z','2025-10-02T10:34:00Z',-33.0357,27.8926,'new_customer','order_placed','Stock low','completed','2025-10-02T10:09:00Z');
INSERT OR IGNORE INTO visits (id,tenant_id,agent_id,customer_id,visit_date,visit_type,check_in_time,check_out_time,latitude,longitude,purpose,outcome,notes,status,created_at) VALUES ('visit-00653','default-tenant-001','agent-002','cust-018','2025-10-22','customer','2025-10-22T10:13:00Z','2025-10-22T11:00:00Z',-25.4543,30.9488,'competitor_check','issue_resolved','Competitor promo spotted','pending','2025-10-22T10:13:00Z');
INSERT OR IGNORE INTO visits (id,tenant_id,agent_id,customer_id,visit_date,visit_type,check_in_time,check_out_time,latitude,longitude,purpose,outcome,notes,status,created_at) VALUES ('visit-00654','default-tenant-001','agent-003','cust-088','2025-10-06','customer','2025-10-06T14:24:00Z','2025-10-06T14:56:00Z',-29.8463,30.9977,'delivery','follow_up_needed','Need more samples','in_progress','2025-10-06T14:24:00Z');
INSERT OR IGNORE INTO visits (id,tenant_id,agent_id,customer_id,visit_date,visit_type,check_in_time,check_out_time,latitude,longitude,purpose,outcome,notes,status,created_at) VALUES ('visit-00655','default-tenant-001','agent-003','cust-029','2026-01-15','customer','2026-01-15T13:03:00Z','2026-01-15T13:56:00Z',-32.9963,27.9046,'delivery','order_placed','Need more samples','completed','2026-01-15T13:03:00Z');
INSERT OR IGNORE INTO visits (id,tenant_id,agent_id,customer_id,visit_date,visit_type,check_in_time,check_out_time,latitude,longitude,purpose,outcome,notes,status,created_at) VALUES ('visit-00656','default-tenant-001','agent-user-001','cust-045','2026-02-02','customer','2026-02-02T13:12:00Z','2026-02-02T13:24:00Z',-29.0910,26.1478,'customer_service','stock_checked','Shelf space increased','completed','2026-02-02T13:12:00Z');
INSERT OR IGNORE INTO visits (id,tenant_id,agent_id,customer_id,visit_date,visit_type,check_in_time,check_out_time,latitude,longitude,purpose,outcome,notes,status,created_at) VALUES ('visit-00657','default-tenant-001','agent-001','cust-070','2025-10-11','customer','2025-10-11T13:30:00Z','2025-10-11T14:39:00Z',-34.0015,25.5757,'customer_service','issue_resolved','Placed large order','in_progress','2025-10-11T13:30:00Z');
INSERT OR IGNORE INTO visits (id,tenant_id,agent_id,customer_id,visit_date,visit_type,check_in_time,check_out_time,latitude,longitude,purpose,outcome,notes,status,created_at) VALUES ('visit-00658','default-tenant-001','agent-005','cust-082','2025-10-08','customer','2025-10-08T09:03:00Z','2025-10-08T09:44:00Z',-25.7902,28.2343,'delivery','stock_checked','Customer happy','in_progress','2025-10-08T09:03:00Z');
INSERT OR IGNORE INTO visits (id,tenant_id,agent_id,customer_id,visit_date,visit_type,check_in_time,check_out_time,latitude,longitude,purpose,outcome,notes,status,created_at) VALUES ('visit-00659','default-tenant-001','agent-005','cust-006','2026-02-08','customer','2026-02-08T08:44:00Z','2026-02-08T09:42:00Z',-26.2339,28.0904,'audit','no_order','Placed large order','completed','2026-02-08T08:44:00Z');
INSERT OR IGNORE INTO visits (id,tenant_id,agent_id,customer_id,visit_date,visit_type,check_in_time,check_out_time,latitude,longitude,purpose,outcome,notes,status,created_at) VALUES ('visit-00660','default-tenant-001','agent-user-001','cust-059','2026-01-26','customer','2026-01-26T17:45:00Z','2026-01-26T18:55:00Z',-23.9056,29.4676,'customer_service','competitor_noted','Competitor promo spotted','completed','2026-01-26T17:45:00Z');
INSERT OR IGNORE INTO visits (id,tenant_id,agent_id,customer_id,visit_date,visit_type,check_in_time,check_out_time,latitude,longitude,purpose,outcome,notes,status,created_at) VALUES ('visit-00661','default-tenant-001','agent-user-001','cust-085','2026-03-08','customer','2026-03-08T12:37:00Z','2026-03-08T13:40:00Z',-33.9371,25.6362,'collection','stock_checked','Need more samples','completed','2026-03-08T12:37:00Z');
INSERT OR IGNORE INTO visits (id,tenant_id,agent_id,customer_id,visit_date,visit_type,check_in_time,check_out_time,latitude,longitude,purpose,outcome,notes,status,created_at) VALUES ('visit-00662','default-tenant-001','agent-001','cust-011','2026-01-08','customer','2026-01-08T12:08:00Z','2026-01-08T12:40:00Z',-33.9290,18.3943,'delivery','follow_up_needed','Stock low','cancelled','2026-01-08T12:08:00Z');
INSERT OR IGNORE INTO visits (id,tenant_id,agent_id,customer_id,visit_date,visit_type,check_in_time,check_out_time,latitude,longitude,purpose,outcome,notes,status,created_at) VALUES ('visit-00663','default-tenant-001','agent-002','cust-052','2026-02-16','customer','2026-02-16T15:39:00Z','2026-02-16T16:50:00Z',-23.9475,29.5170,'merchandising','order_placed','Customer happy','completed','2026-02-16T15:39:00Z');
INSERT OR IGNORE INTO visits (id,tenant_id,agent_id,customer_id,visit_date,visit_type,check_in_time,check_out_time,latitude,longitude,purpose,outcome,notes,status,created_at) VALUES ('visit-00664','default-tenant-001','agent-004','cust-060','2026-01-03','customer','2026-01-03T08:20:00Z','2026-01-03T09:14:00Z',-33.0298,27.8701,'delivery','follow_up_needed','Stock low','completed','2026-01-03T08:20:00Z');
INSERT OR IGNORE INTO visits (id,tenant_id,agent_id,customer_id,visit_date,visit_type,check_in_time,check_out_time,latitude,longitude,purpose,outcome,notes,status,created_at) VALUES ('visit-00665','default-tenant-001','agent-005','cust-099','2025-12-14','customer','2025-12-14T09:51:00Z','2025-12-14T10:23:00Z',-29.0586,26.1173,'delivery','stock_checked','Shelf space increased','completed','2025-12-14T09:51:00Z');
INSERT OR IGNORE INTO visits (id,tenant_id,agent_id,customer_id,visit_date,visit_type,check_in_time,check_out_time,latitude,longitude,purpose,outcome,notes,status,created_at) VALUES ('visit-00666','default-tenant-001','agent-005','cust-016','2025-12-17','customer','2025-12-17T08:56:00Z','2025-12-17T09:52:00Z',-28.6825,24.7866,'sales','competitor_noted','Customer happy','completed','2025-12-17T08:56:00Z');
INSERT OR IGNORE INTO visits (id,tenant_id,agent_id,customer_id,visit_date,visit_type,check_in_time,check_out_time,latitude,longitude,purpose,outcome,notes,status,created_at) VALUES ('visit-00667','default-tenant-001','agent-005','cust-063','2025-10-22','customer','2025-10-22T07:45:00Z','2025-10-22T08:35:00Z',-23.9419,29.4849,'sales','no_order','Placed large order','completed','2025-10-22T07:45:00Z');
INSERT OR IGNORE INTO visits (id,tenant_id,agent_id,customer_id,visit_date,visit_type,check_in_time,check_out_time,latitude,longitude,purpose,outcome,notes,status,created_at) VALUES ('visit-00668','default-tenant-001','agent-user-001','cust-022','2026-02-10','customer','2026-02-10T11:30:00Z','2026-02-10T11:54:00Z',-25.5147,30.9952,'customer_service','order_placed','Placed large order','in_progress','2026-02-10T11:30:00Z');
INSERT OR IGNORE INTO visits (id,tenant_id,agent_id,customer_id,visit_date,visit_type,check_in_time,check_out_time,latitude,longitude,purpose,outcome,notes,status,created_at) VALUES ('visit-00669','default-tenant-001','agent-003','cust-001','2025-10-28','customer','2025-10-28T10:35:00Z','2025-10-28T12:03:00Z',-25.5138,31.0154,'collection','issue_resolved','Customer happy','completed','2025-10-28T10:35:00Z');
INSERT OR IGNORE INTO visits (id,tenant_id,agent_id,customer_id,visit_date,visit_type,check_in_time,check_out_time,latitude,longitude,purpose,outcome,notes,status,created_at) VALUES ('visit-00670','default-tenant-001','agent-003','cust-077','2026-02-07','customer','2026-02-07T17:56:00Z','2026-02-07T18:17:00Z',-28.7436,24.7810,'collection','order_placed','Placed large order','completed','2026-02-07T17:56:00Z');
INSERT OR IGNORE INTO visits (id,tenant_id,agent_id,customer_id,visit_date,visit_type,check_in_time,check_out_time,latitude,longitude,purpose,outcome,notes,status,created_at) VALUES ('visit-00671','default-tenant-001','agent-003','cust-065','2025-12-12','customer','2025-12-12T15:38:00Z','2025-12-12T16:41:00Z',-23.8792,29.4744,'delivery','no_order','Stock low','completed','2025-12-12T15:38:00Z');
INSERT OR IGNORE INTO visits (id,tenant_id,agent_id,customer_id,visit_date,visit_type,check_in_time,check_out_time,latitude,longitude,purpose,outcome,notes,status,created_at) VALUES ('visit-00672','default-tenant-001','agent-005','cust-076','2025-12-04','customer','2025-12-04T07:17:00Z','2025-12-04T07:29:00Z',-33.9781,25.6417,'customer_service','order_placed','Competitor promo spotted','cancelled','2025-12-04T07:17:00Z');
INSERT OR IGNORE INTO visits (id,tenant_id,agent_id,customer_id,visit_date,visit_type,check_in_time,check_out_time,latitude,longitude,purpose,outcome,notes,status,created_at) VALUES ('visit-00673','default-tenant-001','agent-004','cust-039','2025-11-02','customer','2025-11-02T14:27:00Z','2025-11-02T14:42:00Z',-33.0176,27.8770,'delivery','stock_checked','Good visit','pending','2025-11-02T14:27:00Z');
INSERT OR IGNORE INTO visits (id,tenant_id,agent_id,customer_id,visit_date,visit_type,check_in_time,check_out_time,latitude,longitude,purpose,outcome,notes,status,created_at) VALUES ('visit-00674','default-tenant-001','agent-004','cust-052','2025-11-22','customer','2025-11-22T15:41:00Z','2025-11-22T16:11:00Z',-33.8928,18.3776,'sales','follow_up_needed','Competitor promo spotted','pending','2025-11-22T15:41:00Z');
INSERT OR IGNORE INTO visits (id,tenant_id,agent_id,customer_id,visit_date,visit_type,check_in_time,check_out_time,latitude,longitude,purpose,outcome,notes,status,created_at) VALUES ('visit-00675','default-tenant-001','agent-004','cust-083','2026-01-29','customer','2026-01-29T17:11:00Z','2026-01-29T17:28:00Z',-26.2148,28.0751,'sales','stock_checked','','completed','2026-01-29T17:11:00Z');
INSERT OR IGNORE INTO visits (id,tenant_id,agent_id,customer_id,visit_date,visit_type,check_in_time,check_out_time,latitude,longitude,purpose,outcome,notes,status,created_at) VALUES ('visit-00676','default-tenant-001','agent-005','cust-040','2025-10-23','customer','2025-10-23T16:16:00Z','2025-10-23T17:44:00Z',-26.2192,28.0846,'collection','stock_checked','','completed','2025-10-23T16:16:00Z');
INSERT OR IGNORE INTO visits (id,tenant_id,agent_id,customer_id,visit_date,visit_type,check_in_time,check_out_time,latitude,longitude,purpose,outcome,notes,status,created_at) VALUES ('visit-00677','default-tenant-001','agent-user-001','cust-007','2025-12-04','customer','2025-12-04T07:11:00Z','2025-12-04T07:24:00Z',-33.9105,18.3822,'audit','order_placed','New display set up','completed','2025-12-04T07:11:00Z');
INSERT OR IGNORE INTO visits (id,tenant_id,agent_id,customer_id,visit_date,visit_type,check_in_time,check_out_time,latitude,longitude,purpose,outcome,notes,status,created_at) VALUES ('visit-00678','default-tenant-001','agent-003','cust-095','2025-10-20','customer','2025-10-20T16:38:00Z','2025-10-20T17:38:00Z',-29.1159,26.2034,'competitor_check','issue_resolved','Competitor promo spotted','pending','2025-10-20T16:38:00Z');
INSERT OR IGNORE INTO visits (id,tenant_id,agent_id,customer_id,visit_date,visit_type,check_in_time,check_out_time,latitude,longitude,purpose,outcome,notes,status,created_at) VALUES ('visit-00679','default-tenant-001','agent-004','cust-038','2025-12-07','customer','2025-12-07T17:38:00Z','2025-12-07T18:45:00Z',-33.9818,25.6225,'audit','competitor_noted','Shelf space increased','pending','2025-12-07T17:38:00Z');
INSERT OR IGNORE INTO visits (id,tenant_id,agent_id,customer_id,visit_date,visit_type,check_in_time,check_out_time,latitude,longitude,purpose,outcome,notes,status,created_at) VALUES ('visit-00680','default-tenant-001','agent-005','cust-044','2025-10-12','customer','2025-10-12T10:02:00Z','2025-10-12T10:15:00Z',-33.0518,27.8954,'customer_service','order_placed','Customer happy','pending','2025-10-12T10:02:00Z');
INSERT OR IGNORE INTO visits (id,tenant_id,agent_id,customer_id,visit_date,visit_type,check_in_time,check_out_time,latitude,longitude,purpose,outcome,notes,status,created_at) VALUES ('visit-00681','default-tenant-001','agent-001','cust-095','2026-01-14','customer','2026-01-14T11:35:00Z','2026-01-14T12:43:00Z',-26.1703,28.0970,'collection','competitor_noted','','completed','2026-01-14T11:35:00Z');
INSERT OR IGNORE INTO visits (id,tenant_id,agent_id,customer_id,visit_date,visit_type,check_in_time,check_out_time,latitude,longitude,purpose,outcome,notes,status,created_at) VALUES ('visit-00682','default-tenant-001','agent-user-001','cust-096','2026-02-26','customer','2026-02-26T11:10:00Z','2026-02-26T12:13:00Z',-23.9033,29.4625,'audit','stock_checked','Customer happy','completed','2026-02-26T11:10:00Z');
INSERT OR IGNORE INTO visits (id,tenant_id,agent_id,customer_id,visit_date,visit_type,check_in_time,check_out_time,latitude,longitude,purpose,outcome,notes,status,created_at) VALUES ('visit-00683','default-tenant-001','agent-003','cust-003','2025-10-19','customer','2025-10-19T10:50:00Z','2025-10-19T11:54:00Z',-29.8232,30.9991,'new_customer','stock_checked','Need more samples','completed','2025-10-19T10:50:00Z');
INSERT OR IGNORE INTO visits (id,tenant_id,agent_id,customer_id,visit_date,visit_type,check_in_time,check_out_time,latitude,longitude,purpose,outcome,notes,status,created_at) VALUES ('visit-00684','default-tenant-001','agent-003','cust-014','2025-10-17','customer','2025-10-17T10:23:00Z','2025-10-17T11:04:00Z',-26.1642,28.0806,'delivery','competitor_noted','Placed large order','completed','2025-10-17T10:23:00Z');
INSERT OR IGNORE INTO visits (id,tenant_id,agent_id,customer_id,visit_date,visit_type,check_in_time,check_out_time,latitude,longitude,purpose,outcome,notes,status,created_at) VALUES ('visit-00685','default-tenant-001','agent-001','cust-024','2026-03-01','customer','2026-03-01T08:44:00Z','2026-03-01T08:55:00Z',-33.8945,18.4091,'delivery','no_order','Placed large order','completed','2026-03-01T08:44:00Z');
INSERT OR IGNORE INTO visits (id,tenant_id,agent_id,customer_id,visit_date,visit_type,check_in_time,check_out_time,latitude,longitude,purpose,outcome,notes,status,created_at) VALUES ('visit-00686','default-tenant-001','agent-002','cust-045','2026-03-03','customer','2026-03-03T16:16:00Z','2026-03-03T17:16:00Z',-33.9967,25.6494,'merchandising','order_placed','Shelf space increased','cancelled','2026-03-03T16:16:00Z');
INSERT OR IGNORE INTO visits (id,tenant_id,agent_id,customer_id,visit_date,visit_type,check_in_time,check_out_time,latitude,longitude,purpose,outcome,notes,status,created_at) VALUES ('visit-00687','default-tenant-001','agent-001','cust-008','2026-01-19','customer','2026-01-19T08:25:00Z','2026-01-19T09:29:00Z',-29.8188,31.0260,'sales','stock_checked','New display set up','pending','2026-01-19T08:25:00Z');
INSERT OR IGNORE INTO visits (id,tenant_id,agent_id,customer_id,visit_date,visit_type,check_in_time,check_out_time,latitude,longitude,purpose,outcome,notes,status,created_at) VALUES ('visit-00688','default-tenant-001','agent-001','cust-070','2025-11-20','customer','2025-11-20T09:04:00Z','2025-11-20T10:32:00Z',-23.9080,29.4364,'merchandising','order_placed','','cancelled','2025-11-20T09:04:00Z');
INSERT OR IGNORE INTO visits (id,tenant_id,agent_id,customer_id,visit_date,visit_type,check_in_time,check_out_time,latitude,longitude,purpose,outcome,notes,status,created_at) VALUES ('visit-00689','default-tenant-001','agent-005','cust-017','2026-01-15','customer','2026-01-15T09:31:00Z','2026-01-15T09:51:00Z',-29.0743,26.1299,'merchandising','no_order','','in_progress','2026-01-15T09:31:00Z');
INSERT OR IGNORE INTO visits (id,tenant_id,agent_id,customer_id,visit_date,visit_type,check_in_time,check_out_time,latitude,longitude,purpose,outcome,notes,status,created_at) VALUES ('visit-00690','default-tenant-001','agent-user-001','cust-005','2026-01-09','customer','2026-01-09T07:04:00Z','2026-01-09T08:34:00Z',-26.2112,28.0628,'delivery','competitor_noted','Stock low','completed','2026-01-09T07:04:00Z');
INSERT OR IGNORE INTO visits (id,tenant_id,agent_id,customer_id,visit_date,visit_type,check_in_time,check_out_time,latitude,longitude,purpose,outcome,notes,status,created_at) VALUES ('visit-00691','default-tenant-001','agent-002','cust-029','2026-02-25','customer','2026-02-25T13:58:00Z','2026-02-25T14:49:00Z',-33.9036,18.4567,'audit','order_placed','Need more samples','in_progress','2026-02-25T13:58:00Z');
INSERT OR IGNORE INTO visits (id,tenant_id,agent_id,customer_id,visit_date,visit_type,check_in_time,check_out_time,latitude,longitude,purpose,outcome,notes,status,created_at) VALUES ('visit-00692','default-tenant-001','agent-001','cust-089','2025-11-01','customer','2025-11-01T09:01:00Z','2025-11-01T09:43:00Z',-25.4349,30.9939,'audit','follow_up_needed','Competitor promo spotted','completed','2025-11-01T09:01:00Z');
INSERT OR IGNORE INTO visits (id,tenant_id,agent_id,customer_id,visit_date,visit_type,check_in_time,check_out_time,latitude,longitude,purpose,outcome,notes,status,created_at) VALUES ('visit-00693','default-tenant-001','agent-005','cust-068','2026-01-27','customer','2026-01-27T13:22:00Z','2026-01-27T14:05:00Z',-25.6998,28.2240,'merchandising','follow_up_needed','Shelf space increased','completed','2026-01-27T13:22:00Z');
INSERT OR IGNORE INTO visits (id,tenant_id,agent_id,customer_id,visit_date,visit_type,check_in_time,check_out_time,latitude,longitude,purpose,outcome,notes,status,created_at) VALUES ('visit-00694','default-tenant-001','agent-002','cust-062','2026-02-02','customer','2026-02-02T09:51:00Z','2026-02-02T11:04:00Z',-28.6938,24.7369,'collection','issue_resolved','','completed','2026-02-02T09:51:00Z');
INSERT OR IGNORE INTO visits (id,tenant_id,agent_id,customer_id,visit_date,visit_type,check_in_time,check_out_time,latitude,longitude,purpose,outcome,notes,status,created_at) VALUES ('visit-00695','default-tenant-001','agent-004','cust-010','2025-10-08','customer','2025-10-08T09:44:00Z','2025-10-08T10:18:00Z',-23.9238,29.4269,'customer_service','no_order','Placed large order','completed','2025-10-08T09:44:00Z');
INSERT OR IGNORE INTO visits (id,tenant_id,agent_id,customer_id,visit_date,visit_type,check_in_time,check_out_time,latitude,longitude,purpose,outcome,notes,status,created_at) VALUES ('visit-00696','default-tenant-001','agent-user-001','cust-028','2025-10-23','customer','2025-10-23T10:12:00Z','2025-10-23T11:33:00Z',-33.0041,27.8637,'new_customer','competitor_noted','New display set up','pending','2025-10-23T10:12:00Z');
INSERT OR IGNORE INTO visits (id,tenant_id,agent_id,customer_id,visit_date,visit_type,check_in_time,check_out_time,latitude,longitude,purpose,outcome,notes,status,created_at) VALUES ('visit-00697','default-tenant-001','agent-003','cust-046','2025-11-15','customer','2025-11-15T15:27:00Z','2025-11-15T16:16:00Z',-33.9622,25.6187,'customer_service','no_order','Competitor promo spotted','completed','2025-11-15T15:27:00Z');
INSERT OR IGNORE INTO visits (id,tenant_id,agent_id,customer_id,visit_date,visit_type,check_in_time,check_out_time,latitude,longitude,purpose,outcome,notes,status,created_at) VALUES ('visit-00698','default-tenant-001','agent-003','cust-009','2025-12-23','customer','2025-12-23T09:32:00Z','2025-12-23T10:57:00Z',-28.7168,24.7684,'new_customer','follow_up_needed','Good visit','cancelled','2025-12-23T09:32:00Z');
INSERT OR IGNORE INTO visits (id,tenant_id,agent_id,customer_id,visit_date,visit_type,check_in_time,check_out_time,latitude,longitude,purpose,outcome,notes,status,created_at) VALUES ('visit-00699','default-tenant-001','agent-002','cust-008','2026-02-24','customer','2026-02-24T07:14:00Z','2026-02-24T07:50:00Z',-33.0287,27.8791,'sales','competitor_noted','Stock low','completed','2026-02-24T07:14:00Z');
INSERT OR IGNORE INTO visits (id,tenant_id,agent_id,customer_id,visit_date,visit_type,check_in_time,check_out_time,latitude,longitude,purpose,outcome,notes,status,created_at) VALUES ('visit-00700','default-tenant-001','agent-001','cust-003','2025-10-22','customer','2025-10-22T15:51:00Z','2025-10-22T17:18:00Z',-29.8692,31.0108,'sales','stock_checked','','completed','2025-10-22T15:51:00Z');
INSERT OR IGNORE INTO visits (id,tenant_id,agent_id,customer_id,visit_date,visit_type,check_in_time,check_out_time,latitude,longitude,purpose,outcome,notes,status,created_at) VALUES ('visit-00701','default-tenant-001','agent-001','cust-018','2025-10-11','customer','2025-10-11T14:47:00Z','2025-10-11T15:00:00Z',-32.9877,27.9113,'sales','order_placed','','completed','2025-10-11T14:47:00Z');
INSERT OR IGNORE INTO visits (id,tenant_id,agent_id,customer_id,visit_date,visit_type,check_in_time,check_out_time,latitude,longitude,purpose,outcome,notes,status,created_at) VALUES ('visit-00702','default-tenant-001','agent-user-001','cust-038','2025-10-15','customer','2025-10-15T13:53:00Z','2025-10-15T14:27:00Z',-33.9849,25.5831,'audit','issue_resolved','Competitor promo spotted','in_progress','2025-10-15T13:53:00Z');
INSERT OR IGNORE INTO visits (id,tenant_id,agent_id,customer_id,visit_date,visit_type,check_in_time,check_out_time,latitude,longitude,purpose,outcome,notes,status,created_at) VALUES ('visit-00703','default-tenant-001','agent-002','cust-022','2026-02-03','customer','2026-02-03T12:55:00Z','2026-02-03T13:17:00Z',-29.0636,26.1477,'audit','follow_up_needed','New display set up','completed','2026-02-03T12:55:00Z');
INSERT OR IGNORE INTO visits (id,tenant_id,agent_id,customer_id,visit_date,visit_type,check_in_time,check_out_time,latitude,longitude,purpose,outcome,notes,status,created_at) VALUES ('visit-00704','default-tenant-001','agent-user-001','cust-048','2026-02-16','customer','2026-02-16T09:33:00Z','2026-02-16T09:54:00Z',-23.9441,29.4514,'new_customer','order_placed','Placed large order','completed','2026-02-16T09:33:00Z');
INSERT OR IGNORE INTO visits (id,tenant_id,agent_id,customer_id,visit_date,visit_type,check_in_time,check_out_time,latitude,longitude,purpose,outcome,notes,status,created_at) VALUES ('visit-00705','default-tenant-001','agent-003','cust-014','2025-10-06','customer','2025-10-06T07:22:00Z','2025-10-06T07:43:00Z',-29.8761,31.0093,'collection','competitor_noted','Follow up needed','completed','2025-10-06T07:22:00Z');
INSERT OR IGNORE INTO visits (id,tenant_id,agent_id,customer_id,visit_date,visit_type,check_in_time,check_out_time,latitude,longitude,purpose,outcome,notes,status,created_at) VALUES ('visit-00706','default-tenant-001','agent-user-001','cust-087','2026-02-13','customer','2026-02-13T16:13:00Z','2026-02-13T17:30:00Z',-29.0998,26.1118,'collection','stock_checked','Need more samples','cancelled','2026-02-13T16:13:00Z');
INSERT OR IGNORE INTO visits (id,tenant_id,agent_id,customer_id,visit_date,visit_type,check_in_time,check_out_time,latitude,longitude,purpose,outcome,notes,status,created_at) VALUES ('visit-00707','default-tenant-001','agent-004','cust-072','2025-12-04','customer','2025-12-04T08:33:00Z','2025-12-04T09:49:00Z',-23.9345,29.4390,'merchandising','stock_checked','Customer happy','pending','2025-12-04T08:33:00Z');
INSERT OR IGNORE INTO visits (id,tenant_id,agent_id,customer_id,visit_date,visit_type,check_in_time,check_out_time,latitude,longitude,purpose,outcome,notes,status,created_at) VALUES ('visit-00708','default-tenant-001','agent-002','cust-080','2025-11-30','customer','2025-11-30T12:08:00Z','2025-11-30T12:55:00Z',-28.7470,24.7688,'sales','order_placed','Shelf space increased','in_progress','2025-11-30T12:08:00Z');
INSERT OR IGNORE INTO visits (id,tenant_id,agent_id,customer_id,visit_date,visit_type,check_in_time,check_out_time,latitude,longitude,purpose,outcome,notes,status,created_at) VALUES ('visit-00709','default-tenant-001','agent-004','cust-007','2025-10-21','customer','2025-10-21T09:21:00Z','2025-10-21T10:07:00Z',-25.7437,28.2287,'audit','follow_up_needed','Follow up needed','completed','2025-10-21T09:21:00Z');
INSERT OR IGNORE INTO visits (id,tenant_id,agent_id,customer_id,visit_date,visit_type,check_in_time,check_out_time,latitude,longitude,purpose,outcome,notes,status,created_at) VALUES ('visit-00710','default-tenant-001','agent-005','cust-006','2025-10-16','customer','2025-10-16T08:51:00Z','2025-10-16T10:14:00Z',-33.8913,18.3756,'sales','follow_up_needed','Placed large order','completed','2025-10-16T08:51:00Z');
INSERT OR IGNORE INTO visits (id,tenant_id,agent_id,customer_id,visit_date,visit_type,check_in_time,check_out_time,latitude,longitude,purpose,outcome,notes,status,created_at) VALUES ('visit-00711','default-tenant-001','agent-003','cust-010','2026-02-06','customer','2026-02-06T09:24:00Z','2026-02-06T10:39:00Z',-33.0489,27.8686,'sales','competitor_noted','Good visit','completed','2026-02-06T09:24:00Z');
INSERT OR IGNORE INTO visits (id,tenant_id,agent_id,customer_id,visit_date,visit_type,check_in_time,check_out_time,latitude,longitude,purpose,outcome,notes,status,created_at) VALUES ('visit-00712','default-tenant-001','agent-user-001','cust-074','2025-11-05','customer','2025-11-05T12:16:00Z','2025-11-05T12:51:00Z',-32.9811,27.9122,'competitor_check','competitor_noted','Shelf space increased','cancelled','2025-11-05T12:16:00Z');
INSERT OR IGNORE INTO visits (id,tenant_id,agent_id,customer_id,visit_date,visit_type,check_in_time,check_out_time,latitude,longitude,purpose,outcome,notes,status,created_at) VALUES ('visit-00713','default-tenant-001','agent-user-001','cust-074','2026-01-02','customer','2026-01-02T15:51:00Z','2026-01-02T17:03:00Z',-25.4557,30.9656,'merchandising','no_order','New display set up','in_progress','2026-01-02T15:51:00Z');
INSERT OR IGNORE INTO visits (id,tenant_id,agent_id,customer_id,visit_date,visit_type,check_in_time,check_out_time,latitude,longitude,purpose,outcome,notes,status,created_at) VALUES ('visit-00714','default-tenant-001','agent-003','cust-050','2025-10-01','customer','2025-10-01T09:45:00Z','2025-10-01T10:59:00Z',-33.9303,25.5703,'competitor_check','stock_checked','Follow up needed','cancelled','2025-10-01T09:45:00Z');
INSERT OR IGNORE INTO visits (id,tenant_id,agent_id,customer_id,visit_date,visit_type,check_in_time,check_out_time,latitude,longitude,purpose,outcome,notes,status,created_at) VALUES ('visit-00715','default-tenant-001','agent-002','cust-098','2026-02-17','customer','2026-02-17T16:35:00Z','2026-02-17T17:44:00Z',-23.8619,29.4200,'collection','follow_up_needed','Shelf space increased','in_progress','2026-02-17T16:35:00Z');
INSERT OR IGNORE INTO visits (id,tenant_id,agent_id,customer_id,visit_date,visit_type,check_in_time,check_out_time,latitude,longitude,purpose,outcome,notes,status,created_at) VALUES ('visit-00716','default-tenant-001','agent-002','cust-052','2025-11-06','customer','2025-11-06T17:38:00Z','2025-11-06T18:03:00Z',-29.8328,31.0056,'merchandising','issue_resolved','Stock low','pending','2025-11-06T17:38:00Z');
INSERT OR IGNORE INTO visits (id,tenant_id,agent_id,customer_id,visit_date,visit_type,check_in_time,check_out_time,latitude,longitude,purpose,outcome,notes,status,created_at) VALUES ('visit-00717','default-tenant-001','agent-004','cust-067','2025-12-07','customer','2025-12-07T08:01:00Z','2025-12-07T08:43:00Z',-33.9102,18.4490,'customer_service','order_placed','Shelf space increased','completed','2025-12-07T08:01:00Z');
INSERT OR IGNORE INTO visits (id,tenant_id,agent_id,customer_id,visit_date,visit_type,check_in_time,check_out_time,latitude,longitude,purpose,outcome,notes,status,created_at) VALUES ('visit-00718','default-tenant-001','agent-001','cust-019','2026-01-15','customer','2026-01-15T08:27:00Z','2026-01-15T08:50:00Z',-25.4994,31.0025,'audit','stock_checked','Placed large order','completed','2026-01-15T08:27:00Z');
INSERT OR IGNORE INTO visits (id,tenant_id,agent_id,customer_id,visit_date,visit_type,check_in_time,check_out_time,latitude,longitude,purpose,outcome,notes,status,created_at) VALUES ('visit-00719','default-tenant-001','agent-004','cust-071','2026-02-09','customer','2026-02-09T15:40:00Z','2026-02-09T16:17:00Z',-26.1721,28.0797,'competitor_check','competitor_noted','Follow up needed','completed','2026-02-09T15:40:00Z');
INSERT OR IGNORE INTO visits (id,tenant_id,agent_id,customer_id,visit_date,visit_type,check_in_time,check_out_time,latitude,longitude,purpose,outcome,notes,status,created_at) VALUES ('visit-00720','default-tenant-001','agent-user-001','cust-065','2025-10-13','customer','2025-10-13T17:55:00Z','2025-10-13T18:32:00Z',-29.8389,31.0385,'collection','order_placed','Competitor promo spotted','cancelled','2025-10-13T17:55:00Z');
INSERT OR IGNORE INTO visits (id,tenant_id,agent_id,customer_id,visit_date,visit_type,check_in_time,check_out_time,latitude,longitude,purpose,outcome,notes,status,created_at) VALUES ('visit-00721','default-tenant-001','agent-005','cust-035','2025-10-04','customer','2025-10-04T13:25:00Z','2025-10-04T13:48:00Z',-29.0670,26.1242,'competitor_check','follow_up_needed','','completed','2025-10-04T13:25:00Z');
INSERT OR IGNORE INTO visits (id,tenant_id,agent_id,customer_id,visit_date,visit_type,check_in_time,check_out_time,latitude,longitude,purpose,outcome,notes,status,created_at) VALUES ('visit-00722','default-tenant-001','agent-user-001','cust-062','2025-10-31','customer','2025-10-31T13:36:00Z','2025-10-31T13:58:00Z',-33.9222,18.3975,'merchandising','stock_checked','Need more samples','completed','2025-10-31T13:36:00Z');
INSERT OR IGNORE INTO visits (id,tenant_id,agent_id,customer_id,visit_date,visit_type,check_in_time,check_out_time,latitude,longitude,purpose,outcome,notes,status,created_at) VALUES ('visit-00723','default-tenant-001','agent-003','cust-095','2026-01-30','customer','2026-01-30T08:59:00Z','2026-01-30T09:25:00Z',-29.9073,30.9802,'collection','stock_checked','New display set up','completed','2026-01-30T08:59:00Z');
INSERT OR IGNORE INTO visits (id,tenant_id,agent_id,customer_id,visit_date,visit_type,check_in_time,check_out_time,latitude,longitude,purpose,outcome,notes,status,created_at) VALUES ('visit-00724','default-tenant-001','agent-user-001','cust-063','2026-01-11','customer','2026-01-11T12:28:00Z','2026-01-11T13:05:00Z',-29.1198,26.2050,'merchandising','follow_up_needed','Placed large order','completed','2026-01-11T12:28:00Z');
INSERT OR IGNORE INTO visits (id,tenant_id,agent_id,customer_id,visit_date,visit_type,check_in_time,check_out_time,latitude,longitude,purpose,outcome,notes,status,created_at) VALUES ('visit-00725','default-tenant-001','agent-005','cust-002','2025-12-17','customer','2025-12-17T12:32:00Z','2025-12-17T13:09:00Z',-26.2006,28.0361,'competitor_check','order_placed','Stock low','completed','2025-12-17T12:32:00Z');
INSERT OR IGNORE INTO visits (id,tenant_id,agent_id,customer_id,visit_date,visit_type,check_in_time,check_out_time,latitude,longitude,purpose,outcome,notes,status,created_at) VALUES ('visit-00726','default-tenant-001','agent-005','cust-036','2026-02-28','customer','2026-02-28T08:55:00Z','2026-02-28T09:33:00Z',-23.9273,29.4430,'customer_service','no_order','Good visit','completed','2026-02-28T08:55:00Z');
INSERT OR IGNORE INTO visits (id,tenant_id,agent_id,customer_id,visit_date,visit_type,check_in_time,check_out_time,latitude,longitude,purpose,outcome,notes,status,created_at) VALUES ('visit-00727','default-tenant-001','agent-001','cust-025','2026-02-14','customer','2026-02-14T09:15:00Z','2026-02-14T10:40:00Z',-33.0245,27.8624,'customer_service','no_order','Placed large order','completed','2026-02-14T09:15:00Z');
INSERT OR IGNORE INTO visits (id,tenant_id,agent_id,customer_id,visit_date,visit_type,check_in_time,check_out_time,latitude,longitude,purpose,outcome,notes,status,created_at) VALUES ('visit-00728','default-tenant-001','agent-005','cust-053','2026-01-08','customer','2026-01-08T16:54:00Z','2026-01-08T18:22:00Z',-28.7565,24.7918,'merchandising','competitor_noted','Good visit','completed','2026-01-08T16:54:00Z');
INSERT OR IGNORE INTO visits (id,tenant_id,agent_id,customer_id,visit_date,visit_type,check_in_time,check_out_time,latitude,longitude,purpose,outcome,notes,status,created_at) VALUES ('visit-00729','default-tenant-001','agent-003','cust-035','2026-02-15','customer','2026-02-15T09:28:00Z','2026-02-15T10:29:00Z',-26.2028,28.0673,'merchandising','no_order','Need more samples','completed','2026-02-15T09:28:00Z');
INSERT OR IGNORE INTO visits (id,tenant_id,agent_id,customer_id,visit_date,visit_type,check_in_time,check_out_time,latitude,longitude,purpose,outcome,notes,status,created_at) VALUES ('visit-00730','default-tenant-001','agent-004','cust-015','2025-11-29','customer','2025-11-29T13:06:00Z','2025-11-29T14:30:00Z',-28.7679,24.7255,'competitor_check','stock_checked','Shelf space increased','completed','2025-11-29T13:06:00Z');
INSERT OR IGNORE INTO visits (id,tenant_id,agent_id,customer_id,visit_date,visit_type,check_in_time,check_out_time,latitude,longitude,purpose,outcome,notes,status,created_at) VALUES ('visit-00731','default-tenant-001','agent-004','cust-051','2025-12-25','customer','2025-12-25T13:02:00Z','2025-12-25T13:48:00Z',-32.9974,27.8707,'collection','no_order','Competitor promo spotted','pending','2025-12-25T13:02:00Z');
INSERT OR IGNORE INTO visits (id,tenant_id,agent_id,customer_id,visit_date,visit_type,check_in_time,check_out_time,latitude,longitude,purpose,outcome,notes,status,created_at) VALUES ('visit-00732','default-tenant-001','agent-005','cust-077','2026-02-08','customer','2026-02-08T11:33:00Z','2026-02-08T12:33:00Z',-33.9160,25.6224,'collection','follow_up_needed','Placed large order','completed','2026-02-08T11:33:00Z');
INSERT OR IGNORE INTO visits (id,tenant_id,agent_id,customer_id,visit_date,visit_type,check_in_time,check_out_time,latitude,longitude,purpose,outcome,notes,status,created_at) VALUES ('visit-00733','default-tenant-001','agent-002','cust-026','2026-02-09','customer','2026-02-09T07:35:00Z','2026-02-09T08:28:00Z',-25.4568,31.0045,'collection','issue_resolved','Customer happy','completed','2026-02-09T07:35:00Z');
INSERT OR IGNORE INTO visits (id,tenant_id,agent_id,customer_id,visit_date,visit_type,check_in_time,check_out_time,latitude,longitude,purpose,outcome,notes,status,created_at) VALUES ('visit-00734','default-tenant-001','agent-005','cust-093','2025-10-24','customer','2025-10-24T15:31:00Z','2025-10-24T15:47:00Z',-29.8319,31.0134,'collection','follow_up_needed','New display set up','completed','2025-10-24T15:31:00Z');
INSERT OR IGNORE INTO visits (id,tenant_id,agent_id,customer_id,visit_date,visit_type,check_in_time,check_out_time,latitude,longitude,purpose,outcome,notes,status,created_at) VALUES ('visit-00735','default-tenant-001','agent-002','cust-085','2026-01-20','customer','2026-01-20T12:40:00Z','2026-01-20T13:17:00Z',-26.2416,28.0474,'customer_service','competitor_noted','Stock low','completed','2026-01-20T12:40:00Z');
INSERT OR IGNORE INTO visits (id,tenant_id,agent_id,customer_id,visit_date,visit_type,check_in_time,check_out_time,latitude,longitude,purpose,outcome,notes,status,created_at) VALUES ('visit-00736','default-tenant-001','agent-002','cust-059','2026-03-08','customer','2026-03-08T08:57:00Z','2026-03-08T09:29:00Z',-33.9277,25.5709,'audit','stock_checked','Stock low','completed','2026-03-08T08:57:00Z');
INSERT OR IGNORE INTO visits (id,tenant_id,agent_id,customer_id,visit_date,visit_type,check_in_time,check_out_time,latitude,longitude,purpose,outcome,notes,status,created_at) VALUES ('visit-00737','default-tenant-001','agent-002','cust-064','2025-12-24','customer','2025-12-24T15:54:00Z','2025-12-24T16:25:00Z',-28.7314,24.7858,'sales','competitor_noted','Good visit','completed','2025-12-24T15:54:00Z');
INSERT OR IGNORE INTO visits (id,tenant_id,agent_id,customer_id,visit_date,visit_type,check_in_time,check_out_time,latitude,longitude,purpose,outcome,notes,status,created_at) VALUES ('visit-00738','default-tenant-001','agent-user-001','cust-034','2026-01-22','customer','2026-01-22T11:11:00Z','2026-01-22T11:52:00Z',-33.9649,18.3936,'delivery','follow_up_needed','Good visit','completed','2026-01-22T11:11:00Z');
INSERT OR IGNORE INTO visits (id,tenant_id,agent_id,customer_id,visit_date,visit_type,check_in_time,check_out_time,latitude,longitude,purpose,outcome,notes,status,created_at) VALUES ('visit-00739','default-tenant-001','agent-001','cust-011','2025-11-18','customer','2025-11-18T16:15:00Z','2025-11-18T16:46:00Z',-25.4268,30.9531,'sales','issue_resolved','New display set up','in_progress','2025-11-18T16:15:00Z');
INSERT OR IGNORE INTO visits (id,tenant_id,agent_id,customer_id,visit_date,visit_type,check_in_time,check_out_time,latitude,longitude,purpose,outcome,notes,status,created_at) VALUES ('visit-00740','default-tenant-001','agent-002','cust-045','2026-03-01','customer','2026-03-01T17:41:00Z','2026-03-01T18:33:00Z',-26.1693,28.0254,'new_customer','follow_up_needed','Stock low','completed','2026-03-01T17:41:00Z');
INSERT OR IGNORE INTO visits (id,tenant_id,agent_id,customer_id,visit_date,visit_type,check_in_time,check_out_time,latitude,longitude,purpose,outcome,notes,status,created_at) VALUES ('visit-00741','default-tenant-001','agent-004','cust-045','2026-01-31','customer','2026-01-31T12:08:00Z','2026-01-31T13:27:00Z',-33.9413,25.5673,'customer_service','follow_up_needed','Placed large order','completed','2026-01-31T12:08:00Z');
INSERT OR IGNORE INTO visits (id,tenant_id,agent_id,customer_id,visit_date,visit_type,check_in_time,check_out_time,latitude,longitude,purpose,outcome,notes,status,created_at) VALUES ('visit-00742','default-tenant-001','agent-002','cust-022','2025-10-13','customer','2025-10-13T11:27:00Z','2025-10-13T12:47:00Z',-33.9483,25.5628,'customer_service','follow_up_needed','Stock low','in_progress','2025-10-13T11:27:00Z');
INSERT OR IGNORE INTO visits (id,tenant_id,agent_id,customer_id,visit_date,visit_type,check_in_time,check_out_time,latitude,longitude,purpose,outcome,notes,status,created_at) VALUES ('visit-00743','default-tenant-001','agent-user-001','cust-005','2025-11-09','customer','2025-11-09T17:19:00Z','2025-11-09T18:49:00Z',-25.7802,28.2239,'audit','order_placed','Placed large order','cancelled','2025-11-09T17:19:00Z');
INSERT OR IGNORE INTO visits (id,tenant_id,agent_id,customer_id,visit_date,visit_type,check_in_time,check_out_time,latitude,longitude,purpose,outcome,notes,status,created_at) VALUES ('visit-00744','default-tenant-001','agent-002','cust-046','2025-10-03','customer','2025-10-03T10:19:00Z','2025-10-03T11:15:00Z',-33.9428,18.4460,'collection','follow_up_needed','Good visit','completed','2025-10-03T10:19:00Z');
INSERT OR IGNORE INTO visits (id,tenant_id,agent_id,customer_id,visit_date,visit_type,check_in_time,check_out_time,latitude,longitude,purpose,outcome,notes,status,created_at) VALUES ('visit-00745','default-tenant-001','agent-003','cust-030','2026-01-10','customer','2026-01-10T12:09:00Z','2026-01-10T12:47:00Z',-32.9939,27.9589,'audit','competitor_noted','New display set up','completed','2026-01-10T12:09:00Z');
INSERT OR IGNORE INTO visits (id,tenant_id,agent_id,customer_id,visit_date,visit_type,check_in_time,check_out_time,latitude,longitude,purpose,outcome,notes,status,created_at) VALUES ('visit-00746','default-tenant-001','agent-002','cust-016','2026-02-07','customer','2026-02-07T16:01:00Z','2026-02-07T16:22:00Z',-25.7233,28.1934,'merchandising','order_placed','Customer happy','pending','2026-02-07T16:01:00Z');
INSERT OR IGNORE INTO visits (id,tenant_id,agent_id,customer_id,visit_date,visit_type,check_in_time,check_out_time,latitude,longitude,purpose,outcome,notes,status,created_at) VALUES ('visit-00747','default-tenant-001','agent-user-001','cust-054','2025-11-01','customer','2025-11-01T16:23:00Z','2025-11-01T16:38:00Z',-28.7171,24.7883,'customer_service','no_order','Follow up needed','completed','2025-11-01T16:23:00Z');
INSERT OR IGNORE INTO visits (id,tenant_id,agent_id,customer_id,visit_date,visit_type,check_in_time,check_out_time,latitude,longitude,purpose,outcome,notes,status,created_at) VALUES ('visit-00748','default-tenant-001','agent-001','cust-072','2025-12-15','customer','2025-12-15T12:37:00Z','2025-12-15T13:19:00Z',-28.7638,24.7340,'new_customer','stock_checked','Competitor promo spotted','in_progress','2025-12-15T12:37:00Z');
INSERT OR IGNORE INTO visits (id,tenant_id,agent_id,customer_id,visit_date,visit_type,check_in_time,check_out_time,latitude,longitude,purpose,outcome,notes,status,created_at) VALUES ('visit-00749','default-tenant-001','agent-003','cust-084','2025-10-31','customer','2025-10-31T16:43:00Z','2025-10-31T16:55:00Z',-32.9801,27.9495,'collection','stock_checked','Follow up needed','cancelled','2025-10-31T16:43:00Z');
INSERT OR IGNORE INTO visits (id,tenant_id,agent_id,customer_id,visit_date,visit_type,check_in_time,check_out_time,latitude,longitude,purpose,outcome,notes,status,created_at) VALUES ('visit-00750','default-tenant-001','agent-002','cust-100','2026-01-02','customer','2026-01-02T10:00:00Z','2026-01-02T10:57:00Z',-26.2451,28.0508,'merchandising','competitor_noted','Need more samples','in_progress','2026-01-02T10:00:00Z');
INSERT OR IGNORE INTO visits (id,tenant_id,agent_id,customer_id,visit_date,visit_type,check_in_time,check_out_time,latitude,longitude,purpose,outcome,notes,status,created_at) VALUES ('visit-00751','default-tenant-001','agent-user-001','cust-096','2025-12-17','customer','2025-12-17T12:56:00Z','2025-12-17T13:20:00Z',-29.8134,31.0012,'customer_service','stock_checked','New display set up','completed','2025-12-17T12:56:00Z');
INSERT OR IGNORE INTO visits (id,tenant_id,agent_id,customer_id,visit_date,visit_type,check_in_time,check_out_time,latitude,longitude,purpose,outcome,notes,status,created_at) VALUES ('visit-00752','default-tenant-001','agent-005','cust-077','2025-11-30','customer','2025-11-30T16:03:00Z','2025-11-30T16:29:00Z',-33.9345,25.5889,'audit','issue_resolved','Good visit','completed','2025-11-30T16:03:00Z');
INSERT OR IGNORE INTO visits (id,tenant_id,agent_id,customer_id,visit_date,visit_type,check_in_time,check_out_time,latitude,longitude,purpose,outcome,notes,status,created_at) VALUES ('visit-00753','default-tenant-001','agent-003','cust-082','2025-11-20','customer','2025-11-20T14:24:00Z','2025-11-20T14:57:00Z',-32.9992,27.8642,'customer_service','stock_checked','Need more samples','pending','2025-11-20T14:24:00Z');
INSERT OR IGNORE INTO visits (id,tenant_id,agent_id,customer_id,visit_date,visit_type,check_in_time,check_out_time,latitude,longitude,purpose,outcome,notes,status,created_at) VALUES ('visit-00754','default-tenant-001','agent-001','cust-011','2026-01-22','customer','2026-01-22T15:39:00Z','2026-01-22T16:01:00Z',-29.0455,26.1295,'collection','order_placed','Follow up needed','completed','2026-01-22T15:39:00Z');
INSERT OR IGNORE INTO visits (id,tenant_id,agent_id,customer_id,visit_date,visit_type,check_in_time,check_out_time,latitude,longitude,purpose,outcome,notes,status,created_at) VALUES ('visit-00755','default-tenant-001','agent-001','cust-018','2025-12-08','customer','2025-12-08T14:04:00Z','2025-12-08T15:29:00Z',-25.4288,30.9899,'delivery','competitor_noted','Shelf space increased','in_progress','2025-12-08T14:04:00Z');
INSERT OR IGNORE INTO visits (id,tenant_id,agent_id,customer_id,visit_date,visit_type,check_in_time,check_out_time,latitude,longitude,purpose,outcome,notes,status,created_at) VALUES ('visit-00756','default-tenant-001','agent-user-001','cust-073','2025-12-26','customer','2025-12-26T17:49:00Z','2025-12-26T19:04:00Z',-25.4480,30.9378,'delivery','order_placed','Shelf space increased','in_progress','2025-12-26T17:49:00Z');
INSERT OR IGNORE INTO visits (id,tenant_id,agent_id,customer_id,visit_date,visit_type,check_in_time,check_out_time,latitude,longitude,purpose,outcome,notes,status,created_at) VALUES ('visit-00757','default-tenant-001','agent-003','cust-092','2025-10-15','customer','2025-10-15T13:58:00Z','2025-10-15T15:09:00Z',-28.6886,24.7375,'delivery','issue_resolved','Customer happy','completed','2025-10-15T13:58:00Z');
INSERT OR IGNORE INTO visits (id,tenant_id,agent_id,customer_id,visit_date,visit_type,check_in_time,check_out_time,latitude,longitude,purpose,outcome,notes,status,created_at) VALUES ('visit-00758','default-tenant-001','agent-005','cust-090','2025-10-15','customer','2025-10-15T11:32:00Z','2025-10-15T12:08:00Z',-28.7072,24.7160,'collection','order_placed','New display set up','completed','2025-10-15T11:32:00Z');
INSERT OR IGNORE INTO visits (id,tenant_id,agent_id,customer_id,visit_date,visit_type,check_in_time,check_out_time,latitude,longitude,purpose,outcome,notes,status,created_at) VALUES ('visit-00759','default-tenant-001','agent-user-001','cust-050','2026-01-24','customer','2026-01-24T13:09:00Z','2026-01-24T14:04:00Z',-29.8694,31.0025,'collection','follow_up_needed','Stock low','completed','2026-01-24T13:09:00Z');
INSERT OR IGNORE INTO visits (id,tenant_id,agent_id,customer_id,visit_date,visit_type,check_in_time,check_out_time,latitude,longitude,purpose,outcome,notes,status,created_at) VALUES ('visit-00760','default-tenant-001','agent-001','cust-093','2025-11-23','customer','2025-11-23T16:57:00Z','2025-11-23T17:12:00Z',-28.7456,24.7952,'sales','no_order','New display set up','cancelled','2025-11-23T16:57:00Z');
INSERT OR IGNORE INTO visits (id,tenant_id,agent_id,customer_id,visit_date,visit_type,check_in_time,check_out_time,latitude,longitude,purpose,outcome,notes,status,created_at) VALUES ('visit-00761','default-tenant-001','agent-001','cust-094','2025-12-03','customer','2025-12-03T10:12:00Z','2025-12-03T11:27:00Z',-33.9542,25.5759,'competitor_check','no_order','Placed large order','completed','2025-12-03T10:12:00Z');
INSERT OR IGNORE INTO visits (id,tenant_id,agent_id,customer_id,visit_date,visit_type,check_in_time,check_out_time,latitude,longitude,purpose,outcome,notes,status,created_at) VALUES ('visit-00762','default-tenant-001','agent-user-001','cust-027','2026-02-23','customer','2026-02-23T10:40:00Z','2026-02-23T11:46:00Z',-33.0511,27.9095,'competitor_check','issue_resolved','Competitor promo spotted','in_progress','2026-02-23T10:40:00Z');
INSERT OR IGNORE INTO visits (id,tenant_id,agent_id,customer_id,visit_date,visit_type,check_in_time,check_out_time,latitude,longitude,purpose,outcome,notes,status,created_at) VALUES ('visit-00763','default-tenant-001','agent-user-001','cust-002','2026-01-28','customer','2026-01-28T14:52:00Z','2026-01-28T15:52:00Z',-33.9733,18.4040,'delivery','stock_checked','Competitor promo spotted','completed','2026-01-28T14:52:00Z');
INSERT OR IGNORE INTO visits (id,tenant_id,agent_id,customer_id,visit_date,visit_type,check_in_time,check_out_time,latitude,longitude,purpose,outcome,notes,status,created_at) VALUES ('visit-00764','default-tenant-001','agent-005','cust-071','2025-12-03','customer','2025-12-03T11:50:00Z','2025-12-03T12:25:00Z',-33.0566,27.9073,'collection','follow_up_needed','New display set up','cancelled','2025-12-03T11:50:00Z');
INSERT OR IGNORE INTO visits (id,tenant_id,agent_id,customer_id,visit_date,visit_type,check_in_time,check_out_time,latitude,longitude,purpose,outcome,notes,status,created_at) VALUES ('visit-00765','default-tenant-001','agent-003','cust-036','2026-01-06','customer','2026-01-06T14:58:00Z','2026-01-06T15:11:00Z',-29.8244,31.0718,'sales','follow_up_needed','','completed','2026-01-06T14:58:00Z');
INSERT OR IGNORE INTO visits (id,tenant_id,agent_id,customer_id,visit_date,visit_type,check_in_time,check_out_time,latitude,longitude,purpose,outcome,notes,status,created_at) VALUES ('visit-00766','default-tenant-001','agent-003','cust-045','2025-10-29','customer','2025-10-29T11:47:00Z','2025-10-29T12:19:00Z',-29.8757,31.0237,'collection','competitor_noted','Stock low','in_progress','2025-10-29T11:47:00Z');
INSERT OR IGNORE INTO visits (id,tenant_id,agent_id,customer_id,visit_date,visit_type,check_in_time,check_out_time,latitude,longitude,purpose,outcome,notes,status,created_at) VALUES ('visit-00767','default-tenant-001','agent-user-001','cust-081','2025-12-25','customer','2025-12-25T14:48:00Z','2025-12-25T15:45:00Z',-29.0894,26.1570,'customer_service','stock_checked','Good visit','in_progress','2025-12-25T14:48:00Z');
INSERT OR IGNORE INTO visits (id,tenant_id,agent_id,customer_id,visit_date,visit_type,check_in_time,check_out_time,latitude,longitude,purpose,outcome,notes,status,created_at) VALUES ('visit-00768','default-tenant-001','agent-005','cust-085','2026-01-08','customer','2026-01-08T17:02:00Z','2026-01-08T17:21:00Z',-28.7664,24.7362,'sales','competitor_noted','Good visit','completed','2026-01-08T17:02:00Z');
INSERT OR IGNORE INTO visits (id,tenant_id,agent_id,customer_id,visit_date,visit_type,check_in_time,check_out_time,latitude,longitude,purpose,outcome,notes,status,created_at) VALUES ('visit-00769','default-tenant-001','agent-005','cust-057','2025-11-01','customer','2025-11-01T11:16:00Z','2025-11-01T11:47:00Z',-33.0540,27.8819,'collection','issue_resolved','Stock low','completed','2025-11-01T11:16:00Z');
INSERT OR IGNORE INTO visits (id,tenant_id,agent_id,customer_id,visit_date,visit_type,check_in_time,check_out_time,latitude,longitude,purpose,outcome,notes,status,created_at) VALUES ('visit-00770','default-tenant-001','agent-001','cust-034','2025-12-12','customer','2025-12-12T07:28:00Z','2025-12-12T08:25:00Z',-29.8221,31.0273,'customer_service','order_placed','Follow up needed','completed','2025-12-12T07:28:00Z');
INSERT OR IGNORE INTO visits (id,tenant_id,agent_id,customer_id,visit_date,visit_type,check_in_time,check_out_time,latitude,longitude,purpose,outcome,notes,status,created_at) VALUES ('visit-00771','default-tenant-001','agent-user-001','cust-014','2025-12-19','customer','2025-12-19T07:52:00Z','2025-12-19T09:16:00Z',-33.9385,18.4738,'new_customer','order_placed','New display set up','pending','2025-12-19T07:52:00Z');
INSERT OR IGNORE INTO visits (id,tenant_id,agent_id,customer_id,visit_date,visit_type,check_in_time,check_out_time,latitude,longitude,purpose,outcome,notes,status,created_at) VALUES ('visit-00772','default-tenant-001','agent-003','cust-061','2026-03-10','customer','2026-03-10T11:58:00Z','2026-03-10T12:55:00Z',-26.2296,28.0883,'competitor_check','issue_resolved','Customer happy','completed','2026-03-10T11:58:00Z');
INSERT OR IGNORE INTO visits (id,tenant_id,agent_id,customer_id,visit_date,visit_type,check_in_time,check_out_time,latitude,longitude,purpose,outcome,notes,status,created_at) VALUES ('visit-00773','default-tenant-001','agent-003','cust-023','2025-12-14','customer','2025-12-14T14:54:00Z','2025-12-14T15:43:00Z',-28.7780,24.7411,'competitor_check','follow_up_needed','Follow up needed','completed','2025-12-14T14:54:00Z');
INSERT OR IGNORE INTO visits (id,tenant_id,agent_id,customer_id,visit_date,visit_type,check_in_time,check_out_time,latitude,longitude,purpose,outcome,notes,status,created_at) VALUES ('visit-00774','default-tenant-001','agent-002','cust-033','2025-12-12','customer','2025-12-12T10:31:00Z','2025-12-12T10:52:00Z',-29.1093,26.1188,'competitor_check','order_placed','Need more samples','completed','2025-12-12T10:31:00Z');
INSERT OR IGNORE INTO visits (id,tenant_id,agent_id,customer_id,visit_date,visit_type,check_in_time,check_out_time,latitude,longitude,purpose,outcome,notes,status,created_at) VALUES ('visit-00775','default-tenant-001','agent-004','cust-058','2025-10-04','customer','2025-10-04T09:42:00Z','2025-10-04T10:36:00Z',-23.8981,29.4451,'audit','follow_up_needed','','pending','2025-10-04T09:42:00Z');
INSERT OR IGNORE INTO visits (id,tenant_id,agent_id,customer_id,visit_date,visit_type,check_in_time,check_out_time,latitude,longitude,purpose,outcome,notes,status,created_at) VALUES ('visit-00776','default-tenant-001','agent-004','cust-027','2025-12-05','customer','2025-12-05T13:26:00Z','2025-12-05T14:41:00Z',-32.9944,27.9379,'merchandising','issue_resolved','New display set up','completed','2025-12-05T13:26:00Z');
INSERT OR IGNORE INTO visits (id,tenant_id,agent_id,customer_id,visit_date,visit_type,check_in_time,check_out_time,latitude,longitude,purpose,outcome,notes,status,created_at) VALUES ('visit-00777','default-tenant-001','agent-005','cust-065','2026-02-27','customer','2026-02-27T16:30:00Z','2026-02-27T16:52:00Z',-25.7456,28.1926,'collection','follow_up_needed','New display set up','cancelled','2026-02-27T16:30:00Z');
INSERT OR IGNORE INTO visits (id,tenant_id,agent_id,customer_id,visit_date,visit_type,check_in_time,check_out_time,latitude,longitude,purpose,outcome,notes,status,created_at) VALUES ('visit-00778','default-tenant-001','agent-001','cust-079','2026-01-14','customer','2026-01-14T15:45:00Z','2026-01-14T16:55:00Z',-34.0022,25.6019,'delivery','order_placed','Placed large order','completed','2026-01-14T15:45:00Z');
INSERT OR IGNORE INTO visits (id,tenant_id,agent_id,customer_id,visit_date,visit_type,check_in_time,check_out_time,latitude,longitude,purpose,outcome,notes,status,created_at) VALUES ('visit-00779','default-tenant-001','agent-002','cust-082','2026-02-10','customer','2026-02-10T16:00:00Z','2026-02-10T17:10:00Z',-33.0244,27.8794,'sales','follow_up_needed','New display set up','pending','2026-02-10T16:00:00Z');
INSERT OR IGNORE INTO visits (id,tenant_id,agent_id,customer_id,visit_date,visit_type,check_in_time,check_out_time,latitude,longitude,purpose,outcome,notes,status,created_at) VALUES ('visit-00780','default-tenant-001','agent-003','cust-038','2026-01-25','customer','2026-01-25T12:58:00Z','2026-01-25T13:52:00Z',-25.7376,28.2624,'customer_service','stock_checked','Follow up needed','cancelled','2026-01-25T12:58:00Z');
INSERT OR IGNORE INTO visits (id,tenant_id,agent_id,customer_id,visit_date,visit_type,check_in_time,check_out_time,latitude,longitude,purpose,outcome,notes,status,created_at) VALUES ('visit-00781','default-tenant-001','agent-003','cust-018','2025-12-28','customer','2025-12-28T13:41:00Z','2025-12-28T14:43:00Z',-28.7199,24.7467,'competitor_check','order_placed','Shelf space increased','completed','2025-12-28T13:41:00Z');
INSERT OR IGNORE INTO visits (id,tenant_id,agent_id,customer_id,visit_date,visit_type,check_in_time,check_out_time,latitude,longitude,purpose,outcome,notes,status,created_at) VALUES ('visit-00782','default-tenant-001','agent-005','cust-033','2025-12-12','customer','2025-12-12T07:13:00Z','2025-12-12T07:25:00Z',-33.0423,27.9422,'delivery','issue_resolved','','in_progress','2025-12-12T07:13:00Z');
INSERT OR IGNORE INTO visits (id,tenant_id,agent_id,customer_id,visit_date,visit_type,check_in_time,check_out_time,latitude,longitude,purpose,outcome,notes,status,created_at) VALUES ('visit-00783','default-tenant-001','agent-002','cust-015','2025-11-23','customer','2025-11-23T08:42:00Z','2025-11-23T08:55:00Z',-25.6980,28.1978,'new_customer','issue_resolved','Follow up needed','completed','2025-11-23T08:42:00Z');
INSERT OR IGNORE INTO visits (id,tenant_id,agent_id,customer_id,visit_date,visit_type,check_in_time,check_out_time,latitude,longitude,purpose,outcome,notes,status,created_at) VALUES ('visit-00784','default-tenant-001','agent-002','cust-075','2025-11-05','customer','2025-11-05T15:26:00Z','2025-11-05T16:19:00Z',-33.0067,27.8950,'sales','follow_up_needed','Good visit','completed','2025-11-05T15:26:00Z');
INSERT OR IGNORE INTO visits (id,tenant_id,agent_id,customer_id,visit_date,visit_type,check_in_time,check_out_time,latitude,longitude,purpose,outcome,notes,status,created_at) VALUES ('visit-00785','default-tenant-001','agent-user-001','cust-004','2025-12-03','customer','2025-12-03T10:42:00Z','2025-12-03T11:41:00Z',-29.0872,26.1519,'new_customer','order_placed','Placed large order','pending','2025-12-03T10:42:00Z');
INSERT OR IGNORE INTO visits (id,tenant_id,agent_id,customer_id,visit_date,visit_type,check_in_time,check_out_time,latitude,longitude,purpose,outcome,notes,status,created_at) VALUES ('visit-00786','default-tenant-001','agent-002','cust-097','2025-12-19','customer','2025-12-19T10:50:00Z','2025-12-19T11:26:00Z',-25.7528,28.2443,'merchandising','competitor_noted','Stock low','cancelled','2025-12-19T10:50:00Z');
INSERT OR IGNORE INTO visits (id,tenant_id,agent_id,customer_id,visit_date,visit_type,check_in_time,check_out_time,latitude,longitude,purpose,outcome,notes,status,created_at) VALUES ('visit-00787','default-tenant-001','agent-user-001','cust-036','2025-10-19','customer','2025-10-19T11:08:00Z','2025-10-19T12:02:00Z',-25.7581,28.2027,'new_customer','stock_checked','Competitor promo spotted','cancelled','2025-10-19T11:08:00Z');
INSERT OR IGNORE INTO visits (id,tenant_id,agent_id,customer_id,visit_date,visit_type,check_in_time,check_out_time,latitude,longitude,purpose,outcome,notes,status,created_at) VALUES ('visit-00788','default-tenant-001','agent-user-001','cust-071','2026-02-17','customer','2026-02-17T15:20:00Z','2026-02-17T15:58:00Z',-25.4807,31.0117,'new_customer','competitor_noted','Stock low','completed','2026-02-17T15:20:00Z');
INSERT OR IGNORE INTO visits (id,tenant_id,agent_id,customer_id,visit_date,visit_type,check_in_time,check_out_time,latitude,longitude,purpose,outcome,notes,status,created_at) VALUES ('visit-00789','default-tenant-001','agent-user-001','cust-076','2026-02-11','customer','2026-02-11T08:45:00Z','2026-02-11T10:02:00Z',-23.8914,29.5005,'collection','follow_up_needed','Competitor promo spotted','cancelled','2026-02-11T08:45:00Z');
INSERT OR IGNORE INTO visits (id,tenant_id,agent_id,customer_id,visit_date,visit_type,check_in_time,check_out_time,latitude,longitude,purpose,outcome,notes,status,created_at) VALUES ('visit-00790','default-tenant-001','agent-user-001','cust-054','2026-01-30','customer','2026-01-30T16:46:00Z','2026-01-30T17:25:00Z',-33.9550,25.6372,'collection','stock_checked','New display set up','completed','2026-01-30T16:46:00Z');
INSERT OR IGNORE INTO visits (id,tenant_id,agent_id,customer_id,visit_date,visit_type,check_in_time,check_out_time,latitude,longitude,purpose,outcome,notes,status,created_at) VALUES ('visit-00791','default-tenant-001','agent-002','cust-042','2025-11-26','customer','2025-11-26T10:27:00Z','2025-11-26T11:36:00Z',-33.9911,25.6507,'collection','issue_resolved','Need more samples','completed','2025-11-26T10:27:00Z');
INSERT OR IGNORE INTO visits (id,tenant_id,agent_id,customer_id,visit_date,visit_type,check_in_time,check_out_time,latitude,longitude,purpose,outcome,notes,status,created_at) VALUES ('visit-00792','default-tenant-001','agent-002','cust-040','2025-11-22','customer','2025-11-22T07:35:00Z','2025-11-22T08:39:00Z',-28.7104,24.7356,'audit','issue_resolved','Good visit','completed','2025-11-22T07:35:00Z');
INSERT OR IGNORE INTO visits (id,tenant_id,agent_id,customer_id,visit_date,visit_type,check_in_time,check_out_time,latitude,longitude,purpose,outcome,notes,status,created_at) VALUES ('visit-00793','default-tenant-001','agent-user-001','cust-053','2026-02-06','customer','2026-02-06T17:29:00Z','2026-02-06T18:56:00Z',-26.2285,28.0449,'competitor_check','stock_checked','Good visit','completed','2026-02-06T17:29:00Z');
INSERT OR IGNORE INTO visits (id,tenant_id,agent_id,customer_id,visit_date,visit_type,check_in_time,check_out_time,latitude,longitude,purpose,outcome,notes,status,created_at) VALUES ('visit-00794','default-tenant-001','agent-002','cust-021','2026-01-23','customer','2026-01-23T17:41:00Z','2026-01-23T18:10:00Z',-29.8557,30.9964,'new_customer','stock_checked','New display set up','completed','2026-01-23T17:41:00Z');
INSERT OR IGNORE INTO visits (id,tenant_id,agent_id,customer_id,visit_date,visit_type,check_in_time,check_out_time,latitude,longitude,purpose,outcome,notes,status,created_at) VALUES ('visit-00795','default-tenant-001','agent-001','cust-026','2026-02-18','customer','2026-02-18T12:50:00Z','2026-02-18T13:37:00Z',-25.6985,28.2184,'customer_service','order_placed','Shelf space increased','pending','2026-02-18T12:50:00Z');
INSERT OR IGNORE INTO visits (id,tenant_id,agent_id,customer_id,visit_date,visit_type,check_in_time,check_out_time,latitude,longitude,purpose,outcome,notes,status,created_at) VALUES ('visit-00796','default-tenant-001','agent-002','cust-045','2025-12-15','customer','2025-12-15T17:16:00Z','2025-12-15T18:04:00Z',-28.7545,24.7750,'sales','stock_checked','Customer happy','completed','2025-12-15T17:16:00Z');
INSERT OR IGNORE INTO visits (id,tenant_id,agent_id,customer_id,visit_date,visit_type,check_in_time,check_out_time,latitude,longitude,purpose,outcome,notes,status,created_at) VALUES ('visit-00797','default-tenant-001','agent-005','cust-067','2025-11-30','customer','2025-11-30T13:10:00Z','2025-11-30T13:54:00Z',-32.9935,27.9147,'audit','follow_up_needed','Customer happy','cancelled','2025-11-30T13:10:00Z');
INSERT OR IGNORE INTO visits (id,tenant_id,agent_id,customer_id,visit_date,visit_type,check_in_time,check_out_time,latitude,longitude,purpose,outcome,notes,status,created_at) VALUES ('visit-00798','default-tenant-001','agent-001','cust-063','2026-02-19','customer','2026-02-19T13:52:00Z','2026-02-19T14:16:00Z',-32.9886,27.9481,'audit','issue_resolved','Stock low','in_progress','2026-02-19T13:52:00Z');
INSERT OR IGNORE INTO visits (id,tenant_id,agent_id,customer_id,visit_date,visit_type,check_in_time,check_out_time,latitude,longitude,purpose,outcome,notes,status,created_at) VALUES ('visit-00799','default-tenant-001','agent-004','cust-045','2026-01-05','customer','2026-01-05T08:24:00Z','2026-01-05T08:53:00Z',-28.7456,24.7514,'competitor_check','stock_checked','Good visit','pending','2026-01-05T08:24:00Z');
INSERT OR IGNORE INTO visits (id,tenant_id,agent_id,customer_id,visit_date,visit_type,check_in_time,check_out_time,latitude,longitude,purpose,outcome,notes,status,created_at) VALUES ('visit-00800','default-tenant-001','agent-002','cust-089','2025-10-15','customer','2025-10-15T12:19:00Z','2025-10-15T13:42:00Z',-32.9881,27.8925,'collection','competitor_noted','Need more samples','cancelled','2025-10-15T12:19:00Z');
INSERT OR IGNORE INTO visits (id,tenant_id,agent_id,customer_id,visit_date,visit_type,check_in_time,check_out_time,latitude,longitude,purpose,outcome,notes,status,created_at) VALUES ('visit-00801','default-tenant-001','agent-001','cust-076','2026-01-13','customer','2026-01-13T12:31:00Z','2026-01-13T12:58:00Z',-26.2418,28.0278,'customer_service','order_placed','Stock low','completed','2026-01-13T12:31:00Z');
INSERT OR IGNORE INTO visits (id,tenant_id,agent_id,customer_id,visit_date,visit_type,check_in_time,check_out_time,latitude,longitude,purpose,outcome,notes,status,created_at) VALUES ('visit-00802','default-tenant-001','agent-001','cust-094','2026-01-13','customer','2026-01-13T14:43:00Z','2026-01-13T14:54:00Z',-29.0498,26.1280,'sales','competitor_noted','','cancelled','2026-01-13T14:43:00Z');
INSERT OR IGNORE INTO visits (id,tenant_id,agent_id,customer_id,visit_date,visit_type,check_in_time,check_out_time,latitude,longitude,purpose,outcome,notes,status,created_at) VALUES ('visit-00803','default-tenant-001','agent-user-001','cust-078','2025-12-28','customer','2025-12-28T09:30:00Z','2025-12-28T10:57:00Z',-23.9289,29.5120,'merchandising','no_order','Shelf space increased','in_progress','2025-12-28T09:30:00Z');
INSERT OR IGNORE INTO visits (id,tenant_id,agent_id,customer_id,visit_date,visit_type,check_in_time,check_out_time,latitude,longitude,purpose,outcome,notes,status,created_at) VALUES ('visit-00804','default-tenant-001','agent-005','cust-065','2025-11-17','customer','2025-11-17T16:35:00Z','2025-11-17T17:44:00Z',-29.8800,31.0414,'collection','stock_checked','Stock low','completed','2025-11-17T16:35:00Z');
INSERT OR IGNORE INTO visits (id,tenant_id,agent_id,customer_id,visit_date,visit_type,check_in_time,check_out_time,latitude,longitude,purpose,outcome,notes,status,created_at) VALUES ('visit-00805','default-tenant-001','agent-user-001','cust-048','2025-10-29','customer','2025-10-29T16:50:00Z','2025-10-29T17:54:00Z',-25.7164,28.1859,'delivery','stock_checked','Customer happy','cancelled','2025-10-29T16:50:00Z');
INSERT OR IGNORE INTO visits (id,tenant_id,agent_id,customer_id,visit_date,visit_type,check_in_time,check_out_time,latitude,longitude,purpose,outcome,notes,status,created_at) VALUES ('visit-00806','default-tenant-001','agent-user-001','cust-005','2025-10-22','customer','2025-10-22T14:31:00Z','2025-10-22T15:03:00Z',-29.8413,31.0269,'merchandising','issue_resolved','Placed large order','pending','2025-10-22T14:31:00Z');
INSERT OR IGNORE INTO visits (id,tenant_id,agent_id,customer_id,visit_date,visit_type,check_in_time,check_out_time,latitude,longitude,purpose,outcome,notes,status,created_at) VALUES ('visit-00807','default-tenant-001','agent-005','cust-005','2025-11-12','customer','2025-11-12T14:03:00Z','2025-11-12T15:12:00Z',-28.7774,24.7702,'audit','issue_resolved','Shelf space increased','completed','2025-11-12T14:03:00Z');
INSERT OR IGNORE INTO visits (id,tenant_id,agent_id,customer_id,visit_date,visit_type,check_in_time,check_out_time,latitude,longitude,purpose,outcome,notes,status,created_at) VALUES ('visit-00808','default-tenant-001','agent-001','cust-079','2025-12-13','customer','2025-12-13T15:00:00Z','2025-12-13T15:42:00Z',-33.9286,18.4137,'customer_service','stock_checked','','completed','2025-12-13T15:00:00Z');
INSERT OR IGNORE INTO visits (id,tenant_id,agent_id,customer_id,visit_date,visit_type,check_in_time,check_out_time,latitude,longitude,purpose,outcome,notes,status,created_at) VALUES ('visit-00809','default-tenant-001','agent-003','cust-092','2025-10-14','customer','2025-10-14T09:50:00Z','2025-10-14T10:36:00Z',-26.2367,28.0745,'competitor_check','stock_checked','Competitor promo spotted','in_progress','2025-10-14T09:50:00Z');
INSERT OR IGNORE INTO visits (id,tenant_id,agent_id,customer_id,visit_date,visit_type,check_in_time,check_out_time,latitude,longitude,purpose,outcome,notes,status,created_at) VALUES ('visit-00810','default-tenant-001','agent-003','cust-019','2025-12-15','customer','2025-12-15T14:18:00Z','2025-12-15T15:11:00Z',-29.1093,26.1610,'sales','competitor_noted','New display set up','pending','2025-12-15T14:18:00Z');
INSERT OR IGNORE INTO visits (id,tenant_id,agent_id,customer_id,visit_date,visit_type,check_in_time,check_out_time,latitude,longitude,purpose,outcome,notes,status,created_at) VALUES ('visit-00811','default-tenant-001','agent-user-001','cust-024','2025-10-04','customer','2025-10-04T14:27:00Z','2025-10-04T14:58:00Z',-29.9013,31.0658,'competitor_check','issue_resolved','Good visit','completed','2025-10-04T14:27:00Z');
INSERT OR IGNORE INTO visits (id,tenant_id,agent_id,customer_id,visit_date,visit_type,check_in_time,check_out_time,latitude,longitude,purpose,outcome,notes,status,created_at) VALUES ('visit-00812','default-tenant-001','agent-002','cust-038','2026-01-27','customer','2026-01-27T09:54:00Z','2026-01-27T10:26:00Z',-33.0177,27.9218,'sales','no_order','Customer happy','completed','2026-01-27T09:54:00Z');
INSERT OR IGNORE INTO visits (id,tenant_id,agent_id,customer_id,visit_date,visit_type,check_in_time,check_out_time,latitude,longitude,purpose,outcome,notes,status,created_at) VALUES ('visit-00813','default-tenant-001','agent-001','cust-002','2025-12-11','customer','2025-12-11T07:25:00Z','2025-12-11T07:50:00Z',-26.1961,28.0301,'competitor_check','stock_checked','Follow up needed','completed','2025-12-11T07:25:00Z');
INSERT OR IGNORE INTO visits (id,tenant_id,agent_id,customer_id,visit_date,visit_type,check_in_time,check_out_time,latitude,longitude,purpose,outcome,notes,status,created_at) VALUES ('visit-00814','default-tenant-001','agent-003','cust-072','2026-01-06','customer','2026-01-06T16:06:00Z','2026-01-06T16:40:00Z',-29.8242,31.0704,'sales','issue_resolved','','completed','2026-01-06T16:06:00Z');
INSERT OR IGNORE INTO visits (id,tenant_id,agent_id,customer_id,visit_date,visit_type,check_in_time,check_out_time,latitude,longitude,purpose,outcome,notes,status,created_at) VALUES ('visit-00815','default-tenant-001','agent-005','cust-083','2025-10-24','customer','2025-10-24T13:41:00Z','2025-10-24T14:24:00Z',-29.8979,31.0112,'customer_service','stock_checked','New display set up','pending','2025-10-24T13:41:00Z');
INSERT OR IGNORE INTO visits (id,tenant_id,agent_id,customer_id,visit_date,visit_type,check_in_time,check_out_time,latitude,longitude,purpose,outcome,notes,status,created_at) VALUES ('visit-00816','default-tenant-001','agent-user-001','cust-033','2026-02-09','customer','2026-02-09T11:15:00Z','2026-02-09T11:49:00Z',-23.9301,29.4845,'merchandising','competitor_noted','Customer happy','cancelled','2026-02-09T11:15:00Z');
INSERT OR IGNORE INTO visits (id,tenant_id,agent_id,customer_id,visit_date,visit_type,check_in_time,check_out_time,latitude,longitude,purpose,outcome,notes,status,created_at) VALUES ('visit-00817','default-tenant-001','agent-user-001','cust-088','2025-10-27','customer','2025-10-27T16:05:00Z','2025-10-27T17:26:00Z',-33.0583,27.8887,'delivery','no_order','Need more samples','completed','2025-10-27T16:05:00Z');
INSERT OR IGNORE INTO visits (id,tenant_id,agent_id,customer_id,visit_date,visit_type,check_in_time,check_out_time,latitude,longitude,purpose,outcome,notes,status,created_at) VALUES ('visit-00818','default-tenant-001','agent-004','cust-055','2025-12-14','customer','2025-12-14T10:44:00Z','2025-12-14T11:31:00Z',-29.0665,26.1716,'sales','follow_up_needed','Follow up needed','completed','2025-12-14T10:44:00Z');
INSERT OR IGNORE INTO visits (id,tenant_id,agent_id,customer_id,visit_date,visit_type,check_in_time,check_out_time,latitude,longitude,purpose,outcome,notes,status,created_at) VALUES ('visit-00819','default-tenant-001','agent-003','cust-052','2025-10-16','customer','2025-10-16T11:45:00Z','2025-10-16T12:18:00Z',-25.7788,28.2304,'delivery','issue_resolved','','pending','2025-10-16T11:45:00Z');
INSERT OR IGNORE INTO visits (id,tenant_id,agent_id,customer_id,visit_date,visit_type,check_in_time,check_out_time,latitude,longitude,purpose,outcome,notes,status,created_at) VALUES ('visit-00820','default-tenant-001','agent-001','cust-055','2025-10-16','customer','2025-10-16T10:12:00Z','2025-10-16T11:30:00Z',-23.9379,29.4767,'new_customer','stock_checked','Need more samples','cancelled','2025-10-16T10:12:00Z');
INSERT OR IGNORE INTO visits (id,tenant_id,agent_id,customer_id,visit_date,visit_type,check_in_time,check_out_time,latitude,longitude,purpose,outcome,notes,status,created_at) VALUES ('visit-00821','default-tenant-001','agent-003','cust-022','2026-03-08','customer','2026-03-08T08:25:00Z','2026-03-08T08:57:00Z',-29.1141,26.1742,'delivery','no_order','','pending','2026-03-08T08:25:00Z');
INSERT OR IGNORE INTO visits (id,tenant_id,agent_id,customer_id,visit_date,visit_type,check_in_time,check_out_time,latitude,longitude,purpose,outcome,notes,status,created_at) VALUES ('visit-00822','default-tenant-001','agent-002','cust-013','2025-12-25','customer','2025-12-25T12:54:00Z','2025-12-25T13:59:00Z',-25.7049,28.2574,'new_customer','stock_checked','Good visit','completed','2025-12-25T12:54:00Z');
INSERT OR IGNORE INTO visits (id,tenant_id,agent_id,customer_id,visit_date,visit_type,check_in_time,check_out_time,latitude,longitude,purpose,outcome,notes,status,created_at) VALUES ('visit-00823','default-tenant-001','agent-user-001','cust-031','2026-01-28','customer','2026-01-28T12:39:00Z','2026-01-28T12:56:00Z',-25.5022,30.9971,'sales','order_placed','Stock low','completed','2026-01-28T12:39:00Z');
INSERT OR IGNORE INTO visits (id,tenant_id,agent_id,customer_id,visit_date,visit_type,check_in_time,check_out_time,latitude,longitude,purpose,outcome,notes,status,created_at) VALUES ('visit-00824','default-tenant-001','agent-003','cust-003','2025-12-18','customer','2025-12-18T15:16:00Z','2025-12-18T16:17:00Z',-33.9680,25.6086,'merchandising','stock_checked','Good visit','completed','2025-12-18T15:16:00Z');
INSERT OR IGNORE INTO visits (id,tenant_id,agent_id,customer_id,visit_date,visit_type,check_in_time,check_out_time,latitude,longitude,purpose,outcome,notes,status,created_at) VALUES ('visit-00825','default-tenant-001','agent-002','cust-100','2025-11-20','customer','2025-11-20T15:30:00Z','2025-11-20T16:45:00Z',-26.1626,28.0627,'collection','issue_resolved','Stock low','completed','2025-11-20T15:30:00Z');
INSERT OR IGNORE INTO visits (id,tenant_id,agent_id,customer_id,visit_date,visit_type,check_in_time,check_out_time,latitude,longitude,purpose,outcome,notes,status,created_at) VALUES ('visit-00826','default-tenant-001','agent-005','cust-033','2025-10-02','customer','2025-10-02T10:39:00Z','2025-10-02T11:30:00Z',-25.7140,28.2686,'sales','order_placed','Need more samples','completed','2025-10-02T10:39:00Z');
INSERT OR IGNORE INTO visits (id,tenant_id,agent_id,customer_id,visit_date,visit_type,check_in_time,check_out_time,latitude,longitude,purpose,outcome,notes,status,created_at) VALUES ('visit-00827','default-tenant-001','agent-002','cust-075','2026-03-07','customer','2026-03-07T14:30:00Z','2026-03-07T15:08:00Z',-29.1182,26.1377,'audit','follow_up_needed','Good visit','pending','2026-03-07T14:30:00Z');
INSERT OR IGNORE INTO visits (id,tenant_id,agent_id,customer_id,visit_date,visit_type,check_in_time,check_out_time,latitude,longitude,purpose,outcome,notes,status,created_at) VALUES ('visit-00828','default-tenant-001','agent-user-001','cust-037','2025-11-14','customer','2025-11-14T08:45:00Z','2025-11-14T09:39:00Z',-29.8865,31.0207,'collection','issue_resolved','Competitor promo spotted','pending','2025-11-14T08:45:00Z');
INSERT OR IGNORE INTO visits (id,tenant_id,agent_id,customer_id,visit_date,visit_type,check_in_time,check_out_time,latitude,longitude,purpose,outcome,notes,status,created_at) VALUES ('visit-00829','default-tenant-001','agent-002','cust-046','2026-02-22','customer','2026-02-22T09:08:00Z','2026-02-22T09:55:00Z',-25.5023,31.0076,'collection','stock_checked','Need more samples','completed','2026-02-22T09:08:00Z');
INSERT OR IGNORE INTO visits (id,tenant_id,agent_id,customer_id,visit_date,visit_type,check_in_time,check_out_time,latitude,longitude,purpose,outcome,notes,status,created_at) VALUES ('visit-00830','default-tenant-001','agent-005','cust-055','2026-01-23','customer','2026-01-23T09:59:00Z','2026-01-23T11:04:00Z',-26.2521,28.0000,'merchandising','competitor_noted','Follow up needed','completed','2026-01-23T09:59:00Z');
INSERT OR IGNORE INTO visits (id,tenant_id,agent_id,customer_id,visit_date,visit_type,check_in_time,check_out_time,latitude,longitude,purpose,outcome,notes,status,created_at) VALUES ('visit-00831','default-tenant-001','agent-002','cust-005','2025-12-12','customer','2025-12-12T11:22:00Z','2025-12-12T12:43:00Z',-25.4554,31.0040,'delivery','competitor_noted','Customer happy','pending','2025-12-12T11:22:00Z');
INSERT OR IGNORE INTO visits (id,tenant_id,agent_id,customer_id,visit_date,visit_type,check_in_time,check_out_time,latitude,longitude,purpose,outcome,notes,status,created_at) VALUES ('visit-00832','default-tenant-001','agent-004','cust-091','2026-02-28','customer','2026-02-28T14:05:00Z','2026-02-28T15:11:00Z',-23.8699,29.5060,'competitor_check','order_placed','Customer happy','in_progress','2026-02-28T14:05:00Z');
INSERT OR IGNORE INTO visits (id,tenant_id,agent_id,customer_id,visit_date,visit_type,check_in_time,check_out_time,latitude,longitude,purpose,outcome,notes,status,created_at) VALUES ('visit-00833','default-tenant-001','agent-user-001','cust-095','2025-12-03','customer','2025-12-03T12:27:00Z','2025-12-03T12:39:00Z',-34.0015,25.5700,'merchandising','issue_resolved','','completed','2025-12-03T12:27:00Z');
INSERT OR IGNORE INTO visits (id,tenant_id,agent_id,customer_id,visit_date,visit_type,check_in_time,check_out_time,latitude,longitude,purpose,outcome,notes,status,created_at) VALUES ('visit-00834','default-tenant-001','agent-004','cust-004','2025-12-09','customer','2025-12-09T07:36:00Z','2025-12-09T08:07:00Z',-25.6989,28.2684,'delivery','no_order','Follow up needed','pending','2025-12-09T07:36:00Z');
INSERT OR IGNORE INTO visits (id,tenant_id,agent_id,customer_id,visit_date,visit_type,check_in_time,check_out_time,latitude,longitude,purpose,outcome,notes,status,created_at) VALUES ('visit-00835','default-tenant-001','agent-user-001','cust-069','2025-12-21','customer','2025-12-21T08:34:00Z','2025-12-21T09:31:00Z',-23.8844,29.4902,'merchandising','stock_checked','Customer happy','cancelled','2025-12-21T08:34:00Z');
INSERT OR IGNORE INTO visits (id,tenant_id,agent_id,customer_id,visit_date,visit_type,check_in_time,check_out_time,latitude,longitude,purpose,outcome,notes,status,created_at) VALUES ('visit-00836','default-tenant-001','agent-003','cust-010','2025-11-13','customer','2025-11-13T11:17:00Z','2025-11-13T11:48:00Z',-28.6895,24.7164,'customer_service','follow_up_needed','New display set up','in_progress','2025-11-13T11:17:00Z');
INSERT OR IGNORE INTO visits (id,tenant_id,agent_id,customer_id,visit_date,visit_type,check_in_time,check_out_time,latitude,longitude,purpose,outcome,notes,status,created_at) VALUES ('visit-00837','default-tenant-001','agent-005','cust-064','2025-10-29','customer','2025-10-29T07:21:00Z','2025-10-29T07:47:00Z',-33.0521,27.9149,'customer_service','follow_up_needed','Need more samples','cancelled','2025-10-29T07:21:00Z');
INSERT OR IGNORE INTO visits (id,tenant_id,agent_id,customer_id,visit_date,visit_type,check_in_time,check_out_time,latitude,longitude,purpose,outcome,notes,status,created_at) VALUES ('visit-00838','default-tenant-001','agent-004','cust-065','2026-02-02','customer','2026-02-02T14:09:00Z','2026-02-02T15:20:00Z',-25.7291,28.2273,'customer_service','no_order','Competitor promo spotted','completed','2026-02-02T14:09:00Z');
INSERT OR IGNORE INTO visits (id,tenant_id,agent_id,customer_id,visit_date,visit_type,check_in_time,check_out_time,latitude,longitude,purpose,outcome,notes,status,created_at) VALUES ('visit-00839','default-tenant-001','agent-004','cust-094','2025-10-27','customer','2025-10-27T17:31:00Z','2025-10-27T18:22:00Z',-29.0676,26.1270,'sales','stock_checked','Shelf space increased','completed','2025-10-27T17:31:00Z');
INSERT OR IGNORE INTO visits (id,tenant_id,agent_id,customer_id,visit_date,visit_type,check_in_time,check_out_time,latitude,longitude,purpose,outcome,notes,status,created_at) VALUES ('visit-00840','default-tenant-001','agent-002','cust-097','2025-11-06','customer','2025-11-06T12:32:00Z','2025-11-06T13:52:00Z',-33.9871,25.6132,'customer_service','follow_up_needed','Need more samples','cancelled','2025-11-06T12:32:00Z');
INSERT OR IGNORE INTO visits (id,tenant_id,agent_id,customer_id,visit_date,visit_type,check_in_time,check_out_time,latitude,longitude,purpose,outcome,notes,status,created_at) VALUES ('visit-00841','default-tenant-001','agent-003','cust-074','2026-03-10','customer','2026-03-10T16:06:00Z','2026-03-10T16:52:00Z',-25.7632,28.2530,'delivery','stock_checked','Customer happy','completed','2026-03-10T16:06:00Z');
INSERT OR IGNORE INTO visits (id,tenant_id,agent_id,customer_id,visit_date,visit_type,check_in_time,check_out_time,latitude,longitude,purpose,outcome,notes,status,created_at) VALUES ('visit-00842','default-tenant-001','agent-004','cust-095','2025-11-22','customer','2025-11-22T13:39:00Z','2025-11-22T13:58:00Z',-26.2433,28.0972,'audit','no_order','','completed','2025-11-22T13:39:00Z');
INSERT OR IGNORE INTO visits (id,tenant_id,agent_id,customer_id,visit_date,visit_type,check_in_time,check_out_time,latitude,longitude,purpose,outcome,notes,status,created_at) VALUES ('visit-00843','default-tenant-001','agent-004','cust-032','2025-10-10','customer','2025-10-10T10:09:00Z','2025-10-10T10:30:00Z',-33.9503,25.5731,'new_customer','order_placed','Stock low','pending','2025-10-10T10:09:00Z');
INSERT OR IGNORE INTO visits (id,tenant_id,agent_id,customer_id,visit_date,visit_type,check_in_time,check_out_time,latitude,longitude,purpose,outcome,notes,status,created_at) VALUES ('visit-00844','default-tenant-001','agent-001','cust-005','2025-11-25','customer','2025-11-25T12:32:00Z','2025-11-25T13:37:00Z',-23.8739,29.4206,'audit','stock_checked','Placed large order','cancelled','2025-11-25T12:32:00Z');
INSERT OR IGNORE INTO visits (id,tenant_id,agent_id,customer_id,visit_date,visit_type,check_in_time,check_out_time,latitude,longitude,purpose,outcome,notes,status,created_at) VALUES ('visit-00845','default-tenant-001','agent-003','cust-060','2025-10-23','customer','2025-10-23T16:09:00Z','2025-10-23T16:42:00Z',-33.8946,18.4554,'sales','stock_checked','Good visit','completed','2025-10-23T16:09:00Z');
INSERT OR IGNORE INTO visits (id,tenant_id,agent_id,customer_id,visit_date,visit_type,check_in_time,check_out_time,latitude,longitude,purpose,outcome,notes,status,created_at) VALUES ('visit-00846','default-tenant-001','agent-002','cust-037','2026-01-15','customer','2026-01-15T16:59:00Z','2026-01-15T18:17:00Z',-29.8629,31.0061,'customer_service','order_placed','Customer happy','cancelled','2026-01-15T16:59:00Z');
INSERT OR IGNORE INTO visits (id,tenant_id,agent_id,customer_id,visit_date,visit_type,check_in_time,check_out_time,latitude,longitude,purpose,outcome,notes,status,created_at) VALUES ('visit-00847','default-tenant-001','agent-005','cust-070','2026-01-27','customer','2026-01-27T17:20:00Z','2026-01-27T18:34:00Z',-33.9637,18.4294,'audit','no_order','Placed large order','pending','2026-01-27T17:20:00Z');
INSERT OR IGNORE INTO visits (id,tenant_id,agent_id,customer_id,visit_date,visit_type,check_in_time,check_out_time,latitude,longitude,purpose,outcome,notes,status,created_at) VALUES ('visit-00848','default-tenant-001','agent-003','cust-090','2025-11-03','customer','2025-11-03T10:33:00Z','2025-11-03T11:38:00Z',-33.0075,27.9396,'competitor_check','no_order','Need more samples','completed','2025-11-03T10:33:00Z');
INSERT OR IGNORE INTO visits (id,tenant_id,agent_id,customer_id,visit_date,visit_type,check_in_time,check_out_time,latitude,longitude,purpose,outcome,notes,status,created_at) VALUES ('visit-00849','default-tenant-001','agent-003','cust-040','2026-02-24','customer','2026-02-24T13:27:00Z','2026-02-24T14:28:00Z',-25.7256,28.2501,'audit','order_placed','Shelf space increased','cancelled','2026-02-24T13:27:00Z');
INSERT OR IGNORE INTO visits (id,tenant_id,agent_id,customer_id,visit_date,visit_type,check_in_time,check_out_time,latitude,longitude,purpose,outcome,notes,status,created_at) VALUES ('visit-00850','default-tenant-001','agent-002','cust-083','2025-11-14','customer','2025-11-14T07:04:00Z','2025-11-14T08:15:00Z',-33.0307,27.9148,'merchandising','follow_up_needed','Shelf space increased','completed','2025-11-14T07:04:00Z');
INSERT OR IGNORE INTO visits (id,tenant_id,agent_id,customer_id,visit_date,visit_type,check_in_time,check_out_time,latitude,longitude,purpose,outcome,notes,status,created_at) VALUES ('visit-00851','default-tenant-001','agent-001','cust-015','2026-02-17','customer','2026-02-17T17:02:00Z','2026-02-17T18:32:00Z',-28.7316,24.7461,'sales','competitor_noted','Placed large order','completed','2026-02-17T17:02:00Z');
INSERT OR IGNORE INTO visits (id,tenant_id,agent_id,customer_id,visit_date,visit_type,check_in_time,check_out_time,latitude,longitude,purpose,outcome,notes,status,created_at) VALUES ('visit-00852','default-tenant-001','agent-002','cust-010','2026-02-16','customer','2026-02-16T11:26:00Z','2026-02-16T12:10:00Z',-33.9434,25.6061,'sales','issue_resolved','Good visit','completed','2026-02-16T11:26:00Z');
INSERT OR IGNORE INTO visits (id,tenant_id,agent_id,customer_id,visit_date,visit_type,check_in_time,check_out_time,latitude,longitude,purpose,outcome,notes,status,created_at) VALUES ('visit-00853','default-tenant-001','agent-003','cust-034','2025-12-17','customer','2025-12-17T11:41:00Z','2025-12-17T12:44:00Z',-25.4685,30.9821,'customer_service','issue_resolved','Stock low','completed','2025-12-17T11:41:00Z');
INSERT OR IGNORE INTO visits (id,tenant_id,agent_id,customer_id,visit_date,visit_type,check_in_time,check_out_time,latitude,longitude,purpose,outcome,notes,status,created_at) VALUES ('visit-00854','default-tenant-001','agent-005','cust-017','2025-10-01','customer','2025-10-01T12:27:00Z','2025-10-01T13:41:00Z',-29.8807,31.0675,'delivery','competitor_noted','Placed large order','completed','2025-10-01T12:27:00Z');
INSERT OR IGNORE INTO visits (id,tenant_id,agent_id,customer_id,visit_date,visit_type,check_in_time,check_out_time,latitude,longitude,purpose,outcome,notes,status,created_at) VALUES ('visit-00855','default-tenant-001','agent-004','cust-009','2025-12-01','customer','2025-12-01T17:10:00Z','2025-12-01T18:09:00Z',-29.1025,26.2007,'sales','competitor_noted','Follow up needed','completed','2025-12-01T17:10:00Z');
INSERT OR IGNORE INTO visits (id,tenant_id,agent_id,customer_id,visit_date,visit_type,check_in_time,check_out_time,latitude,longitude,purpose,outcome,notes,status,created_at) VALUES ('visit-00856','default-tenant-001','agent-003','cust-062','2025-10-29','customer','2025-10-29T07:18:00Z','2025-10-29T08:00:00Z',-26.2218,28.0345,'customer_service','stock_checked','New display set up','pending','2025-10-29T07:18:00Z');
INSERT OR IGNORE INTO visits (id,tenant_id,agent_id,customer_id,visit_date,visit_type,check_in_time,check_out_time,latitude,longitude,purpose,outcome,notes,status,created_at) VALUES ('visit-00857','default-tenant-001','agent-user-001','cust-067','2025-10-24','customer','2025-10-24T16:03:00Z','2025-10-24T17:31:00Z',-23.8863,29.4940,'new_customer','competitor_noted','Good visit','completed','2025-10-24T16:03:00Z');
INSERT OR IGNORE INTO visits (id,tenant_id,agent_id,customer_id,visit_date,visit_type,check_in_time,check_out_time,latitude,longitude,purpose,outcome,notes,status,created_at) VALUES ('visit-00858','default-tenant-001','agent-003','cust-077','2026-02-21','customer','2026-02-21T07:48:00Z','2026-02-21T08:30:00Z',-26.1646,28.0883,'competitor_check','no_order','Follow up needed','pending','2026-02-21T07:48:00Z');
INSERT OR IGNORE INTO visits (id,tenant_id,agent_id,customer_id,visit_date,visit_type,check_in_time,check_out_time,latitude,longitude,purpose,outcome,notes,status,created_at) VALUES ('visit-00859','default-tenant-001','agent-001','cust-099','2025-11-07','customer','2025-11-07T16:18:00Z','2025-11-07T17:19:00Z',-28.7623,24.7520,'delivery','issue_resolved','New display set up','cancelled','2025-11-07T16:18:00Z');
INSERT OR IGNORE INTO visits (id,tenant_id,agent_id,customer_id,visit_date,visit_type,check_in_time,check_out_time,latitude,longitude,purpose,outcome,notes,status,created_at) VALUES ('visit-00860','default-tenant-001','agent-005','cust-053','2026-01-23','customer','2026-01-23T11:50:00Z','2026-01-23T12:43:00Z',-25.7508,28.2002,'customer_service','no_order','Good visit','completed','2026-01-23T11:50:00Z');
INSERT OR IGNORE INTO visits (id,tenant_id,agent_id,customer_id,visit_date,visit_type,check_in_time,check_out_time,latitude,longitude,purpose,outcome,notes,status,created_at) VALUES ('visit-00861','default-tenant-001','agent-user-001','cust-061','2026-02-11','customer','2026-02-11T14:36:00Z','2026-02-11T15:20:00Z',-28.7659,24.7092,'sales','follow_up_needed','Placed large order','pending','2026-02-11T14:36:00Z');
INSERT OR IGNORE INTO visits (id,tenant_id,agent_id,customer_id,visit_date,visit_type,check_in_time,check_out_time,latitude,longitude,purpose,outcome,notes,status,created_at) VALUES ('visit-00862','default-tenant-001','agent-003','cust-026','2025-10-18','customer','2025-10-18T09:44:00Z','2025-10-18T10:07:00Z',-26.2425,28.0827,'customer_service','follow_up_needed','Shelf space increased','completed','2025-10-18T09:44:00Z');
INSERT OR IGNORE INTO visits (id,tenant_id,agent_id,customer_id,visit_date,visit_type,check_in_time,check_out_time,latitude,longitude,purpose,outcome,notes,status,created_at) VALUES ('visit-00863','default-tenant-001','agent-user-001','cust-010','2026-02-11','customer','2026-02-11T14:02:00Z','2026-02-11T14:36:00Z',-33.9744,25.6070,'collection','follow_up_needed','Placed large order','pending','2026-02-11T14:02:00Z');
INSERT OR IGNORE INTO visits (id,tenant_id,agent_id,customer_id,visit_date,visit_type,check_in_time,check_out_time,latitude,longitude,purpose,outcome,notes,status,created_at) VALUES ('visit-00864','default-tenant-001','agent-user-001','cust-064','2025-10-31','customer','2025-10-31T09:26:00Z','2025-10-31T09:59:00Z',-33.9258,25.6386,'audit','issue_resolved','','completed','2025-10-31T09:26:00Z');
INSERT OR IGNORE INTO visits (id,tenant_id,agent_id,customer_id,visit_date,visit_type,check_in_time,check_out_time,latitude,longitude,purpose,outcome,notes,status,created_at) VALUES ('visit-00865','default-tenant-001','agent-003','cust-097','2025-10-28','customer','2025-10-28T07:13:00Z','2025-10-28T08:19:00Z',-28.7453,24.7980,'audit','competitor_noted','Stock low','in_progress','2025-10-28T07:13:00Z');
INSERT OR IGNORE INTO visits (id,tenant_id,agent_id,customer_id,visit_date,visit_type,check_in_time,check_out_time,latitude,longitude,purpose,outcome,notes,status,created_at) VALUES ('visit-00866','default-tenant-001','agent-003','cust-057','2025-11-27','customer','2025-11-27T14:52:00Z','2025-11-27T16:10:00Z',-25.7415,28.2458,'new_customer','order_placed','Competitor promo spotted','completed','2025-11-27T14:52:00Z');
INSERT OR IGNORE INTO visits (id,tenant_id,agent_id,customer_id,visit_date,visit_type,check_in_time,check_out_time,latitude,longitude,purpose,outcome,notes,status,created_at) VALUES ('visit-00867','default-tenant-001','agent-002','cust-084','2025-12-28','customer','2025-12-28T07:28:00Z','2025-12-28T07:43:00Z',-28.7512,24.7496,'sales','stock_checked','','pending','2025-12-28T07:28:00Z');
INSERT OR IGNORE INTO visits (id,tenant_id,agent_id,customer_id,visit_date,visit_type,check_in_time,check_out_time,latitude,longitude,purpose,outcome,notes,status,created_at) VALUES ('visit-00868','default-tenant-001','agent-user-001','cust-054','2025-10-16','customer','2025-10-16T11:38:00Z','2025-10-16T12:16:00Z',-33.0206,27.8779,'sales','competitor_noted','Placed large order','completed','2025-10-16T11:38:00Z');
INSERT OR IGNORE INTO visits (id,tenant_id,agent_id,customer_id,visit_date,visit_type,check_in_time,check_out_time,latitude,longitude,purpose,outcome,notes,status,created_at) VALUES ('visit-00869','default-tenant-001','agent-005','cust-077','2025-11-29','customer','2025-11-29T14:04:00Z','2025-11-29T14:51:00Z',-28.7499,24.7178,'audit','follow_up_needed','New display set up','cancelled','2025-11-29T14:04:00Z');
INSERT OR IGNORE INTO visits (id,tenant_id,agent_id,customer_id,visit_date,visit_type,check_in_time,check_out_time,latitude,longitude,purpose,outcome,notes,status,created_at) VALUES ('visit-00870','default-tenant-001','agent-002','cust-020','2026-01-26','customer','2026-01-26T10:28:00Z','2026-01-26T10:39:00Z',-33.9386,25.6172,'customer_service','issue_resolved','Competitor promo spotted','completed','2026-01-26T10:28:00Z');
INSERT OR IGNORE INTO visits (id,tenant_id,agent_id,customer_id,visit_date,visit_type,check_in_time,check_out_time,latitude,longitude,purpose,outcome,notes,status,created_at) VALUES ('visit-00871','default-tenant-001','agent-002','cust-090','2026-02-27','customer','2026-02-27T15:26:00Z','2026-02-27T15:45:00Z',-25.7301,28.2485,'new_customer','issue_resolved','New display set up','completed','2026-02-27T15:26:00Z');
INSERT OR IGNORE INTO visits (id,tenant_id,agent_id,customer_id,visit_date,visit_type,check_in_time,check_out_time,latitude,longitude,purpose,outcome,notes,status,created_at) VALUES ('visit-00872','default-tenant-001','agent-003','cust-004','2025-12-03','customer','2025-12-03T14:10:00Z','2025-12-03T14:30:00Z',-33.9445,25.5775,'delivery','competitor_noted','Good visit','in_progress','2025-12-03T14:10:00Z');
INSERT OR IGNORE INTO visits (id,tenant_id,agent_id,customer_id,visit_date,visit_type,check_in_time,check_out_time,latitude,longitude,purpose,outcome,notes,status,created_at) VALUES ('visit-00873','default-tenant-001','agent-user-001','cust-061','2025-11-11','customer','2025-11-11T07:43:00Z','2025-11-11T07:55:00Z',-32.9971,27.9280,'new_customer','issue_resolved','Shelf space increased','cancelled','2025-11-11T07:43:00Z');
INSERT OR IGNORE INTO visits (id,tenant_id,agent_id,customer_id,visit_date,visit_type,check_in_time,check_out_time,latitude,longitude,purpose,outcome,notes,status,created_at) VALUES ('visit-00874','default-tenant-001','agent-003','cust-095','2025-11-05','customer','2025-11-05T14:28:00Z','2025-11-05T15:11:00Z',-25.4949,31.0167,'delivery','follow_up_needed','Good visit','completed','2025-11-05T14:28:00Z');
INSERT OR IGNORE INTO visits (id,tenant_id,agent_id,customer_id,visit_date,visit_type,check_in_time,check_out_time,latitude,longitude,purpose,outcome,notes,status,created_at) VALUES ('visit-00875','default-tenant-001','agent-001','cust-036','2026-01-12','customer','2026-01-12T15:31:00Z','2026-01-12T16:42:00Z',-25.7637,28.2216,'merchandising','stock_checked','','completed','2026-01-12T15:31:00Z');
INSERT OR IGNORE INTO visits (id,tenant_id,agent_id,customer_id,visit_date,visit_type,check_in_time,check_out_time,latitude,longitude,purpose,outcome,notes,status,created_at) VALUES ('visit-00876','default-tenant-001','agent-001','cust-035','2025-10-14','customer','2025-10-14T07:36:00Z','2025-10-14T07:59:00Z',-33.0168,27.9222,'merchandising','stock_checked','Follow up needed','completed','2025-10-14T07:36:00Z');
INSERT OR IGNORE INTO visits (id,tenant_id,agent_id,customer_id,visit_date,visit_type,check_in_time,check_out_time,latitude,longitude,purpose,outcome,notes,status,created_at) VALUES ('visit-00877','default-tenant-001','agent-002','cust-062','2026-03-02','customer','2026-03-02T15:38:00Z','2026-03-02T16:28:00Z',-26.1792,27.9987,'collection','order_placed','Follow up needed','completed','2026-03-02T15:38:00Z');
INSERT OR IGNORE INTO visits (id,tenant_id,agent_id,customer_id,visit_date,visit_type,check_in_time,check_out_time,latitude,longitude,purpose,outcome,notes,status,created_at) VALUES ('visit-00878','default-tenant-001','agent-003','cust-031','2025-11-05','customer','2025-11-05T07:12:00Z','2025-11-05T07:25:00Z',-29.1165,26.2000,'audit','order_placed','Need more samples','cancelled','2025-11-05T07:12:00Z');
INSERT OR IGNORE INTO visits (id,tenant_id,agent_id,customer_id,visit_date,visit_type,check_in_time,check_out_time,latitude,longitude,purpose,outcome,notes,status,created_at) VALUES ('visit-00879','default-tenant-001','agent-003','cust-029','2026-02-13','customer','2026-02-13T15:06:00Z','2026-02-13T16:20:00Z',-25.7231,28.2695,'delivery','stock_checked','Competitor promo spotted','completed','2026-02-13T15:06:00Z');
INSERT OR IGNORE INTO visits (id,tenant_id,agent_id,customer_id,visit_date,visit_type,check_in_time,check_out_time,latitude,longitude,purpose,outcome,notes,status,created_at) VALUES ('visit-00880','default-tenant-001','agent-002','cust-073','2025-10-18','customer','2025-10-18T11:51:00Z','2025-10-18T12:16:00Z',-29.1033,26.1575,'sales','follow_up_needed','Follow up needed','completed','2025-10-18T11:51:00Z');
INSERT OR IGNORE INTO visits (id,tenant_id,agent_id,customer_id,visit_date,visit_type,check_in_time,check_out_time,latitude,longitude,purpose,outcome,notes,status,created_at) VALUES ('visit-00881','default-tenant-001','agent-005','cust-026','2026-02-16','customer','2026-02-16T08:52:00Z','2026-02-16T09:04:00Z',-26.1744,28.0047,'audit','no_order','Competitor promo spotted','completed','2026-02-16T08:52:00Z');
INSERT OR IGNORE INTO visits (id,tenant_id,agent_id,customer_id,visit_date,visit_type,check_in_time,check_out_time,latitude,longitude,purpose,outcome,notes,status,created_at) VALUES ('visit-00882','default-tenant-001','agent-004','cust-049','2025-11-18','customer','2025-11-18T10:31:00Z','2025-11-18T10:48:00Z',-25.7783,28.1913,'customer_service','stock_checked','Competitor promo spotted','completed','2025-11-18T10:31:00Z');
INSERT OR IGNORE INTO visits (id,tenant_id,agent_id,customer_id,visit_date,visit_type,check_in_time,check_out_time,latitude,longitude,purpose,outcome,notes,status,created_at) VALUES ('visit-00883','default-tenant-001','agent-001','cust-084','2025-12-12','customer','2025-12-12T11:49:00Z','2025-12-12T12:58:00Z',-26.1696,28.0876,'competitor_check','competitor_noted','Shelf space increased','in_progress','2025-12-12T11:49:00Z');
INSERT OR IGNORE INTO visits (id,tenant_id,agent_id,customer_id,visit_date,visit_type,check_in_time,check_out_time,latitude,longitude,purpose,outcome,notes,status,created_at) VALUES ('visit-00884','default-tenant-001','agent-004','cust-009','2026-02-28','customer','2026-02-28T15:23:00Z','2026-02-28T16:34:00Z',-33.9702,25.6461,'new_customer','follow_up_needed','Competitor promo spotted','cancelled','2026-02-28T15:23:00Z');
INSERT OR IGNORE INTO visits (id,tenant_id,agent_id,customer_id,visit_date,visit_type,check_in_time,check_out_time,latitude,longitude,purpose,outcome,notes,status,created_at) VALUES ('visit-00885','default-tenant-001','agent-003','cust-062','2026-02-17','customer','2026-02-17T07:14:00Z','2026-02-17T07:44:00Z',-25.7231,28.1986,'customer_service','issue_resolved','Customer happy','in_progress','2026-02-17T07:14:00Z');
INSERT OR IGNORE INTO visits (id,tenant_id,agent_id,customer_id,visit_date,visit_type,check_in_time,check_out_time,latitude,longitude,purpose,outcome,notes,status,created_at) VALUES ('visit-00886','default-tenant-001','agent-user-001','cust-087','2026-02-14','customer','2026-02-14T17:49:00Z','2026-02-14T18:48:00Z',-32.9842,27.8683,'customer_service','competitor_noted','Shelf space increased','in_progress','2026-02-14T17:49:00Z');
INSERT OR IGNORE INTO visits (id,tenant_id,agent_id,customer_id,visit_date,visit_type,check_in_time,check_out_time,latitude,longitude,purpose,outcome,notes,status,created_at) VALUES ('visit-00887','default-tenant-001','agent-002','cust-011','2025-12-31','customer','2025-12-31T09:54:00Z','2025-12-31T10:12:00Z',-25.7940,28.1870,'audit','follow_up_needed','Competitor promo spotted','completed','2025-12-31T09:54:00Z');
INSERT OR IGNORE INTO visits (id,tenant_id,agent_id,customer_id,visit_date,visit_type,check_in_time,check_out_time,latitude,longitude,purpose,outcome,notes,status,created_at) VALUES ('visit-00888','default-tenant-001','agent-004','cust-040','2025-12-26','customer','2025-12-26T09:45:00Z','2025-12-26T10:21:00Z',-33.9250,25.5647,'delivery','competitor_noted','Competitor promo spotted','pending','2025-12-26T09:45:00Z');
INSERT OR IGNORE INTO visits (id,tenant_id,agent_id,customer_id,visit_date,visit_type,check_in_time,check_out_time,latitude,longitude,purpose,outcome,notes,status,created_at) VALUES ('visit-00889','default-tenant-001','agent-004','cust-097','2025-12-27','customer','2025-12-27T10:07:00Z','2025-12-27T11:13:00Z',-25.7766,28.2103,'merchandising','no_order','Shelf space increased','cancelled','2025-12-27T10:07:00Z');
INSERT OR IGNORE INTO visits (id,tenant_id,agent_id,customer_id,visit_date,visit_type,check_in_time,check_out_time,latitude,longitude,purpose,outcome,notes,status,created_at) VALUES ('visit-00890','default-tenant-001','agent-002','cust-048','2025-12-06','customer','2025-12-06T17:11:00Z','2025-12-06T17:53:00Z',-29.8969,31.0398,'delivery','stock_checked','New display set up','completed','2025-12-06T17:11:00Z');
INSERT OR IGNORE INTO visits (id,tenant_id,agent_id,customer_id,visit_date,visit_type,check_in_time,check_out_time,latitude,longitude,purpose,outcome,notes,status,created_at) VALUES ('visit-00891','default-tenant-001','agent-user-001','cust-072','2025-12-29','customer','2025-12-29T09:17:00Z','2025-12-29T10:47:00Z',-25.7567,28.2705,'audit','stock_checked','Stock low','completed','2025-12-29T09:17:00Z');
INSERT OR IGNORE INTO visits (id,tenant_id,agent_id,customer_id,visit_date,visit_type,check_in_time,check_out_time,latitude,longitude,purpose,outcome,notes,status,created_at) VALUES ('visit-00892','default-tenant-001','agent-002','cust-086','2025-10-24','customer','2025-10-24T15:32:00Z','2025-10-24T16:56:00Z',-25.4271,30.9610,'new_customer','issue_resolved','New display set up','pending','2025-10-24T15:32:00Z');
INSERT OR IGNORE INTO visits (id,tenant_id,agent_id,customer_id,visit_date,visit_type,check_in_time,check_out_time,latitude,longitude,purpose,outcome,notes,status,created_at) VALUES ('visit-00893','default-tenant-001','agent-user-001','cust-093','2026-03-08','customer','2026-03-08T16:36:00Z','2026-03-08T17:54:00Z',-33.0287,27.8678,'new_customer','issue_resolved','Shelf space increased','completed','2026-03-08T16:36:00Z');
INSERT OR IGNORE INTO visits (id,tenant_id,agent_id,customer_id,visit_date,visit_type,check_in_time,check_out_time,latitude,longitude,purpose,outcome,notes,status,created_at) VALUES ('visit-00894','default-tenant-001','agent-user-001','cust-051','2025-12-22','customer','2025-12-22T15:42:00Z','2025-12-22T16:56:00Z',-23.8908,29.4720,'customer_service','competitor_noted','New display set up','completed','2025-12-22T15:42:00Z');
INSERT OR IGNORE INTO visits (id,tenant_id,agent_id,customer_id,visit_date,visit_type,check_in_time,check_out_time,latitude,longitude,purpose,outcome,notes,status,created_at) VALUES ('visit-00895','default-tenant-001','agent-004','cust-013','2025-12-31','customer','2025-12-31T08:35:00Z','2025-12-31T08:48:00Z',-25.7229,28.1914,'audit','order_placed','Stock low','in_progress','2025-12-31T08:35:00Z');
INSERT OR IGNORE INTO visits (id,tenant_id,agent_id,customer_id,visit_date,visit_type,check_in_time,check_out_time,latitude,longitude,purpose,outcome,notes,status,created_at) VALUES ('visit-00896','default-tenant-001','agent-005','cust-020','2025-10-24','customer','2025-10-24T07:38:00Z','2025-10-24T08:21:00Z',-33.9151,25.6494,'sales','follow_up_needed','Customer happy','completed','2025-10-24T07:38:00Z');
INSERT OR IGNORE INTO visits (id,tenant_id,agent_id,customer_id,visit_date,visit_type,check_in_time,check_out_time,latitude,longitude,purpose,outcome,notes,status,created_at) VALUES ('visit-00897','default-tenant-001','agent-user-001','cust-030','2025-11-25','customer','2025-11-25T16:52:00Z','2025-11-25T17:43:00Z',-25.4711,30.9505,'sales','competitor_noted','','completed','2025-11-25T16:52:00Z');
INSERT OR IGNORE INTO visits (id,tenant_id,agent_id,customer_id,visit_date,visit_type,check_in_time,check_out_time,latitude,longitude,purpose,outcome,notes,status,created_at) VALUES ('visit-00898','default-tenant-001','agent-user-001','cust-026','2026-01-24','customer','2026-01-24T08:14:00Z','2026-01-24T09:17:00Z',-33.9543,25.6249,'new_customer','no_order','Good visit','cancelled','2026-01-24T08:14:00Z');
INSERT OR IGNORE INTO visits (id,tenant_id,agent_id,customer_id,visit_date,visit_type,check_in_time,check_out_time,latitude,longitude,purpose,outcome,notes,status,created_at) VALUES ('visit-00899','default-tenant-001','agent-005','cust-056','2025-10-04','customer','2025-10-04T10:03:00Z','2025-10-04T10:51:00Z',-33.0250,27.8821,'new_customer','stock_checked','Placed large order','cancelled','2025-10-04T10:03:00Z');
INSERT OR IGNORE INTO visits (id,tenant_id,agent_id,customer_id,visit_date,visit_type,check_in_time,check_out_time,latitude,longitude,purpose,outcome,notes,status,created_at) VALUES ('visit-00900','default-tenant-001','agent-005','cust-070','2025-10-06','customer','2025-10-06T11:00:00Z','2025-10-06T11:56:00Z',-23.9119,29.4434,'competitor_check','follow_up_needed','New display set up','in_progress','2025-10-06T11:00:00Z');
INSERT OR IGNORE INTO visits (id,tenant_id,agent_id,customer_id,visit_date,visit_type,check_in_time,check_out_time,latitude,longitude,purpose,outcome,notes,status,created_at) VALUES ('visit-00901','default-tenant-001','agent-user-001','cust-043','2025-11-17','customer','2025-11-17T12:12:00Z','2025-11-17T13:27:00Z',-28.7235,24.7407,'merchandising','competitor_noted','Placed large order','completed','2025-11-17T12:12:00Z');
INSERT OR IGNORE INTO visits (id,tenant_id,agent_id,customer_id,visit_date,visit_type,check_in_time,check_out_time,latitude,longitude,purpose,outcome,notes,status,created_at) VALUES ('visit-00902','default-tenant-001','agent-005','cust-027','2025-10-26','customer','2025-10-26T09:34:00Z','2025-10-26T10:24:00Z',-33.9000,18.3746,'collection','order_placed','Need more samples','pending','2025-10-26T09:34:00Z');
INSERT OR IGNORE INTO visits (id,tenant_id,agent_id,customer_id,visit_date,visit_type,check_in_time,check_out_time,latitude,longitude,purpose,outcome,notes,status,created_at) VALUES ('visit-00903','default-tenant-001','agent-user-001','cust-016','2026-02-27','customer','2026-02-27T15:07:00Z','2026-02-27T15:59:00Z',-28.7144,24.7545,'collection','stock_checked','Stock low','in_progress','2026-02-27T15:07:00Z');
INSERT OR IGNORE INTO visits (id,tenant_id,agent_id,customer_id,visit_date,visit_type,check_in_time,check_out_time,latitude,longitude,purpose,outcome,notes,status,created_at) VALUES ('visit-00904','default-tenant-001','agent-001','cust-095','2026-02-21','customer','2026-02-21T10:55:00Z','2026-02-21T11:22:00Z',-23.9504,29.4456,'collection','issue_resolved','Shelf space increased','cancelled','2026-02-21T10:55:00Z');
INSERT OR IGNORE INTO visits (id,tenant_id,agent_id,customer_id,visit_date,visit_type,check_in_time,check_out_time,latitude,longitude,purpose,outcome,notes,status,created_at) VALUES ('visit-00905','default-tenant-001','agent-001','cust-013','2025-10-12','customer','2025-10-12T07:02:00Z','2025-10-12T07:43:00Z',-25.6983,28.2256,'merchandising','issue_resolved','Good visit','completed','2025-10-12T07:02:00Z');
INSERT OR IGNORE INTO visits (id,tenant_id,agent_id,customer_id,visit_date,visit_type,check_in_time,check_out_time,latitude,longitude,purpose,outcome,notes,status,created_at) VALUES ('visit-00906','default-tenant-001','agent-user-001','cust-038','2026-02-17','customer','2026-02-17T07:42:00Z','2026-02-17T08:17:00Z',-28.7616,24.7993,'sales','issue_resolved','Shelf space increased','cancelled','2026-02-17T07:42:00Z');
INSERT OR IGNORE INTO visits (id,tenant_id,agent_id,customer_id,visit_date,visit_type,check_in_time,check_out_time,latitude,longitude,purpose,outcome,notes,status,created_at) VALUES ('visit-00907','default-tenant-001','agent-001','cust-041','2026-01-24','customer','2026-01-24T16:42:00Z','2026-01-24T17:46:00Z',-33.9063,18.4573,'new_customer','competitor_noted','Need more samples','pending','2026-01-24T16:42:00Z');
INSERT OR IGNORE INTO visits (id,tenant_id,agent_id,customer_id,visit_date,visit_type,check_in_time,check_out_time,latitude,longitude,purpose,outcome,notes,status,created_at) VALUES ('visit-00908','default-tenant-001','agent-004','cust-098','2026-01-18','customer','2026-01-18T12:28:00Z','2026-01-18T13:33:00Z',-33.0074,27.8768,'new_customer','no_order','Follow up needed','in_progress','2026-01-18T12:28:00Z');
INSERT OR IGNORE INTO visits (id,tenant_id,agent_id,customer_id,visit_date,visit_type,check_in_time,check_out_time,latitude,longitude,purpose,outcome,notes,status,created_at) VALUES ('visit-00909','default-tenant-001','agent-003','cust-051','2025-10-09','customer','2025-10-09T17:44:00Z','2025-10-09T18:04:00Z',-25.4824,30.9482,'sales','issue_resolved','Good visit','completed','2025-10-09T17:44:00Z');
INSERT OR IGNORE INTO visits (id,tenant_id,agent_id,customer_id,visit_date,visit_type,check_in_time,check_out_time,latitude,longitude,purpose,outcome,notes,status,created_at) VALUES ('visit-00910','default-tenant-001','agent-user-001','cust-003','2025-12-12','customer','2025-12-12T15:41:00Z','2025-12-12T16:12:00Z',-25.7345,28.1942,'competitor_check','follow_up_needed','Follow up needed','pending','2025-12-12T15:41:00Z');
INSERT OR IGNORE INTO visits (id,tenant_id,agent_id,customer_id,visit_date,visit_type,check_in_time,check_out_time,latitude,longitude,purpose,outcome,notes,status,created_at) VALUES ('visit-00911','default-tenant-001','agent-003','cust-086','2025-12-14','customer','2025-12-14T11:24:00Z','2025-12-14T12:37:00Z',-29.8227,31.0125,'customer_service','follow_up_needed','New display set up','pending','2025-12-14T11:24:00Z');
INSERT OR IGNORE INTO visits (id,tenant_id,agent_id,customer_id,visit_date,visit_type,check_in_time,check_out_time,latitude,longitude,purpose,outcome,notes,status,created_at) VALUES ('visit-00912','default-tenant-001','agent-001','cust-059','2025-11-25','customer','2025-11-25T08:19:00Z','2025-11-25T08:48:00Z',-29.8725,31.0067,'collection','order_placed','','completed','2025-11-25T08:19:00Z');
INSERT OR IGNORE INTO visits (id,tenant_id,agent_id,customer_id,visit_date,visit_type,check_in_time,check_out_time,latitude,longitude,purpose,outcome,notes,status,created_at) VALUES ('visit-00913','default-tenant-001','agent-001','cust-029','2026-02-13','customer','2026-02-13T10:02:00Z','2026-02-13T10:59:00Z',-33.9459,18.4658,'audit','stock_checked','New display set up','completed','2026-02-13T10:02:00Z');
INSERT OR IGNORE INTO visits (id,tenant_id,agent_id,customer_id,visit_date,visit_type,check_in_time,check_out_time,latitude,longitude,purpose,outcome,notes,status,created_at) VALUES ('visit-00914','default-tenant-001','agent-001','cust-064','2026-01-16','customer','2026-01-16T13:10:00Z','2026-01-16T14:04:00Z',-23.9409,29.5052,'customer_service','follow_up_needed','Competitor promo spotted','in_progress','2026-01-16T13:10:00Z');
INSERT OR IGNORE INTO visits (id,tenant_id,agent_id,customer_id,visit_date,visit_type,check_in_time,check_out_time,latitude,longitude,purpose,outcome,notes,status,created_at) VALUES ('visit-00915','default-tenant-001','agent-001','cust-019','2025-10-17','customer','2025-10-17T08:24:00Z','2025-10-17T09:30:00Z',-33.0204,27.9161,'merchandising','stock_checked','New display set up','completed','2025-10-17T08:24:00Z');
INSERT OR IGNORE INTO visits (id,tenant_id,agent_id,customer_id,visit_date,visit_type,check_in_time,check_out_time,latitude,longitude,purpose,outcome,notes,status,created_at) VALUES ('visit-00916','default-tenant-001','agent-user-001','cust-050','2025-11-26','customer','2025-11-26T08:01:00Z','2025-11-26T08:20:00Z',-23.9020,29.4349,'merchandising','issue_resolved','Follow up needed','completed','2025-11-26T08:01:00Z');
INSERT OR IGNORE INTO visits (id,tenant_id,agent_id,customer_id,visit_date,visit_type,check_in_time,check_out_time,latitude,longitude,purpose,outcome,notes,status,created_at) VALUES ('visit-00917','default-tenant-001','agent-005','cust-065','2025-11-27','customer','2025-11-27T10:34:00Z','2025-11-27T11:45:00Z',-28.7421,24.7442,'competitor_check','competitor_noted','Placed large order','in_progress','2025-11-27T10:34:00Z');
INSERT OR IGNORE INTO visits (id,tenant_id,agent_id,customer_id,visit_date,visit_type,check_in_time,check_out_time,latitude,longitude,purpose,outcome,notes,status,created_at) VALUES ('visit-00918','default-tenant-001','agent-001','cust-094','2025-11-27','customer','2025-11-27T15:04:00Z','2025-11-27T16:05:00Z',-25.5104,30.9438,'delivery','no_order','','cancelled','2025-11-27T15:04:00Z');
INSERT OR IGNORE INTO visits (id,tenant_id,agent_id,customer_id,visit_date,visit_type,check_in_time,check_out_time,latitude,longitude,purpose,outcome,notes,status,created_at) VALUES ('visit-00919','default-tenant-001','agent-001','cust-100','2025-10-17','customer','2025-10-17T17:20:00Z','2025-10-17T18:32:00Z',-25.7073,28.2509,'customer_service','competitor_noted','Need more samples','completed','2025-10-17T17:20:00Z');
INSERT OR IGNORE INTO visits (id,tenant_id,agent_id,customer_id,visit_date,visit_type,check_in_time,check_out_time,latitude,longitude,purpose,outcome,notes,status,created_at) VALUES ('visit-00920','default-tenant-001','agent-003','cust-036','2025-10-22','customer','2025-10-22T16:18:00Z','2025-10-22T17:48:00Z',-33.9657,25.5997,'customer_service','no_order','Good visit','completed','2025-10-22T16:18:00Z');
INSERT OR IGNORE INTO visits (id,tenant_id,agent_id,customer_id,visit_date,visit_type,check_in_time,check_out_time,latitude,longitude,purpose,outcome,notes,status,created_at) VALUES ('visit-00921','default-tenant-001','agent-001','cust-004','2026-01-15','customer','2026-01-15T17:28:00Z','2026-01-15T18:46:00Z',-23.9422,29.5107,'new_customer','stock_checked','Placed large order','in_progress','2026-01-15T17:28:00Z');
INSERT OR IGNORE INTO visits (id,tenant_id,agent_id,customer_id,visit_date,visit_type,check_in_time,check_out_time,latitude,longitude,purpose,outcome,notes,status,created_at) VALUES ('visit-00922','default-tenant-001','agent-user-001','cust-084','2025-11-30','customer','2025-11-30T16:18:00Z','2025-11-30T16:56:00Z',-33.9297,18.4354,'delivery','stock_checked','Need more samples','cancelled','2025-11-30T16:18:00Z');
INSERT OR IGNORE INTO visits (id,tenant_id,agent_id,customer_id,visit_date,visit_type,check_in_time,check_out_time,latitude,longitude,purpose,outcome,notes,status,created_at) VALUES ('visit-00923','default-tenant-001','agent-005','cust-093','2025-12-23','customer','2025-12-23T16:05:00Z','2025-12-23T17:22:00Z',-29.0689,26.1628,'sales','competitor_noted','Placed large order','completed','2025-12-23T16:05:00Z');
INSERT OR IGNORE INTO visits (id,tenant_id,agent_id,customer_id,visit_date,visit_type,check_in_time,check_out_time,latitude,longitude,purpose,outcome,notes,status,created_at) VALUES ('visit-00924','default-tenant-001','agent-005','cust-064','2025-10-04','customer','2025-10-04T11:57:00Z','2025-10-04T13:24:00Z',-28.7570,24.7426,'delivery','issue_resolved','New display set up','completed','2025-10-04T11:57:00Z');
INSERT OR IGNORE INTO visits (id,tenant_id,agent_id,customer_id,visit_date,visit_type,check_in_time,check_out_time,latitude,longitude,purpose,outcome,notes,status,created_at) VALUES ('visit-00925','default-tenant-001','agent-user-001','cust-037','2025-11-21','customer','2025-11-21T07:27:00Z','2025-11-21T08:45:00Z',-29.8628,31.0385,'competitor_check','issue_resolved','Follow up needed','completed','2025-11-21T07:27:00Z');
INSERT OR IGNORE INTO visits (id,tenant_id,agent_id,customer_id,visit_date,visit_type,check_in_time,check_out_time,latitude,longitude,purpose,outcome,notes,status,created_at) VALUES ('visit-00926','default-tenant-001','agent-004','cust-063','2026-02-24','customer','2026-02-24T07:11:00Z','2026-02-24T07:57:00Z',-26.2222,28.0749,'collection','competitor_noted','New display set up','in_progress','2026-02-24T07:11:00Z');
INSERT OR IGNORE INTO visits (id,tenant_id,agent_id,customer_id,visit_date,visit_type,check_in_time,check_out_time,latitude,longitude,purpose,outcome,notes,status,created_at) VALUES ('visit-00927','default-tenant-001','agent-004','cust-010','2026-01-20','customer','2026-01-20T09:00:00Z','2026-01-20T09:17:00Z',-33.0210,27.9101,'competitor_check','order_placed','Placed large order','completed','2026-01-20T09:00:00Z');
INSERT OR IGNORE INTO visits (id,tenant_id,agent_id,customer_id,visit_date,visit_type,check_in_time,check_out_time,latitude,longitude,purpose,outcome,notes,status,created_at) VALUES ('visit-00928','default-tenant-001','agent-003','cust-029','2026-02-23','customer','2026-02-23T13:43:00Z','2026-02-23T13:55:00Z',-25.5158,30.9421,'competitor_check','competitor_noted','Competitor promo spotted','in_progress','2026-02-23T13:43:00Z');
INSERT OR IGNORE INTO visits (id,tenant_id,agent_id,customer_id,visit_date,visit_type,check_in_time,check_out_time,latitude,longitude,purpose,outcome,notes,status,created_at) VALUES ('visit-00929','default-tenant-001','agent-003','cust-061','2026-03-01','customer','2026-03-01T15:00:00Z','2026-03-01T15:28:00Z',-28.7570,24.7335,'audit','issue_resolved','Shelf space increased','completed','2026-03-01T15:00:00Z');
INSERT OR IGNORE INTO visits (id,tenant_id,agent_id,customer_id,visit_date,visit_type,check_in_time,check_out_time,latitude,longitude,purpose,outcome,notes,status,created_at) VALUES ('visit-00930','default-tenant-001','agent-005','cust-025','2025-10-31','customer','2025-10-31T15:15:00Z','2025-10-31T15:49:00Z',-29.8975,31.0214,'customer_service','no_order','Follow up needed','cancelled','2025-10-31T15:15:00Z');
INSERT OR IGNORE INTO visits (id,tenant_id,agent_id,customer_id,visit_date,visit_type,check_in_time,check_out_time,latitude,longitude,purpose,outcome,notes,status,created_at) VALUES ('visit-00931','default-tenant-001','agent-002','cust-053','2025-12-31','customer','2025-12-31T10:59:00Z','2025-12-31T12:14:00Z',-29.0962,26.2084,'new_customer','no_order','Placed large order','in_progress','2025-12-31T10:59:00Z');
INSERT OR IGNORE INTO visits (id,tenant_id,agent_id,customer_id,visit_date,visit_type,check_in_time,check_out_time,latitude,longitude,purpose,outcome,notes,status,created_at) VALUES ('visit-00932','default-tenant-001','agent-002','cust-022','2026-02-08','customer','2026-02-08T17:33:00Z','2026-02-08T18:31:00Z',-25.7560,28.2169,'merchandising','no_order','Placed large order','completed','2026-02-08T17:33:00Z');
INSERT OR IGNORE INTO visits (id,tenant_id,agent_id,customer_id,visit_date,visit_type,check_in_time,check_out_time,latitude,longitude,purpose,outcome,notes,status,created_at) VALUES ('visit-00933','default-tenant-001','agent-user-001','cust-019','2026-03-10','customer','2026-03-10T15:44:00Z','2026-03-10T16:43:00Z',-23.8675,29.4250,'customer_service','order_placed','Competitor promo spotted','completed','2026-03-10T15:44:00Z');
INSERT OR IGNORE INTO visits (id,tenant_id,agent_id,customer_id,visit_date,visit_type,check_in_time,check_out_time,latitude,longitude,purpose,outcome,notes,status,created_at) VALUES ('visit-00934','default-tenant-001','agent-004','cust-076','2025-11-15','customer','2025-11-15T16:00:00Z','2025-11-15T16:59:00Z',-25.4304,30.9942,'sales','issue_resolved','New display set up','completed','2025-11-15T16:00:00Z');
INSERT OR IGNORE INTO visits (id,tenant_id,agent_id,customer_id,visit_date,visit_type,check_in_time,check_out_time,latitude,longitude,purpose,outcome,notes,status,created_at) VALUES ('visit-00935','default-tenant-001','agent-002','cust-086','2025-12-20','customer','2025-12-20T14:41:00Z','2025-12-20T16:02:00Z',-26.1584,28.0009,'audit','competitor_noted','Good visit','completed','2025-12-20T14:41:00Z');
INSERT OR IGNORE INTO visits (id,tenant_id,agent_id,customer_id,visit_date,visit_type,check_in_time,check_out_time,latitude,longitude,purpose,outcome,notes,status,created_at) VALUES ('visit-00936','default-tenant-001','agent-002','cust-083','2025-12-20','customer','2025-12-20T09:26:00Z','2025-12-20T10:28:00Z',-25.7865,28.2176,'merchandising','stock_checked','Follow up needed','completed','2025-12-20T09:26:00Z');
INSERT OR IGNORE INTO visits (id,tenant_id,agent_id,customer_id,visit_date,visit_type,check_in_time,check_out_time,latitude,longitude,purpose,outcome,notes,status,created_at) VALUES ('visit-00937','default-tenant-001','agent-005','cust-071','2026-02-13','customer','2026-02-13T10:43:00Z','2026-02-13T11:40:00Z',-25.4299,30.9808,'new_customer','order_placed','Stock low','completed','2026-02-13T10:43:00Z');
INSERT OR IGNORE INTO visits (id,tenant_id,agent_id,customer_id,visit_date,visit_type,check_in_time,check_out_time,latitude,longitude,purpose,outcome,notes,status,created_at) VALUES ('visit-00938','default-tenant-001','agent-003','cust-068','2026-02-24','customer','2026-02-24T11:42:00Z','2026-02-24T12:40:00Z',-29.1143,26.1756,'competitor_check','competitor_noted','Stock low','completed','2026-02-24T11:42:00Z');
INSERT OR IGNORE INTO visits (id,tenant_id,agent_id,customer_id,visit_date,visit_type,check_in_time,check_out_time,latitude,longitude,purpose,outcome,notes,status,created_at) VALUES ('visit-00939','default-tenant-001','agent-002','cust-042','2025-12-23','customer','2025-12-23T08:46:00Z','2025-12-23T09:46:00Z',-33.0306,27.8738,'new_customer','order_placed','Good visit','completed','2025-12-23T08:46:00Z');
INSERT OR IGNORE INTO visits (id,tenant_id,agent_id,customer_id,visit_date,visit_type,check_in_time,check_out_time,latitude,longitude,purpose,outcome,notes,status,created_at) VALUES ('visit-00940','default-tenant-001','agent-003','cust-013','2025-12-08','customer','2025-12-08T07:48:00Z','2025-12-08T08:42:00Z',-33.9015,18.4680,'sales','issue_resolved','New display set up','completed','2025-12-08T07:48:00Z');
INSERT OR IGNORE INTO visits (id,tenant_id,agent_id,customer_id,visit_date,visit_type,check_in_time,check_out_time,latitude,longitude,purpose,outcome,notes,status,created_at) VALUES ('visit-00941','default-tenant-001','agent-001','cust-091','2025-10-24','customer','2025-10-24T14:40:00Z','2025-10-24T15:47:00Z',-33.9709,25.5906,'audit','order_placed','New display set up','cancelled','2025-10-24T14:40:00Z');
INSERT OR IGNORE INTO visits (id,tenant_id,agent_id,customer_id,visit_date,visit_type,check_in_time,check_out_time,latitude,longitude,purpose,outcome,notes,status,created_at) VALUES ('visit-00942','default-tenant-001','agent-004','cust-047','2026-01-06','customer','2026-01-06T13:08:00Z','2026-01-06T13:47:00Z',-26.1770,28.0114,'sales','stock_checked','Good visit','completed','2026-01-06T13:08:00Z');
INSERT OR IGNORE INTO visits (id,tenant_id,agent_id,customer_id,visit_date,visit_type,check_in_time,check_out_time,latitude,longitude,purpose,outcome,notes,status,created_at) VALUES ('visit-00943','default-tenant-001','agent-002','cust-078','2026-01-03','customer','2026-01-03T09:42:00Z','2026-01-03T10:38:00Z',-23.8680,29.4760,'competitor_check','follow_up_needed','','pending','2026-01-03T09:42:00Z');
INSERT OR IGNORE INTO visits (id,tenant_id,agent_id,customer_id,visit_date,visit_type,check_in_time,check_out_time,latitude,longitude,purpose,outcome,notes,status,created_at) VALUES ('visit-00944','default-tenant-001','agent-user-001','cust-041','2026-03-04','customer','2026-03-04T14:14:00Z','2026-03-04T15:32:00Z',-28.7618,24.7516,'delivery','order_placed','Shelf space increased','completed','2026-03-04T14:14:00Z');
INSERT OR IGNORE INTO visits (id,tenant_id,agent_id,customer_id,visit_date,visit_type,check_in_time,check_out_time,latitude,longitude,purpose,outcome,notes,status,created_at) VALUES ('visit-00945','default-tenant-001','agent-004','cust-068','2026-01-14','customer','2026-01-14T07:06:00Z','2026-01-14T07:40:00Z',-25.5030,30.9426,'competitor_check','order_placed','Follow up needed','completed','2026-01-14T07:06:00Z');
INSERT OR IGNORE INTO visits (id,tenant_id,agent_id,customer_id,visit_date,visit_type,check_in_time,check_out_time,latitude,longitude,purpose,outcome,notes,status,created_at) VALUES ('visit-00946','default-tenant-001','agent-004','cust-021','2026-01-04','customer','2026-01-04T11:16:00Z','2026-01-04T12:30:00Z',-29.8770,31.0313,'merchandising','issue_resolved','Follow up needed','cancelled','2026-01-04T11:16:00Z');
INSERT OR IGNORE INTO visits (id,tenant_id,agent_id,customer_id,visit_date,visit_type,check_in_time,check_out_time,latitude,longitude,purpose,outcome,notes,status,created_at) VALUES ('visit-00947','default-tenant-001','agent-004','cust-060','2025-12-04','customer','2025-12-04T11:51:00Z','2025-12-04T12:43:00Z',-29.0624,26.1681,'collection','no_order','Follow up needed','pending','2025-12-04T11:51:00Z');
INSERT OR IGNORE INTO visits (id,tenant_id,agent_id,customer_id,visit_date,visit_type,check_in_time,check_out_time,latitude,longitude,purpose,outcome,notes,status,created_at) VALUES ('visit-00948','default-tenant-001','agent-005','cust-049','2026-02-17','customer','2026-02-17T11:28:00Z','2026-02-17T12:10:00Z',-33.9313,25.6109,'new_customer','issue_resolved','','completed','2026-02-17T11:28:00Z');
INSERT OR IGNORE INTO visits (id,tenant_id,agent_id,customer_id,visit_date,visit_type,check_in_time,check_out_time,latitude,longitude,purpose,outcome,notes,status,created_at) VALUES ('visit-00949','default-tenant-001','agent-002','cust-044','2025-12-07','customer','2025-12-07T16:34:00Z','2025-12-07T16:48:00Z',-25.7286,28.2030,'new_customer','stock_checked','Placed large order','completed','2025-12-07T16:34:00Z');
INSERT OR IGNORE INTO visits (id,tenant_id,agent_id,customer_id,visit_date,visit_type,check_in_time,check_out_time,latitude,longitude,purpose,outcome,notes,status,created_at) VALUES ('visit-00950','default-tenant-001','agent-004','cust-053','2026-02-09','customer','2026-02-09T15:20:00Z','2026-02-09T16:43:00Z',-26.2276,28.0762,'collection','follow_up_needed','New display set up','completed','2026-02-09T15:20:00Z');
INSERT OR IGNORE INTO visits (id,tenant_id,agent_id,customer_id,visit_date,visit_type,check_in_time,check_out_time,latitude,longitude,purpose,outcome,notes,status,created_at) VALUES ('visit-00951','default-tenant-001','agent-001','cust-085','2025-12-28','customer','2025-12-28T11:57:00Z','2025-12-28T12:52:00Z',-29.0881,26.1606,'audit','follow_up_needed','Placed large order','completed','2025-12-28T11:57:00Z');
INSERT OR IGNORE INTO visits (id,tenant_id,agent_id,customer_id,visit_date,visit_type,check_in_time,check_out_time,latitude,longitude,purpose,outcome,notes,status,created_at) VALUES ('visit-00952','default-tenant-001','agent-004','cust-097','2026-01-12','customer','2026-01-12T17:01:00Z','2026-01-12T18:25:00Z',-33.0355,27.9218,'competitor_check','follow_up_needed','New display set up','pending','2026-01-12T17:01:00Z');
INSERT OR IGNORE INTO visits (id,tenant_id,agent_id,customer_id,visit_date,visit_type,check_in_time,check_out_time,latitude,longitude,purpose,outcome,notes,status,created_at) VALUES ('visit-00953','default-tenant-001','agent-004','cust-079','2026-02-04','customer','2026-02-04T12:57:00Z','2026-02-04T13:50:00Z',-33.9485,18.4010,'audit','order_placed','Placed large order','completed','2026-02-04T12:57:00Z');
INSERT OR IGNORE INTO visits (id,tenant_id,agent_id,customer_id,visit_date,visit_type,check_in_time,check_out_time,latitude,longitude,purpose,outcome,notes,status,created_at) VALUES ('visit-00954','default-tenant-001','agent-002','cust-014','2026-03-09','customer','2026-03-09T14:57:00Z','2026-03-09T15:42:00Z',-25.5250,30.9976,'competitor_check','no_order','New display set up','completed','2026-03-09T14:57:00Z');
INSERT OR IGNORE INTO visits (id,tenant_id,agent_id,customer_id,visit_date,visit_type,check_in_time,check_out_time,latitude,longitude,purpose,outcome,notes,status,created_at) VALUES ('visit-00955','default-tenant-001','agent-001','cust-095','2026-01-07','customer','2026-01-07T15:17:00Z','2026-01-07T15:29:00Z',-33.0091,27.9120,'merchandising','competitor_noted','Stock low','completed','2026-01-07T15:17:00Z');
INSERT OR IGNORE INTO visits (id,tenant_id,agent_id,customer_id,visit_date,visit_type,check_in_time,check_out_time,latitude,longitude,purpose,outcome,notes,status,created_at) VALUES ('visit-00956','default-tenant-001','agent-002','cust-020','2026-02-04','customer','2026-02-04T08:46:00Z','2026-02-04T10:02:00Z',-33.0022,27.9214,'sales','order_placed','Good visit','cancelled','2026-02-04T08:46:00Z');
INSERT OR IGNORE INTO visits (id,tenant_id,agent_id,customer_id,visit_date,visit_type,check_in_time,check_out_time,latitude,longitude,purpose,outcome,notes,status,created_at) VALUES ('visit-00957','default-tenant-001','agent-002','cust-096','2026-02-17','customer','2026-02-17T13:17:00Z','2026-02-17T13:29:00Z',-28.7131,24.7160,'audit','stock_checked','Customer happy','in_progress','2026-02-17T13:17:00Z');
INSERT OR IGNORE INTO visits (id,tenant_id,agent_id,customer_id,visit_date,visit_type,check_in_time,check_out_time,latitude,longitude,purpose,outcome,notes,status,created_at) VALUES ('visit-00958','default-tenant-001','agent-004','cust-017','2026-01-01','customer','2026-01-01T11:49:00Z','2026-01-01T12:09:00Z',-29.1057,26.1491,'merchandising','competitor_noted','New display set up','completed','2026-01-01T11:49:00Z');
INSERT OR IGNORE INTO visits (id,tenant_id,agent_id,customer_id,visit_date,visit_type,check_in_time,check_out_time,latitude,longitude,purpose,outcome,notes,status,created_at) VALUES ('visit-00959','default-tenant-001','agent-002','cust-051','2025-11-05','customer','2025-11-05T16:31:00Z','2025-11-05T17:25:00Z',-28.7669,24.7809,'merchandising','competitor_noted','Competitor promo spotted','completed','2025-11-05T16:31:00Z');
INSERT OR IGNORE INTO visits (id,tenant_id,agent_id,customer_id,visit_date,visit_type,check_in_time,check_out_time,latitude,longitude,purpose,outcome,notes,status,created_at) VALUES ('visit-00960','default-tenant-001','agent-003','cust-093','2026-03-01','customer','2026-03-01T11:14:00Z','2026-03-01T12:39:00Z',-26.2092,28.0092,'audit','no_order','Stock low','pending','2026-03-01T11:14:00Z');
INSERT OR IGNORE INTO visits (id,tenant_id,agent_id,customer_id,visit_date,visit_type,check_in_time,check_out_time,latitude,longitude,purpose,outcome,notes,status,created_at) VALUES ('visit-00961','default-tenant-001','agent-005','cust-093','2025-10-22','customer','2025-10-22T17:48:00Z','2025-10-22T18:59:00Z',-25.7682,28.2262,'competitor_check','competitor_noted','Competitor promo spotted','completed','2025-10-22T17:48:00Z');
INSERT OR IGNORE INTO visits (id,tenant_id,agent_id,customer_id,visit_date,visit_type,check_in_time,check_out_time,latitude,longitude,purpose,outcome,notes,status,created_at) VALUES ('visit-00962','default-tenant-001','agent-user-001','cust-099','2025-11-02','customer','2025-11-02T07:48:00Z','2025-11-02T08:52:00Z',-29.0957,26.1757,'audit','competitor_noted','Stock low','cancelled','2025-11-02T07:48:00Z');
INSERT OR IGNORE INTO visits (id,tenant_id,agent_id,customer_id,visit_date,visit_type,check_in_time,check_out_time,latitude,longitude,purpose,outcome,notes,status,created_at) VALUES ('visit-00963','default-tenant-001','agent-user-001','cust-073','2025-12-03','customer','2025-12-03T15:29:00Z','2025-12-03T15:39:00Z',-33.9600,25.6268,'sales','stock_checked','','pending','2025-12-03T15:29:00Z');
INSERT OR IGNORE INTO visits (id,tenant_id,agent_id,customer_id,visit_date,visit_type,check_in_time,check_out_time,latitude,longitude,purpose,outcome,notes,status,created_at) VALUES ('visit-00964','default-tenant-001','agent-003','cust-080','2025-10-25','customer','2025-10-25T12:11:00Z','2025-10-25T13:00:00Z',-25.7865,28.2418,'sales','stock_checked','Customer happy','completed','2025-10-25T12:11:00Z');
INSERT OR IGNORE INTO visits (id,tenant_id,agent_id,customer_id,visit_date,visit_type,check_in_time,check_out_time,latitude,longitude,purpose,outcome,notes,status,created_at) VALUES ('visit-00965','default-tenant-001','agent-005','cust-057','2025-11-19','customer','2025-11-19T07:31:00Z','2025-11-19T07:58:00Z',-33.9610,25.6512,'audit','order_placed','Customer happy','cancelled','2025-11-19T07:31:00Z');
INSERT OR IGNORE INTO visits (id,tenant_id,agent_id,customer_id,visit_date,visit_type,check_in_time,check_out_time,latitude,longitude,purpose,outcome,notes,status,created_at) VALUES ('visit-00966','default-tenant-001','agent-user-001','cust-011','2025-10-18','customer','2025-10-18T10:29:00Z','2025-10-18T11:14:00Z',-23.9221,29.4570,'delivery','follow_up_needed','New display set up','pending','2025-10-18T10:29:00Z');
INSERT OR IGNORE INTO visits (id,tenant_id,agent_id,customer_id,visit_date,visit_type,check_in_time,check_out_time,latitude,longitude,purpose,outcome,notes,status,created_at) VALUES ('visit-00967','default-tenant-001','agent-user-001','cust-027','2025-12-31','customer','2025-12-31T15:25:00Z','2025-12-31T16:51:00Z',-29.8166,30.9718,'merchandising','follow_up_needed','Placed large order','pending','2025-12-31T15:25:00Z');
INSERT OR IGNORE INTO visits (id,tenant_id,agent_id,customer_id,visit_date,visit_type,check_in_time,check_out_time,latitude,longitude,purpose,outcome,notes,status,created_at) VALUES ('visit-00968','default-tenant-001','agent-003','cust-039','2025-10-15','customer','2025-10-15T17:52:00Z','2025-10-15T19:17:00Z',-29.0963,26.1903,'merchandising','no_order','Shelf space increased','pending','2025-10-15T17:52:00Z');
INSERT OR IGNORE INTO visits (id,tenant_id,agent_id,customer_id,visit_date,visit_type,check_in_time,check_out_time,latitude,longitude,purpose,outcome,notes,status,created_at) VALUES ('visit-00969','default-tenant-001','agent-002','cust-071','2026-02-09','customer','2026-02-09T10:44:00Z','2026-02-09T11:48:00Z',-33.9155,25.6495,'new_customer','follow_up_needed','Competitor promo spotted','completed','2026-02-09T10:44:00Z');
INSERT OR IGNORE INTO visits (id,tenant_id,agent_id,customer_id,visit_date,visit_type,check_in_time,check_out_time,latitude,longitude,purpose,outcome,notes,status,created_at) VALUES ('visit-00970','default-tenant-001','agent-user-001','cust-066','2025-10-27','customer','2025-10-27T13:59:00Z','2025-10-27T15:24:00Z',-28.7580,24.7852,'merchandising','competitor_noted','Stock low','completed','2025-10-27T13:59:00Z');
INSERT OR IGNORE INTO visits (id,tenant_id,agent_id,customer_id,visit_date,visit_type,check_in_time,check_out_time,latitude,longitude,purpose,outcome,notes,status,created_at) VALUES ('visit-00971','default-tenant-001','agent-002','cust-068','2025-12-01','customer','2025-12-01T10:26:00Z','2025-12-01T11:42:00Z',-29.0599,26.1940,'audit','issue_resolved','Need more samples','pending','2025-12-01T10:26:00Z');
INSERT OR IGNORE INTO visits (id,tenant_id,agent_id,customer_id,visit_date,visit_type,check_in_time,check_out_time,latitude,longitude,purpose,outcome,notes,status,created_at) VALUES ('visit-00972','default-tenant-001','agent-004','cust-029','2025-10-03','customer','2025-10-03T11:21:00Z','2025-10-03T12:36:00Z',-29.8628,31.0479,'delivery','order_placed','Shelf space increased','in_progress','2025-10-03T11:21:00Z');
INSERT OR IGNORE INTO visits (id,tenant_id,agent_id,customer_id,visit_date,visit_type,check_in_time,check_out_time,latitude,longitude,purpose,outcome,notes,status,created_at) VALUES ('visit-00973','default-tenant-001','agent-001','cust-046','2025-11-22','customer','2025-11-22T07:59:00Z','2025-11-22T08:53:00Z',-33.9657,25.6398,'competitor_check','follow_up_needed','Follow up needed','in_progress','2025-11-22T07:59:00Z');
INSERT OR IGNORE INTO visits (id,tenant_id,agent_id,customer_id,visit_date,visit_type,check_in_time,check_out_time,latitude,longitude,purpose,outcome,notes,status,created_at) VALUES ('visit-00974','default-tenant-001','agent-002','cust-100','2025-11-12','customer','2025-11-12T07:16:00Z','2025-11-12T07:40:00Z',-33.9392,25.5932,'merchandising','no_order','Stock low','completed','2025-11-12T07:16:00Z');
INSERT OR IGNORE INTO visits (id,tenant_id,agent_id,customer_id,visit_date,visit_type,check_in_time,check_out_time,latitude,longitude,purpose,outcome,notes,status,created_at) VALUES ('visit-00975','default-tenant-001','agent-user-001','cust-058','2025-12-26','customer','2025-12-26T14:16:00Z','2025-12-26T15:21:00Z',-29.8901,30.9777,'merchandising','no_order','Competitor promo spotted','in_progress','2025-12-26T14:16:00Z');
INSERT OR IGNORE INTO visits (id,tenant_id,agent_id,customer_id,visit_date,visit_type,check_in_time,check_out_time,latitude,longitude,purpose,outcome,notes,status,created_at) VALUES ('visit-00976','default-tenant-001','agent-user-001','cust-055','2025-10-03','customer','2025-10-03T12:12:00Z','2025-10-03T13:36:00Z',-33.8957,18.4296,'sales','order_placed','Stock low','pending','2025-10-03T12:12:00Z');
INSERT OR IGNORE INTO visits (id,tenant_id,agent_id,customer_id,visit_date,visit_type,check_in_time,check_out_time,latitude,longitude,purpose,outcome,notes,status,created_at) VALUES ('visit-00977','default-tenant-001','agent-user-001','cust-031','2025-10-06','customer','2025-10-06T15:37:00Z','2025-10-06T17:07:00Z',-25.7902,28.2697,'new_customer','follow_up_needed','Need more samples','completed','2025-10-06T15:37:00Z');
INSERT OR IGNORE INTO visits (id,tenant_id,agent_id,customer_id,visit_date,visit_type,check_in_time,check_out_time,latitude,longitude,purpose,outcome,notes,status,created_at) VALUES ('visit-00978','default-tenant-001','agent-004','cust-016','2025-12-09','customer','2025-12-09T10:43:00Z','2025-12-09T11:12:00Z',-33.9756,25.6215,'competitor_check','follow_up_needed','Stock low','completed','2025-12-09T10:43:00Z');
INSERT OR IGNORE INTO visits (id,tenant_id,agent_id,customer_id,visit_date,visit_type,check_in_time,check_out_time,latitude,longitude,purpose,outcome,notes,status,created_at) VALUES ('visit-00979','default-tenant-001','agent-user-001','cust-055','2026-02-08','customer','2026-02-08T11:50:00Z','2026-02-08T13:19:00Z',-29.8798,30.9931,'new_customer','no_order','Need more samples','pending','2026-02-08T11:50:00Z');
INSERT OR IGNORE INTO visits (id,tenant_id,agent_id,customer_id,visit_date,visit_type,check_in_time,check_out_time,latitude,longitude,purpose,outcome,notes,status,created_at) VALUES ('visit-00980','default-tenant-001','agent-004','cust-080','2026-03-01','customer','2026-03-01T17:39:00Z','2026-03-01T18:52:00Z',-33.9429,18.4395,'audit','issue_resolved','Need more samples','cancelled','2026-03-01T17:39:00Z');
INSERT OR IGNORE INTO visits (id,tenant_id,agent_id,customer_id,visit_date,visit_type,check_in_time,check_out_time,latitude,longitude,purpose,outcome,notes,status,created_at) VALUES ('visit-00981','default-tenant-001','agent-005','cust-075','2025-10-31','customer','2025-10-31T11:25:00Z','2025-10-31T11:37:00Z',-23.9170,29.4730,'merchandising','follow_up_needed','New display set up','pending','2025-10-31T11:25:00Z');
INSERT OR IGNORE INTO visits (id,tenant_id,agent_id,customer_id,visit_date,visit_type,check_in_time,check_out_time,latitude,longitude,purpose,outcome,notes,status,created_at) VALUES ('visit-00982','default-tenant-001','agent-user-001','cust-024','2025-11-12','customer','2025-11-12T07:29:00Z','2025-11-12T08:48:00Z',-29.8707,30.9741,'new_customer','stock_checked','Need more samples','completed','2025-11-12T07:29:00Z');
INSERT OR IGNORE INTO visits (id,tenant_id,agent_id,customer_id,visit_date,visit_type,check_in_time,check_out_time,latitude,longitude,purpose,outcome,notes,status,created_at) VALUES ('visit-00983','default-tenant-001','agent-002','cust-086','2026-01-06','customer','2026-01-06T10:18:00Z','2026-01-06T10:31:00Z',-29.0533,26.1736,'customer_service','order_placed','','completed','2026-01-06T10:18:00Z');
INSERT OR IGNORE INTO visits (id,tenant_id,agent_id,customer_id,visit_date,visit_type,check_in_time,check_out_time,latitude,longitude,purpose,outcome,notes,status,created_at) VALUES ('visit-00984','default-tenant-001','agent-004','cust-070','2025-10-27','customer','2025-10-27T17:40:00Z','2025-10-27T18:04:00Z',-33.9204,25.6029,'new_customer','issue_resolved','New display set up','in_progress','2025-10-27T17:40:00Z');
INSERT OR IGNORE INTO visits (id,tenant_id,agent_id,customer_id,visit_date,visit_type,check_in_time,check_out_time,latitude,longitude,purpose,outcome,notes,status,created_at) VALUES ('visit-00985','default-tenant-001','agent-004','cust-039','2025-12-15','customer','2025-12-15T07:13:00Z','2025-12-15T07:38:00Z',-25.4859,30.9886,'delivery','competitor_noted','Competitor promo spotted','cancelled','2025-12-15T07:13:00Z');
INSERT OR IGNORE INTO visits (id,tenant_id,agent_id,customer_id,visit_date,visit_type,check_in_time,check_out_time,latitude,longitude,purpose,outcome,notes,status,created_at) VALUES ('visit-00986','default-tenant-001','agent-002','cust-042','2026-02-03','customer','2026-02-03T13:36:00Z','2026-02-03T13:46:00Z',-25.4803,30.9264,'delivery','order_placed','','completed','2026-02-03T13:36:00Z');
INSERT OR IGNORE INTO visits (id,tenant_id,agent_id,customer_id,visit_date,visit_type,check_in_time,check_out_time,latitude,longitude,purpose,outcome,notes,status,created_at) VALUES ('visit-00987','default-tenant-001','agent-001','cust-096','2026-02-08','customer','2026-02-08T11:32:00Z','2026-02-08T12:50:00Z',-29.8384,31.0498,'collection','order_placed','Shelf space increased','completed','2026-02-08T11:32:00Z');
INSERT OR IGNORE INTO visits (id,tenant_id,agent_id,customer_id,visit_date,visit_type,check_in_time,check_out_time,latitude,longitude,purpose,outcome,notes,status,created_at) VALUES ('visit-00988','default-tenant-001','agent-user-001','cust-036','2025-11-17','customer','2025-11-17T13:18:00Z','2025-11-17T13:53:00Z',-25.7557,28.2374,'collection','follow_up_needed','Placed large order','pending','2025-11-17T13:18:00Z');
INSERT OR IGNORE INTO visits (id,tenant_id,agent_id,customer_id,visit_date,visit_type,check_in_time,check_out_time,latitude,longitude,purpose,outcome,notes,status,created_at) VALUES ('visit-00989','default-tenant-001','agent-user-001','cust-015','2026-03-06','customer','2026-03-06T14:12:00Z','2026-03-06T14:34:00Z',-33.9473,18.4133,'new_customer','no_order','Need more samples','completed','2026-03-06T14:12:00Z');
INSERT OR IGNORE INTO visits (id,tenant_id,agent_id,customer_id,visit_date,visit_type,check_in_time,check_out_time,latitude,longitude,purpose,outcome,notes,status,created_at) VALUES ('visit-00990','default-tenant-001','agent-004','cust-059','2025-10-12','customer','2025-10-12T15:38:00Z','2025-10-12T16:39:00Z',-32.9813,27.8925,'audit','no_order','Customer happy','cancelled','2025-10-12T15:38:00Z');
INSERT OR IGNORE INTO visits (id,tenant_id,agent_id,customer_id,visit_date,visit_type,check_in_time,check_out_time,latitude,longitude,purpose,outcome,notes,status,created_at) VALUES ('visit-00991','default-tenant-001','agent-002','cust-006','2025-11-10','customer','2025-11-10T16:14:00Z','2025-11-10T17:33:00Z',-28.7501,24.7381,'customer_service','competitor_noted','Placed large order','in_progress','2025-11-10T16:14:00Z');
INSERT OR IGNORE INTO visits (id,tenant_id,agent_id,customer_id,visit_date,visit_type,check_in_time,check_out_time,latitude,longitude,purpose,outcome,notes,status,created_at) VALUES ('visit-00992','default-tenant-001','agent-002','cust-045','2025-10-16','customer','2025-10-16T10:57:00Z','2025-10-16T11:50:00Z',-26.2139,28.0266,'sales','follow_up_needed','Customer happy','cancelled','2025-10-16T10:57:00Z');
INSERT OR IGNORE INTO visits (id,tenant_id,agent_id,customer_id,visit_date,visit_type,check_in_time,check_out_time,latitude,longitude,purpose,outcome,notes,status,created_at) VALUES ('visit-00993','default-tenant-001','agent-003','cust-072','2026-01-26','customer','2026-01-26T14:57:00Z','2026-01-26T16:03:00Z',-25.4496,30.9249,'new_customer','follow_up_needed','Customer happy','completed','2026-01-26T14:57:00Z');
INSERT OR IGNORE INTO visits (id,tenant_id,agent_id,customer_id,visit_date,visit_type,check_in_time,check_out_time,latitude,longitude,purpose,outcome,notes,status,created_at) VALUES ('visit-00994','default-tenant-001','agent-003','cust-041','2026-02-26','customer','2026-02-26T15:49:00Z','2026-02-26T16:07:00Z',-29.0941,26.1301,'new_customer','follow_up_needed','Customer happy','pending','2026-02-26T15:49:00Z');
INSERT OR IGNORE INTO visits (id,tenant_id,agent_id,customer_id,visit_date,visit_type,check_in_time,check_out_time,latitude,longitude,purpose,outcome,notes,status,created_at) VALUES ('visit-00995','default-tenant-001','agent-user-001','cust-006','2025-10-07','customer','2025-10-07T15:00:00Z','2025-10-07T16:13:00Z',-23.9045,29.4318,'audit','issue_resolved','Follow up needed','pending','2025-10-07T15:00:00Z');
INSERT OR IGNORE INTO visits (id,tenant_id,agent_id,customer_id,visit_date,visit_type,check_in_time,check_out_time,latitude,longitude,purpose,outcome,notes,status,created_at) VALUES ('visit-00996','default-tenant-001','agent-003','cust-016','2026-02-22','customer','2026-02-22T09:38:00Z','2026-02-22T10:03:00Z',-29.1348,26.1656,'new_customer','competitor_noted','New display set up','completed','2026-02-22T09:38:00Z');
INSERT OR IGNORE INTO visits (id,tenant_id,agent_id,customer_id,visit_date,visit_type,check_in_time,check_out_time,latitude,longitude,purpose,outcome,notes,status,created_at) VALUES ('visit-00997','default-tenant-001','agent-user-001','cust-006','2026-01-18','customer','2026-01-18T13:02:00Z','2026-01-18T13:49:00Z',-29.0460,26.1698,'new_customer','competitor_noted','Good visit','completed','2026-01-18T13:02:00Z');
INSERT OR IGNORE INTO visits (id,tenant_id,agent_id,customer_id,visit_date,visit_type,check_in_time,check_out_time,latitude,longitude,purpose,outcome,notes,status,created_at) VALUES ('visit-00998','default-tenant-001','agent-004','cust-023','2025-10-12','customer','2025-10-12T14:03:00Z','2025-10-12T14:20:00Z',-33.9408,18.4083,'merchandising','issue_resolved','Placed large order','completed','2025-10-12T14:03:00Z');
INSERT OR IGNORE INTO visits (id,tenant_id,agent_id,customer_id,visit_date,visit_type,check_in_time,check_out_time,latitude,longitude,purpose,outcome,notes,status,created_at) VALUES ('visit-00999','default-tenant-001','agent-004','cust-048','2026-03-05','customer','2026-03-05T07:56:00Z','2026-03-05T08:50:00Z',-25.7921,28.1925,'sales','stock_checked','Follow up needed','cancelled','2026-03-05T07:56:00Z');
INSERT OR IGNORE INTO visits (id,tenant_id,agent_id,customer_id,visit_date,visit_type,check_in_time,check_out_time,latitude,longitude,purpose,outcome,notes,status,created_at) VALUES ('visit-01000','default-tenant-001','agent-002','cust-022','2026-01-04','customer','2026-01-04T09:59:00Z','2026-01-04T10:38:00Z',-28.7444,24.7242,'delivery','stock_checked','New display set up','pending','2026-01-04T09:59:00Z');
INSERT OR IGNORE INTO visits (id,tenant_id,agent_id,customer_id,visit_date,visit_type,check_in_time,check_out_time,latitude,longitude,purpose,outcome,notes,status,created_at) VALUES ('visit-01001','default-tenant-001','agent-002','cust-088','2026-01-14','customer','2026-01-14T16:00:00Z','2026-01-14T16:36:00Z',-28.6791,24.7973,'new_customer','issue_resolved','Placed large order','pending','2026-01-14T16:00:00Z');
INSERT OR IGNORE INTO visits (id,tenant_id,agent_id,customer_id,visit_date,visit_type,check_in_time,check_out_time,latitude,longitude,purpose,outcome,notes,status,created_at) VALUES ('visit-01002','default-tenant-001','agent-002','cust-077','2026-01-16','customer','2026-01-16T13:57:00Z','2026-01-16T14:45:00Z',-29.1280,26.1725,'sales','stock_checked','Stock low','in_progress','2026-01-16T13:57:00Z');
INSERT OR IGNORE INTO visits (id,tenant_id,agent_id,customer_id,visit_date,visit_type,check_in_time,check_out_time,latitude,longitude,purpose,outcome,notes,status,created_at) VALUES ('visit-01003','default-tenant-001','agent-005','cust-030','2025-12-31','customer','2025-12-31T08:12:00Z','2025-12-31T09:00:00Z',-33.0084,27.9107,'audit','order_placed','Follow up needed','in_progress','2025-12-31T08:12:00Z');
INSERT OR IGNORE INTO visits (id,tenant_id,agent_id,customer_id,visit_date,visit_type,check_in_time,check_out_time,latitude,longitude,purpose,outcome,notes,status,created_at) VALUES ('visit-01004','default-tenant-001','agent-005','cust-082','2026-03-09','customer','2026-03-09T16:28:00Z','2026-03-09T17:47:00Z',-23.8645,29.4962,'merchandising','order_placed','Follow up needed','in_progress','2026-03-09T16:28:00Z');
INSERT OR IGNORE INTO visits (id,tenant_id,agent_id,customer_id,visit_date,visit_type,check_in_time,check_out_time,latitude,longitude,purpose,outcome,notes,status,created_at) VALUES ('visit-01005','default-tenant-001','agent-user-001','cust-011','2026-01-06','customer','2026-01-06T12:12:00Z','2026-01-06T12:41:00Z',-29.0817,26.1206,'new_customer','order_placed','Stock low','completed','2026-01-06T12:12:00Z');
INSERT OR IGNORE INTO visits (id,tenant_id,agent_id,customer_id,visit_date,visit_type,check_in_time,check_out_time,latitude,longitude,purpose,outcome,notes,status,created_at) VALUES ('visit-01006','default-tenant-001','agent-005','cust-032','2025-11-13','customer','2025-11-13T09:32:00Z','2025-11-13T09:47:00Z',-28.6803,24.7743,'collection','order_placed','Customer happy','completed','2025-11-13T09:32:00Z');
INSERT OR IGNORE INTO visits (id,tenant_id,agent_id,customer_id,visit_date,visit_type,check_in_time,check_out_time,latitude,longitude,purpose,outcome,notes,status,created_at) VALUES ('visit-01007','default-tenant-001','agent-user-001','cust-099','2025-11-22','customer','2025-11-22T12:04:00Z','2025-11-22T12:21:00Z',-23.8653,29.4606,'new_customer','stock_checked','Stock low','completed','2025-11-22T12:04:00Z');
INSERT OR IGNORE INTO visits (id,tenant_id,agent_id,customer_id,visit_date,visit_type,check_in_time,check_out_time,latitude,longitude,purpose,outcome,notes,status,created_at) VALUES ('visit-01008','default-tenant-001','agent-005','cust-017','2025-10-13','customer','2025-10-13T07:24:00Z','2025-10-13T08:35:00Z',-28.7006,24.7368,'new_customer','order_placed','Need more samples','in_progress','2025-10-13T07:24:00Z');
INSERT OR IGNORE INTO visits (id,tenant_id,agent_id,customer_id,visit_date,visit_type,check_in_time,check_out_time,latitude,longitude,purpose,outcome,notes,status,created_at) VALUES ('visit-01009','default-tenant-001','agent-002','cust-026','2026-02-14','customer','2026-02-14T07:03:00Z','2026-02-14T07:15:00Z',-32.9681,27.8698,'collection','no_order','Competitor promo spotted','in_progress','2026-02-14T07:03:00Z');
INSERT OR IGNORE INTO visits (id,tenant_id,agent_id,customer_id,visit_date,visit_type,check_in_time,check_out_time,latitude,longitude,purpose,outcome,notes,status,created_at) VALUES ('visit-01010','default-tenant-001','agent-001','cust-058','2025-10-13','customer','2025-10-13T16:13:00Z','2025-10-13T16:28:00Z',-25.7371,28.2217,'customer_service','follow_up_needed','Customer happy','completed','2025-10-13T16:13:00Z');
INSERT OR IGNORE INTO visits (id,tenant_id,agent_id,customer_id,visit_date,visit_type,check_in_time,check_out_time,latitude,longitude,purpose,outcome,notes,status,created_at) VALUES ('visit-01011','default-tenant-001','agent-002','cust-026','2025-11-13','customer','2025-11-13T10:38:00Z','2025-11-13T11:43:00Z',-25.7345,28.2782,'competitor_check','issue_resolved','Shelf space increased','completed','2025-11-13T10:38:00Z');
INSERT OR IGNORE INTO visits (id,tenant_id,agent_id,customer_id,visit_date,visit_type,check_in_time,check_out_time,latitude,longitude,purpose,outcome,notes,status,created_at) VALUES ('visit-01012','default-tenant-001','agent-002','cust-053','2025-11-18','customer','2025-11-18T17:43:00Z','2025-11-18T19:09:00Z',-33.8782,18.4010,'merchandising','follow_up_needed','Stock low','completed','2025-11-18T17:43:00Z');
INSERT OR IGNORE INTO visits (id,tenant_id,agent_id,customer_id,visit_date,visit_type,check_in_time,check_out_time,latitude,longitude,purpose,outcome,notes,status,created_at) VALUES ('visit-01013','default-tenant-001','agent-005','cust-047','2026-01-20','customer','2026-01-20T09:22:00Z','2026-01-20T09:46:00Z',-28.7078,24.7863,'sales','no_order','Customer happy','in_progress','2026-01-20T09:22:00Z');
INSERT OR IGNORE INTO visits (id,tenant_id,agent_id,customer_id,visit_date,visit_type,check_in_time,check_out_time,latitude,longitude,purpose,outcome,notes,status,created_at) VALUES ('visit-01014','default-tenant-001','agent-003','cust-047','2025-10-12','customer','2025-10-12T17:56:00Z','2025-10-12T19:12:00Z',-26.1827,28.0276,'customer_service','stock_checked','Good visit','cancelled','2025-10-12T17:56:00Z');
INSERT OR IGNORE INTO visits (id,tenant_id,agent_id,customer_id,visit_date,visit_type,check_in_time,check_out_time,latitude,longitude,purpose,outcome,notes,status,created_at) VALUES ('visit-01015','default-tenant-001','agent-004','cust-043','2025-10-19','customer','2025-10-19T10:15:00Z','2025-10-19T11:19:00Z',-28.7038,24.7397,'sales','no_order','Competitor promo spotted','in_progress','2025-10-19T10:15:00Z');
INSERT OR IGNORE INTO visits (id,tenant_id,agent_id,customer_id,visit_date,visit_type,check_in_time,check_out_time,latitude,longitude,purpose,outcome,notes,status,created_at) VALUES ('visit-01016','default-tenant-001','agent-005','cust-064','2025-10-24','customer','2025-10-24T11:18:00Z','2025-10-24T12:15:00Z',-26.1661,28.0275,'audit','follow_up_needed','','pending','2025-10-24T11:18:00Z');
INSERT OR IGNORE INTO visits (id,tenant_id,agent_id,customer_id,visit_date,visit_type,check_in_time,check_out_time,latitude,longitude,purpose,outcome,notes,status,created_at) VALUES ('visit-01017','default-tenant-001','agent-004','cust-063','2026-01-13','customer','2026-01-13T15:22:00Z','2026-01-13T15:36:00Z',-28.7542,24.7493,'competitor_check','follow_up_needed','Customer happy','completed','2026-01-13T15:22:00Z');
INSERT OR IGNORE INTO visits (id,tenant_id,agent_id,customer_id,visit_date,visit_type,check_in_time,check_out_time,latitude,longitude,purpose,outcome,notes,status,created_at) VALUES ('visit-01018','default-tenant-001','agent-002','cust-090','2025-11-21','customer','2025-11-21T08:36:00Z','2025-11-21T09:18:00Z',-26.2499,28.0818,'customer_service','issue_resolved','','completed','2025-11-21T08:36:00Z');
INSERT OR IGNORE INTO visits (id,tenant_id,agent_id,customer_id,visit_date,visit_type,check_in_time,check_out_time,latitude,longitude,purpose,outcome,notes,status,created_at) VALUES ('visit-01019','default-tenant-001','agent-005','cust-005','2026-01-25','customer','2026-01-25T16:41:00Z','2026-01-25T18:10:00Z',-29.8287,31.0396,'new_customer','order_placed','Shelf space increased','completed','2026-01-25T16:41:00Z');
INSERT OR IGNORE INTO visits (id,tenant_id,agent_id,customer_id,visit_date,visit_type,check_in_time,check_out_time,latitude,longitude,purpose,outcome,notes,status,created_at) VALUES ('visit-01020','default-tenant-001','agent-004','cust-034','2026-01-08','customer','2026-01-08T10:10:00Z','2026-01-08T11:17:00Z',-26.2429,28.0939,'delivery','stock_checked','New display set up','completed','2026-01-08T10:10:00Z');
INSERT OR IGNORE INTO visits (id,tenant_id,agent_id,customer_id,visit_date,visit_type,check_in_time,check_out_time,latitude,longitude,purpose,outcome,notes,status,created_at) VALUES ('visit-01021','default-tenant-001','agent-user-001','cust-034','2026-02-06','customer','2026-02-06T08:12:00Z','2026-02-06T08:54:00Z',-25.5164,30.9237,'collection','follow_up_needed','Good visit','completed','2026-02-06T08:12:00Z');
INSERT OR IGNORE INTO visits (id,tenant_id,agent_id,customer_id,visit_date,visit_type,check_in_time,check_out_time,latitude,longitude,purpose,outcome,notes,status,created_at) VALUES ('visit-01022','default-tenant-001','agent-001','cust-024','2026-01-18','customer','2026-01-18T13:33:00Z','2026-01-18T14:11:00Z',-29.0726,26.1962,'customer_service','competitor_noted','Stock low','cancelled','2026-01-18T13:33:00Z');
INSERT OR IGNORE INTO visits (id,tenant_id,agent_id,customer_id,visit_date,visit_type,check_in_time,check_out_time,latitude,longitude,purpose,outcome,notes,status,created_at) VALUES ('visit-01023','default-tenant-001','agent-005','cust-037','2026-02-17','customer','2026-02-17T08:50:00Z','2026-02-17T10:04:00Z',-29.8242,31.0254,'merchandising','stock_checked','Shelf space increased','completed','2026-02-17T08:50:00Z');
INSERT OR IGNORE INTO visits (id,tenant_id,agent_id,customer_id,visit_date,visit_type,check_in_time,check_out_time,latitude,longitude,purpose,outcome,notes,status,created_at) VALUES ('visit-01024','default-tenant-001','agent-003','cust-021','2025-10-10','customer','2025-10-10T17:35:00Z','2025-10-10T18:58:00Z',-33.0558,27.9376,'sales','order_placed','Follow up needed','completed','2025-10-10T17:35:00Z');
INSERT OR IGNORE INTO visits (id,tenant_id,agent_id,customer_id,visit_date,visit_type,check_in_time,check_out_time,latitude,longitude,purpose,outcome,notes,status,created_at) VALUES ('visit-01025','default-tenant-001','agent-user-001','cust-028','2025-11-07','customer','2025-11-07T08:58:00Z','2025-11-07T09:49:00Z',-25.7874,28.2394,'merchandising','follow_up_needed','Stock low','cancelled','2025-11-07T08:58:00Z');
INSERT OR IGNORE INTO visits (id,tenant_id,agent_id,customer_id,visit_date,visit_type,check_in_time,check_out_time,latitude,longitude,purpose,outcome,notes,status,created_at) VALUES ('visit-01026','default-tenant-001','agent-001','cust-083','2025-12-06','customer','2025-12-06T09:44:00Z','2025-12-06T10:50:00Z',-33.9934,25.6395,'new_customer','stock_checked','Placed large order','completed','2025-12-06T09:44:00Z');
INSERT OR IGNORE INTO visits (id,tenant_id,agent_id,customer_id,visit_date,visit_type,check_in_time,check_out_time,latitude,longitude,purpose,outcome,notes,status,created_at) VALUES ('visit-01027','default-tenant-001','agent-004','cust-068','2025-12-24','customer','2025-12-24T14:03:00Z','2025-12-24T15:06:00Z',-29.0890,26.1281,'collection','order_placed','Competitor promo spotted','cancelled','2025-12-24T14:03:00Z');
INSERT OR IGNORE INTO visits (id,tenant_id,agent_id,customer_id,visit_date,visit_type,check_in_time,check_out_time,latitude,longitude,purpose,outcome,notes,status,created_at) VALUES ('visit-01028','default-tenant-001','agent-005','cust-066','2025-10-12','customer','2025-10-12T07:01:00Z','2025-10-12T07:15:00Z',-26.1891,28.0032,'collection','competitor_noted','Customer happy','pending','2025-10-12T07:01:00Z');
INSERT OR IGNORE INTO visits (id,tenant_id,agent_id,customer_id,visit_date,visit_type,check_in_time,check_out_time,latitude,longitude,purpose,outcome,notes,status,created_at) VALUES ('visit-01029','default-tenant-001','agent-002','cust-087','2025-11-05','customer','2025-11-05T13:24:00Z','2025-11-05T14:10:00Z',-23.8606,29.5150,'collection','follow_up_needed','Good visit','cancelled','2025-11-05T13:24:00Z');
INSERT OR IGNORE INTO visits (id,tenant_id,agent_id,customer_id,visit_date,visit_type,check_in_time,check_out_time,latitude,longitude,purpose,outcome,notes,status,created_at) VALUES ('visit-01030','default-tenant-001','agent-002','cust-094','2025-10-09','customer','2025-10-09T10:23:00Z','2025-10-09T10:46:00Z',-33.9903,25.5883,'customer_service','order_placed','','completed','2025-10-09T10:23:00Z');
INSERT OR IGNORE INTO visits (id,tenant_id,agent_id,customer_id,visit_date,visit_type,check_in_time,check_out_time,latitude,longitude,purpose,outcome,notes,status,created_at) VALUES ('visit-01031','default-tenant-001','agent-004','cust-049','2026-01-27','customer','2026-01-27T11:49:00Z','2026-01-27T13:06:00Z',-28.7420,24.7455,'collection','stock_checked','Good visit','completed','2026-01-27T11:49:00Z');
INSERT OR IGNORE INTO visits (id,tenant_id,agent_id,customer_id,visit_date,visit_type,check_in_time,check_out_time,latitude,longitude,purpose,outcome,notes,status,created_at) VALUES ('visit-01032','default-tenant-001','agent-004','cust-024','2025-10-18','customer','2025-10-18T09:47:00Z','2025-10-18T10:35:00Z',-25.7434,28.2181,'competitor_check','issue_resolved','Shelf space increased','completed','2025-10-18T09:47:00Z');
INSERT OR IGNORE INTO visits (id,tenant_id,agent_id,customer_id,visit_date,visit_type,check_in_time,check_out_time,latitude,longitude,purpose,outcome,notes,status,created_at) VALUES ('visit-01033','default-tenant-001','agent-003','cust-036','2026-01-31','customer','2026-01-31T12:15:00Z','2026-01-31T13:31:00Z',-33.9482,18.3783,'competitor_check','follow_up_needed','','in_progress','2026-01-31T12:15:00Z');
INSERT OR IGNORE INTO visits (id,tenant_id,agent_id,customer_id,visit_date,visit_type,check_in_time,check_out_time,latitude,longitude,purpose,outcome,notes,status,created_at) VALUES ('visit-01034','default-tenant-001','agent-002','cust-018','2025-12-23','customer','2025-12-23T14:47:00Z','2025-12-23T15:31:00Z',-28.7671,24.7111,'merchandising','competitor_noted','Follow up needed','completed','2025-12-23T14:47:00Z');
INSERT OR IGNORE INTO visits (id,tenant_id,agent_id,customer_id,visit_date,visit_type,check_in_time,check_out_time,latitude,longitude,purpose,outcome,notes,status,created_at) VALUES ('visit-01035','default-tenant-001','agent-001','cust-095','2025-10-04','customer','2025-10-04T07:00:00Z','2025-10-04T07:34:00Z',-33.9731,25.5667,'competitor_check','follow_up_needed','Need more samples','in_progress','2025-10-04T07:00:00Z');
INSERT OR IGNORE INTO visits (id,tenant_id,agent_id,customer_id,visit_date,visit_type,check_in_time,check_out_time,latitude,longitude,purpose,outcome,notes,status,created_at) VALUES ('visit-01036','default-tenant-001','agent-user-001','cust-080','2025-11-20','customer','2025-11-20T10:47:00Z','2025-11-20T12:00:00Z',-29.8552,30.9909,'sales','follow_up_needed','Follow up needed','in_progress','2025-11-20T10:47:00Z');
INSERT OR IGNORE INTO visits (id,tenant_id,agent_id,customer_id,visit_date,visit_type,check_in_time,check_out_time,latitude,longitude,purpose,outcome,notes,status,created_at) VALUES ('visit-01037','default-tenant-001','agent-user-001','cust-072','2025-11-18','customer','2025-11-18T15:04:00Z','2025-11-18T15:14:00Z',-25.7141,28.2031,'collection','stock_checked','Shelf space increased','completed','2025-11-18T15:04:00Z');
INSERT OR IGNORE INTO visits (id,tenant_id,agent_id,customer_id,visit_date,visit_type,check_in_time,check_out_time,latitude,longitude,purpose,outcome,notes,status,created_at) VALUES ('visit-01038','default-tenant-001','agent-004','cust-066','2025-10-21','customer','2025-10-21T17:07:00Z','2025-10-21T17:24:00Z',-29.8593,31.0472,'sales','order_placed','Customer happy','completed','2025-10-21T17:07:00Z');
INSERT OR IGNORE INTO visits (id,tenant_id,agent_id,customer_id,visit_date,visit_type,check_in_time,check_out_time,latitude,longitude,purpose,outcome,notes,status,created_at) VALUES ('visit-01039','default-tenant-001','agent-005','cust-064','2025-11-25','customer','2025-11-25T09:04:00Z','2025-11-25T09:43:00Z',-23.9408,29.5052,'sales','no_order','','completed','2025-11-25T09:04:00Z');
INSERT OR IGNORE INTO visits (id,tenant_id,agent_id,customer_id,visit_date,visit_type,check_in_time,check_out_time,latitude,longitude,purpose,outcome,notes,status,created_at) VALUES ('visit-01040','default-tenant-001','agent-user-001','cust-052','2026-01-30','customer','2026-01-30T14:25:00Z','2026-01-30T15:27:00Z',-25.7548,28.2625,'sales','no_order','Customer happy','completed','2026-01-30T14:25:00Z');
INSERT OR IGNORE INTO visits (id,tenant_id,agent_id,customer_id,visit_date,visit_type,check_in_time,check_out_time,latitude,longitude,purpose,outcome,notes,status,created_at) VALUES ('visit-01041','default-tenant-001','agent-user-001','cust-081','2026-01-22','customer','2026-01-22T14:14:00Z','2026-01-22T14:29:00Z',-25.4649,30.9728,'competitor_check','stock_checked','Good visit','completed','2026-01-22T14:14:00Z');
INSERT OR IGNORE INTO visits (id,tenant_id,agent_id,customer_id,visit_date,visit_type,check_in_time,check_out_time,latitude,longitude,purpose,outcome,notes,status,created_at) VALUES ('visit-01042','default-tenant-001','agent-003','cust-010','2026-01-03','customer','2026-01-03T14:35:00Z','2026-01-03T15:33:00Z',-33.9459,18.4474,'customer_service','no_order','Shelf space increased','cancelled','2026-01-03T14:35:00Z');
INSERT OR IGNORE INTO visits (id,tenant_id,agent_id,customer_id,visit_date,visit_type,check_in_time,check_out_time,latitude,longitude,purpose,outcome,notes,status,created_at) VALUES ('visit-01043','default-tenant-001','agent-004','cust-061','2025-12-28','customer','2025-12-28T15:19:00Z','2025-12-28T15:46:00Z',-25.4957,30.9629,'new_customer','stock_checked','Shelf space increased','pending','2025-12-28T15:19:00Z');
INSERT OR IGNORE INTO visits (id,tenant_id,agent_id,customer_id,visit_date,visit_type,check_in_time,check_out_time,latitude,longitude,purpose,outcome,notes,status,created_at) VALUES ('visit-01044','default-tenant-001','agent-004','cust-055','2025-11-20','customer','2025-11-20T08:33:00Z','2025-11-20T08:44:00Z',-25.7031,28.2087,'merchandising','no_order','Need more samples','completed','2025-11-20T08:33:00Z');
INSERT OR IGNORE INTO visits (id,tenant_id,agent_id,customer_id,visit_date,visit_type,check_in_time,check_out_time,latitude,longitude,purpose,outcome,notes,status,created_at) VALUES ('visit-01045','default-tenant-001','agent-001','cust-014','2025-10-31','customer','2025-10-31T08:19:00Z','2025-10-31T08:49:00Z',-32.9851,27.8805,'sales','stock_checked','Need more samples','completed','2025-10-31T08:19:00Z');
INSERT OR IGNORE INTO visits (id,tenant_id,agent_id,customer_id,visit_date,visit_type,check_in_time,check_out_time,latitude,longitude,purpose,outcome,notes,status,created_at) VALUES ('visit-01046','default-tenant-001','agent-001','cust-099','2025-12-25','customer','2025-12-25T10:47:00Z','2025-12-25T11:38:00Z',-25.4762,31.0038,'competitor_check','no_order','Stock low','completed','2025-12-25T10:47:00Z');
INSERT OR IGNORE INTO visits (id,tenant_id,agent_id,customer_id,visit_date,visit_type,check_in_time,check_out_time,latitude,longitude,purpose,outcome,notes,status,created_at) VALUES ('visit-01047','default-tenant-001','agent-001','cust-088','2026-02-07','customer','2026-02-07T14:55:00Z','2026-02-07T16:12:00Z',-29.0853,26.2001,'collection','follow_up_needed','New display set up','in_progress','2026-02-07T14:55:00Z');
INSERT OR IGNORE INTO visits (id,tenant_id,agent_id,customer_id,visit_date,visit_type,check_in_time,check_out_time,latitude,longitude,purpose,outcome,notes,status,created_at) VALUES ('visit-01048','default-tenant-001','agent-004','cust-006','2025-11-11','customer','2025-11-11T17:16:00Z','2025-11-11T17:58:00Z',-26.1799,28.0489,'merchandising','issue_resolved','Shelf space increased','in_progress','2025-11-11T17:16:00Z');
INSERT OR IGNORE INTO visits (id,tenant_id,agent_id,customer_id,visit_date,visit_type,check_in_time,check_out_time,latitude,longitude,purpose,outcome,notes,status,created_at) VALUES ('visit-01049','default-tenant-001','agent-003','cust-045','2025-12-27','customer','2025-12-27T12:01:00Z','2025-12-27T13:27:00Z',-33.9270,25.5965,'sales','no_order','Placed large order','completed','2025-12-27T12:01:00Z');
INSERT OR IGNORE INTO visits (id,tenant_id,agent_id,customer_id,visit_date,visit_type,check_in_time,check_out_time,latitude,longitude,purpose,outcome,notes,status,created_at) VALUES ('visit-01050','default-tenant-001','agent-005','cust-004','2025-10-02','customer','2025-10-02T12:35:00Z','2025-10-02T13:23:00Z',-29.0909,26.1601,'customer_service','follow_up_needed','Need more samples','completed','2025-10-02T12:35:00Z');
INSERT OR IGNORE INTO visits (id,tenant_id,agent_id,customer_id,visit_date,visit_type,check_in_time,check_out_time,latitude,longitude,purpose,outcome,notes,status,created_at) VALUES ('visit-01051','default-tenant-001','agent-004','cust-045','2025-10-11','customer','2025-10-11T12:05:00Z','2025-10-11T13:14:00Z',-29.8451,31.0354,'competitor_check','competitor_noted','','cancelled','2025-10-11T12:05:00Z');
INSERT OR IGNORE INTO visits (id,tenant_id,agent_id,customer_id,visit_date,visit_type,check_in_time,check_out_time,latitude,longitude,purpose,outcome,notes,status,created_at) VALUES ('visit-01052','default-tenant-001','agent-001','cust-100','2025-12-05','customer','2025-12-05T07:56:00Z','2025-12-05T09:12:00Z',-33.8964,18.4440,'merchandising','no_order','Shelf space increased','pending','2025-12-05T07:56:00Z');
INSERT OR IGNORE INTO visits (id,tenant_id,agent_id,customer_id,visit_date,visit_type,check_in_time,check_out_time,latitude,longitude,purpose,outcome,notes,status,created_at) VALUES ('visit-01053','default-tenant-001','agent-002','cust-019','2026-03-01','customer','2026-03-01T12:15:00Z','2026-03-01T12:48:00Z',-29.8859,31.0551,'customer_service','stock_checked','Need more samples','completed','2026-03-01T12:15:00Z');
INSERT OR IGNORE INTO visits (id,tenant_id,agent_id,customer_id,visit_date,visit_type,check_in_time,check_out_time,latitude,longitude,purpose,outcome,notes,status,created_at) VALUES ('visit-01054','default-tenant-001','agent-001','cust-016','2025-12-23','customer','2025-12-23T15:07:00Z','2025-12-23T16:00:00Z',-29.1206,26.1351,'delivery','competitor_noted','Follow up needed','completed','2025-12-23T15:07:00Z');
INSERT OR IGNORE INTO visits (id,tenant_id,agent_id,customer_id,visit_date,visit_type,check_in_time,check_out_time,latitude,longitude,purpose,outcome,notes,status,created_at) VALUES ('visit-01055','default-tenant-001','agent-001','cust-021','2026-02-03','customer','2026-02-03T07:54:00Z','2026-02-03T08:04:00Z',-25.4642,30.9642,'merchandising','competitor_noted','Shelf space increased','in_progress','2026-02-03T07:54:00Z');
INSERT OR IGNORE INTO visits (id,tenant_id,agent_id,customer_id,visit_date,visit_type,check_in_time,check_out_time,latitude,longitude,purpose,outcome,notes,status,created_at) VALUES ('visit-01056','default-tenant-001','agent-001','cust-043','2026-01-18','customer','2026-01-18T08:16:00Z','2026-01-18T08:34:00Z',-33.0228,27.8699,'audit','issue_resolved','Placed large order','completed','2026-01-18T08:16:00Z');
INSERT OR IGNORE INTO visits (id,tenant_id,agent_id,customer_id,visit_date,visit_type,check_in_time,check_out_time,latitude,longitude,purpose,outcome,notes,status,created_at) VALUES ('visit-01057','default-tenant-001','agent-004','cust-044','2026-02-17','customer','2026-02-17T12:01:00Z','2026-02-17T13:02:00Z',-23.8997,29.4897,'collection','stock_checked','','completed','2026-02-17T12:01:00Z');
INSERT OR IGNORE INTO visits (id,tenant_id,agent_id,customer_id,visit_date,visit_type,check_in_time,check_out_time,latitude,longitude,purpose,outcome,notes,status,created_at) VALUES ('visit-01058','default-tenant-001','agent-005','cust-072','2026-01-14','customer','2026-01-14T17:22:00Z','2026-01-14T17:34:00Z',-25.7322,28.1854,'collection','competitor_noted','Stock low','pending','2026-01-14T17:22:00Z');
INSERT OR IGNORE INTO visits (id,tenant_id,agent_id,customer_id,visit_date,visit_type,check_in_time,check_out_time,latitude,longitude,purpose,outcome,notes,status,created_at) VALUES ('visit-01059','default-tenant-001','agent-005','cust-059','2025-11-04','customer','2025-11-04T11:06:00Z','2025-11-04T11:59:00Z',-29.8091,30.9925,'sales','stock_checked','','completed','2025-11-04T11:06:00Z');
INSERT OR IGNORE INTO visits (id,tenant_id,agent_id,customer_id,visit_date,visit_type,check_in_time,check_out_time,latitude,longitude,purpose,outcome,notes,status,created_at) VALUES ('visit-01060','default-tenant-001','agent-001','cust-024','2025-12-08','customer','2025-12-08T07:52:00Z','2025-12-08T08:46:00Z',-28.7259,24.7844,'sales','competitor_noted','Placed large order','completed','2025-12-08T07:52:00Z');
INSERT OR IGNORE INTO visits (id,tenant_id,agent_id,customer_id,visit_date,visit_type,check_in_time,check_out_time,latitude,longitude,purpose,outcome,notes,status,created_at) VALUES ('visit-01061','default-tenant-001','agent-001','cust-003','2026-02-15','customer','2026-02-15T09:22:00Z','2026-02-15T10:18:00Z',-23.8646,29.5148,'merchandising','competitor_noted','Need more samples','completed','2026-02-15T09:22:00Z');
INSERT OR IGNORE INTO visits (id,tenant_id,agent_id,customer_id,visit_date,visit_type,check_in_time,check_out_time,latitude,longitude,purpose,outcome,notes,status,created_at) VALUES ('visit-01062','default-tenant-001','agent-001','cust-007','2025-12-13','customer','2025-12-13T12:13:00Z','2025-12-13T13:12:00Z',-23.9059,29.4257,'customer_service','follow_up_needed','','completed','2025-12-13T12:13:00Z');
INSERT OR IGNORE INTO visits (id,tenant_id,agent_id,customer_id,visit_date,visit_type,check_in_time,check_out_time,latitude,longitude,purpose,outcome,notes,status,created_at) VALUES ('visit-01063','default-tenant-001','agent-user-001','cust-037','2025-11-05','customer','2025-11-05T12:51:00Z','2025-11-05T13:10:00Z',-34.0013,25.5857,'merchandising','stock_checked','Need more samples','completed','2025-11-05T12:51:00Z');
INSERT OR IGNORE INTO visits (id,tenant_id,agent_id,customer_id,visit_date,visit_type,check_in_time,check_out_time,latitude,longitude,purpose,outcome,notes,status,created_at) VALUES ('visit-01064','default-tenant-001','agent-002','cust-066','2025-10-01','customer','2025-10-01T13:14:00Z','2025-10-01T14:42:00Z',-29.0987,26.2050,'sales','order_placed','Stock low','cancelled','2025-10-01T13:14:00Z');
INSERT OR IGNORE INTO visits (id,tenant_id,agent_id,customer_id,visit_date,visit_type,check_in_time,check_out_time,latitude,longitude,purpose,outcome,notes,status,created_at) VALUES ('visit-01065','default-tenant-001','agent-005','cust-026','2025-11-10','customer','2025-11-10T10:34:00Z','2025-11-10T11:19:00Z',-29.8302,31.0419,'new_customer','stock_checked','Competitor promo spotted','completed','2025-11-10T10:34:00Z');
INSERT OR IGNORE INTO visits (id,tenant_id,agent_id,customer_id,visit_date,visit_type,check_in_time,check_out_time,latitude,longitude,purpose,outcome,notes,status,created_at) VALUES ('visit-01066','default-tenant-001','agent-001','cust-010','2025-11-07','customer','2025-11-07T10:28:00Z','2025-11-07T10:47:00Z',-33.9570,25.5855,'competitor_check','competitor_noted','Competitor promo spotted','cancelled','2025-11-07T10:28:00Z');
INSERT OR IGNORE INTO visits (id,tenant_id,agent_id,customer_id,visit_date,visit_type,check_in_time,check_out_time,latitude,longitude,purpose,outcome,notes,status,created_at) VALUES ('visit-01067','default-tenant-001','agent-002','cust-072','2025-12-24','customer','2025-12-24T17:48:00Z','2025-12-24T18:04:00Z',-29.1004,26.1553,'delivery','issue_resolved','Customer happy','in_progress','2025-12-24T17:48:00Z');
INSERT OR IGNORE INTO visits (id,tenant_id,agent_id,customer_id,visit_date,visit_type,check_in_time,check_out_time,latitude,longitude,purpose,outcome,notes,status,created_at) VALUES ('visit-01068','default-tenant-001','agent-005','cust-089','2025-11-15','customer','2025-11-15T07:15:00Z','2025-11-15T08:31:00Z',-23.8935,29.4544,'customer_service','stock_checked','Customer happy','pending','2025-11-15T07:15:00Z');
INSERT OR IGNORE INTO visits (id,tenant_id,agent_id,customer_id,visit_date,visit_type,check_in_time,check_out_time,latitude,longitude,purpose,outcome,notes,status,created_at) VALUES ('visit-01069','default-tenant-001','agent-001','cust-064','2026-01-16','customer','2026-01-16T11:51:00Z','2026-01-16T13:04:00Z',-23.9198,29.4284,'new_customer','stock_checked','Placed large order','in_progress','2026-01-16T11:51:00Z');
INSERT OR IGNORE INTO visits (id,tenant_id,agent_id,customer_id,visit_date,visit_type,check_in_time,check_out_time,latitude,longitude,purpose,outcome,notes,status,created_at) VALUES ('visit-01070','default-tenant-001','agent-002','cust-070','2026-01-02','customer','2026-01-02T13:36:00Z','2026-01-02T14:38:00Z',-33.9820,25.6352,'collection','order_placed','Stock low','pending','2026-01-02T13:36:00Z');
INSERT OR IGNORE INTO visits (id,tenant_id,agent_id,customer_id,visit_date,visit_type,check_in_time,check_out_time,latitude,longitude,purpose,outcome,notes,status,created_at) VALUES ('visit-01071','default-tenant-001','agent-001','cust-083','2025-11-02','customer','2025-11-02T16:01:00Z','2025-11-02T16:25:00Z',-26.2295,28.0476,'delivery','no_order','New display set up','completed','2025-11-02T16:01:00Z');
INSERT OR IGNORE INTO visits (id,tenant_id,agent_id,customer_id,visit_date,visit_type,check_in_time,check_out_time,latitude,longitude,purpose,outcome,notes,status,created_at) VALUES ('visit-01072','default-tenant-001','agent-002','cust-065','2025-10-01','customer','2025-10-01T11:04:00Z','2025-10-01T12:02:00Z',-25.4632,30.9520,'customer_service','issue_resolved','Good visit','completed','2025-10-01T11:04:00Z');
INSERT OR IGNORE INTO visits (id,tenant_id,agent_id,customer_id,visit_date,visit_type,check_in_time,check_out_time,latitude,longitude,purpose,outcome,notes,status,created_at) VALUES ('visit-01073','default-tenant-001','agent-001','cust-025','2025-11-03','customer','2025-11-03T08:36:00Z','2025-11-03T08:49:00Z',-26.1611,28.0551,'competitor_check','order_placed','Good visit','cancelled','2025-11-03T08:36:00Z');
INSERT OR IGNORE INTO visits (id,tenant_id,agent_id,customer_id,visit_date,visit_type,check_in_time,check_out_time,latitude,longitude,purpose,outcome,notes,status,created_at) VALUES ('visit-01074','default-tenant-001','agent-002','cust-046','2026-02-20','customer','2026-02-20T10:05:00Z','2026-02-20T11:07:00Z',-29.8330,31.0264,'delivery','issue_resolved','','completed','2026-02-20T10:05:00Z');
INSERT OR IGNORE INTO visits (id,tenant_id,agent_id,customer_id,visit_date,visit_type,check_in_time,check_out_time,latitude,longitude,purpose,outcome,notes,status,created_at) VALUES ('visit-01075','default-tenant-001','agent-005','cust-064','2025-11-02','customer','2025-11-02T15:22:00Z','2025-11-02T15:36:00Z',-29.0833,26.2039,'merchandising','issue_resolved','','completed','2025-11-02T15:22:00Z');
INSERT OR IGNORE INTO visits (id,tenant_id,agent_id,customer_id,visit_date,visit_type,check_in_time,check_out_time,latitude,longitude,purpose,outcome,notes,status,created_at) VALUES ('visit-01076','default-tenant-001','agent-user-001','cust-027','2025-12-03','customer','2025-12-03T09:05:00Z','2025-12-03T10:21:00Z',-26.1886,28.0213,'competitor_check','competitor_noted','Follow up needed','completed','2025-12-03T09:05:00Z');
INSERT OR IGNORE INTO visits (id,tenant_id,agent_id,customer_id,visit_date,visit_type,check_in_time,check_out_time,latitude,longitude,purpose,outcome,notes,status,created_at) VALUES ('visit-01077','default-tenant-001','agent-001','cust-033','2026-01-11','customer','2026-01-11T13:10:00Z','2026-01-11T13:30:00Z',-33.0153,27.8994,'customer_service','no_order','Stock low','pending','2026-01-11T13:10:00Z');
INSERT OR IGNORE INTO visits (id,tenant_id,agent_id,customer_id,visit_date,visit_type,check_in_time,check_out_time,latitude,longitude,purpose,outcome,notes,status,created_at) VALUES ('visit-01078','default-tenant-001','agent-004','cust-099','2026-02-27','customer','2026-02-27T14:59:00Z','2026-02-27T15:53:00Z',-28.7413,24.7095,'merchandising','competitor_noted','Need more samples','completed','2026-02-27T14:59:00Z');
INSERT OR IGNORE INTO visits (id,tenant_id,agent_id,customer_id,visit_date,visit_type,check_in_time,check_out_time,latitude,longitude,purpose,outcome,notes,status,created_at) VALUES ('visit-01079','default-tenant-001','agent-003','cust-091','2026-03-09','customer','2026-03-09T17:37:00Z','2026-03-09T18:32:00Z',-25.7802,28.2093,'customer_service','follow_up_needed','Need more samples','completed','2026-03-09T17:37:00Z');
INSERT OR IGNORE INTO visits (id,tenant_id,agent_id,customer_id,visit_date,visit_type,check_in_time,check_out_time,latitude,longitude,purpose,outcome,notes,status,created_at) VALUES ('visit-01080','default-tenant-001','agent-003','cust-066','2026-01-19','customer','2026-01-19T07:59:00Z','2026-01-19T08:10:00Z',-29.0804,26.1407,'merchandising','issue_resolved','New display set up','pending','2026-01-19T07:59:00Z');
INSERT OR IGNORE INTO visits (id,tenant_id,agent_id,customer_id,visit_date,visit_type,check_in_time,check_out_time,latitude,longitude,purpose,outcome,notes,status,created_at) VALUES ('visit-01081','default-tenant-001','agent-001','cust-039','2025-12-06','customer','2025-12-06T09:26:00Z','2025-12-06T10:32:00Z',-29.8524,31.0605,'collection','stock_checked','Follow up needed','completed','2025-12-06T09:26:00Z');
INSERT OR IGNORE INTO visits (id,tenant_id,agent_id,customer_id,visit_date,visit_type,check_in_time,check_out_time,latitude,longitude,purpose,outcome,notes,status,created_at) VALUES ('visit-01082','default-tenant-001','agent-004','cust-005','2026-01-24','customer','2026-01-24T16:26:00Z','2026-01-24T16:52:00Z',-26.2367,28.0528,'collection','order_placed','Stock low','cancelled','2026-01-24T16:26:00Z');
INSERT OR IGNORE INTO visits (id,tenant_id,agent_id,customer_id,visit_date,visit_type,check_in_time,check_out_time,latitude,longitude,purpose,outcome,notes,status,created_at) VALUES ('visit-01083','default-tenant-001','agent-005','cust-013','2026-03-06','customer','2026-03-06T16:48:00Z','2026-03-06T17:10:00Z',-33.8810,18.4379,'audit','competitor_noted','Competitor promo spotted','completed','2026-03-06T16:48:00Z');
INSERT OR IGNORE INTO visits (id,tenant_id,agent_id,customer_id,visit_date,visit_type,check_in_time,check_out_time,latitude,longitude,purpose,outcome,notes,status,created_at) VALUES ('visit-01084','default-tenant-001','agent-004','cust-060','2025-10-01','customer','2025-10-01T16:20:00Z','2025-10-01T16:31:00Z',-33.0189,27.9112,'customer_service','stock_checked','Shelf space increased','cancelled','2025-10-01T16:20:00Z');
INSERT OR IGNORE INTO visits (id,tenant_id,agent_id,customer_id,visit_date,visit_type,check_in_time,check_out_time,latitude,longitude,purpose,outcome,notes,status,created_at) VALUES ('visit-01085','default-tenant-001','agent-user-001','cust-018','2026-02-21','customer','2026-02-21T09:32:00Z','2026-02-21T10:42:00Z',-25.4601,30.9736,'collection','issue_resolved','Competitor promo spotted','pending','2026-02-21T09:32:00Z');
INSERT OR IGNORE INTO visits (id,tenant_id,agent_id,customer_id,visit_date,visit_type,check_in_time,check_out_time,latitude,longitude,purpose,outcome,notes,status,created_at) VALUES ('visit-01086','default-tenant-001','agent-005','cust-039','2026-01-28','customer','2026-01-28T15:11:00Z','2026-01-28T16:17:00Z',-25.4604,31.0053,'collection','no_order','Competitor promo spotted','pending','2026-01-28T15:11:00Z');
INSERT OR IGNORE INTO visits (id,tenant_id,agent_id,customer_id,visit_date,visit_type,check_in_time,check_out_time,latitude,longitude,purpose,outcome,notes,status,created_at) VALUES ('visit-01087','default-tenant-001','agent-001','cust-033','2025-12-20','customer','2025-12-20T11:27:00Z','2025-12-20T12:51:00Z',-25.7328,28.2165,'sales','order_placed','Follow up needed','completed','2025-12-20T11:27:00Z');
INSERT OR IGNORE INTO visits (id,tenant_id,agent_id,customer_id,visit_date,visit_type,check_in_time,check_out_time,latitude,longitude,purpose,outcome,notes,status,created_at) VALUES ('visit-01088','default-tenant-001','agent-user-001','cust-026','2026-01-17','customer','2026-01-17T17:11:00Z','2026-01-17T17:29:00Z',-33.9088,18.3913,'competitor_check','no_order','Customer happy','completed','2026-01-17T17:11:00Z');
INSERT OR IGNORE INTO visits (id,tenant_id,agent_id,customer_id,visit_date,visit_type,check_in_time,check_out_time,latitude,longitude,purpose,outcome,notes,status,created_at) VALUES ('visit-01089','default-tenant-001','agent-002','cust-040','2025-10-16','customer','2025-10-16T08:24:00Z','2025-10-16T09:40:00Z',-32.9662,27.8867,'merchandising','issue_resolved','','in_progress','2025-10-16T08:24:00Z');
INSERT OR IGNORE INTO visits (id,tenant_id,agent_id,customer_id,visit_date,visit_type,check_in_time,check_out_time,latitude,longitude,purpose,outcome,notes,status,created_at) VALUES ('visit-01090','default-tenant-001','agent-user-001','cust-029','2025-11-14','customer','2025-11-14T07:52:00Z','2025-11-14T08:35:00Z',-25.7600,28.2037,'merchandising','competitor_noted','Customer happy','in_progress','2025-11-14T07:52:00Z');
INSERT OR IGNORE INTO visits (id,tenant_id,agent_id,customer_id,visit_date,visit_type,check_in_time,check_out_time,latitude,longitude,purpose,outcome,notes,status,created_at) VALUES ('visit-01091','default-tenant-001','agent-002','cust-039','2026-02-04','customer','2026-02-04T10:25:00Z','2026-02-04T11:11:00Z',-28.7033,24.7910,'delivery','order_placed','Competitor promo spotted','completed','2026-02-04T10:25:00Z');
INSERT OR IGNORE INTO visits (id,tenant_id,agent_id,customer_id,visit_date,visit_type,check_in_time,check_out_time,latitude,longitude,purpose,outcome,notes,status,created_at) VALUES ('visit-01092','default-tenant-001','agent-user-001','cust-015','2025-10-13','customer','2025-10-13T15:15:00Z','2025-10-13T16:41:00Z',-33.9084,18.4495,'sales','follow_up_needed','Need more samples','pending','2025-10-13T15:15:00Z');
INSERT OR IGNORE INTO visits (id,tenant_id,agent_id,customer_id,visit_date,visit_type,check_in_time,check_out_time,latitude,longitude,purpose,outcome,notes,status,created_at) VALUES ('visit-01093','default-tenant-001','agent-003','cust-014','2025-10-16','customer','2025-10-16T17:48:00Z','2025-10-16T18:46:00Z',-29.0963,26.1984,'collection','stock_checked','New display set up','completed','2025-10-16T17:48:00Z');
INSERT OR IGNORE INTO visits (id,tenant_id,agent_id,customer_id,visit_date,visit_type,check_in_time,check_out_time,latitude,longitude,purpose,outcome,notes,status,created_at) VALUES ('visit-01094','default-tenant-001','agent-user-001','cust-075','2025-12-18','customer','2025-12-18T08:08:00Z','2025-12-18T09:10:00Z',-25.4398,30.9990,'collection','follow_up_needed','Follow up needed','completed','2025-12-18T08:08:00Z');
INSERT OR IGNORE INTO visits (id,tenant_id,agent_id,customer_id,visit_date,visit_type,check_in_time,check_out_time,latitude,longitude,purpose,outcome,notes,status,created_at) VALUES ('visit-01095','default-tenant-001','agent-005','cust-059','2025-10-03','customer','2025-10-03T15:38:00Z','2025-10-03T16:36:00Z',-33.9143,18.4315,'merchandising','issue_resolved','Customer happy','completed','2025-10-03T15:38:00Z');
INSERT OR IGNORE INTO visits (id,tenant_id,agent_id,customer_id,visit_date,visit_type,check_in_time,check_out_time,latitude,longitude,purpose,outcome,notes,status,created_at) VALUES ('visit-01096','default-tenant-001','agent-user-001','cust-044','2025-12-02','customer','2025-12-02T17:44:00Z','2025-12-02T18:14:00Z',-25.7879,28.2642,'competitor_check','issue_resolved','Competitor promo spotted','cancelled','2025-12-02T17:44:00Z');
INSERT OR IGNORE INTO visits (id,tenant_id,agent_id,customer_id,visit_date,visit_type,check_in_time,check_out_time,latitude,longitude,purpose,outcome,notes,status,created_at) VALUES ('visit-01097','default-tenant-001','agent-user-001','cust-096','2026-01-09','customer','2026-01-09T11:54:00Z','2026-01-09T12:56:00Z',-26.1908,28.0298,'new_customer','follow_up_needed','Need more samples','in_progress','2026-01-09T11:54:00Z');
INSERT OR IGNORE INTO visits (id,tenant_id,agent_id,customer_id,visit_date,visit_type,check_in_time,check_out_time,latitude,longitude,purpose,outcome,notes,status,created_at) VALUES ('visit-01098','default-tenant-001','agent-002','cust-031','2025-10-16','customer','2025-10-16T07:08:00Z','2025-10-16T08:00:00Z',-25.7269,28.2525,'delivery','no_order','Customer happy','cancelled','2025-10-16T07:08:00Z');
INSERT OR IGNORE INTO visits (id,tenant_id,agent_id,customer_id,visit_date,visit_type,check_in_time,check_out_time,latitude,longitude,purpose,outcome,notes,status,created_at) VALUES ('visit-01099','default-tenant-001','agent-004','cust-076','2025-11-03','customer','2025-11-03T07:40:00Z','2025-11-03T08:35:00Z',-29.1170,26.1228,'merchandising','order_placed','Good visit','completed','2025-11-03T07:40:00Z');
INSERT OR IGNORE INTO visits (id,tenant_id,agent_id,customer_id,visit_date,visit_type,check_in_time,check_out_time,latitude,longitude,purpose,outcome,notes,status,created_at) VALUES ('visit-01100','default-tenant-001','agent-user-001','cust-038','2026-02-04','customer','2026-02-04T08:42:00Z','2026-02-04T10:09:00Z',-23.9180,29.4593,'competitor_check','stock_checked','New display set up','completed','2026-02-04T08:42:00Z');
INSERT OR IGNORE INTO visits (id,tenant_id,agent_id,customer_id,visit_date,visit_type,check_in_time,check_out_time,latitude,longitude,purpose,outcome,notes,status,created_at) VALUES ('visit-01101','default-tenant-001','agent-004','cust-094','2025-10-12','customer','2025-10-12T17:27:00Z','2025-10-12T18:51:00Z',-26.1887,28.0369,'merchandising','no_order','Placed large order','completed','2025-10-12T17:27:00Z');
INSERT OR IGNORE INTO visits (id,tenant_id,agent_id,customer_id,visit_date,visit_type,check_in_time,check_out_time,latitude,longitude,purpose,outcome,notes,status,created_at) VALUES ('visit-01102','default-tenant-001','agent-user-001','cust-042','2025-11-02','customer','2025-11-02T16:28:00Z','2025-11-02T16:47:00Z',-26.1577,28.0250,'collection','stock_checked','New display set up','completed','2025-11-02T16:28:00Z');
INSERT OR IGNORE INTO visits (id,tenant_id,agent_id,customer_id,visit_date,visit_type,check_in_time,check_out_time,latitude,longitude,purpose,outcome,notes,status,created_at) VALUES ('visit-01103','default-tenant-001','agent-002','cust-081','2025-12-02','customer','2025-12-02T11:49:00Z','2025-12-02T13:09:00Z',-23.8941,29.4573,'sales','issue_resolved','','cancelled','2025-12-02T11:49:00Z');
INSERT OR IGNORE INTO visits (id,tenant_id,agent_id,customer_id,visit_date,visit_type,check_in_time,check_out_time,latitude,longitude,purpose,outcome,notes,status,created_at) VALUES ('visit-01104','default-tenant-001','agent-002','cust-033','2025-12-23','customer','2025-12-23T15:03:00Z','2025-12-23T15:19:00Z',-23.8800,29.4724,'new_customer','stock_checked','Follow up needed','in_progress','2025-12-23T15:03:00Z');
INSERT OR IGNORE INTO visits (id,tenant_id,agent_id,customer_id,visit_date,visit_type,check_in_time,check_out_time,latitude,longitude,purpose,outcome,notes,status,created_at) VALUES ('visit-01105','default-tenant-001','agent-001','cust-024','2025-10-20','customer','2025-10-20T08:22:00Z','2025-10-20T09:02:00Z',-26.1641,28.0728,'collection','issue_resolved','Follow up needed','completed','2025-10-20T08:22:00Z');
INSERT OR IGNORE INTO visits (id,tenant_id,agent_id,customer_id,visit_date,visit_type,check_in_time,check_out_time,latitude,longitude,purpose,outcome,notes,status,created_at) VALUES ('visit-01106','default-tenant-001','agent-005','cust-035','2025-11-13','customer','2025-11-13T14:28:00Z','2025-11-13T15:19:00Z',-33.9037,18.4573,'delivery','stock_checked','Follow up needed','completed','2025-11-13T14:28:00Z');
INSERT OR IGNORE INTO visits (id,tenant_id,agent_id,customer_id,visit_date,visit_type,check_in_time,check_out_time,latitude,longitude,purpose,outcome,notes,status,created_at) VALUES ('visit-01107','default-tenant-001','agent-001','cust-037','2025-10-27','customer','2025-10-27T13:50:00Z','2025-10-27T14:35:00Z',-32.9990,27.8723,'audit','competitor_noted','Customer happy','pending','2025-10-27T13:50:00Z');
INSERT OR IGNORE INTO visits (id,tenant_id,agent_id,customer_id,visit_date,visit_type,check_in_time,check_out_time,latitude,longitude,purpose,outcome,notes,status,created_at) VALUES ('visit-01108','default-tenant-001','agent-003','cust-083','2026-01-06','customer','2026-01-06T12:07:00Z','2026-01-06T12:34:00Z',-33.9831,25.6480,'competitor_check','stock_checked','Need more samples','completed','2026-01-06T12:07:00Z');
INSERT OR IGNORE INTO visits (id,tenant_id,agent_id,customer_id,visit_date,visit_type,check_in_time,check_out_time,latitude,longitude,purpose,outcome,notes,status,created_at) VALUES ('visit-01109','default-tenant-001','agent-005','cust-079','2026-01-09','customer','2026-01-09T13:12:00Z','2026-01-09T14:09:00Z',-23.9182,29.4912,'delivery','stock_checked','Stock low','completed','2026-01-09T13:12:00Z');
INSERT OR IGNORE INTO visits (id,tenant_id,agent_id,customer_id,visit_date,visit_type,check_in_time,check_out_time,latitude,longitude,purpose,outcome,notes,status,created_at) VALUES ('visit-01110','default-tenant-001','agent-001','cust-021','2025-10-02','customer','2025-10-02T09:50:00Z','2025-10-02T10:37:00Z',-29.8320,31.0046,'sales','issue_resolved','Customer happy','in_progress','2025-10-02T09:50:00Z');
INSERT OR IGNORE INTO visits (id,tenant_id,agent_id,customer_id,visit_date,visit_type,check_in_time,check_out_time,latitude,longitude,purpose,outcome,notes,status,created_at) VALUES ('visit-01111','default-tenant-001','agent-002','cust-043','2025-10-21','customer','2025-10-21T16:02:00Z','2025-10-21T17:23:00Z',-33.9862,25.5537,'delivery','competitor_noted','Need more samples','cancelled','2025-10-21T16:02:00Z');
INSERT OR IGNORE INTO visits (id,tenant_id,agent_id,customer_id,visit_date,visit_type,check_in_time,check_out_time,latitude,longitude,purpose,outcome,notes,status,created_at) VALUES ('visit-01112','default-tenant-001','agent-005','cust-080','2025-10-12','customer','2025-10-12T10:45:00Z','2025-10-12T11:40:00Z',-29.0947,26.2038,'collection','follow_up_needed','Shelf space increased','completed','2025-10-12T10:45:00Z');
INSERT OR IGNORE INTO visits (id,tenant_id,agent_id,customer_id,visit_date,visit_type,check_in_time,check_out_time,latitude,longitude,purpose,outcome,notes,status,created_at) VALUES ('visit-01113','default-tenant-001','agent-user-001','cust-004','2026-01-17','customer','2026-01-17T08:07:00Z','2026-01-17T09:34:00Z',-29.0505,26.1664,'customer_service','no_order','Stock low','completed','2026-01-17T08:07:00Z');
INSERT OR IGNORE INTO visits (id,tenant_id,agent_id,customer_id,visit_date,visit_type,check_in_time,check_out_time,latitude,longitude,purpose,outcome,notes,status,created_at) VALUES ('visit-01114','default-tenant-001','agent-user-001','cust-055','2026-02-27','customer','2026-02-27T15:39:00Z','2026-02-27T16:43:00Z',-29.0400,26.1697,'delivery','stock_checked','Shelf space increased','completed','2026-02-27T15:39:00Z');
INSERT OR IGNORE INTO visits (id,tenant_id,agent_id,customer_id,visit_date,visit_type,check_in_time,check_out_time,latitude,longitude,purpose,outcome,notes,status,created_at) VALUES ('visit-01115','default-tenant-001','agent-user-001','cust-008','2025-10-11','customer','2025-10-11T08:01:00Z','2025-10-11T09:18:00Z',-29.1219,26.1302,'customer_service','competitor_noted','Placed large order','completed','2025-10-11T08:01:00Z');
INSERT OR IGNORE INTO visits (id,tenant_id,agent_id,customer_id,visit_date,visit_type,check_in_time,check_out_time,latitude,longitude,purpose,outcome,notes,status,created_at) VALUES ('visit-01116','default-tenant-001','agent-005','cust-055','2026-01-27','customer','2026-01-27T13:40:00Z','2026-01-27T14:48:00Z',-23.8551,29.4399,'audit','no_order','Good visit','completed','2026-01-27T13:40:00Z');
INSERT OR IGNORE INTO visits (id,tenant_id,agent_id,customer_id,visit_date,visit_type,check_in_time,check_out_time,latitude,longitude,purpose,outcome,notes,status,created_at) VALUES ('visit-01117','default-tenant-001','agent-003','cust-048','2025-12-13','customer','2025-12-13T10:41:00Z','2025-12-13T11:03:00Z',-23.9373,29.4779,'delivery','issue_resolved','Competitor promo spotted','completed','2025-12-13T10:41:00Z');
INSERT OR IGNORE INTO visits (id,tenant_id,agent_id,customer_id,visit_date,visit_type,check_in_time,check_out_time,latitude,longitude,purpose,outcome,notes,status,created_at) VALUES ('visit-01118','default-tenant-001','agent-003','cust-096','2025-12-18','customer','2025-12-18T07:00:00Z','2025-12-18T07:55:00Z',-25.4522,30.9694,'merchandising','no_order','Follow up needed','completed','2025-12-18T07:00:00Z');
INSERT OR IGNORE INTO visits (id,tenant_id,agent_id,customer_id,visit_date,visit_type,check_in_time,check_out_time,latitude,longitude,purpose,outcome,notes,status,created_at) VALUES ('visit-01119','default-tenant-001','agent-005','cust-045','2026-02-12','customer','2026-02-12T17:54:00Z','2026-02-12T18:41:00Z',-29.1187,26.1372,'collection','order_placed','','pending','2026-02-12T17:54:00Z');
INSERT OR IGNORE INTO visits (id,tenant_id,agent_id,customer_id,visit_date,visit_type,check_in_time,check_out_time,latitude,longitude,purpose,outcome,notes,status,created_at) VALUES ('visit-01120','default-tenant-001','agent-user-001','cust-056','2025-10-24','customer','2025-10-24T12:40:00Z','2025-10-24T13:01:00Z',-26.2092,28.0947,'sales','issue_resolved','Customer happy','completed','2025-10-24T12:40:00Z');
INSERT OR IGNORE INTO visits (id,tenant_id,agent_id,customer_id,visit_date,visit_type,check_in_time,check_out_time,latitude,longitude,purpose,outcome,notes,status,created_at) VALUES ('visit-01121','default-tenant-001','agent-user-001','cust-086','2026-02-08','customer','2026-02-08T12:05:00Z','2026-02-08T12:36:00Z',-26.1547,28.0466,'merchandising','no_order','Competitor promo spotted','completed','2026-02-08T12:05:00Z');
INSERT OR IGNORE INTO visits (id,tenant_id,agent_id,customer_id,visit_date,visit_type,check_in_time,check_out_time,latitude,longitude,purpose,outcome,notes,status,created_at) VALUES ('visit-01122','default-tenant-001','agent-003','cust-061','2025-10-14','customer','2025-10-14T07:09:00Z','2025-10-14T08:17:00Z',-32.9864,27.9613,'delivery','competitor_noted','Stock low','completed','2025-10-14T07:09:00Z');
INSERT OR IGNORE INTO visits (id,tenant_id,agent_id,customer_id,visit_date,visit_type,check_in_time,check_out_time,latitude,longitude,purpose,outcome,notes,status,created_at) VALUES ('visit-01123','default-tenant-001','agent-user-001','cust-058','2026-02-28','customer','2026-02-28T14:38:00Z','2026-02-28T15:30:00Z',-25.4685,30.9608,'competitor_check','no_order','Stock low','completed','2026-02-28T14:38:00Z');
INSERT OR IGNORE INTO visits (id,tenant_id,agent_id,customer_id,visit_date,visit_type,check_in_time,check_out_time,latitude,longitude,purpose,outcome,notes,status,created_at) VALUES ('visit-01124','default-tenant-001','agent-005','cust-100','2026-01-21','customer','2026-01-21T11:07:00Z','2026-01-21T11:38:00Z',-28.7742,24.7269,'competitor_check','stock_checked','Need more samples','completed','2026-01-21T11:07:00Z');
INSERT OR IGNORE INTO visits (id,tenant_id,agent_id,customer_id,visit_date,visit_type,check_in_time,check_out_time,latitude,longitude,purpose,outcome,notes,status,created_at) VALUES ('visit-01125','default-tenant-001','agent-user-001','cust-067','2026-01-04','customer','2026-01-04T14:12:00Z','2026-01-04T14:25:00Z',-32.9931,27.8637,'merchandising','no_order','Need more samples','completed','2026-01-04T14:12:00Z');
INSERT OR IGNORE INTO visits (id,tenant_id,agent_id,customer_id,visit_date,visit_type,check_in_time,check_out_time,latitude,longitude,purpose,outcome,notes,status,created_at) VALUES ('visit-01126','default-tenant-001','agent-004','cust-013','2026-02-18','customer','2026-02-18T16:12:00Z','2026-02-18T17:08:00Z',-25.7000,28.2228,'sales','follow_up_needed','Competitor promo spotted','cancelled','2026-02-18T16:12:00Z');
INSERT OR IGNORE INTO visits (id,tenant_id,agent_id,customer_id,visit_date,visit_type,check_in_time,check_out_time,latitude,longitude,purpose,outcome,notes,status,created_at) VALUES ('visit-01127','default-tenant-001','agent-005','cust-058','2026-01-02','customer','2026-01-02T14:01:00Z','2026-01-02T15:10:00Z',-29.8997,31.0687,'collection','no_order','Shelf space increased','cancelled','2026-01-02T14:01:00Z');
INSERT OR IGNORE INTO visits (id,tenant_id,agent_id,customer_id,visit_date,visit_type,check_in_time,check_out_time,latitude,longitude,purpose,outcome,notes,status,created_at) VALUES ('visit-01128','default-tenant-001','agent-005','cust-020','2025-11-18','customer','2025-11-18T17:56:00Z','2025-11-18T18:11:00Z',-32.9834,27.9344,'merchandising','no_order','Good visit','pending','2025-11-18T17:56:00Z');
INSERT OR IGNORE INTO visits (id,tenant_id,agent_id,customer_id,visit_date,visit_type,check_in_time,check_out_time,latitude,longitude,purpose,outcome,notes,status,created_at) VALUES ('visit-01129','default-tenant-001','agent-user-001','cust-077','2026-02-14','customer','2026-02-14T10:43:00Z','2026-02-14T11:11:00Z',-26.2400,28.0504,'competitor_check','order_placed','Good visit','pending','2026-02-14T10:43:00Z');
INSERT OR IGNORE INTO visits (id,tenant_id,agent_id,customer_id,visit_date,visit_type,check_in_time,check_out_time,latitude,longitude,purpose,outcome,notes,status,created_at) VALUES ('visit-01130','default-tenant-001','agent-001','cust-029','2025-10-09','customer','2025-10-09T17:03:00Z','2025-10-09T18:10:00Z',-28.7032,24.7302,'competitor_check','follow_up_needed','Customer happy','completed','2025-10-09T17:03:00Z');
INSERT OR IGNORE INTO visits (id,tenant_id,agent_id,customer_id,visit_date,visit_type,check_in_time,check_out_time,latitude,longitude,purpose,outcome,notes,status,created_at) VALUES ('visit-01131','default-tenant-001','agent-002','cust-030','2025-10-23','customer','2025-10-23T13:56:00Z','2025-10-23T14:45:00Z',-28.7231,24.7668,'new_customer','order_placed','Shelf space increased','completed','2025-10-23T13:56:00Z');
INSERT OR IGNORE INTO visits (id,tenant_id,agent_id,customer_id,visit_date,visit_type,check_in_time,check_out_time,latitude,longitude,purpose,outcome,notes,status,created_at) VALUES ('visit-01132','default-tenant-001','agent-user-001','cust-038','2025-12-10','customer','2025-12-10T11:34:00Z','2025-12-10T12:24:00Z',-33.9744,18.4629,'customer_service','no_order','Competitor promo spotted','completed','2025-12-10T11:34:00Z');
INSERT OR IGNORE INTO visits (id,tenant_id,agent_id,customer_id,visit_date,visit_type,check_in_time,check_out_time,latitude,longitude,purpose,outcome,notes,status,created_at) VALUES ('visit-01133','default-tenant-001','agent-004','cust-064','2025-12-12','customer','2025-12-12T11:46:00Z','2025-12-12T12:23:00Z',-33.0578,27.9563,'customer_service','stock_checked','Follow up needed','in_progress','2025-12-12T11:46:00Z');
INSERT OR IGNORE INTO visits (id,tenant_id,agent_id,customer_id,visit_date,visit_type,check_in_time,check_out_time,latitude,longitude,purpose,outcome,notes,status,created_at) VALUES ('visit-01134','default-tenant-001','agent-004','cust-032','2025-10-25','customer','2025-10-25T11:39:00Z','2025-10-25T12:34:00Z',-28.7504,24.7721,'competitor_check','stock_checked','','completed','2025-10-25T11:39:00Z');
INSERT OR IGNORE INTO visits (id,tenant_id,agent_id,customer_id,visit_date,visit_type,check_in_time,check_out_time,latitude,longitude,purpose,outcome,notes,status,created_at) VALUES ('visit-01135','default-tenant-001','agent-005','cust-087','2025-11-01','customer','2025-11-01T07:30:00Z','2025-11-01T08:55:00Z',-33.9270,18.4363,'customer_service','issue_resolved','Competitor promo spotted','completed','2025-11-01T07:30:00Z');
INSERT OR IGNORE INTO visits (id,tenant_id,agent_id,customer_id,visit_date,visit_type,check_in_time,check_out_time,latitude,longitude,purpose,outcome,notes,status,created_at) VALUES ('visit-01136','default-tenant-001','agent-004','cust-090','2025-12-29','customer','2025-12-29T09:58:00Z','2025-12-29T10:32:00Z',-23.9440,29.4258,'merchandising','competitor_noted','Follow up needed','cancelled','2025-12-29T09:58:00Z');
INSERT OR IGNORE INTO visits (id,tenant_id,agent_id,customer_id,visit_date,visit_type,check_in_time,check_out_time,latitude,longitude,purpose,outcome,notes,status,created_at) VALUES ('visit-01137','default-tenant-001','agent-005','cust-027','2026-03-04','customer','2026-03-04T15:29:00Z','2026-03-04T16:41:00Z',-28.6903,24.7508,'audit','no_order','Good visit','completed','2026-03-04T15:29:00Z');
INSERT OR IGNORE INTO visits (id,tenant_id,agent_id,customer_id,visit_date,visit_type,check_in_time,check_out_time,latitude,longitude,purpose,outcome,notes,status,created_at) VALUES ('visit-01138','default-tenant-001','agent-001','cust-077','2025-12-09','customer','2025-12-09T07:24:00Z','2025-12-09T08:31:00Z',-33.8978,18.3773,'collection','stock_checked','Stock low','completed','2025-12-09T07:24:00Z');
INSERT OR IGNORE INTO visits (id,tenant_id,agent_id,customer_id,visit_date,visit_type,check_in_time,check_out_time,latitude,longitude,purpose,outcome,notes,status,created_at) VALUES ('visit-01139','default-tenant-001','agent-004','cust-032','2026-01-19','customer','2026-01-19T10:12:00Z','2026-01-19T10:46:00Z',-29.8607,31.0565,'delivery','follow_up_needed','Placed large order','completed','2026-01-19T10:12:00Z');
INSERT OR IGNORE INTO visits (id,tenant_id,agent_id,customer_id,visit_date,visit_type,check_in_time,check_out_time,latitude,longitude,purpose,outcome,notes,status,created_at) VALUES ('visit-01140','default-tenant-001','agent-001','cust-089','2025-12-06','customer','2025-12-06T16:24:00Z','2025-12-06T16:55:00Z',-33.9797,25.6314,'customer_service','no_order','Competitor promo spotted','cancelled','2025-12-06T16:24:00Z');
INSERT OR IGNORE INTO visits (id,tenant_id,agent_id,customer_id,visit_date,visit_type,check_in_time,check_out_time,latitude,longitude,purpose,outcome,notes,status,created_at) VALUES ('visit-01141','default-tenant-001','agent-001','cust-066','2025-11-03','customer','2025-11-03T16:40:00Z','2025-11-03T17:25:00Z',-29.8347,31.0026,'customer_service','follow_up_needed','Good visit','completed','2025-11-03T16:40:00Z');
INSERT OR IGNORE INTO visits (id,tenant_id,agent_id,customer_id,visit_date,visit_type,check_in_time,check_out_time,latitude,longitude,purpose,outcome,notes,status,created_at) VALUES ('visit-01142','default-tenant-001','agent-004','cust-017','2025-12-10','customer','2025-12-10T11:11:00Z','2025-12-10T11:58:00Z',-26.1805,28.0414,'collection','issue_resolved','Stock low','completed','2025-12-10T11:11:00Z');
INSERT OR IGNORE INTO visits (id,tenant_id,agent_id,customer_id,visit_date,visit_type,check_in_time,check_out_time,latitude,longitude,purpose,outcome,notes,status,created_at) VALUES ('visit-01143','default-tenant-001','agent-004','cust-054','2025-12-17','customer','2025-12-17T15:59:00Z','2025-12-17T17:25:00Z',-23.8570,29.4936,'delivery','follow_up_needed','Need more samples','pending','2025-12-17T15:59:00Z');
INSERT OR IGNORE INTO visits (id,tenant_id,agent_id,customer_id,visit_date,visit_type,check_in_time,check_out_time,latitude,longitude,purpose,outcome,notes,status,created_at) VALUES ('visit-01144','default-tenant-001','agent-005','cust-011','2025-10-01','customer','2025-10-01T09:06:00Z','2025-10-01T10:02:00Z',-28.7547,24.7309,'delivery','no_order','Placed large order','pending','2025-10-01T09:06:00Z');
INSERT OR IGNORE INTO visits (id,tenant_id,agent_id,customer_id,visit_date,visit_type,check_in_time,check_out_time,latitude,longitude,purpose,outcome,notes,status,created_at) VALUES ('visit-01145','default-tenant-001','agent-002','cust-077','2025-10-19','customer','2025-10-19T08:29:00Z','2025-10-19T08:57:00Z',-33.0124,27.9133,'competitor_check','stock_checked','Stock low','in_progress','2025-10-19T08:29:00Z');
INSERT OR IGNORE INTO visits (id,tenant_id,agent_id,customer_id,visit_date,visit_type,check_in_time,check_out_time,latitude,longitude,purpose,outcome,notes,status,created_at) VALUES ('visit-01146','default-tenant-001','agent-003','cust-092','2025-11-15','customer','2025-11-15T10:39:00Z','2025-11-15T11:00:00Z',-23.9164,29.4801,'delivery','follow_up_needed','Follow up needed','completed','2025-11-15T10:39:00Z');
INSERT OR IGNORE INTO visits (id,tenant_id,agent_id,customer_id,visit_date,visit_type,check_in_time,check_out_time,latitude,longitude,purpose,outcome,notes,status,created_at) VALUES ('visit-01147','default-tenant-001','agent-user-001','cust-092','2025-12-22','customer','2025-12-22T14:49:00Z','2025-12-22T15:32:00Z',-29.8180,31.0075,'audit','order_placed','Good visit','completed','2025-12-22T14:49:00Z');
INSERT OR IGNORE INTO visits (id,tenant_id,agent_id,customer_id,visit_date,visit_type,check_in_time,check_out_time,latitude,longitude,purpose,outcome,notes,status,created_at) VALUES ('visit-01148','default-tenant-001','agent-004','cust-039','2025-10-31','customer','2025-10-31T10:34:00Z','2025-10-31T11:07:00Z',-26.2339,28.0100,'audit','follow_up_needed','Stock low','pending','2025-10-31T10:34:00Z');
INSERT OR IGNORE INTO visits (id,tenant_id,agent_id,customer_id,visit_date,visit_type,check_in_time,check_out_time,latitude,longitude,purpose,outcome,notes,status,created_at) VALUES ('visit-01149','default-tenant-001','agent-002','cust-086','2025-10-29','customer','2025-10-29T16:57:00Z','2025-10-29T17:41:00Z',-28.7490,24.7806,'new_customer','competitor_noted','Customer happy','completed','2025-10-29T16:57:00Z');
INSERT OR IGNORE INTO visits (id,tenant_id,agent_id,customer_id,visit_date,visit_type,check_in_time,check_out_time,latitude,longitude,purpose,outcome,notes,status,created_at) VALUES ('visit-01150','default-tenant-001','agent-001','cust-017','2025-10-05','customer','2025-10-05T11:42:00Z','2025-10-05T12:53:00Z',-29.8718,31.0477,'competitor_check','issue_resolved','','cancelled','2025-10-05T11:42:00Z');
INSERT OR IGNORE INTO visits (id,tenant_id,agent_id,customer_id,visit_date,visit_type,check_in_time,check_out_time,latitude,longitude,purpose,outcome,notes,status,created_at) VALUES ('visit-01151','default-tenant-001','agent-003','cust-099','2026-02-13','customer','2026-02-13T13:17:00Z','2026-02-13T13:54:00Z',-26.2516,28.0076,'competitor_check','issue_resolved','Customer happy','pending','2026-02-13T13:17:00Z');
INSERT OR IGNORE INTO visits (id,tenant_id,agent_id,customer_id,visit_date,visit_type,check_in_time,check_out_time,latitude,longitude,purpose,outcome,notes,status,created_at) VALUES ('visit-01152','default-tenant-001','agent-004','cust-092','2026-02-02','customer','2026-02-02T17:40:00Z','2026-02-02T18:37:00Z',-25.5101,30.9920,'competitor_check','stock_checked','New display set up','pending','2026-02-02T17:40:00Z');
INSERT OR IGNORE INTO visits (id,tenant_id,agent_id,customer_id,visit_date,visit_type,check_in_time,check_out_time,latitude,longitude,purpose,outcome,notes,status,created_at) VALUES ('visit-01153','default-tenant-001','agent-004','cust-048','2026-01-21','customer','2026-01-21T12:53:00Z','2026-01-21T13:27:00Z',-29.0432,26.1883,'customer_service','no_order','Customer happy','completed','2026-01-21T12:53:00Z');
INSERT OR IGNORE INTO visits (id,tenant_id,agent_id,customer_id,visit_date,visit_type,check_in_time,check_out_time,latitude,longitude,purpose,outcome,notes,status,created_at) VALUES ('visit-01154','default-tenant-001','agent-001','cust-085','2025-10-07','customer','2025-10-07T14:17:00Z','2025-10-07T15:33:00Z',-33.9350,25.6224,'new_customer','competitor_noted','Good visit','completed','2025-10-07T14:17:00Z');
INSERT OR IGNORE INTO visits (id,tenant_id,agent_id,customer_id,visit_date,visit_type,check_in_time,check_out_time,latitude,longitude,purpose,outcome,notes,status,created_at) VALUES ('visit-01155','default-tenant-001','agent-002','cust-020','2025-11-22','customer','2025-11-22T08:22:00Z','2025-11-22T09:30:00Z',-29.8219,30.9985,'competitor_check','competitor_noted','','completed','2025-11-22T08:22:00Z');
INSERT OR IGNORE INTO visits (id,tenant_id,agent_id,customer_id,visit_date,visit_type,check_in_time,check_out_time,latitude,longitude,purpose,outcome,notes,status,created_at) VALUES ('visit-01156','default-tenant-001','agent-001','cust-096','2025-10-18','customer','2025-10-18T08:24:00Z','2025-10-18T08:55:00Z',-33.8901,18.3939,'audit','order_placed','Good visit','completed','2025-10-18T08:24:00Z');
INSERT OR IGNORE INTO visits (id,tenant_id,agent_id,customer_id,visit_date,visit_type,check_in_time,check_out_time,latitude,longitude,purpose,outcome,notes,status,created_at) VALUES ('visit-01157','default-tenant-001','agent-001','cust-034','2025-10-07','customer','2025-10-07T13:08:00Z','2025-10-07T13:45:00Z',-28.7108,24.7558,'competitor_check','competitor_noted','Need more samples','completed','2025-10-07T13:08:00Z');
INSERT OR IGNORE INTO visits (id,tenant_id,agent_id,customer_id,visit_date,visit_type,check_in_time,check_out_time,latitude,longitude,purpose,outcome,notes,status,created_at) VALUES ('visit-01158','default-tenant-001','agent-001','cust-076','2025-12-10','customer','2025-12-10T14:55:00Z','2025-12-10T15:17:00Z',-33.0193,27.9170,'competitor_check','no_order','New display set up','cancelled','2025-12-10T14:55:00Z');
INSERT OR IGNORE INTO visits (id,tenant_id,agent_id,customer_id,visit_date,visit_type,check_in_time,check_out_time,latitude,longitude,purpose,outcome,notes,status,created_at) VALUES ('visit-01159','default-tenant-001','agent-002','cust-003','2026-02-13','customer','2026-02-13T10:28:00Z','2026-02-13T10:58:00Z',-29.8481,31.0099,'customer_service','competitor_noted','Shelf space increased','completed','2026-02-13T10:28:00Z');
INSERT OR IGNORE INTO visits (id,tenant_id,agent_id,customer_id,visit_date,visit_type,check_in_time,check_out_time,latitude,longitude,purpose,outcome,notes,status,created_at) VALUES ('visit-01160','default-tenant-001','agent-003','cust-084','2025-11-10','customer','2025-11-10T15:19:00Z','2025-11-10T16:22:00Z',-33.8827,18.4540,'new_customer','issue_resolved','Good visit','cancelled','2025-11-10T15:19:00Z');
INSERT OR IGNORE INTO visits (id,tenant_id,agent_id,customer_id,visit_date,visit_type,check_in_time,check_out_time,latitude,longitude,purpose,outcome,notes,status,created_at) VALUES ('visit-01161','default-tenant-001','agent-005','cust-100','2026-01-09','customer','2026-01-09T17:28:00Z','2026-01-09T18:45:00Z',-25.7775,28.1837,'competitor_check','stock_checked','Customer happy','pending','2026-01-09T17:28:00Z');
INSERT OR IGNORE INTO visits (id,tenant_id,agent_id,customer_id,visit_date,visit_type,check_in_time,check_out_time,latitude,longitude,purpose,outcome,notes,status,created_at) VALUES ('visit-01162','default-tenant-001','agent-004','cust-083','2026-02-12','customer','2026-02-12T16:19:00Z','2026-02-12T16:31:00Z',-25.7455,28.2216,'competitor_check','stock_checked','Follow up needed','completed','2026-02-12T16:19:00Z');
INSERT OR IGNORE INTO visits (id,tenant_id,agent_id,customer_id,visit_date,visit_type,check_in_time,check_out_time,latitude,longitude,purpose,outcome,notes,status,created_at) VALUES ('visit-01163','default-tenant-001','agent-005','cust-096','2026-01-16','customer','2026-01-16T16:12:00Z','2026-01-16T17:11:00Z',-26.2529,28.0525,'audit','stock_checked','Good visit','completed','2026-01-16T16:12:00Z');
INSERT OR IGNORE INTO visits (id,tenant_id,agent_id,customer_id,visit_date,visit_type,check_in_time,check_out_time,latitude,longitude,purpose,outcome,notes,status,created_at) VALUES ('visit-01164','default-tenant-001','agent-user-001','cust-083','2025-12-04','customer','2025-12-04T14:32:00Z','2025-12-04T15:26:00Z',-33.9969,25.6346,'delivery','competitor_noted','Shelf space increased','completed','2025-12-04T14:32:00Z');
INSERT OR IGNORE INTO visits (id,tenant_id,agent_id,customer_id,visit_date,visit_type,check_in_time,check_out_time,latitude,longitude,purpose,outcome,notes,status,created_at) VALUES ('visit-01165','default-tenant-001','agent-user-001','cust-040','2025-11-20','customer','2025-11-20T16:35:00Z','2025-11-20T17:43:00Z',-33.0200,27.8938,'audit','stock_checked','Shelf space increased','completed','2025-11-20T16:35:00Z');
INSERT OR IGNORE INTO visits (id,tenant_id,agent_id,customer_id,visit_date,visit_type,check_in_time,check_out_time,latitude,longitude,purpose,outcome,notes,status,created_at) VALUES ('visit-01166','default-tenant-001','agent-001','cust-046','2025-10-02','customer','2025-10-02T13:56:00Z','2025-10-02T14:22:00Z',-23.9177,29.4595,'collection','no_order','Need more samples','completed','2025-10-02T13:56:00Z');
INSERT OR IGNORE INTO visits (id,tenant_id,agent_id,customer_id,visit_date,visit_type,check_in_time,check_out_time,latitude,longitude,purpose,outcome,notes,status,created_at) VALUES ('visit-01167','default-tenant-001','agent-002','cust-018','2026-03-04','customer','2026-03-04T12:16:00Z','2026-03-04T13:33:00Z',-26.1638,28.0877,'merchandising','follow_up_needed','','cancelled','2026-03-04T12:16:00Z');
INSERT OR IGNORE INTO visits (id,tenant_id,agent_id,customer_id,visit_date,visit_type,check_in_time,check_out_time,latitude,longitude,purpose,outcome,notes,status,created_at) VALUES ('visit-01168','default-tenant-001','agent-user-001','cust-032','2026-01-06','customer','2026-01-06T15:37:00Z','2026-01-06T16:06:00Z',-33.0441,27.9400,'audit','competitor_noted','Competitor promo spotted','in_progress','2026-01-06T15:37:00Z');
INSERT OR IGNORE INTO visits (id,tenant_id,agent_id,customer_id,visit_date,visit_type,check_in_time,check_out_time,latitude,longitude,purpose,outcome,notes,status,created_at) VALUES ('visit-01169','default-tenant-001','agent-001','cust-058','2026-01-13','customer','2026-01-13T08:22:00Z','2026-01-13T08:58:00Z',-25.7714,28.2007,'sales','no_order','Need more samples','pending','2026-01-13T08:22:00Z');
INSERT OR IGNORE INTO visits (id,tenant_id,agent_id,customer_id,visit_date,visit_type,check_in_time,check_out_time,latitude,longitude,purpose,outcome,notes,status,created_at) VALUES ('visit-01170','default-tenant-001','agent-001','cust-012','2026-02-20','customer','2026-02-20T10:24:00Z','2026-02-20T11:40:00Z',-25.5129,30.9382,'new_customer','competitor_noted','Follow up needed','completed','2026-02-20T10:24:00Z');
INSERT OR IGNORE INTO visits (id,tenant_id,agent_id,customer_id,visit_date,visit_type,check_in_time,check_out_time,latitude,longitude,purpose,outcome,notes,status,created_at) VALUES ('visit-01171','default-tenant-001','agent-user-001','cust-050','2026-01-25','customer','2026-01-25T11:45:00Z','2026-01-25T12:03:00Z',-33.0542,27.9568,'audit','competitor_noted','Need more samples','cancelled','2026-01-25T11:45:00Z');
INSERT OR IGNORE INTO visits (id,tenant_id,agent_id,customer_id,visit_date,visit_type,check_in_time,check_out_time,latitude,longitude,purpose,outcome,notes,status,created_at) VALUES ('visit-01172','default-tenant-001','agent-001','cust-017','2025-11-22','customer','2025-11-22T13:13:00Z','2025-11-22T13:33:00Z',-23.9475,29.4800,'competitor_check','order_placed','Shelf space increased','in_progress','2025-11-22T13:13:00Z');
INSERT OR IGNORE INTO visits (id,tenant_id,agent_id,customer_id,visit_date,visit_type,check_in_time,check_out_time,latitude,longitude,purpose,outcome,notes,status,created_at) VALUES ('visit-01173','default-tenant-001','agent-001','cust-040','2026-01-25','customer','2026-01-25T08:16:00Z','2026-01-25T09:01:00Z',-26.2246,28.0774,'audit','issue_resolved','Follow up needed','completed','2026-01-25T08:16:00Z');
INSERT OR IGNORE INTO visits (id,tenant_id,agent_id,customer_id,visit_date,visit_type,check_in_time,check_out_time,latitude,longitude,purpose,outcome,notes,status,created_at) VALUES ('visit-01174','default-tenant-001','agent-004','cust-015','2026-03-01','customer','2026-03-01T15:45:00Z','2026-03-01T15:56:00Z',-33.9611,18.4093,'collection','no_order','Competitor promo spotted','pending','2026-03-01T15:45:00Z');
INSERT OR IGNORE INTO visits (id,tenant_id,agent_id,customer_id,visit_date,visit_type,check_in_time,check_out_time,latitude,longitude,purpose,outcome,notes,status,created_at) VALUES ('visit-01175','default-tenant-001','agent-004','cust-033','2026-02-25','customer','2026-02-25T07:47:00Z','2026-02-25T09:09:00Z',-29.8602,31.0305,'sales','competitor_noted','Shelf space increased','completed','2026-02-25T07:47:00Z');
INSERT OR IGNORE INTO visits (id,tenant_id,agent_id,customer_id,visit_date,visit_type,check_in_time,check_out_time,latitude,longitude,purpose,outcome,notes,status,created_at) VALUES ('visit-01176','default-tenant-001','agent-002','cust-012','2025-12-31','customer','2025-12-31T16:03:00Z','2025-12-31T17:05:00Z',-29.8633,31.0063,'merchandising','order_placed','Placed large order','in_progress','2025-12-31T16:03:00Z');
INSERT OR IGNORE INTO visits (id,tenant_id,agent_id,customer_id,visit_date,visit_type,check_in_time,check_out_time,latitude,longitude,purpose,outcome,notes,status,created_at) VALUES ('visit-01177','default-tenant-001','agent-005','cust-077','2026-02-15','customer','2026-02-15T08:09:00Z','2026-02-15T09:00:00Z',-25.7794,28.2085,'sales','issue_resolved','Good visit','completed','2026-02-15T08:09:00Z');
INSERT OR IGNORE INTO visits (id,tenant_id,agent_id,customer_id,visit_date,visit_type,check_in_time,check_out_time,latitude,longitude,purpose,outcome,notes,status,created_at) VALUES ('visit-01178','default-tenant-001','agent-user-001','cust-016','2025-10-18','customer','2025-10-18T09:31:00Z','2025-10-18T10:49:00Z',-32.9704,27.8837,'competitor_check','follow_up_needed','Good visit','completed','2025-10-18T09:31:00Z');
INSERT OR IGNORE INTO visits (id,tenant_id,agent_id,customer_id,visit_date,visit_type,check_in_time,check_out_time,latitude,longitude,purpose,outcome,notes,status,created_at) VALUES ('visit-01179','default-tenant-001','agent-003','cust-075','2025-12-03','customer','2025-12-03T10:15:00Z','2025-12-03T10:34:00Z',-23.9052,29.4350,'customer_service','no_order','Good visit','pending','2025-12-03T10:15:00Z');
INSERT OR IGNORE INTO visits (id,tenant_id,agent_id,customer_id,visit_date,visit_type,check_in_time,check_out_time,latitude,longitude,purpose,outcome,notes,status,created_at) VALUES ('visit-01180','default-tenant-001','agent-001','cust-014','2025-10-31','customer','2025-10-31T15:49:00Z','2025-10-31T17:08:00Z',-28.6963,24.7605,'sales','stock_checked','Follow up needed','pending','2025-10-31T15:49:00Z');
INSERT OR IGNORE INTO visits (id,tenant_id,agent_id,customer_id,visit_date,visit_type,check_in_time,check_out_time,latitude,longitude,purpose,outcome,notes,status,created_at) VALUES ('visit-01181','default-tenant-001','agent-002','cust-093','2025-10-25','customer','2025-10-25T07:05:00Z','2025-10-25T07:56:00Z',-28.6984,24.7086,'audit','order_placed','New display set up','completed','2025-10-25T07:05:00Z');
INSERT OR IGNORE INTO visits (id,tenant_id,agent_id,customer_id,visit_date,visit_type,check_in_time,check_out_time,latitude,longitude,purpose,outcome,notes,status,created_at) VALUES ('visit-01182','default-tenant-001','agent-001','cust-033','2026-02-15','customer','2026-02-15T11:20:00Z','2026-02-15T11:34:00Z',-34.0080,25.6276,'competitor_check','competitor_noted','Good visit','cancelled','2026-02-15T11:20:00Z');
INSERT OR IGNORE INTO visits (id,tenant_id,agent_id,customer_id,visit_date,visit_type,check_in_time,check_out_time,latitude,longitude,purpose,outcome,notes,status,created_at) VALUES ('visit-01183','default-tenant-001','agent-002','cust-085','2026-01-21','customer','2026-01-21T13:46:00Z','2026-01-21T14:26:00Z',-29.1166,26.1366,'customer_service','issue_resolved','','completed','2026-01-21T13:46:00Z');
INSERT OR IGNORE INTO visits (id,tenant_id,agent_id,customer_id,visit_date,visit_type,check_in_time,check_out_time,latitude,longitude,purpose,outcome,notes,status,created_at) VALUES ('visit-01184','default-tenant-001','agent-005','cust-032','2025-10-26','customer','2025-10-26T11:56:00Z','2025-10-26T13:00:00Z',-33.9165,18.4031,'merchandising','issue_resolved','Good visit','completed','2025-10-26T11:56:00Z');
INSERT OR IGNORE INTO visits (id,tenant_id,agent_id,customer_id,visit_date,visit_type,check_in_time,check_out_time,latitude,longitude,purpose,outcome,notes,status,created_at) VALUES ('visit-01185','default-tenant-001','agent-005','cust-019','2025-10-14','customer','2025-10-14T15:34:00Z','2025-10-14T16:02:00Z',-33.0280,27.8889,'collection','no_order','Follow up needed','cancelled','2025-10-14T15:34:00Z');
INSERT OR IGNORE INTO visits (id,tenant_id,agent_id,customer_id,visit_date,visit_type,check_in_time,check_out_time,latitude,longitude,purpose,outcome,notes,status,created_at) VALUES ('visit-01186','default-tenant-001','agent-003','cust-029','2025-10-23','customer','2025-10-23T07:31:00Z','2025-10-23T08:26:00Z',-33.0175,27.9237,'sales','competitor_noted','New display set up','cancelled','2025-10-23T07:31:00Z');
INSERT OR IGNORE INTO visits (id,tenant_id,agent_id,customer_id,visit_date,visit_type,check_in_time,check_out_time,latitude,longitude,purpose,outcome,notes,status,created_at) VALUES ('visit-01187','default-tenant-001','agent-002','cust-040','2025-11-24','customer','2025-11-24T07:28:00Z','2025-11-24T08:25:00Z',-25.7274,28.2235,'sales','issue_resolved','Placed large order','pending','2025-11-24T07:28:00Z');
INSERT OR IGNORE INTO visits (id,tenant_id,agent_id,customer_id,visit_date,visit_type,check_in_time,check_out_time,latitude,longitude,purpose,outcome,notes,status,created_at) VALUES ('visit-01188','default-tenant-001','agent-004','cust-020','2025-10-02','customer','2025-10-02T08:05:00Z','2025-10-02T08:15:00Z',-28.7594,24.7525,'competitor_check','order_placed','Competitor promo spotted','pending','2025-10-02T08:05:00Z');
INSERT OR IGNORE INTO visits (id,tenant_id,agent_id,customer_id,visit_date,visit_type,check_in_time,check_out_time,latitude,longitude,purpose,outcome,notes,status,created_at) VALUES ('visit-01189','default-tenant-001','agent-001','cust-039','2025-12-26','customer','2025-12-26T09:25:00Z','2025-12-26T10:11:00Z',-33.9487,25.6479,'merchandising','no_order','Good visit','completed','2025-12-26T09:25:00Z');
INSERT OR IGNORE INTO visits (id,tenant_id,agent_id,customer_id,visit_date,visit_type,check_in_time,check_out_time,latitude,longitude,purpose,outcome,notes,status,created_at) VALUES ('visit-01190','default-tenant-001','agent-005','cust-030','2025-11-25','customer','2025-11-25T11:08:00Z','2025-11-25T12:12:00Z',-28.7399,24.7201,'new_customer','issue_resolved','Shelf space increased','completed','2025-11-25T11:08:00Z');
INSERT OR IGNORE INTO visits (id,tenant_id,agent_id,customer_id,visit_date,visit_type,check_in_time,check_out_time,latitude,longitude,purpose,outcome,notes,status,created_at) VALUES ('visit-01191','default-tenant-001','agent-user-001','cust-005','2025-12-22','customer','2025-12-22T07:56:00Z','2025-12-22T08:48:00Z',-26.2409,28.0723,'new_customer','follow_up_needed','Stock low','completed','2025-12-22T07:56:00Z');
INSERT OR IGNORE INTO visits (id,tenant_id,agent_id,customer_id,visit_date,visit_type,check_in_time,check_out_time,latitude,longitude,purpose,outcome,notes,status,created_at) VALUES ('visit-01192','default-tenant-001','agent-user-001','cust-036','2025-11-04','customer','2025-11-04T13:08:00Z','2025-11-04T14:18:00Z',-23.9520,29.4447,'competitor_check','no_order','Shelf space increased','completed','2025-11-04T13:08:00Z');
INSERT OR IGNORE INTO visits (id,tenant_id,agent_id,customer_id,visit_date,visit_type,check_in_time,check_out_time,latitude,longitude,purpose,outcome,notes,status,created_at) VALUES ('visit-01193','default-tenant-001','agent-004','cust-037','2025-12-27','customer','2025-12-27T13:06:00Z','2025-12-27T14:23:00Z',-25.7127,28.2218,'competitor_check','competitor_noted','Follow up needed','completed','2025-12-27T13:06:00Z');
INSERT OR IGNORE INTO visits (id,tenant_id,agent_id,customer_id,visit_date,visit_type,check_in_time,check_out_time,latitude,longitude,purpose,outcome,notes,status,created_at) VALUES ('visit-01194','default-tenant-001','agent-005','cust-089','2025-11-13','customer','2025-11-13T13:43:00Z','2025-11-13T14:57:00Z',-29.0761,26.1556,'collection','competitor_noted','Customer happy','cancelled','2025-11-13T13:43:00Z');
INSERT OR IGNORE INTO visits (id,tenant_id,agent_id,customer_id,visit_date,visit_type,check_in_time,check_out_time,latitude,longitude,purpose,outcome,notes,status,created_at) VALUES ('visit-01195','default-tenant-001','agent-004','cust-091','2025-11-16','customer','2025-11-16T13:26:00Z','2025-11-16T13:57:00Z',-33.9749,18.4384,'competitor_check','no_order','Placed large order','completed','2025-11-16T13:26:00Z');
INSERT OR IGNORE INTO visits (id,tenant_id,agent_id,customer_id,visit_date,visit_type,check_in_time,check_out_time,latitude,longitude,purpose,outcome,notes,status,created_at) VALUES ('visit-01196','default-tenant-001','agent-005','cust-097','2025-10-23','customer','2025-10-23T13:05:00Z','2025-10-23T13:55:00Z',-25.7894,28.2766,'delivery','no_order','Follow up needed','pending','2025-10-23T13:05:00Z');
INSERT OR IGNORE INTO visits (id,tenant_id,agent_id,customer_id,visit_date,visit_type,check_in_time,check_out_time,latitude,longitude,purpose,outcome,notes,status,created_at) VALUES ('visit-01197','default-tenant-001','agent-user-001','cust-036','2025-12-07','customer','2025-12-07T07:32:00Z','2025-12-07T09:00:00Z',-29.8326,31.0396,'competitor_check','follow_up_needed','Placed large order','in_progress','2025-12-07T07:32:00Z');
INSERT OR IGNORE INTO visits (id,tenant_id,agent_id,customer_id,visit_date,visit_type,check_in_time,check_out_time,latitude,longitude,purpose,outcome,notes,status,created_at) VALUES ('visit-01198','default-tenant-001','agent-003','cust-059','2025-11-07','customer','2025-11-07T07:07:00Z','2025-11-07T07:18:00Z',-29.9080,31.0685,'audit','stock_checked','Competitor promo spotted','in_progress','2025-11-07T07:07:00Z');
INSERT OR IGNORE INTO visits (id,tenant_id,agent_id,customer_id,visit_date,visit_type,check_in_time,check_out_time,latitude,longitude,purpose,outcome,notes,status,created_at) VALUES ('visit-01199','default-tenant-001','agent-001','cust-019','2026-02-11','customer','2026-02-11T16:15:00Z','2026-02-11T16:36:00Z',-29.1232,26.1741,'merchandising','competitor_noted','Shelf space increased','in_progress','2026-02-11T16:15:00Z');
INSERT OR IGNORE INTO visits (id,tenant_id,agent_id,customer_id,visit_date,visit_type,check_in_time,check_out_time,latitude,longitude,purpose,outcome,notes,status,created_at) VALUES ('visit-01200','default-tenant-001','agent-004','cust-022','2025-12-16','customer','2025-12-16T10:16:00Z','2025-12-16T11:00:00Z',-29.8292,31.0230,'competitor_check','order_placed','Good visit','in_progress','2025-12-16T10:16:00Z');
INSERT OR IGNORE INTO visits (id,tenant_id,agent_id,customer_id,visit_date,visit_type,check_in_time,check_out_time,latitude,longitude,purpose,outcome,notes,status,created_at) VALUES ('visit-01201','default-tenant-001','agent-005','cust-096','2025-12-25','customer','2025-12-25T13:07:00Z','2025-12-25T13:37:00Z',-32.9710,27.9482,'sales','no_order','Need more samples','completed','2025-12-25T13:07:00Z');
INSERT OR IGNORE INTO visits (id,tenant_id,agent_id,customer_id,visit_date,visit_type,check_in_time,check_out_time,latitude,longitude,purpose,outcome,notes,status,created_at) VALUES ('visit-01202','default-tenant-001','agent-user-001','cust-092','2026-03-06','customer','2026-03-06T17:40:00Z','2026-03-06T19:05:00Z',-33.9973,25.6363,'collection','issue_resolved','','completed','2026-03-06T17:40:00Z');
INSERT OR IGNORE INTO visits (id,tenant_id,agent_id,customer_id,visit_date,visit_type,check_in_time,check_out_time,latitude,longitude,purpose,outcome,notes,status,created_at) VALUES ('visit-01203','default-tenant-001','agent-003','cust-062','2025-12-15','customer','2025-12-15T07:58:00Z','2025-12-15T09:22:00Z',-29.0737,26.2003,'audit','competitor_noted','Follow up needed','completed','2025-12-15T07:58:00Z');
INSERT OR IGNORE INTO visits (id,tenant_id,agent_id,customer_id,visit_date,visit_type,check_in_time,check_out_time,latitude,longitude,purpose,outcome,notes,status,created_at) VALUES ('visit-01204','default-tenant-001','agent-005','cust-083','2026-02-12','customer','2026-02-12T09:30:00Z','2026-02-12T10:48:00Z',-23.8601,29.5112,'audit','no_order','Placed large order','in_progress','2026-02-12T09:30:00Z');
INSERT OR IGNORE INTO visits (id,tenant_id,agent_id,customer_id,visit_date,visit_type,check_in_time,check_out_time,latitude,longitude,purpose,outcome,notes,status,created_at) VALUES ('visit-01205','default-tenant-001','agent-user-001','cust-099','2025-10-23','customer','2025-10-23T08:58:00Z','2025-10-23T09:32:00Z',-32.9942,27.8676,'new_customer','follow_up_needed','Placed large order','in_progress','2025-10-23T08:58:00Z');
INSERT OR IGNORE INTO visits (id,tenant_id,agent_id,customer_id,visit_date,visit_type,check_in_time,check_out_time,latitude,longitude,purpose,outcome,notes,status,created_at) VALUES ('visit-01206','default-tenant-001','agent-005','cust-066','2025-12-07','customer','2025-12-07T10:11:00Z','2025-12-07T11:26:00Z',-25.4313,30.9316,'customer_service','order_placed','Follow up needed','pending','2025-12-07T10:11:00Z');
INSERT OR IGNORE INTO visits (id,tenant_id,agent_id,customer_id,visit_date,visit_type,check_in_time,check_out_time,latitude,longitude,purpose,outcome,notes,status,created_at) VALUES ('visit-01207','default-tenant-001','agent-002','cust-083','2026-01-05','customer','2026-01-05T08:21:00Z','2026-01-05T09:36:00Z',-25.4803,30.9438,'new_customer','no_order','Competitor promo spotted','in_progress','2026-01-05T08:21:00Z');
INSERT OR IGNORE INTO visits (id,tenant_id,agent_id,customer_id,visit_date,visit_type,check_in_time,check_out_time,latitude,longitude,purpose,outcome,notes,status,created_at) VALUES ('visit-01208','default-tenant-001','agent-004','cust-074','2025-11-02','customer','2025-11-02T09:13:00Z','2025-11-02T09:55:00Z',-28.7531,24.7621,'competitor_check','order_placed','','completed','2025-11-02T09:13:00Z');
INSERT OR IGNORE INTO visits (id,tenant_id,agent_id,customer_id,visit_date,visit_type,check_in_time,check_out_time,latitude,longitude,purpose,outcome,notes,status,created_at) VALUES ('visit-01209','default-tenant-001','agent-004','cust-050','2025-10-23','customer','2025-10-23T13:05:00Z','2025-10-23T14:18:00Z',-29.1303,26.1501,'collection','issue_resolved','','completed','2025-10-23T13:05:00Z');
INSERT OR IGNORE INTO visits (id,tenant_id,agent_id,customer_id,visit_date,visit_type,check_in_time,check_out_time,latitude,longitude,purpose,outcome,notes,status,created_at) VALUES ('visit-01210','default-tenant-001','agent-002','cust-055','2025-10-20','customer','2025-10-20T11:45:00Z','2025-10-20T13:14:00Z',-29.8235,31.0192,'sales','follow_up_needed','Good visit','cancelled','2025-10-20T11:45:00Z');
INSERT OR IGNORE INTO visits (id,tenant_id,agent_id,customer_id,visit_date,visit_type,check_in_time,check_out_time,latitude,longitude,purpose,outcome,notes,status,created_at) VALUES ('visit-01211','default-tenant-001','agent-001','cust-075','2025-10-18','customer','2025-10-18T17:51:00Z','2025-10-18T18:24:00Z',-25.7791,28.2188,'audit','stock_checked','Customer happy','completed','2025-10-18T17:51:00Z');
INSERT OR IGNORE INTO visits (id,tenant_id,agent_id,customer_id,visit_date,visit_type,check_in_time,check_out_time,latitude,longitude,purpose,outcome,notes,status,created_at) VALUES ('visit-01212','default-tenant-001','agent-001','cust-081','2025-12-24','customer','2025-12-24T15:12:00Z','2025-12-24T16:11:00Z',-34.0072,25.6404,'audit','follow_up_needed','Need more samples','completed','2025-12-24T15:12:00Z');
INSERT OR IGNORE INTO visits (id,tenant_id,agent_id,customer_id,visit_date,visit_type,check_in_time,check_out_time,latitude,longitude,purpose,outcome,notes,status,created_at) VALUES ('visit-01213','default-tenant-001','agent-001','cust-005','2026-02-06','customer','2026-02-06T17:28:00Z','2026-02-06T18:51:00Z',-29.8568,31.0641,'sales','follow_up_needed','Good visit','completed','2026-02-06T17:28:00Z');
INSERT OR IGNORE INTO visits (id,tenant_id,agent_id,customer_id,visit_date,visit_type,check_in_time,check_out_time,latitude,longitude,purpose,outcome,notes,status,created_at) VALUES ('visit-01214','default-tenant-001','agent-002','cust-095','2026-03-08','customer','2026-03-08T14:36:00Z','2026-03-08T15:51:00Z',-33.9285,18.4503,'delivery','competitor_noted','Customer happy','pending','2026-03-08T14:36:00Z');
INSERT OR IGNORE INTO visits (id,tenant_id,agent_id,customer_id,visit_date,visit_type,check_in_time,check_out_time,latitude,longitude,purpose,outcome,notes,status,created_at) VALUES ('visit-01215','default-tenant-001','agent-002','cust-012','2026-01-20','customer','2026-01-20T13:56:00Z','2026-01-20T15:25:00Z',-23.8690,29.4190,'new_customer','follow_up_needed','Competitor promo spotted','completed','2026-01-20T13:56:00Z');
INSERT OR IGNORE INTO visits (id,tenant_id,agent_id,customer_id,visit_date,visit_type,check_in_time,check_out_time,latitude,longitude,purpose,outcome,notes,status,created_at) VALUES ('visit-01216','default-tenant-001','agent-001','cust-054','2025-12-13','customer','2025-12-13T08:33:00Z','2025-12-13T08:58:00Z',-29.0655,26.1803,'competitor_check','order_placed','Need more samples','completed','2025-12-13T08:33:00Z');
INSERT OR IGNORE INTO visits (id,tenant_id,agent_id,customer_id,visit_date,visit_type,check_in_time,check_out_time,latitude,longitude,purpose,outcome,notes,status,created_at) VALUES ('visit-01217','default-tenant-001','agent-004','cust-073','2025-11-29','customer','2025-11-29T14:26:00Z','2025-11-29T14:55:00Z',-33.9454,18.4469,'sales','no_order','','cancelled','2025-11-29T14:26:00Z');
INSERT OR IGNORE INTO visits (id,tenant_id,agent_id,customer_id,visit_date,visit_type,check_in_time,check_out_time,latitude,longitude,purpose,outcome,notes,status,created_at) VALUES ('visit-01218','default-tenant-001','agent-002','cust-042','2025-10-25','customer','2025-10-25T10:45:00Z','2025-10-25T11:24:00Z',-32.9862,27.8724,'competitor_check','issue_resolved','Competitor promo spotted','completed','2025-10-25T10:45:00Z');
INSERT OR IGNORE INTO visits (id,tenant_id,agent_id,customer_id,visit_date,visit_type,check_in_time,check_out_time,latitude,longitude,purpose,outcome,notes,status,created_at) VALUES ('visit-01219','default-tenant-001','agent-004','cust-049','2026-01-21','customer','2026-01-21T17:19:00Z','2026-01-21T18:26:00Z',-28.7245,24.7153,'audit','order_placed','Customer happy','completed','2026-01-21T17:19:00Z');
INSERT OR IGNORE INTO visits (id,tenant_id,agent_id,customer_id,visit_date,visit_type,check_in_time,check_out_time,latitude,longitude,purpose,outcome,notes,status,created_at) VALUES ('visit-01220','default-tenant-001','agent-001','cust-100','2025-10-18','customer','2025-10-18T13:42:00Z','2025-10-18T14:18:00Z',-26.2458,28.0462,'audit','stock_checked','Shelf space increased','completed','2025-10-18T13:42:00Z');
INSERT OR IGNORE INTO visits (id,tenant_id,agent_id,customer_id,visit_date,visit_type,check_in_time,check_out_time,latitude,longitude,purpose,outcome,notes,status,created_at) VALUES ('visit-01221','default-tenant-001','agent-user-001','cust-083','2025-10-14','customer','2025-10-14T13:10:00Z','2025-10-14T14:27:00Z',-32.9756,27.9535,'collection','competitor_noted','Good visit','cancelled','2025-10-14T13:10:00Z');
INSERT OR IGNORE INTO visits (id,tenant_id,agent_id,customer_id,visit_date,visit_type,check_in_time,check_out_time,latitude,longitude,purpose,outcome,notes,status,created_at) VALUES ('visit-01222','default-tenant-001','agent-004','cust-100','2025-10-21','customer','2025-10-21T08:44:00Z','2025-10-21T09:48:00Z',-26.1928,28.0637,'customer_service','follow_up_needed','','pending','2025-10-21T08:44:00Z');
INSERT OR IGNORE INTO visits (id,tenant_id,agent_id,customer_id,visit_date,visit_type,check_in_time,check_out_time,latitude,longitude,purpose,outcome,notes,status,created_at) VALUES ('visit-01223','default-tenant-001','agent-001','cust-064','2025-11-20','customer','2025-11-20T14:42:00Z','2025-11-20T15:59:00Z',-29.8595,30.9833,'competitor_check','issue_resolved','Competitor promo spotted','pending','2025-11-20T14:42:00Z');
INSERT OR IGNORE INTO visits (id,tenant_id,agent_id,customer_id,visit_date,visit_type,check_in_time,check_out_time,latitude,longitude,purpose,outcome,notes,status,created_at) VALUES ('visit-01224','default-tenant-001','agent-004','cust-015','2025-12-04','customer','2025-12-04T14:18:00Z','2025-12-04T14:56:00Z',-25.5019,31.0040,'collection','competitor_noted','Placed large order','completed','2025-12-04T14:18:00Z');
INSERT OR IGNORE INTO visits (id,tenant_id,agent_id,customer_id,visit_date,visit_type,check_in_time,check_out_time,latitude,longitude,purpose,outcome,notes,status,created_at) VALUES ('visit-01225','default-tenant-001','agent-005','cust-044','2025-12-05','customer','2025-12-05T11:49:00Z','2025-12-05T12:30:00Z',-29.1126,26.1163,'delivery','competitor_noted','Stock low','completed','2025-12-05T11:49:00Z');
INSERT OR IGNORE INTO visits (id,tenant_id,agent_id,customer_id,visit_date,visit_type,check_in_time,check_out_time,latitude,longitude,purpose,outcome,notes,status,created_at) VALUES ('visit-01226','default-tenant-001','agent-004','cust-062','2025-10-06','customer','2025-10-06T07:29:00Z','2025-10-06T08:21:00Z',-33.9579,18.4188,'new_customer','stock_checked','Shelf space increased','completed','2025-10-06T07:29:00Z');
INSERT OR IGNORE INTO visits (id,tenant_id,agent_id,customer_id,visit_date,visit_type,check_in_time,check_out_time,latitude,longitude,purpose,outcome,notes,status,created_at) VALUES ('visit-01227','default-tenant-001','agent-005','cust-057','2025-10-05','customer','2025-10-05T13:04:00Z','2025-10-05T13:32:00Z',-29.8908,31.0299,'delivery','follow_up_needed','Stock low','pending','2025-10-05T13:04:00Z');
INSERT OR IGNORE INTO visits (id,tenant_id,agent_id,customer_id,visit_date,visit_type,check_in_time,check_out_time,latitude,longitude,purpose,outcome,notes,status,created_at) VALUES ('visit-01228','default-tenant-001','agent-001','cust-036','2026-01-19','customer','2026-01-19T17:06:00Z','2026-01-19T18:34:00Z',-33.9256,25.6461,'customer_service','issue_resolved','','completed','2026-01-19T17:06:00Z');
INSERT OR IGNORE INTO visits (id,tenant_id,agent_id,customer_id,visit_date,visit_type,check_in_time,check_out_time,latitude,longitude,purpose,outcome,notes,status,created_at) VALUES ('visit-01229','default-tenant-001','agent-002','cust-044','2025-11-02','customer','2025-11-02T16:52:00Z','2025-11-02T18:17:00Z',-29.1236,26.1344,'competitor_check','follow_up_needed','Follow up needed','in_progress','2025-11-02T16:52:00Z');
INSERT OR IGNORE INTO visits (id,tenant_id,agent_id,customer_id,visit_date,visit_type,check_in_time,check_out_time,latitude,longitude,purpose,outcome,notes,status,created_at) VALUES ('visit-01230','default-tenant-001','agent-002','cust-050','2025-11-02','customer','2025-11-02T16:53:00Z','2025-11-02T17:15:00Z',-29.8140,31.0029,'delivery','order_placed','Customer happy','cancelled','2025-11-02T16:53:00Z');
INSERT OR IGNORE INTO visits (id,tenant_id,agent_id,customer_id,visit_date,visit_type,check_in_time,check_out_time,latitude,longitude,purpose,outcome,notes,status,created_at) VALUES ('visit-01231','default-tenant-001','agent-002','cust-093','2025-11-20','customer','2025-11-20T08:47:00Z','2025-11-20T09:08:00Z',-33.0426,27.9399,'new_customer','issue_resolved','Placed large order','completed','2025-11-20T08:47:00Z');
INSERT OR IGNORE INTO visits (id,tenant_id,agent_id,customer_id,visit_date,visit_type,check_in_time,check_out_time,latitude,longitude,purpose,outcome,notes,status,created_at) VALUES ('visit-01232','default-tenant-001','agent-user-001','cust-018','2025-12-03','customer','2025-12-03T11:06:00Z','2025-12-03T12:33:00Z',-29.8908,30.9784,'competitor_check','order_placed','Customer happy','in_progress','2025-12-03T11:06:00Z');
INSERT OR IGNORE INTO visits (id,tenant_id,agent_id,customer_id,visit_date,visit_type,check_in_time,check_out_time,latitude,longitude,purpose,outcome,notes,status,created_at) VALUES ('visit-01233','default-tenant-001','agent-004','cust-014','2026-03-09','customer','2026-03-09T09:27:00Z','2026-03-09T10:52:00Z',-25.7627,28.1944,'competitor_check','no_order','Stock low','completed','2026-03-09T09:27:00Z');
INSERT OR IGNORE INTO visits (id,tenant_id,agent_id,customer_id,visit_date,visit_type,check_in_time,check_out_time,latitude,longitude,purpose,outcome,notes,status,created_at) VALUES ('visit-01234','default-tenant-001','agent-002','cust-064','2026-01-05','customer','2026-01-05T08:54:00Z','2026-01-05T09:31:00Z',-25.7934,28.2473,'customer_service','follow_up_needed','Stock low','completed','2026-01-05T08:54:00Z');
INSERT OR IGNORE INTO visits (id,tenant_id,agent_id,customer_id,visit_date,visit_type,check_in_time,check_out_time,latitude,longitude,purpose,outcome,notes,status,created_at) VALUES ('visit-01235','default-tenant-001','agent-user-001','cust-067','2025-12-17','customer','2025-12-17T16:46:00Z','2025-12-17T17:58:00Z',-23.9457,29.5094,'delivery','stock_checked','','completed','2025-12-17T16:46:00Z');
INSERT OR IGNORE INTO visits (id,tenant_id,agent_id,customer_id,visit_date,visit_type,check_in_time,check_out_time,latitude,longitude,purpose,outcome,notes,status,created_at) VALUES ('visit-01236','default-tenant-001','agent-002','cust-065','2025-12-30','customer','2025-12-30T15:00:00Z','2025-12-30T15:17:00Z',-29.8303,31.0081,'new_customer','competitor_noted','New display set up','cancelled','2025-12-30T15:00:00Z');
INSERT OR IGNORE INTO visits (id,tenant_id,agent_id,customer_id,visit_date,visit_type,check_in_time,check_out_time,latitude,longitude,purpose,outcome,notes,status,created_at) VALUES ('visit-01237','default-tenant-001','agent-user-001','cust-056','2025-12-12','customer','2025-12-12T12:31:00Z','2025-12-12T13:36:00Z',-29.0967,26.1174,'delivery','competitor_noted','Customer happy','completed','2025-12-12T12:31:00Z');
INSERT OR IGNORE INTO visits (id,tenant_id,agent_id,customer_id,visit_date,visit_type,check_in_time,check_out_time,latitude,longitude,purpose,outcome,notes,status,created_at) VALUES ('visit-01238','default-tenant-001','agent-user-001','cust-018','2026-01-29','customer','2026-01-29T17:21:00Z','2026-01-29T18:28:00Z',-33.0528,27.8881,'sales','competitor_noted','Good visit','completed','2026-01-29T17:21:00Z');
INSERT OR IGNORE INTO visits (id,tenant_id,agent_id,customer_id,visit_date,visit_type,check_in_time,check_out_time,latitude,longitude,purpose,outcome,notes,status,created_at) VALUES ('visit-01239','default-tenant-001','agent-004','cust-065','2025-11-28','customer','2025-11-28T12:28:00Z','2025-11-28T13:27:00Z',-25.7320,28.2414,'merchandising','follow_up_needed','Follow up needed','pending','2025-11-28T12:28:00Z');
INSERT OR IGNORE INTO visits (id,tenant_id,agent_id,customer_id,visit_date,visit_type,check_in_time,check_out_time,latitude,longitude,purpose,outcome,notes,status,created_at) VALUES ('visit-01240','default-tenant-001','agent-user-001','cust-020','2026-03-05','customer','2026-03-05T10:27:00Z','2026-03-05T10:42:00Z',-26.1652,28.0970,'sales','issue_resolved','New display set up','in_progress','2026-03-05T10:27:00Z');
INSERT OR IGNORE INTO visits (id,tenant_id,agent_id,customer_id,visit_date,visit_type,check_in_time,check_out_time,latitude,longitude,purpose,outcome,notes,status,created_at) VALUES ('visit-01241','default-tenant-001','agent-005','cust-035','2026-01-17','customer','2026-01-17T14:09:00Z','2026-01-17T15:28:00Z',-32.9715,27.8714,'delivery','competitor_noted','Good visit','cancelled','2026-01-17T14:09:00Z');
INSERT OR IGNORE INTO visits (id,tenant_id,agent_id,customer_id,visit_date,visit_type,check_in_time,check_out_time,latitude,longitude,purpose,outcome,notes,status,created_at) VALUES ('visit-01242','default-tenant-001','agent-002','cust-004','2025-12-05','customer','2025-12-05T10:53:00Z','2025-12-05T12:12:00Z',-29.0461,26.1861,'competitor_check','order_placed','Customer happy','completed','2025-12-05T10:53:00Z');
INSERT OR IGNORE INTO visits (id,tenant_id,agent_id,customer_id,visit_date,visit_type,check_in_time,check_out_time,latitude,longitude,purpose,outcome,notes,status,created_at) VALUES ('visit-01243','default-tenant-001','agent-005','cust-014','2025-10-26','customer','2025-10-26T16:39:00Z','2025-10-26T18:01:00Z',-25.4920,30.9912,'competitor_check','competitor_noted','Need more samples','completed','2025-10-26T16:39:00Z');
INSERT OR IGNORE INTO visits (id,tenant_id,agent_id,customer_id,visit_date,visit_type,check_in_time,check_out_time,latitude,longitude,purpose,outcome,notes,status,created_at) VALUES ('visit-01244','default-tenant-001','agent-003','cust-069','2026-02-13','customer','2026-02-13T07:57:00Z','2026-02-13T09:06:00Z',-26.1610,28.0872,'merchandising','follow_up_needed','New display set up','completed','2026-02-13T07:57:00Z');
INSERT OR IGNORE INTO visits (id,tenant_id,agent_id,customer_id,visit_date,visit_type,check_in_time,check_out_time,latitude,longitude,purpose,outcome,notes,status,created_at) VALUES ('visit-01245','default-tenant-001','agent-005','cust-020','2026-02-09','customer','2026-02-09T12:47:00Z','2026-02-09T14:08:00Z',-26.2059,28.0537,'merchandising','order_placed','Customer happy','pending','2026-02-09T12:47:00Z');
INSERT OR IGNORE INTO visits (id,tenant_id,agent_id,customer_id,visit_date,visit_type,check_in_time,check_out_time,latitude,longitude,purpose,outcome,notes,status,created_at) VALUES ('visit-01246','default-tenant-001','agent-user-001','cust-046','2025-10-20','customer','2025-10-20T11:37:00Z','2025-10-20T12:39:00Z',-28.7296,24.7884,'sales','follow_up_needed','Placed large order','completed','2025-10-20T11:37:00Z');
INSERT OR IGNORE INTO visits (id,tenant_id,agent_id,customer_id,visit_date,visit_type,check_in_time,check_out_time,latitude,longitude,purpose,outcome,notes,status,created_at) VALUES ('visit-01247','default-tenant-001','agent-002','cust-086','2025-11-24','customer','2025-11-24T09:54:00Z','2025-11-24T10:31:00Z',-29.1129,26.1678,'delivery','issue_resolved','New display set up','cancelled','2025-11-24T09:54:00Z');
INSERT OR IGNORE INTO visits (id,tenant_id,agent_id,customer_id,visit_date,visit_type,check_in_time,check_out_time,latitude,longitude,purpose,outcome,notes,status,created_at) VALUES ('visit-01248','default-tenant-001','agent-004','cust-012','2025-12-10','customer','2025-12-10T14:19:00Z','2025-12-10T14:41:00Z',-26.2033,28.0948,'merchandising','no_order','Good visit','completed','2025-12-10T14:19:00Z');
INSERT OR IGNORE INTO visits (id,tenant_id,agent_id,customer_id,visit_date,visit_type,check_in_time,check_out_time,latitude,longitude,purpose,outcome,notes,status,created_at) VALUES ('visit-01249','default-tenant-001','agent-001','cust-007','2025-10-25','customer','2025-10-25T13:11:00Z','2025-10-25T14:34:00Z',-25.7654,28.1866,'customer_service','no_order','Good visit','completed','2025-10-25T13:11:00Z');
INSERT OR IGNORE INTO visits (id,tenant_id,agent_id,customer_id,visit_date,visit_type,check_in_time,check_out_time,latitude,longitude,purpose,outcome,notes,status,created_at) VALUES ('visit-01250','default-tenant-001','agent-003','cust-047','2025-12-31','customer','2025-12-31T07:22:00Z','2025-12-31T08:15:00Z',-32.9710,27.9298,'audit','no_order','','cancelled','2025-12-31T07:22:00Z');
INSERT OR IGNORE INTO visits (id,tenant_id,agent_id,customer_id,visit_date,visit_type,check_in_time,check_out_time,latitude,longitude,purpose,outcome,notes,status,created_at) VALUES ('visit-01251','default-tenant-001','agent-user-001','cust-072','2026-02-10','customer','2026-02-10T12:54:00Z','2026-02-10T13:20:00Z',-29.1265,26.1240,'sales','competitor_noted','Need more samples','in_progress','2026-02-10T12:54:00Z');
INSERT OR IGNORE INTO visits (id,tenant_id,agent_id,customer_id,visit_date,visit_type,check_in_time,check_out_time,latitude,longitude,purpose,outcome,notes,status,created_at) VALUES ('visit-01252','default-tenant-001','agent-user-001','cust-050','2026-02-16','customer','2026-02-16T17:06:00Z','2026-02-16T18:09:00Z',-23.9084,29.4391,'competitor_check','follow_up_needed','Competitor promo spotted','completed','2026-02-16T17:06:00Z');
INSERT OR IGNORE INTO visits (id,tenant_id,agent_id,customer_id,visit_date,visit_type,check_in_time,check_out_time,latitude,longitude,purpose,outcome,notes,status,created_at) VALUES ('visit-01253','default-tenant-001','agent-002','cust-027','2025-11-06','customer','2025-11-06T10:44:00Z','2025-11-06T11:52:00Z',-33.9110,18.4352,'audit','no_order','','completed','2025-11-06T10:44:00Z');
INSERT OR IGNORE INTO visits (id,tenant_id,agent_id,customer_id,visit_date,visit_type,check_in_time,check_out_time,latitude,longitude,purpose,outcome,notes,status,created_at) VALUES ('visit-01254','default-tenant-001','agent-005','cust-056','2025-10-31','customer','2025-10-31T15:51:00Z','2025-10-31T17:14:00Z',-28.7357,24.7167,'delivery','stock_checked','Stock low','cancelled','2025-10-31T15:51:00Z');
INSERT OR IGNORE INTO visits (id,tenant_id,agent_id,customer_id,visit_date,visit_type,check_in_time,check_out_time,latitude,longitude,purpose,outcome,notes,status,created_at) VALUES ('visit-01255','default-tenant-001','agent-002','cust-057','2025-10-22','customer','2025-10-22T11:49:00Z','2025-10-22T12:02:00Z',-25.4311,30.9406,'collection','competitor_noted','New display set up','completed','2025-10-22T11:49:00Z');
INSERT OR IGNORE INTO visits (id,tenant_id,agent_id,customer_id,visit_date,visit_type,check_in_time,check_out_time,latitude,longitude,purpose,outcome,notes,status,created_at) VALUES ('visit-01256','default-tenant-001','agent-user-001','cust-038','2025-10-12','customer','2025-10-12T13:36:00Z','2025-10-12T15:05:00Z',-29.8113,31.0178,'customer_service','follow_up_needed','','completed','2025-10-12T13:36:00Z');
INSERT OR IGNORE INTO visits (id,tenant_id,agent_id,customer_id,visit_date,visit_type,check_in_time,check_out_time,latitude,longitude,purpose,outcome,notes,status,created_at) VALUES ('visit-01257','default-tenant-001','agent-002','cust-029','2025-11-19','customer','2025-11-19T15:50:00Z','2025-11-19T16:26:00Z',-33.9445,25.6347,'new_customer','order_placed','Stock low','completed','2025-11-19T15:50:00Z');
INSERT OR IGNORE INTO visits (id,tenant_id,agent_id,customer_id,visit_date,visit_type,check_in_time,check_out_time,latitude,longitude,purpose,outcome,notes,status,created_at) VALUES ('visit-01258','default-tenant-001','agent-003','cust-013','2025-12-21','customer','2025-12-21T09:53:00Z','2025-12-21T10:38:00Z',-32.9833,27.9054,'merchandising','no_order','Good visit','completed','2025-12-21T09:53:00Z');
INSERT OR IGNORE INTO visits (id,tenant_id,agent_id,customer_id,visit_date,visit_type,check_in_time,check_out_time,latitude,longitude,purpose,outcome,notes,status,created_at) VALUES ('visit-01259','default-tenant-001','agent-003','cust-069','2025-12-27','customer','2025-12-27T10:55:00Z','2025-12-27T11:13:00Z',-29.0942,26.1611,'collection','issue_resolved','Good visit','completed','2025-12-27T10:55:00Z');
INSERT OR IGNORE INTO visits (id,tenant_id,agent_id,customer_id,visit_date,visit_type,check_in_time,check_out_time,latitude,longitude,purpose,outcome,notes,status,created_at) VALUES ('visit-01260','default-tenant-001','agent-user-001','cust-026','2026-02-16','customer','2026-02-16T15:47:00Z','2026-02-16T17:06:00Z',-33.9570,18.4571,'sales','competitor_noted','Follow up needed','cancelled','2026-02-16T15:47:00Z');
INSERT OR IGNORE INTO visits (id,tenant_id,agent_id,customer_id,visit_date,visit_type,check_in_time,check_out_time,latitude,longitude,purpose,outcome,notes,status,created_at) VALUES ('visit-01261','default-tenant-001','agent-002','cust-020','2025-11-22','customer','2025-11-22T13:10:00Z','2025-11-22T14:01:00Z',-25.4729,30.9676,'audit','follow_up_needed','Need more samples','completed','2025-11-22T13:10:00Z');
INSERT OR IGNORE INTO visits (id,tenant_id,agent_id,customer_id,visit_date,visit_type,check_in_time,check_out_time,latitude,longitude,purpose,outcome,notes,status,created_at) VALUES ('visit-01262','default-tenant-001','agent-002','cust-091','2026-01-26','customer','2026-01-26T11:06:00Z','2026-01-26T12:28:00Z',-25.4425,30.9829,'new_customer','stock_checked','Placed large order','completed','2026-01-26T11:06:00Z');
INSERT OR IGNORE INTO visits (id,tenant_id,agent_id,customer_id,visit_date,visit_type,check_in_time,check_out_time,latitude,longitude,purpose,outcome,notes,status,created_at) VALUES ('visit-01263','default-tenant-001','agent-004','cust-042','2025-11-24','customer','2025-11-24T16:54:00Z','2025-11-24T17:08:00Z',-33.9488,25.6439,'new_customer','competitor_noted','','completed','2025-11-24T16:54:00Z');
INSERT OR IGNORE INTO visits (id,tenant_id,agent_id,customer_id,visit_date,visit_type,check_in_time,check_out_time,latitude,longitude,purpose,outcome,notes,status,created_at) VALUES ('visit-01264','default-tenant-001','agent-001','cust-056','2025-12-31','customer','2025-12-31T13:38:00Z','2025-12-31T14:05:00Z',-29.8794,31.0418,'audit','stock_checked','','completed','2025-12-31T13:38:00Z');
INSERT OR IGNORE INTO visits (id,tenant_id,agent_id,customer_id,visit_date,visit_type,check_in_time,check_out_time,latitude,longitude,purpose,outcome,notes,status,created_at) VALUES ('visit-01265','default-tenant-001','agent-004','cust-050','2025-12-29','customer','2025-12-29T12:12:00Z','2025-12-29T13:28:00Z',-29.1313,26.1989,'new_customer','order_placed','Placed large order','completed','2025-12-29T12:12:00Z');
INSERT OR IGNORE INTO visits (id,tenant_id,agent_id,customer_id,visit_date,visit_type,check_in_time,check_out_time,latitude,longitude,purpose,outcome,notes,status,created_at) VALUES ('visit-01266','default-tenant-001','agent-003','cust-064','2025-10-14','customer','2025-10-14T09:25:00Z','2025-10-14T10:03:00Z',-25.5069,30.9283,'merchandising','issue_resolved','Good visit','cancelled','2025-10-14T09:25:00Z');
INSERT OR IGNORE INTO visits (id,tenant_id,agent_id,customer_id,visit_date,visit_type,check_in_time,check_out_time,latitude,longitude,purpose,outcome,notes,status,created_at) VALUES ('visit-01267','default-tenant-001','agent-001','cust-089','2026-02-05','customer','2026-02-05T17:46:00Z','2026-02-05T17:59:00Z',-28.7269,24.7886,'customer_service','no_order','Competitor promo spotted','in_progress','2026-02-05T17:46:00Z');
INSERT OR IGNORE INTO visits (id,tenant_id,agent_id,customer_id,visit_date,visit_type,check_in_time,check_out_time,latitude,longitude,purpose,outcome,notes,status,created_at) VALUES ('visit-01268','default-tenant-001','agent-004','cust-013','2026-03-10','customer','2026-03-10T16:07:00Z','2026-03-10T17:25:00Z',-33.9064,18.4582,'collection','no_order','Follow up needed','in_progress','2026-03-10T16:07:00Z');
INSERT OR IGNORE INTO visits (id,tenant_id,agent_id,customer_id,visit_date,visit_type,check_in_time,check_out_time,latitude,longitude,purpose,outcome,notes,status,created_at) VALUES ('visit-01269','default-tenant-001','agent-003','cust-084','2026-01-09','customer','2026-01-09T16:50:00Z','2026-01-09T17:24:00Z',-29.9003,31.0547,'sales','competitor_noted','Placed large order','completed','2026-01-09T16:50:00Z');
INSERT OR IGNORE INTO visits (id,tenant_id,agent_id,customer_id,visit_date,visit_type,check_in_time,check_out_time,latitude,longitude,purpose,outcome,notes,status,created_at) VALUES ('visit-01270','default-tenant-001','agent-004','cust-034','2026-01-21','customer','2026-01-21T14:57:00Z','2026-01-21T15:48:00Z',-29.0878,26.1485,'customer_service','follow_up_needed','New display set up','completed','2026-01-21T14:57:00Z');
INSERT OR IGNORE INTO visits (id,tenant_id,agent_id,customer_id,visit_date,visit_type,check_in_time,check_out_time,latitude,longitude,purpose,outcome,notes,status,created_at) VALUES ('visit-01271','default-tenant-001','agent-user-001','cust-033','2025-11-14','customer','2025-11-14T14:48:00Z','2025-11-14T16:07:00Z',-26.2081,28.0453,'competitor_check','no_order','Follow up needed','cancelled','2025-11-14T14:48:00Z');
INSERT OR IGNORE INTO visits (id,tenant_id,agent_id,customer_id,visit_date,visit_type,check_in_time,check_out_time,latitude,longitude,purpose,outcome,notes,status,created_at) VALUES ('visit-01272','default-tenant-001','agent-001','cust-088','2025-12-19','customer','2025-12-19T08:23:00Z','2025-12-19T08:42:00Z',-25.4414,30.9457,'merchandising','competitor_noted','Placed large order','cancelled','2025-12-19T08:23:00Z');
INSERT OR IGNORE INTO visits (id,tenant_id,agent_id,customer_id,visit_date,visit_type,check_in_time,check_out_time,latitude,longitude,purpose,outcome,notes,status,created_at) VALUES ('visit-01273','default-tenant-001','agent-002','cust-074','2026-03-07','customer','2026-03-07T07:37:00Z','2026-03-07T08:52:00Z',-29.8345,30.9896,'competitor_check','stock_checked','Customer happy','completed','2026-03-07T07:37:00Z');
INSERT OR IGNORE INTO visits (id,tenant_id,agent_id,customer_id,visit_date,visit_type,check_in_time,check_out_time,latitude,longitude,purpose,outcome,notes,status,created_at) VALUES ('visit-01274','default-tenant-001','agent-003','cust-039','2026-01-27','customer','2026-01-27T16:44:00Z','2026-01-27T17:02:00Z',-25.4974,30.9785,'new_customer','issue_resolved','New display set up','completed','2026-01-27T16:44:00Z');
INSERT OR IGNORE INTO visits (id,tenant_id,agent_id,customer_id,visit_date,visit_type,check_in_time,check_out_time,latitude,longitude,purpose,outcome,notes,status,created_at) VALUES ('visit-01275','default-tenant-001','agent-005','cust-011','2025-10-24','customer','2025-10-24T12:02:00Z','2025-10-24T12:31:00Z',-29.8644,31.0660,'customer_service','issue_resolved','Good visit','completed','2025-10-24T12:02:00Z');
INSERT OR IGNORE INTO visits (id,tenant_id,agent_id,customer_id,visit_date,visit_type,check_in_time,check_out_time,latitude,longitude,purpose,outcome,notes,status,created_at) VALUES ('visit-01276','default-tenant-001','agent-004','cust-044','2025-10-17','customer','2025-10-17T12:21:00Z','2025-10-17T13:04:00Z',-25.4331,30.9755,'collection','issue_resolved','Shelf space increased','in_progress','2025-10-17T12:21:00Z');
INSERT OR IGNORE INTO visits (id,tenant_id,agent_id,customer_id,visit_date,visit_type,check_in_time,check_out_time,latitude,longitude,purpose,outcome,notes,status,created_at) VALUES ('visit-01277','default-tenant-001','agent-003','cust-049','2025-10-12','customer','2025-10-12T15:57:00Z','2025-10-12T16:08:00Z',-33.9533,25.6372,'customer_service','issue_resolved','Follow up needed','in_progress','2025-10-12T15:57:00Z');
INSERT OR IGNORE INTO visits (id,tenant_id,agent_id,customer_id,visit_date,visit_type,check_in_time,check_out_time,latitude,longitude,purpose,outcome,notes,status,created_at) VALUES ('visit-01278','default-tenant-001','agent-005','cust-067','2026-02-21','customer','2026-02-21T08:22:00Z','2026-02-21T09:45:00Z',-25.7068,28.1797,'customer_service','issue_resolved','Follow up needed','cancelled','2026-02-21T08:22:00Z');
INSERT OR IGNORE INTO visits (id,tenant_id,agent_id,customer_id,visit_date,visit_type,check_in_time,check_out_time,latitude,longitude,purpose,outcome,notes,status,created_at) VALUES ('visit-01279','default-tenant-001','agent-004','cust-060','2026-01-04','customer','2026-01-04T15:45:00Z','2026-01-04T16:45:00Z',-29.8622,31.0715,'delivery','no_order','Customer happy','completed','2026-01-04T15:45:00Z');
INSERT OR IGNORE INTO visits (id,tenant_id,agent_id,customer_id,visit_date,visit_type,check_in_time,check_out_time,latitude,longitude,purpose,outcome,notes,status,created_at) VALUES ('visit-01280','default-tenant-001','agent-005','cust-011','2025-10-22','customer','2025-10-22T13:49:00Z','2025-10-22T14:11:00Z',-29.8727,31.0497,'customer_service','stock_checked','Placed large order','completed','2025-10-22T13:49:00Z');
INSERT OR IGNORE INTO visits (id,tenant_id,agent_id,customer_id,visit_date,visit_type,check_in_time,check_out_time,latitude,longitude,purpose,outcome,notes,status,created_at) VALUES ('visit-01281','default-tenant-001','agent-003','cust-031','2025-12-24','customer','2025-12-24T07:11:00Z','2025-12-24T08:40:00Z',-29.8668,31.0120,'delivery','order_placed','Follow up needed','cancelled','2025-12-24T07:11:00Z');
INSERT OR IGNORE INTO visits (id,tenant_id,agent_id,customer_id,visit_date,visit_type,check_in_time,check_out_time,latitude,longitude,purpose,outcome,notes,status,created_at) VALUES ('visit-01282','default-tenant-001','agent-003','cust-076','2025-12-11','customer','2025-12-11T08:34:00Z','2025-12-11T08:54:00Z',-33.0626,27.8707,'merchandising','issue_resolved','Follow up needed','cancelled','2025-12-11T08:34:00Z');
INSERT OR IGNORE INTO visits (id,tenant_id,agent_id,customer_id,visit_date,visit_type,check_in_time,check_out_time,latitude,longitude,purpose,outcome,notes,status,created_at) VALUES ('visit-01283','default-tenant-001','agent-004','cust-035','2025-12-18','customer','2025-12-18T13:21:00Z','2025-12-18T14:25:00Z',-25.7239,28.2307,'customer_service','order_placed','','completed','2025-12-18T13:21:00Z');
INSERT OR IGNORE INTO visits (id,tenant_id,agent_id,customer_id,visit_date,visit_type,check_in_time,check_out_time,latitude,longitude,purpose,outcome,notes,status,created_at) VALUES ('visit-01284','default-tenant-001','agent-001','cust-083','2025-10-08','customer','2025-10-08T10:45:00Z','2025-10-08T12:14:00Z',-26.2005,28.0043,'delivery','competitor_noted','Shelf space increased','in_progress','2025-10-08T10:45:00Z');
INSERT OR IGNORE INTO visits (id,tenant_id,agent_id,customer_id,visit_date,visit_type,check_in_time,check_out_time,latitude,longitude,purpose,outcome,notes,status,created_at) VALUES ('visit-01285','default-tenant-001','agent-005','cust-033','2026-01-20','customer','2026-01-20T07:48:00Z','2026-01-20T09:13:00Z',-28.7358,24.7131,'customer_service','follow_up_needed','Competitor promo spotted','completed','2026-01-20T07:48:00Z');
INSERT OR IGNORE INTO visits (id,tenant_id,agent_id,customer_id,visit_date,visit_type,check_in_time,check_out_time,latitude,longitude,purpose,outcome,notes,status,created_at) VALUES ('visit-01286','default-tenant-001','agent-004','cust-007','2026-02-28','customer','2026-02-28T09:27:00Z','2026-02-28T10:11:00Z',-28.7533,24.7248,'customer_service','stock_checked','New display set up','in_progress','2026-02-28T09:27:00Z');
INSERT OR IGNORE INTO visits (id,tenant_id,agent_id,customer_id,visit_date,visit_type,check_in_time,check_out_time,latitude,longitude,purpose,outcome,notes,status,created_at) VALUES ('visit-01287','default-tenant-001','agent-004','cust-013','2025-12-21','customer','2025-12-21T16:45:00Z','2025-12-21T17:36:00Z',-25.4694,30.9518,'collection','no_order','Follow up needed','completed','2025-12-21T16:45:00Z');
INSERT OR IGNORE INTO visits (id,tenant_id,agent_id,customer_id,visit_date,visit_type,check_in_time,check_out_time,latitude,longitude,purpose,outcome,notes,status,created_at) VALUES ('visit-01288','default-tenant-001','agent-005','cust-044','2026-01-17','customer','2026-01-17T09:17:00Z','2026-01-17T10:02:00Z',-25.5043,30.9434,'collection','follow_up_needed','Stock low','completed','2026-01-17T09:17:00Z');
INSERT OR IGNORE INTO visits (id,tenant_id,agent_id,customer_id,visit_date,visit_type,check_in_time,check_out_time,latitude,longitude,purpose,outcome,notes,status,created_at) VALUES ('visit-01289','default-tenant-001','agent-004','cust-042','2026-01-12','customer','2026-01-12T14:06:00Z','2026-01-12T15:02:00Z',-25.7522,28.2690,'delivery','order_placed','Customer happy','completed','2026-01-12T14:06:00Z');
INSERT OR IGNORE INTO visits (id,tenant_id,agent_id,customer_id,visit_date,visit_type,check_in_time,check_out_time,latitude,longitude,purpose,outcome,notes,status,created_at) VALUES ('visit-01290','default-tenant-001','agent-004','cust-026','2026-02-03','customer','2026-02-03T15:43:00Z','2026-02-03T15:53:00Z',-23.9487,29.4541,'new_customer','issue_resolved','Need more samples','cancelled','2026-02-03T15:43:00Z');
INSERT OR IGNORE INTO visits (id,tenant_id,agent_id,customer_id,visit_date,visit_type,check_in_time,check_out_time,latitude,longitude,purpose,outcome,notes,status,created_at) VALUES ('visit-01291','default-tenant-001','agent-001','cust-035','2025-11-07','customer','2025-11-07T09:51:00Z','2025-11-07T10:59:00Z',-29.8621,30.9761,'merchandising','order_placed','Good visit','pending','2025-11-07T09:51:00Z');
INSERT OR IGNORE INTO visits (id,tenant_id,agent_id,customer_id,visit_date,visit_type,check_in_time,check_out_time,latitude,longitude,purpose,outcome,notes,status,created_at) VALUES ('visit-01292','default-tenant-001','agent-004','cust-023','2026-02-20','customer','2026-02-20T10:59:00Z','2026-02-20T12:03:00Z',-29.8779,30.9910,'customer_service','stock_checked','Stock low','completed','2026-02-20T10:59:00Z');
INSERT OR IGNORE INTO visits (id,tenant_id,agent_id,customer_id,visit_date,visit_type,check_in_time,check_out_time,latitude,longitude,purpose,outcome,notes,status,created_at) VALUES ('visit-01293','default-tenant-001','agent-003','cust-068','2026-02-17','customer','2026-02-17T13:39:00Z','2026-02-17T14:46:00Z',-25.4530,30.9341,'customer_service','stock_checked','','completed','2026-02-17T13:39:00Z');
INSERT OR IGNORE INTO visits (id,tenant_id,agent_id,customer_id,visit_date,visit_type,check_in_time,check_out_time,latitude,longitude,purpose,outcome,notes,status,created_at) VALUES ('visit-01294','default-tenant-001','agent-004','cust-064','2026-02-08','customer','2026-02-08T14:49:00Z','2026-02-08T15:54:00Z',-28.7036,24.7494,'customer_service','order_placed','','pending','2026-02-08T14:49:00Z');
INSERT OR IGNORE INTO visits (id,tenant_id,agent_id,customer_id,visit_date,visit_type,check_in_time,check_out_time,latitude,longitude,purpose,outcome,notes,status,created_at) VALUES ('visit-01295','default-tenant-001','agent-user-001','cust-079','2026-01-21','customer','2026-01-21T09:59:00Z','2026-01-21T11:22:00Z',-28.7125,24.7371,'audit','competitor_noted','Shelf space increased','cancelled','2026-01-21T09:59:00Z');
INSERT OR IGNORE INTO visits (id,tenant_id,agent_id,customer_id,visit_date,visit_type,check_in_time,check_out_time,latitude,longitude,purpose,outcome,notes,status,created_at) VALUES ('visit-01296','default-tenant-001','agent-user-001','cust-056','2025-11-28','customer','2025-11-28T15:02:00Z','2025-11-28T16:25:00Z',-28.7313,24.7746,'competitor_check','stock_checked','Customer happy','completed','2025-11-28T15:02:00Z');
INSERT OR IGNORE INTO visits (id,tenant_id,agent_id,customer_id,visit_date,visit_type,check_in_time,check_out_time,latitude,longitude,purpose,outcome,notes,status,created_at) VALUES ('visit-01297','default-tenant-001','agent-005','cust-099','2026-02-07','customer','2026-02-07T11:35:00Z','2026-02-07T12:20:00Z',-33.9366,25.6390,'sales','stock_checked','Need more samples','completed','2026-02-07T11:35:00Z');
INSERT OR IGNORE INTO visits (id,tenant_id,agent_id,customer_id,visit_date,visit_type,check_in_time,check_out_time,latitude,longitude,purpose,outcome,notes,status,created_at) VALUES ('visit-01298','default-tenant-001','agent-003','cust-072','2025-10-17','customer','2025-10-17T11:19:00Z','2025-10-17T12:02:00Z',-26.2500,28.0239,'sales','competitor_noted','Stock low','in_progress','2025-10-17T11:19:00Z');
INSERT OR IGNORE INTO visits (id,tenant_id,agent_id,customer_id,visit_date,visit_type,check_in_time,check_out_time,latitude,longitude,purpose,outcome,notes,status,created_at) VALUES ('visit-01299','default-tenant-001','agent-user-001','cust-095','2026-03-09','customer','2026-03-09T08:12:00Z','2026-03-09T09:32:00Z',-25.7853,28.2406,'customer_service','stock_checked','Stock low','cancelled','2026-03-09T08:12:00Z');
INSERT OR IGNORE INTO visits (id,tenant_id,agent_id,customer_id,visit_date,visit_type,check_in_time,check_out_time,latitude,longitude,purpose,outcome,notes,status,created_at) VALUES ('visit-01300','default-tenant-001','agent-002','cust-083','2026-02-21','customer','2026-02-21T09:12:00Z','2026-02-21T10:01:00Z',-33.9142,25.6286,'audit','competitor_noted','New display set up','in_progress','2026-02-21T09:12:00Z');
INSERT OR IGNORE INTO visits (id,tenant_id,agent_id,customer_id,visit_date,visit_type,check_in_time,check_out_time,latitude,longitude,purpose,outcome,notes,status,created_at) VALUES ('visit-01301','default-tenant-001','agent-user-001','cust-071','2025-12-26','customer','2025-12-26T15:39:00Z','2025-12-26T16:07:00Z',-33.9123,25.5687,'audit','stock_checked','Need more samples','in_progress','2025-12-26T15:39:00Z');
INSERT OR IGNORE INTO visits (id,tenant_id,agent_id,customer_id,visit_date,visit_type,check_in_time,check_out_time,latitude,longitude,purpose,outcome,notes,status,created_at) VALUES ('visit-01302','default-tenant-001','agent-005','cust-069','2026-01-06','customer','2026-01-06T13:10:00Z','2026-01-06T13:48:00Z',-25.7084,28.2551,'audit','issue_resolved','Good visit','completed','2026-01-06T13:10:00Z');
INSERT OR IGNORE INTO visits (id,tenant_id,agent_id,customer_id,visit_date,visit_type,check_in_time,check_out_time,latitude,longitude,purpose,outcome,notes,status,created_at) VALUES ('visit-01303','default-tenant-001','agent-001','cust-005','2026-02-27','customer','2026-02-27T17:22:00Z','2026-02-27T18:02:00Z',-26.2099,28.0143,'delivery','follow_up_needed','Customer happy','completed','2026-02-27T17:22:00Z');
INSERT OR IGNORE INTO visits (id,tenant_id,agent_id,customer_id,visit_date,visit_type,check_in_time,check_out_time,latitude,longitude,purpose,outcome,notes,status,created_at) VALUES ('visit-01304','default-tenant-001','agent-user-001','cust-020','2025-12-21','customer','2025-12-21T07:02:00Z','2025-12-21T07:21:00Z',-33.9618,25.6259,'collection','order_placed','Competitor promo spotted','in_progress','2025-12-21T07:02:00Z');
INSERT OR IGNORE INTO visits (id,tenant_id,agent_id,customer_id,visit_date,visit_type,check_in_time,check_out_time,latitude,longitude,purpose,outcome,notes,status,created_at) VALUES ('visit-01305','default-tenant-001','agent-003','cust-041','2025-11-13','customer','2025-11-13T17:24:00Z','2025-11-13T17:36:00Z',-33.9316,25.5611,'collection','no_order','Customer happy','cancelled','2025-11-13T17:24:00Z');
INSERT OR IGNORE INTO visits (id,tenant_id,agent_id,customer_id,visit_date,visit_type,check_in_time,check_out_time,latitude,longitude,purpose,outcome,notes,status,created_at) VALUES ('visit-01306','default-tenant-001','agent-002','cust-064','2025-10-31','customer','2025-10-31T17:39:00Z','2025-10-31T18:32:00Z',-26.2435,28.0066,'new_customer','follow_up_needed','Placed large order','completed','2025-10-31T17:39:00Z');
INSERT OR IGNORE INTO visits (id,tenant_id,agent_id,customer_id,visit_date,visit_type,check_in_time,check_out_time,latitude,longitude,purpose,outcome,notes,status,created_at) VALUES ('visit-01307','default-tenant-001','agent-001','cust-034','2026-03-10','customer','2026-03-10T13:50:00Z','2026-03-10T14:34:00Z',-23.9543,29.4794,'merchandising','competitor_noted','Need more samples','completed','2026-03-10T13:50:00Z');
INSERT OR IGNORE INTO visits (id,tenant_id,agent_id,customer_id,visit_date,visit_type,check_in_time,check_out_time,latitude,longitude,purpose,outcome,notes,status,created_at) VALUES ('visit-01308','default-tenant-001','agent-002','cust-014','2026-01-09','customer','2026-01-09T12:17:00Z','2026-01-09T13:40:00Z',-29.0439,26.1825,'audit','order_placed','Placed large order','cancelled','2026-01-09T12:17:00Z');
INSERT OR IGNORE INTO visits (id,tenant_id,agent_id,customer_id,visit_date,visit_type,check_in_time,check_out_time,latitude,longitude,purpose,outcome,notes,status,created_at) VALUES ('visit-01309','default-tenant-001','agent-001','cust-089','2026-01-30','customer','2026-01-30T11:40:00Z','2026-01-30T11:59:00Z',-29.1122,26.1751,'new_customer','no_order','New display set up','completed','2026-01-30T11:40:00Z');
INSERT OR IGNORE INTO visits (id,tenant_id,agent_id,customer_id,visit_date,visit_type,check_in_time,check_out_time,latitude,longitude,purpose,outcome,notes,status,created_at) VALUES ('visit-01310','default-tenant-001','agent-001','cust-090','2026-01-28','customer','2026-01-28T09:09:00Z','2026-01-28T10:31:00Z',-23.8747,29.5168,'new_customer','competitor_noted','','in_progress','2026-01-28T09:09:00Z');
INSERT OR IGNORE INTO visits (id,tenant_id,agent_id,customer_id,visit_date,visit_type,check_in_time,check_out_time,latitude,longitude,purpose,outcome,notes,status,created_at) VALUES ('visit-01311','default-tenant-001','agent-001','cust-041','2026-02-14','customer','2026-02-14T09:00:00Z','2026-02-14T09:31:00Z',-29.8507,30.9914,'delivery','competitor_noted','Stock low','completed','2026-02-14T09:00:00Z');
INSERT OR IGNORE INTO visits (id,tenant_id,agent_id,customer_id,visit_date,visit_type,check_in_time,check_out_time,latitude,longitude,purpose,outcome,notes,status,created_at) VALUES ('visit-01312','default-tenant-001','agent-005','cust-093','2026-02-28','customer','2026-02-28T12:47:00Z','2026-02-28T13:07:00Z',-25.7592,28.2470,'merchandising','competitor_noted','Follow up needed','in_progress','2026-02-28T12:47:00Z');
INSERT OR IGNORE INTO visits (id,tenant_id,agent_id,customer_id,visit_date,visit_type,check_in_time,check_out_time,latitude,longitude,purpose,outcome,notes,status,created_at) VALUES ('visit-01313','default-tenant-001','agent-user-001','cust-015','2025-11-29','customer','2025-11-29T09:45:00Z','2025-11-29T11:13:00Z',-26.2028,28.0149,'collection','no_order','Competitor promo spotted','cancelled','2025-11-29T09:45:00Z');
INSERT OR IGNORE INTO visits (id,tenant_id,agent_id,customer_id,visit_date,visit_type,check_in_time,check_out_time,latitude,longitude,purpose,outcome,notes,status,created_at) VALUES ('visit-01314','default-tenant-001','agent-003','cust-095','2025-12-05','customer','2025-12-05T16:11:00Z','2025-12-05T17:28:00Z',-25.4570,30.9986,'collection','stock_checked','Placed large order','in_progress','2025-12-05T16:11:00Z');
INSERT OR IGNORE INTO visits (id,tenant_id,agent_id,customer_id,visit_date,visit_type,check_in_time,check_out_time,latitude,longitude,purpose,outcome,notes,status,created_at) VALUES ('visit-01315','default-tenant-001','agent-004','cust-100','2025-12-04','customer','2025-12-04T16:20:00Z','2025-12-04T17:43:00Z',-23.9379,29.4221,'new_customer','stock_checked','New display set up','in_progress','2025-12-04T16:20:00Z');
INSERT OR IGNORE INTO visits (id,tenant_id,agent_id,customer_id,visit_date,visit_type,check_in_time,check_out_time,latitude,longitude,purpose,outcome,notes,status,created_at) VALUES ('visit-01316','default-tenant-001','agent-004','cust-082','2025-12-01','customer','2025-12-01T07:04:00Z','2025-12-01T07:38:00Z',-25.7555,28.1883,'audit','stock_checked','New display set up','pending','2025-12-01T07:04:00Z');
INSERT OR IGNORE INTO visits (id,tenant_id,agent_id,customer_id,visit_date,visit_type,check_in_time,check_out_time,latitude,longitude,purpose,outcome,notes,status,created_at) VALUES ('visit-01317','default-tenant-001','agent-002','cust-017','2025-10-09','customer','2025-10-09T17:27:00Z','2025-10-09T17:44:00Z',-23.9096,29.4780,'new_customer','stock_checked','Good visit','pending','2025-10-09T17:27:00Z');
INSERT OR IGNORE INTO visits (id,tenant_id,agent_id,customer_id,visit_date,visit_type,check_in_time,check_out_time,latitude,longitude,purpose,outcome,notes,status,created_at) VALUES ('visit-01318','default-tenant-001','agent-004','cust-058','2026-02-03','customer','2026-02-03T15:53:00Z','2026-02-03T17:16:00Z',-25.7172,28.2015,'audit','order_placed','Follow up needed','completed','2026-02-03T15:53:00Z');
INSERT OR IGNORE INTO visits (id,tenant_id,agent_id,customer_id,visit_date,visit_type,check_in_time,check_out_time,latitude,longitude,purpose,outcome,notes,status,created_at) VALUES ('visit-01319','default-tenant-001','agent-003','cust-028','2025-10-18','customer','2025-10-18T11:28:00Z','2025-10-18T12:22:00Z',-26.2232,28.0667,'merchandising','issue_resolved','Stock low','completed','2025-10-18T11:28:00Z');
INSERT OR IGNORE INTO visits (id,tenant_id,agent_id,customer_id,visit_date,visit_type,check_in_time,check_out_time,latitude,longitude,purpose,outcome,notes,status,created_at) VALUES ('visit-01320','default-tenant-001','agent-001','cust-076','2025-12-19','customer','2025-12-19T14:50:00Z','2025-12-19T15:03:00Z',-33.0147,27.9059,'new_customer','competitor_noted','','completed','2025-12-19T14:50:00Z');
INSERT OR IGNORE INTO visits (id,tenant_id,agent_id,customer_id,visit_date,visit_type,check_in_time,check_out_time,latitude,longitude,purpose,outcome,notes,status,created_at) VALUES ('visit-01321','default-tenant-001','agent-user-001','cust-016','2026-02-03','customer','2026-02-03T11:31:00Z','2026-02-03T11:42:00Z',-25.5132,30.9728,'merchandising','no_order','Stock low','pending','2026-02-03T11:31:00Z');
INSERT OR IGNORE INTO visits (id,tenant_id,agent_id,customer_id,visit_date,visit_type,check_in_time,check_out_time,latitude,longitude,purpose,outcome,notes,status,created_at) VALUES ('visit-01322','default-tenant-001','agent-004','cust-079','2025-10-02','customer','2025-10-02T17:08:00Z','2025-10-02T17:22:00Z',-23.9200,29.4688,'merchandising','competitor_noted','Stock low','completed','2025-10-02T17:08:00Z');
INSERT OR IGNORE INTO visits (id,tenant_id,agent_id,customer_id,visit_date,visit_type,check_in_time,check_out_time,latitude,longitude,purpose,outcome,notes,status,created_at) VALUES ('visit-01323','default-tenant-001','agent-003','cust-053','2025-10-12','customer','2025-10-12T13:47:00Z','2025-10-12T15:02:00Z',-25.4438,31.0092,'delivery','order_placed','New display set up','completed','2025-10-12T13:47:00Z');
INSERT OR IGNORE INTO visits (id,tenant_id,agent_id,customer_id,visit_date,visit_type,check_in_time,check_out_time,latitude,longitude,purpose,outcome,notes,status,created_at) VALUES ('visit-01324','default-tenant-001','agent-005','cust-031','2025-10-09','customer','2025-10-09T12:08:00Z','2025-10-09T12:44:00Z',-29.8478,30.9891,'audit','order_placed','Stock low','completed','2025-10-09T12:08:00Z');
INSERT OR IGNORE INTO visits (id,tenant_id,agent_id,customer_id,visit_date,visit_type,check_in_time,check_out_time,latitude,longitude,purpose,outcome,notes,status,created_at) VALUES ('visit-01325','default-tenant-001','agent-user-001','cust-021','2025-10-13','customer','2025-10-13T07:49:00Z','2025-10-13T08:54:00Z',-26.2289,28.0198,'new_customer','competitor_noted','Need more samples','in_progress','2025-10-13T07:49:00Z');
INSERT OR IGNORE INTO visits (id,tenant_id,agent_id,customer_id,visit_date,visit_type,check_in_time,check_out_time,latitude,longitude,purpose,outcome,notes,status,created_at) VALUES ('visit-01326','default-tenant-001','agent-user-001','cust-057','2025-10-13','customer','2025-10-13T15:57:00Z','2025-10-13T17:02:00Z',-25.7942,28.2210,'collection','order_placed','','completed','2025-10-13T15:57:00Z');
INSERT OR IGNORE INTO visits (id,tenant_id,agent_id,customer_id,visit_date,visit_type,check_in_time,check_out_time,latitude,longitude,purpose,outcome,notes,status,created_at) VALUES ('visit-01327','default-tenant-001','agent-005','cust-039','2026-01-26','customer','2026-01-26T11:34:00Z','2026-01-26T13:00:00Z',-28.7320,24.7681,'new_customer','competitor_noted','Follow up needed','completed','2026-01-26T11:34:00Z');
INSERT OR IGNORE INTO visits (id,tenant_id,agent_id,customer_id,visit_date,visit_type,check_in_time,check_out_time,latitude,longitude,purpose,outcome,notes,status,created_at) VALUES ('visit-01328','default-tenant-001','agent-user-001','cust-088','2026-01-23','customer','2026-01-23T15:16:00Z','2026-01-23T16:38:00Z',-33.9777,25.5708,'audit','no_order','Follow up needed','cancelled','2026-01-23T15:16:00Z');
INSERT OR IGNORE INTO visits (id,tenant_id,agent_id,customer_id,visit_date,visit_type,check_in_time,check_out_time,latitude,longitude,purpose,outcome,notes,status,created_at) VALUES ('visit-01329','default-tenant-001','agent-003','cust-006','2026-01-24','customer','2026-01-24T16:11:00Z','2026-01-24T17:13:00Z',-28.7196,24.6999,'audit','follow_up_needed','Stock low','completed','2026-01-24T16:11:00Z');
INSERT OR IGNORE INTO visits (id,tenant_id,agent_id,customer_id,visit_date,visit_type,check_in_time,check_out_time,latitude,longitude,purpose,outcome,notes,status,created_at) VALUES ('visit-01330','default-tenant-001','agent-user-001','cust-096','2025-11-06','customer','2025-11-06T07:35:00Z','2025-11-06T08:23:00Z',-23.8604,29.4662,'new_customer','order_placed','Stock low','cancelled','2025-11-06T07:35:00Z');
INSERT OR IGNORE INTO visits (id,tenant_id,agent_id,customer_id,visit_date,visit_type,check_in_time,check_out_time,latitude,longitude,purpose,outcome,notes,status,created_at) VALUES ('visit-01331','default-tenant-001','agent-user-001','cust-047','2026-01-31','customer','2026-01-31T16:41:00Z','2026-01-31T17:13:00Z',-29.8092,30.9719,'customer_service','follow_up_needed','Stock low','pending','2026-01-31T16:41:00Z');
INSERT OR IGNORE INTO visits (id,tenant_id,agent_id,customer_id,visit_date,visit_type,check_in_time,check_out_time,latitude,longitude,purpose,outcome,notes,status,created_at) VALUES ('visit-01332','default-tenant-001','agent-004','cust-087','2025-10-31','customer','2025-10-31T13:21:00Z','2025-10-31T14:29:00Z',-33.9541,25.6108,'delivery','stock_checked','Follow up needed','completed','2025-10-31T13:21:00Z');
INSERT OR IGNORE INTO visits (id,tenant_id,agent_id,customer_id,visit_date,visit_type,check_in_time,check_out_time,latitude,longitude,purpose,outcome,notes,status,created_at) VALUES ('visit-01333','default-tenant-001','agent-004','cust-006','2025-12-10','customer','2025-12-10T07:53:00Z','2025-12-10T08:22:00Z',-25.7634,28.2738,'customer_service','no_order','Customer happy','completed','2025-12-10T07:53:00Z');
INSERT OR IGNORE INTO visits (id,tenant_id,agent_id,customer_id,visit_date,visit_type,check_in_time,check_out_time,latitude,longitude,purpose,outcome,notes,status,created_at) VALUES ('visit-01334','default-tenant-001','agent-003','cust-095','2025-12-08','customer','2025-12-08T17:59:00Z','2025-12-08T18:11:00Z',-33.0551,27.9303,'customer_service','order_placed','Competitor promo spotted','completed','2025-12-08T17:59:00Z');
INSERT OR IGNORE INTO visits (id,tenant_id,agent_id,customer_id,visit_date,visit_type,check_in_time,check_out_time,latitude,longitude,purpose,outcome,notes,status,created_at) VALUES ('visit-01335','default-tenant-001','agent-005','cust-093','2026-02-16','customer','2026-02-16T15:11:00Z','2026-02-16T15:42:00Z',-32.9829,27.9407,'audit','order_placed','Customer happy','completed','2026-02-16T15:11:00Z');
INSERT OR IGNORE INTO visits (id,tenant_id,agent_id,customer_id,visit_date,visit_type,check_in_time,check_out_time,latitude,longitude,purpose,outcome,notes,status,created_at) VALUES ('visit-01336','default-tenant-001','agent-user-001','cust-031','2025-10-23','customer','2025-10-23T09:00:00Z','2025-10-23T10:02:00Z',-33.9210,18.4159,'collection','order_placed','Stock low','completed','2025-10-23T09:00:00Z');
INSERT OR IGNORE INTO visits (id,tenant_id,agent_id,customer_id,visit_date,visit_type,check_in_time,check_out_time,latitude,longitude,purpose,outcome,notes,status,created_at) VALUES ('visit-01337','default-tenant-001','agent-001','cust-007','2026-01-03','customer','2026-01-03T17:42:00Z','2026-01-03T18:07:00Z',-33.9244,18.3907,'sales','no_order','Good visit','completed','2026-01-03T17:42:00Z');
INSERT OR IGNORE INTO visits (id,tenant_id,agent_id,customer_id,visit_date,visit_type,check_in_time,check_out_time,latitude,longitude,purpose,outcome,notes,status,created_at) VALUES ('visit-01338','default-tenant-001','agent-002','cust-001','2026-01-06','customer','2026-01-06T16:08:00Z','2026-01-06T17:09:00Z',-29.8731,31.0401,'merchandising','follow_up_needed','Placed large order','cancelled','2026-01-06T16:08:00Z');
INSERT OR IGNORE INTO visits (id,tenant_id,agent_id,customer_id,visit_date,visit_type,check_in_time,check_out_time,latitude,longitude,purpose,outcome,notes,status,created_at) VALUES ('visit-01339','default-tenant-001','agent-002','cust-082','2025-10-20','customer','2025-10-20T14:06:00Z','2025-10-20T15:18:00Z',-29.8954,30.9849,'delivery','issue_resolved','','completed','2025-10-20T14:06:00Z');
INSERT OR IGNORE INTO visits (id,tenant_id,agent_id,customer_id,visit_date,visit_type,check_in_time,check_out_time,latitude,longitude,purpose,outcome,notes,status,created_at) VALUES ('visit-01340','default-tenant-001','agent-002','cust-028','2026-02-14','customer','2026-02-14T07:32:00Z','2026-02-14T08:18:00Z',-23.8750,29.4563,'competitor_check','no_order','Stock low','cancelled','2026-02-14T07:32:00Z');
INSERT OR IGNORE INTO visits (id,tenant_id,agent_id,customer_id,visit_date,visit_type,check_in_time,check_out_time,latitude,longitude,purpose,outcome,notes,status,created_at) VALUES ('visit-01341','default-tenant-001','agent-002','cust-035','2025-10-31','customer','2025-10-31T08:57:00Z','2025-10-31T10:20:00Z',-32.9819,27.9256,'delivery','competitor_noted','Stock low','completed','2025-10-31T08:57:00Z');
INSERT OR IGNORE INTO visits (id,tenant_id,agent_id,customer_id,visit_date,visit_type,check_in_time,check_out_time,latitude,longitude,purpose,outcome,notes,status,created_at) VALUES ('visit-01342','default-tenant-001','agent-002','cust-090','2026-01-23','customer','2026-01-23T13:40:00Z','2026-01-23T14:30:00Z',-29.8519,31.0204,'collection','competitor_noted','Follow up needed','in_progress','2026-01-23T13:40:00Z');
INSERT OR IGNORE INTO visits (id,tenant_id,agent_id,customer_id,visit_date,visit_type,check_in_time,check_out_time,latitude,longitude,purpose,outcome,notes,status,created_at) VALUES ('visit-01343','default-tenant-001','agent-005','cust-081','2026-01-04','customer','2026-01-04T07:14:00Z','2026-01-04T08:31:00Z',-33.9172,18.3907,'competitor_check','competitor_noted','','completed','2026-01-04T07:14:00Z');
INSERT OR IGNORE INTO visits (id,tenant_id,agent_id,customer_id,visit_date,visit_type,check_in_time,check_out_time,latitude,longitude,purpose,outcome,notes,status,created_at) VALUES ('visit-01344','default-tenant-001','agent-001','cust-005','2026-01-10','customer','2026-01-10T14:56:00Z','2026-01-10T15:26:00Z',-25.7317,28.2634,'new_customer','order_placed','Follow up needed','completed','2026-01-10T14:56:00Z');
INSERT OR IGNORE INTO visits (id,tenant_id,agent_id,customer_id,visit_date,visit_type,check_in_time,check_out_time,latitude,longitude,purpose,outcome,notes,status,created_at) VALUES ('visit-01345','default-tenant-001','agent-002','cust-008','2025-11-24','customer','2025-11-24T08:45:00Z','2025-11-24T10:13:00Z',-26.2101,28.0198,'collection','issue_resolved','Competitor promo spotted','cancelled','2025-11-24T08:45:00Z');
INSERT OR IGNORE INTO visits (id,tenant_id,agent_id,customer_id,visit_date,visit_type,check_in_time,check_out_time,latitude,longitude,purpose,outcome,notes,status,created_at) VALUES ('visit-01346','default-tenant-001','agent-001','cust-082','2025-10-18','customer','2025-10-18T07:21:00Z','2025-10-18T07:32:00Z',-23.9160,29.4256,'competitor_check','issue_resolved','Need more samples','completed','2025-10-18T07:21:00Z');
INSERT OR IGNORE INTO visits (id,tenant_id,agent_id,customer_id,visit_date,visit_type,check_in_time,check_out_time,latitude,longitude,purpose,outcome,notes,status,created_at) VALUES ('visit-01347','default-tenant-001','agent-005','cust-087','2025-11-29','customer','2025-11-29T13:49:00Z','2025-11-29T14:18:00Z',-23.9026,29.4612,'audit','competitor_noted','Shelf space increased','in_progress','2025-11-29T13:49:00Z');
INSERT OR IGNORE INTO visits (id,tenant_id,agent_id,customer_id,visit_date,visit_type,check_in_time,check_out_time,latitude,longitude,purpose,outcome,notes,status,created_at) VALUES ('visit-01348','default-tenant-001','agent-002','cust-082','2025-10-20','customer','2025-10-20T14:16:00Z','2025-10-20T15:21:00Z',-26.2387,28.0001,'customer_service','order_placed','Follow up needed','completed','2025-10-20T14:16:00Z');
INSERT OR IGNORE INTO visits (id,tenant_id,agent_id,customer_id,visit_date,visit_type,check_in_time,check_out_time,latitude,longitude,purpose,outcome,notes,status,created_at) VALUES ('visit-01349','default-tenant-001','agent-001','cust-071','2026-02-20','customer','2026-02-20T12:32:00Z','2026-02-20T13:41:00Z',-32.9757,27.8984,'new_customer','order_placed','','completed','2026-02-20T12:32:00Z');
INSERT OR IGNORE INTO visits (id,tenant_id,agent_id,customer_id,visit_date,visit_type,check_in_time,check_out_time,latitude,longitude,purpose,outcome,notes,status,created_at) VALUES ('visit-01350','default-tenant-001','agent-001','cust-085','2025-10-25','customer','2025-10-25T09:54:00Z','2025-10-25T10:15:00Z',-23.9145,29.4964,'delivery','no_order','Good visit','cancelled','2025-10-25T09:54:00Z');
INSERT OR IGNORE INTO visits (id,tenant_id,agent_id,customer_id,visit_date,visit_type,check_in_time,check_out_time,latitude,longitude,purpose,outcome,notes,status,created_at) VALUES ('visit-01351','default-tenant-001','agent-001','cust-079','2025-10-05','customer','2025-10-05T16:42:00Z','2025-10-05T17:19:00Z',-26.1607,28.0196,'merchandising','order_placed','Placed large order','in_progress','2025-10-05T16:42:00Z');
INSERT OR IGNORE INTO visits (id,tenant_id,agent_id,customer_id,visit_date,visit_type,check_in_time,check_out_time,latitude,longitude,purpose,outcome,notes,status,created_at) VALUES ('visit-01352','default-tenant-001','agent-005','cust-082','2025-11-16','customer','2025-11-16T13:58:00Z','2025-11-16T15:09:00Z',-33.9450,18.4237,'audit','issue_resolved','New display set up','completed','2025-11-16T13:58:00Z');
INSERT OR IGNORE INTO visits (id,tenant_id,agent_id,customer_id,visit_date,visit_type,check_in_time,check_out_time,latitude,longitude,purpose,outcome,notes,status,created_at) VALUES ('visit-01353','default-tenant-001','agent-004','cust-062','2025-11-25','customer','2025-11-25T12:56:00Z','2025-11-25T13:13:00Z',-23.8749,29.4739,'sales','issue_resolved','Competitor promo spotted','cancelled','2025-11-25T12:56:00Z');
INSERT OR IGNORE INTO visits (id,tenant_id,agent_id,customer_id,visit_date,visit_type,check_in_time,check_out_time,latitude,longitude,purpose,outcome,notes,status,created_at) VALUES ('visit-01354','default-tenant-001','agent-003','cust-020','2025-10-11','customer','2025-10-11T13:37:00Z','2025-10-11T14:15:00Z',-28.6983,24.7707,'delivery','competitor_noted','Good visit','completed','2025-10-11T13:37:00Z');
INSERT OR IGNORE INTO visits (id,tenant_id,agent_id,customer_id,visit_date,visit_type,check_in_time,check_out_time,latitude,longitude,purpose,outcome,notes,status,created_at) VALUES ('visit-01355','default-tenant-001','agent-004','cust-064','2026-03-10','customer','2026-03-10T12:00:00Z','2026-03-10T13:09:00Z',-33.9571,18.4693,'audit','no_order','','in_progress','2026-03-10T12:00:00Z');
INSERT OR IGNORE INTO visits (id,tenant_id,agent_id,customer_id,visit_date,visit_type,check_in_time,check_out_time,latitude,longitude,purpose,outcome,notes,status,created_at) VALUES ('visit-01356','default-tenant-001','agent-004','cust-047','2025-12-16','customer','2025-12-16T09:43:00Z','2025-12-16T10:03:00Z',-25.5234,31.0115,'collection','follow_up_needed','Need more samples','completed','2025-12-16T09:43:00Z');
INSERT OR IGNORE INTO visits (id,tenant_id,agent_id,customer_id,visit_date,visit_type,check_in_time,check_out_time,latitude,longitude,purpose,outcome,notes,status,created_at) VALUES ('visit-01357','default-tenant-001','agent-003','cust-094','2026-02-10','customer','2026-02-10T08:21:00Z','2026-02-10T09:14:00Z',-25.7246,28.2727,'competitor_check','competitor_noted','','cancelled','2026-02-10T08:21:00Z');
INSERT OR IGNORE INTO visits (id,tenant_id,agent_id,customer_id,visit_date,visit_type,check_in_time,check_out_time,latitude,longitude,purpose,outcome,notes,status,created_at) VALUES ('visit-01358','default-tenant-001','agent-user-001','cust-023','2026-02-12','customer','2026-02-12T14:56:00Z','2026-02-12T15:34:00Z',-25.7754,28.2716,'merchandising','order_placed','Placed large order','completed','2026-02-12T14:56:00Z');
INSERT OR IGNORE INTO visits (id,tenant_id,agent_id,customer_id,visit_date,visit_type,check_in_time,check_out_time,latitude,longitude,purpose,outcome,notes,status,created_at) VALUES ('visit-01359','default-tenant-001','agent-003','cust-016','2025-11-15','customer','2025-11-15T08:48:00Z','2025-11-15T09:48:00Z',-33.9930,25.5772,'audit','order_placed','Need more samples','completed','2025-11-15T08:48:00Z');
INSERT OR IGNORE INTO visits (id,tenant_id,agent_id,customer_id,visit_date,visit_type,check_in_time,check_out_time,latitude,longitude,purpose,outcome,notes,status,created_at) VALUES ('visit-01360','default-tenant-001','agent-003','cust-082','2025-11-01','customer','2025-11-01T17:55:00Z','2025-11-01T18:23:00Z',-33.9317,18.3913,'delivery','order_placed','Competitor promo spotted','completed','2025-11-01T17:55:00Z');
INSERT OR IGNORE INTO visits (id,tenant_id,agent_id,customer_id,visit_date,visit_type,check_in_time,check_out_time,latitude,longitude,purpose,outcome,notes,status,created_at) VALUES ('visit-01361','default-tenant-001','agent-005','cust-073','2025-10-15','customer','2025-10-15T13:28:00Z','2025-10-15T14:38:00Z',-29.8992,31.0635,'customer_service','issue_resolved','New display set up','in_progress','2025-10-15T13:28:00Z');
INSERT OR IGNORE INTO visits (id,tenant_id,agent_id,customer_id,visit_date,visit_type,check_in_time,check_out_time,latitude,longitude,purpose,outcome,notes,status,created_at) VALUES ('visit-01362','default-tenant-001','agent-002','cust-028','2025-10-05','customer','2025-10-05T09:05:00Z','2025-10-05T09:42:00Z',-33.9540,25.6163,'new_customer','competitor_noted','Need more samples','completed','2025-10-05T09:05:00Z');
INSERT OR IGNORE INTO visits (id,tenant_id,agent_id,customer_id,visit_date,visit_type,check_in_time,check_out_time,latitude,longitude,purpose,outcome,notes,status,created_at) VALUES ('visit-01363','default-tenant-001','agent-004','cust-015','2026-02-05','customer','2026-02-05T11:38:00Z','2026-02-05T12:09:00Z',-33.9554,25.6263,'delivery','competitor_noted','','cancelled','2026-02-05T11:38:00Z');
INSERT OR IGNORE INTO visits (id,tenant_id,agent_id,customer_id,visit_date,visit_type,check_in_time,check_out_time,latitude,longitude,purpose,outcome,notes,status,created_at) VALUES ('visit-01364','default-tenant-001','agent-003','cust-077','2025-11-23','customer','2025-11-23T14:13:00Z','2025-11-23T15:34:00Z',-26.1761,28.0878,'competitor_check','order_placed','Placed large order','cancelled','2025-11-23T14:13:00Z');
INSERT OR IGNORE INTO visits (id,tenant_id,agent_id,customer_id,visit_date,visit_type,check_in_time,check_out_time,latitude,longitude,purpose,outcome,notes,status,created_at) VALUES ('visit-01365','default-tenant-001','agent-003','cust-040','2025-10-29','customer','2025-10-29T14:11:00Z','2025-10-29T14:35:00Z',-25.4519,31.0192,'sales','issue_resolved','Follow up needed','completed','2025-10-29T14:11:00Z');
INSERT OR IGNORE INTO visits (id,tenant_id,agent_id,customer_id,visit_date,visit_type,check_in_time,check_out_time,latitude,longitude,purpose,outcome,notes,status,created_at) VALUES ('visit-01366','default-tenant-001','agent-002','cust-071','2026-02-18','customer','2026-02-18T13:34:00Z','2026-02-18T13:59:00Z',-26.1604,28.0669,'new_customer','follow_up_needed','','completed','2026-02-18T13:34:00Z');
INSERT OR IGNORE INTO visits (id,tenant_id,agent_id,customer_id,visit_date,visit_type,check_in_time,check_out_time,latitude,longitude,purpose,outcome,notes,status,created_at) VALUES ('visit-01367','default-tenant-001','agent-004','cust-051','2025-10-22','customer','2025-10-22T11:58:00Z','2025-10-22T13:26:00Z',-23.8844,29.4304,'customer_service','no_order','Good visit','completed','2025-10-22T11:58:00Z');
INSERT OR IGNORE INTO visits (id,tenant_id,agent_id,customer_id,visit_date,visit_type,check_in_time,check_out_time,latitude,longitude,purpose,outcome,notes,status,created_at) VALUES ('visit-01368','default-tenant-001','agent-002','cust-057','2026-02-15','customer','2026-02-15T12:18:00Z','2026-02-15T12:47:00Z',-34.0107,25.6058,'new_customer','order_placed','Need more samples','cancelled','2026-02-15T12:18:00Z');
INSERT OR IGNORE INTO visits (id,tenant_id,agent_id,customer_id,visit_date,visit_type,check_in_time,check_out_time,latitude,longitude,purpose,outcome,notes,status,created_at) VALUES ('visit-01369','default-tenant-001','agent-user-001','cust-084','2025-12-31','customer','2025-12-31T11:42:00Z','2025-12-31T12:02:00Z',-29.8594,30.9885,'new_customer','order_placed','Shelf space increased','completed','2025-12-31T11:42:00Z');
INSERT OR IGNORE INTO visits (id,tenant_id,agent_id,customer_id,visit_date,visit_type,check_in_time,check_out_time,latitude,longitude,purpose,outcome,notes,status,created_at) VALUES ('visit-01370','default-tenant-001','agent-005','cust-040','2025-11-12','customer','2025-11-12T10:23:00Z','2025-11-12T10:41:00Z',-26.1624,28.0043,'new_customer','follow_up_needed','','completed','2025-11-12T10:23:00Z');
INSERT OR IGNORE INTO visits (id,tenant_id,agent_id,customer_id,visit_date,visit_type,check_in_time,check_out_time,latitude,longitude,purpose,outcome,notes,status,created_at) VALUES ('visit-01371','default-tenant-001','agent-003','cust-059','2025-11-16','customer','2025-11-16T17:18:00Z','2025-11-16T17:54:00Z',-23.9007,29.5102,'customer_service','no_order','New display set up','completed','2025-11-16T17:18:00Z');
INSERT OR IGNORE INTO visits (id,tenant_id,agent_id,customer_id,visit_date,visit_type,check_in_time,check_out_time,latitude,longitude,purpose,outcome,notes,status,created_at) VALUES ('visit-01372','default-tenant-001','agent-user-001','cust-014','2025-11-18','customer','2025-11-18T11:43:00Z','2025-11-18T13:11:00Z',-26.1808,28.0582,'collection','issue_resolved','','cancelled','2025-11-18T11:43:00Z');
INSERT OR IGNORE INTO visits (id,tenant_id,agent_id,customer_id,visit_date,visit_type,check_in_time,check_out_time,latitude,longitude,purpose,outcome,notes,status,created_at) VALUES ('visit-01373','default-tenant-001','agent-001','cust-001','2026-03-10','customer','2026-03-10T13:36:00Z','2026-03-10T14:33:00Z',-33.9463,18.4025,'audit','no_order','Shelf space increased','completed','2026-03-10T13:36:00Z');
INSERT OR IGNORE INTO visits (id,tenant_id,agent_id,customer_id,visit_date,visit_type,check_in_time,check_out_time,latitude,longitude,purpose,outcome,notes,status,created_at) VALUES ('visit-01374','default-tenant-001','agent-002','cust-016','2026-01-27','customer','2026-01-27T10:36:00Z','2026-01-27T11:51:00Z',-29.1085,26.1495,'merchandising','competitor_noted','','pending','2026-01-27T10:36:00Z');
INSERT OR IGNORE INTO visits (id,tenant_id,agent_id,customer_id,visit_date,visit_type,check_in_time,check_out_time,latitude,longitude,purpose,outcome,notes,status,created_at) VALUES ('visit-01375','default-tenant-001','agent-001','cust-085','2025-11-17','customer','2025-11-17T13:59:00Z','2025-11-17T14:22:00Z',-29.8607,31.0242,'competitor_check','issue_resolved','Need more samples','completed','2025-11-17T13:59:00Z');
INSERT OR IGNORE INTO visits (id,tenant_id,agent_id,customer_id,visit_date,visit_type,check_in_time,check_out_time,latitude,longitude,purpose,outcome,notes,status,created_at) VALUES ('visit-01376','default-tenant-001','agent-004','cust-087','2025-12-13','customer','2025-12-13T16:23:00Z','2025-12-13T16:40:00Z',-33.9389,18.4361,'collection','no_order','Need more samples','in_progress','2025-12-13T16:23:00Z');
INSERT OR IGNORE INTO visits (id,tenant_id,agent_id,customer_id,visit_date,visit_type,check_in_time,check_out_time,latitude,longitude,purpose,outcome,notes,status,created_at) VALUES ('visit-01377','default-tenant-001','agent-003','cust-028','2026-01-06','customer','2026-01-06T16:54:00Z','2026-01-06T18:05:00Z',-29.1136,26.1761,'merchandising','issue_resolved','Competitor promo spotted','completed','2026-01-06T16:54:00Z');
INSERT OR IGNORE INTO visits (id,tenant_id,agent_id,customer_id,visit_date,visit_type,check_in_time,check_out_time,latitude,longitude,purpose,outcome,notes,status,created_at) VALUES ('visit-01378','default-tenant-001','agent-004','cust-012','2025-12-14','customer','2025-12-14T13:20:00Z','2025-12-14T14:36:00Z',-26.2299,28.0508,'new_customer','no_order','New display set up','completed','2025-12-14T13:20:00Z');
INSERT OR IGNORE INTO visits (id,tenant_id,agent_id,customer_id,visit_date,visit_type,check_in_time,check_out_time,latitude,longitude,purpose,outcome,notes,status,created_at) VALUES ('visit-01379','default-tenant-001','agent-001','cust-043','2026-02-04','customer','2026-02-04T10:25:00Z','2026-02-04T11:39:00Z',-29.8920,31.0624,'competitor_check','issue_resolved','Good visit','in_progress','2026-02-04T10:25:00Z');
INSERT OR IGNORE INTO visits (id,tenant_id,agent_id,customer_id,visit_date,visit_type,check_in_time,check_out_time,latitude,longitude,purpose,outcome,notes,status,created_at) VALUES ('visit-01380','default-tenant-001','agent-002','cust-082','2025-12-19','customer','2025-12-19T12:32:00Z','2025-12-19T12:57:00Z',-33.8894,18.4481,'sales','competitor_noted','Good visit','completed','2025-12-19T12:32:00Z');
INSERT OR IGNORE INTO visits (id,tenant_id,agent_id,customer_id,visit_date,visit_type,check_in_time,check_out_time,latitude,longitude,purpose,outcome,notes,status,created_at) VALUES ('visit-01381','default-tenant-001','agent-005','cust-032','2025-10-07','customer','2025-10-07T13:51:00Z','2025-10-07T15:20:00Z',-33.9452,25.6404,'merchandising','issue_resolved','New display set up','cancelled','2025-10-07T13:51:00Z');
INSERT OR IGNORE INTO visits (id,tenant_id,agent_id,customer_id,visit_date,visit_type,check_in_time,check_out_time,latitude,longitude,purpose,outcome,notes,status,created_at) VALUES ('visit-01382','default-tenant-001','agent-001','cust-063','2025-12-26','customer','2025-12-26T09:38:00Z','2025-12-26T09:50:00Z',-25.4732,31.0171,'collection','stock_checked','Shelf space increased','completed','2025-12-26T09:38:00Z');
INSERT OR IGNORE INTO visits (id,tenant_id,agent_id,customer_id,visit_date,visit_type,check_in_time,check_out_time,latitude,longitude,purpose,outcome,notes,status,created_at) VALUES ('visit-01383','default-tenant-001','agent-004','cust-047','2026-01-13','customer','2026-01-13T08:41:00Z','2026-01-13T10:06:00Z',-29.8628,31.0404,'customer_service','follow_up_needed','New display set up','completed','2026-01-13T08:41:00Z');
INSERT OR IGNORE INTO visits (id,tenant_id,agent_id,customer_id,visit_date,visit_type,check_in_time,check_out_time,latitude,longitude,purpose,outcome,notes,status,created_at) VALUES ('visit-01384','default-tenant-001','agent-user-001','cust-066','2026-03-05','customer','2026-03-05T17:18:00Z','2026-03-05T17:35:00Z',-25.7378,28.2489,'collection','issue_resolved','','completed','2026-03-05T17:18:00Z');
INSERT OR IGNORE INTO visits (id,tenant_id,agent_id,customer_id,visit_date,visit_type,check_in_time,check_out_time,latitude,longitude,purpose,outcome,notes,status,created_at) VALUES ('visit-01385','default-tenant-001','agent-003','cust-006','2026-01-05','customer','2026-01-05T11:33:00Z','2026-01-05T12:20:00Z',-25.4978,30.9849,'sales','issue_resolved','Competitor promo spotted','completed','2026-01-05T11:33:00Z');
INSERT OR IGNORE INTO visits (id,tenant_id,agent_id,customer_id,visit_date,visit_type,check_in_time,check_out_time,latitude,longitude,purpose,outcome,notes,status,created_at) VALUES ('visit-01386','default-tenant-001','agent-003','cust-049','2025-10-20','customer','2025-10-20T13:25:00Z','2025-10-20T14:48:00Z',-32.9856,27.8641,'customer_service','competitor_noted','Need more samples','completed','2025-10-20T13:25:00Z');
INSERT OR IGNORE INTO visits (id,tenant_id,agent_id,customer_id,visit_date,visit_type,check_in_time,check_out_time,latitude,longitude,purpose,outcome,notes,status,created_at) VALUES ('visit-01387','default-tenant-001','agent-001','cust-028','2026-01-02','customer','2026-01-02T08:00:00Z','2026-01-02T08:17:00Z',-33.9789,25.5667,'merchandising','issue_resolved','Competitor promo spotted','cancelled','2026-01-02T08:00:00Z');
INSERT OR IGNORE INTO visits (id,tenant_id,agent_id,customer_id,visit_date,visit_type,check_in_time,check_out_time,latitude,longitude,purpose,outcome,notes,status,created_at) VALUES ('visit-01388','default-tenant-001','agent-003','cust-011','2026-03-06','customer','2026-03-06T08:33:00Z','2026-03-06T09:08:00Z',-25.7573,28.2209,'delivery','issue_resolved','Placed large order','completed','2026-03-06T08:33:00Z');
INSERT OR IGNORE INTO visits (id,tenant_id,agent_id,customer_id,visit_date,visit_type,check_in_time,check_out_time,latitude,longitude,purpose,outcome,notes,status,created_at) VALUES ('visit-01389','default-tenant-001','agent-001','cust-002','2025-11-16','customer','2025-11-16T08:33:00Z','2025-11-16T09:19:00Z',-29.8877,31.0636,'new_customer','follow_up_needed','New display set up','completed','2025-11-16T08:33:00Z');
INSERT OR IGNORE INTO visits (id,tenant_id,agent_id,customer_id,visit_date,visit_type,check_in_time,check_out_time,latitude,longitude,purpose,outcome,notes,status,created_at) VALUES ('visit-01390','default-tenant-001','agent-003','cust-054','2026-03-01','customer','2026-03-01T15:07:00Z','2026-03-01T16:12:00Z',-26.1624,28.0432,'customer_service','follow_up_needed','Shelf space increased','completed','2026-03-01T15:07:00Z');
INSERT OR IGNORE INTO visits (id,tenant_id,agent_id,customer_id,visit_date,visit_type,check_in_time,check_out_time,latitude,longitude,purpose,outcome,notes,status,created_at) VALUES ('visit-01391','default-tenant-001','agent-004','cust-077','2026-02-26','customer','2026-02-26T16:29:00Z','2026-02-26T16:59:00Z',-29.0510,26.1744,'sales','follow_up_needed','New display set up','completed','2026-02-26T16:29:00Z');
INSERT OR IGNORE INTO visits (id,tenant_id,agent_id,customer_id,visit_date,visit_type,check_in_time,check_out_time,latitude,longitude,purpose,outcome,notes,status,created_at) VALUES ('visit-01392','default-tenant-001','agent-002','cust-026','2026-01-20','customer','2026-01-20T13:41:00Z','2026-01-20T14:07:00Z',-23.8754,29.4764,'merchandising','issue_resolved','Placed large order','pending','2026-01-20T13:41:00Z');
INSERT OR IGNORE INTO visits (id,tenant_id,agent_id,customer_id,visit_date,visit_type,check_in_time,check_out_time,latitude,longitude,purpose,outcome,notes,status,created_at) VALUES ('visit-01393','default-tenant-001','agent-001','cust-014','2025-11-26','customer','2025-11-26T17:39:00Z','2025-11-26T18:21:00Z',-29.8292,30.9911,'sales','order_placed','Customer happy','pending','2025-11-26T17:39:00Z');
INSERT OR IGNORE INTO visits (id,tenant_id,agent_id,customer_id,visit_date,visit_type,check_in_time,check_out_time,latitude,longitude,purpose,outcome,notes,status,created_at) VALUES ('visit-01394','default-tenant-001','agent-004','cust-011','2025-11-05','customer','2025-11-05T15:48:00Z','2025-11-05T17:13:00Z',-33.0078,27.8867,'sales','competitor_noted','Follow up needed','completed','2025-11-05T15:48:00Z');
INSERT OR IGNORE INTO visits (id,tenant_id,agent_id,customer_id,visit_date,visit_type,check_in_time,check_out_time,latitude,longitude,purpose,outcome,notes,status,created_at) VALUES ('visit-01395','default-tenant-001','agent-002','cust-049','2025-10-19','customer','2025-10-19T11:32:00Z','2025-10-19T12:56:00Z',-33.0359,27.9358,'competitor_check','follow_up_needed','Placed large order','completed','2025-10-19T11:32:00Z');
INSERT OR IGNORE INTO visits (id,tenant_id,agent_id,customer_id,visit_date,visit_type,check_in_time,check_out_time,latitude,longitude,purpose,outcome,notes,status,created_at) VALUES ('visit-01396','default-tenant-001','agent-user-001','cust-033','2025-10-06','customer','2025-10-06T11:11:00Z','2025-10-06T12:36:00Z',-23.9136,29.4691,'sales','issue_resolved','','cancelled','2025-10-06T11:11:00Z');
INSERT OR IGNORE INTO visits (id,tenant_id,agent_id,customer_id,visit_date,visit_type,check_in_time,check_out_time,latitude,longitude,purpose,outcome,notes,status,created_at) VALUES ('visit-01397','default-tenant-001','agent-user-001','cust-045','2025-11-27','customer','2025-11-27T16:21:00Z','2025-11-27T17:35:00Z',-33.9280,25.6183,'customer_service','competitor_noted','','completed','2025-11-27T16:21:00Z');
INSERT OR IGNORE INTO visits (id,tenant_id,agent_id,customer_id,visit_date,visit_type,check_in_time,check_out_time,latitude,longitude,purpose,outcome,notes,status,created_at) VALUES ('visit-01398','default-tenant-001','agent-user-001','cust-058','2026-02-15','customer','2026-02-15T07:40:00Z','2026-02-15T08:33:00Z',-28.7260,24.7035,'new_customer','order_placed','Stock low','completed','2026-02-15T07:40:00Z');
INSERT OR IGNORE INTO visits (id,tenant_id,agent_id,customer_id,visit_date,visit_type,check_in_time,check_out_time,latitude,longitude,purpose,outcome,notes,status,created_at) VALUES ('visit-01399','default-tenant-001','agent-003','cust-022','2026-01-11','customer','2026-01-11T16:49:00Z','2026-01-11T18:07:00Z',-33.0245,27.8686,'merchandising','follow_up_needed','Customer happy','completed','2026-01-11T16:49:00Z');
INSERT OR IGNORE INTO visits (id,tenant_id,agent_id,customer_id,visit_date,visit_type,check_in_time,check_out_time,latitude,longitude,purpose,outcome,notes,status,created_at) VALUES ('visit-01400','default-tenant-001','agent-003','cust-051','2025-11-28','customer','2025-11-28T10:32:00Z','2025-11-28T11:59:00Z',-25.4744,30.9300,'audit','follow_up_needed','New display set up','completed','2025-11-28T10:32:00Z');
INSERT OR IGNORE INTO visits (id,tenant_id,agent_id,customer_id,visit_date,visit_type,check_in_time,check_out_time,latitude,longitude,purpose,outcome,notes,status,created_at) VALUES ('visit-01401','default-tenant-001','agent-user-001','cust-018','2026-02-06','customer','2026-02-06T16:45:00Z','2026-02-06T17:01:00Z',-33.0430,27.8777,'merchandising','competitor_noted','','completed','2026-02-06T16:45:00Z');
INSERT OR IGNORE INTO visits (id,tenant_id,agent_id,customer_id,visit_date,visit_type,check_in_time,check_out_time,latitude,longitude,purpose,outcome,notes,status,created_at) VALUES ('visit-01402','default-tenant-001','agent-002','cust-039','2025-10-10','customer','2025-10-10T13:15:00Z','2025-10-10T13:30:00Z',-23.9301,29.4189,'collection','no_order','Shelf space increased','completed','2025-10-10T13:15:00Z');
INSERT OR IGNORE INTO visits (id,tenant_id,agent_id,customer_id,visit_date,visit_type,check_in_time,check_out_time,latitude,longitude,purpose,outcome,notes,status,created_at) VALUES ('visit-01403','default-tenant-001','agent-004','cust-064','2026-03-03','customer','2026-03-03T17:11:00Z','2026-03-03T17:31:00Z',-23.8983,29.4915,'delivery','issue_resolved','Stock low','in_progress','2026-03-03T17:11:00Z');
INSERT OR IGNORE INTO visits (id,tenant_id,agent_id,customer_id,visit_date,visit_type,check_in_time,check_out_time,latitude,longitude,purpose,outcome,notes,status,created_at) VALUES ('visit-01404','default-tenant-001','agent-002','cust-091','2026-01-24','customer','2026-01-24T08:51:00Z','2026-01-24T09:36:00Z',-33.9525,25.6225,'collection','order_placed','Shelf space increased','completed','2026-01-24T08:51:00Z');
INSERT OR IGNORE INTO visits (id,tenant_id,agent_id,customer_id,visit_date,visit_type,check_in_time,check_out_time,latitude,longitude,purpose,outcome,notes,status,created_at) VALUES ('visit-01405','default-tenant-001','agent-001','cust-061','2026-02-27','customer','2026-02-27T14:57:00Z','2026-02-27T16:16:00Z',-23.9366,29.4496,'merchandising','competitor_noted','','cancelled','2026-02-27T14:57:00Z');
INSERT OR IGNORE INTO visits (id,tenant_id,agent_id,customer_id,visit_date,visit_type,check_in_time,check_out_time,latitude,longitude,purpose,outcome,notes,status,created_at) VALUES ('visit-01406','default-tenant-001','agent-001','cust-094','2025-12-07','customer','2025-12-07T10:28:00Z','2025-12-07T11:09:00Z',-29.1336,26.1999,'audit','order_placed','Need more samples','cancelled','2025-12-07T10:28:00Z');
INSERT OR IGNORE INTO visits (id,tenant_id,agent_id,customer_id,visit_date,visit_type,check_in_time,check_out_time,latitude,longitude,purpose,outcome,notes,status,created_at) VALUES ('visit-01407','default-tenant-001','agent-005','cust-033','2025-11-13','customer','2025-11-13T15:17:00Z','2025-11-13T16:24:00Z',-23.8709,29.5176,'merchandising','no_order','Good visit','pending','2025-11-13T15:17:00Z');
INSERT OR IGNORE INTO visits (id,tenant_id,agent_id,customer_id,visit_date,visit_type,check_in_time,check_out_time,latitude,longitude,purpose,outcome,notes,status,created_at) VALUES ('visit-01408','default-tenant-001','agent-002','cust-010','2026-02-06','customer','2026-02-06T16:56:00Z','2026-02-06T17:19:00Z',-29.0691,26.1142,'competitor_check','competitor_noted','Stock low','pending','2026-02-06T16:56:00Z');
INSERT OR IGNORE INTO visits (id,tenant_id,agent_id,customer_id,visit_date,visit_type,check_in_time,check_out_time,latitude,longitude,purpose,outcome,notes,status,created_at) VALUES ('visit-01409','default-tenant-001','agent-002','cust-070','2026-01-11','customer','2026-01-11T16:05:00Z','2026-01-11T17:17:00Z',-32.9684,27.8946,'competitor_check','follow_up_needed','','pending','2026-01-11T16:05:00Z');
INSERT OR IGNORE INTO visits (id,tenant_id,agent_id,customer_id,visit_date,visit_type,check_in_time,check_out_time,latitude,longitude,purpose,outcome,notes,status,created_at) VALUES ('visit-01410','default-tenant-001','agent-002','cust-041','2025-11-05','customer','2025-11-05T10:58:00Z','2025-11-05T11:49:00Z',-33.9472,18.4083,'competitor_check','issue_resolved','Need more samples','completed','2025-11-05T10:58:00Z');
INSERT OR IGNORE INTO visits (id,tenant_id,agent_id,customer_id,visit_date,visit_type,check_in_time,check_out_time,latitude,longitude,purpose,outcome,notes,status,created_at) VALUES ('visit-01411','default-tenant-001','agent-002','cust-095','2026-01-18','customer','2026-01-18T17:45:00Z','2026-01-18T18:04:00Z',-32.9886,27.8786,'merchandising','issue_resolved','Follow up needed','completed','2026-01-18T17:45:00Z');
INSERT OR IGNORE INTO visits (id,tenant_id,agent_id,customer_id,visit_date,visit_type,check_in_time,check_out_time,latitude,longitude,purpose,outcome,notes,status,created_at) VALUES ('visit-01412','default-tenant-001','agent-001','cust-004','2025-12-09','customer','2025-12-09T10:55:00Z','2025-12-09T11:32:00Z',-33.9785,25.6317,'sales','issue_resolved','','in_progress','2025-12-09T10:55:00Z');
INSERT OR IGNORE INTO visits (id,tenant_id,agent_id,customer_id,visit_date,visit_type,check_in_time,check_out_time,latitude,longitude,purpose,outcome,notes,status,created_at) VALUES ('visit-01413','default-tenant-001','agent-003','cust-078','2025-10-18','customer','2025-10-18T12:06:00Z','2025-10-18T13:30:00Z',-25.7401,28.2301,'sales','stock_checked','Placed large order','completed','2025-10-18T12:06:00Z');
INSERT OR IGNORE INTO visits (id,tenant_id,agent_id,customer_id,visit_date,visit_type,check_in_time,check_out_time,latitude,longitude,purpose,outcome,notes,status,created_at) VALUES ('visit-01414','default-tenant-001','agent-002','cust-069','2026-01-21','customer','2026-01-21T15:15:00Z','2026-01-21T16:13:00Z',-29.1117,26.1877,'collection','no_order','Stock low','completed','2026-01-21T15:15:00Z');
INSERT OR IGNORE INTO visits (id,tenant_id,agent_id,customer_id,visit_date,visit_type,check_in_time,check_out_time,latitude,longitude,purpose,outcome,notes,status,created_at) VALUES ('visit-01415','default-tenant-001','agent-002','cust-055','2026-02-08','customer','2026-02-08T09:48:00Z','2026-02-08T10:05:00Z',-25.7434,28.2377,'delivery','competitor_noted','','pending','2026-02-08T09:48:00Z');
INSERT OR IGNORE INTO visits (id,tenant_id,agent_id,customer_id,visit_date,visit_type,check_in_time,check_out_time,latitude,longitude,purpose,outcome,notes,status,created_at) VALUES ('visit-01416','default-tenant-001','agent-001','cust-011','2025-11-26','customer','2025-11-26T14:24:00Z','2025-11-26T15:03:00Z',-33.9275,18.4490,'new_customer','competitor_noted','Stock low','completed','2025-11-26T14:24:00Z');
INSERT OR IGNORE INTO visits (id,tenant_id,agent_id,customer_id,visit_date,visit_type,check_in_time,check_out_time,latitude,longitude,purpose,outcome,notes,status,created_at) VALUES ('visit-01417','default-tenant-001','agent-user-001','cust-005','2026-02-06','customer','2026-02-06T10:57:00Z','2026-02-06T12:20:00Z',-23.9039,29.5025,'merchandising','follow_up_needed','Follow up needed','cancelled','2026-02-06T10:57:00Z');
INSERT OR IGNORE INTO visits (id,tenant_id,agent_id,customer_id,visit_date,visit_type,check_in_time,check_out_time,latitude,longitude,purpose,outcome,notes,status,created_at) VALUES ('visit-01418','default-tenant-001','agent-003','cust-036','2026-02-13','customer','2026-02-13T16:46:00Z','2026-02-13T16:57:00Z',-26.1854,27.9974,'audit','stock_checked','Follow up needed','pending','2026-02-13T16:46:00Z');
INSERT OR IGNORE INTO visits (id,tenant_id,agent_id,customer_id,visit_date,visit_type,check_in_time,check_out_time,latitude,longitude,purpose,outcome,notes,status,created_at) VALUES ('visit-01419','default-tenant-001','agent-005','cust-048','2025-12-16','customer','2025-12-16T12:25:00Z','2025-12-16T13:17:00Z',-23.9395,29.4247,'collection','issue_resolved','','in_progress','2025-12-16T12:25:00Z');
INSERT OR IGNORE INTO visits (id,tenant_id,agent_id,customer_id,visit_date,visit_type,check_in_time,check_out_time,latitude,longitude,purpose,outcome,notes,status,created_at) VALUES ('visit-01420','default-tenant-001','agent-005','cust-037','2026-02-19','customer','2026-02-19T16:13:00Z','2026-02-19T17:07:00Z',-23.9201,29.4222,'customer_service','order_placed','Shelf space increased','completed','2026-02-19T16:13:00Z');
INSERT OR IGNORE INTO visits (id,tenant_id,agent_id,customer_id,visit_date,visit_type,check_in_time,check_out_time,latitude,longitude,purpose,outcome,notes,status,created_at) VALUES ('visit-01421','default-tenant-001','agent-005','cust-078','2026-01-03','customer','2026-01-03T11:38:00Z','2026-01-03T12:21:00Z',-33.0005,27.9260,'sales','competitor_noted','Placed large order','completed','2026-01-03T11:38:00Z');
INSERT OR IGNORE INTO visits (id,tenant_id,agent_id,customer_id,visit_date,visit_type,check_in_time,check_out_time,latitude,longitude,purpose,outcome,notes,status,created_at) VALUES ('visit-01422','default-tenant-001','agent-003','cust-062','2025-12-29','customer','2025-12-29T13:25:00Z','2025-12-29T14:48:00Z',-29.0695,26.1406,'merchandising','order_placed','Shelf space increased','pending','2025-12-29T13:25:00Z');
INSERT OR IGNORE INTO visits (id,tenant_id,agent_id,customer_id,visit_date,visit_type,check_in_time,check_out_time,latitude,longitude,purpose,outcome,notes,status,created_at) VALUES ('visit-01423','default-tenant-001','agent-003','cust-097','2026-03-10','customer','2026-03-10T09:04:00Z','2026-03-10T09:49:00Z',-33.9579,18.4415,'audit','order_placed','New display set up','completed','2026-03-10T09:04:00Z');
INSERT OR IGNORE INTO visits (id,tenant_id,agent_id,customer_id,visit_date,visit_type,check_in_time,check_out_time,latitude,longitude,purpose,outcome,notes,status,created_at) VALUES ('visit-01424','default-tenant-001','agent-004','cust-097','2025-10-14','customer','2025-10-14T12:33:00Z','2025-10-14T13:38:00Z',-28.6893,24.7679,'competitor_check','stock_checked','New display set up','in_progress','2025-10-14T12:33:00Z');
INSERT OR IGNORE INTO visits (id,tenant_id,agent_id,customer_id,visit_date,visit_type,check_in_time,check_out_time,latitude,longitude,purpose,outcome,notes,status,created_at) VALUES ('visit-01425','default-tenant-001','agent-004','cust-037','2025-10-03','customer','2025-10-03T12:27:00Z','2025-10-03T13:39:00Z',-26.1547,28.0131,'merchandising','competitor_noted','','completed','2025-10-03T12:27:00Z');
INSERT OR IGNORE INTO visits (id,tenant_id,agent_id,customer_id,visit_date,visit_type,check_in_time,check_out_time,latitude,longitude,purpose,outcome,notes,status,created_at) VALUES ('visit-01426','default-tenant-001','agent-005','cust-083','2026-01-08','customer','2026-01-08T07:04:00Z','2026-01-08T08:29:00Z',-33.0289,27.9516,'new_customer','issue_resolved','Good visit','completed','2026-01-08T07:04:00Z');
INSERT OR IGNORE INTO visits (id,tenant_id,agent_id,customer_id,visit_date,visit_type,check_in_time,check_out_time,latitude,longitude,purpose,outcome,notes,status,created_at) VALUES ('visit-01427','default-tenant-001','agent-001','cust-019','2025-12-25','customer','2025-12-25T14:46:00Z','2025-12-25T15:21:00Z',-25.4738,30.9683,'sales','follow_up_needed','Placed large order','completed','2025-12-25T14:46:00Z');
INSERT OR IGNORE INTO visits (id,tenant_id,agent_id,customer_id,visit_date,visit_type,check_in_time,check_out_time,latitude,longitude,purpose,outcome,notes,status,created_at) VALUES ('visit-01428','default-tenant-001','agent-001','cust-076','2026-01-07','customer','2026-01-07T11:02:00Z','2026-01-07T12:14:00Z',-26.2168,28.0185,'delivery','competitor_noted','Shelf space increased','pending','2026-01-07T11:02:00Z');
INSERT OR IGNORE INTO visits (id,tenant_id,agent_id,customer_id,visit_date,visit_type,check_in_time,check_out_time,latitude,longitude,purpose,outcome,notes,status,created_at) VALUES ('visit-01429','default-tenant-001','agent-004','cust-008','2025-12-10','customer','2025-12-10T11:05:00Z','2025-12-10T12:28:00Z',-25.5043,31.0122,'merchandising','follow_up_needed','New display set up','completed','2025-12-10T11:05:00Z');
INSERT OR IGNORE INTO visits (id,tenant_id,agent_id,customer_id,visit_date,visit_type,check_in_time,check_out_time,latitude,longitude,purpose,outcome,notes,status,created_at) VALUES ('visit-01430','default-tenant-001','agent-001','cust-028','2025-10-09','customer','2025-10-09T10:16:00Z','2025-10-09T11:29:00Z',-29.0676,26.1314,'competitor_check','no_order','Need more samples','in_progress','2025-10-09T10:16:00Z');
INSERT OR IGNORE INTO visits (id,tenant_id,agent_id,customer_id,visit_date,visit_type,check_in_time,check_out_time,latitude,longitude,purpose,outcome,notes,status,created_at) VALUES ('visit-01431','default-tenant-001','agent-002','cust-016','2025-10-20','customer','2025-10-20T13:29:00Z','2025-10-20T14:46:00Z',-29.0679,26.1279,'merchandising','stock_checked','New display set up','completed','2025-10-20T13:29:00Z');
INSERT OR IGNORE INTO visits (id,tenant_id,agent_id,customer_id,visit_date,visit_type,check_in_time,check_out_time,latitude,longitude,purpose,outcome,notes,status,created_at) VALUES ('visit-01432','default-tenant-001','agent-003','cust-018','2025-10-14','customer','2025-10-14T14:57:00Z','2025-10-14T15:19:00Z',-26.2458,28.0532,'audit','no_order','','completed','2025-10-14T14:57:00Z');
INSERT OR IGNORE INTO visits (id,tenant_id,agent_id,customer_id,visit_date,visit_type,check_in_time,check_out_time,latitude,longitude,purpose,outcome,notes,status,created_at) VALUES ('visit-01433','default-tenant-001','agent-005','cust-092','2026-01-03','customer','2026-01-03T10:27:00Z','2026-01-03T10:48:00Z',-33.9884,25.5961,'sales','competitor_noted','Need more samples','completed','2026-01-03T10:27:00Z');
INSERT OR IGNORE INTO visits (id,tenant_id,agent_id,customer_id,visit_date,visit_type,check_in_time,check_out_time,latitude,longitude,purpose,outcome,notes,status,created_at) VALUES ('visit-01434','default-tenant-001','agent-user-001','cust-040','2026-01-29','customer','2026-01-29T09:47:00Z','2026-01-29T10:54:00Z',-28.7776,24.7682,'collection','follow_up_needed','Competitor promo spotted','cancelled','2026-01-29T09:47:00Z');
INSERT OR IGNORE INTO visits (id,tenant_id,agent_id,customer_id,visit_date,visit_type,check_in_time,check_out_time,latitude,longitude,purpose,outcome,notes,status,created_at) VALUES ('visit-01435','default-tenant-001','agent-002','cust-084','2026-02-07','customer','2026-02-07T10:01:00Z','2026-02-07T10:35:00Z',-33.9472,18.4393,'delivery','order_placed','Good visit','completed','2026-02-07T10:01:00Z');
INSERT OR IGNORE INTO visits (id,tenant_id,agent_id,customer_id,visit_date,visit_type,check_in_time,check_out_time,latitude,longitude,purpose,outcome,notes,status,created_at) VALUES ('visit-01436','default-tenant-001','agent-user-001','cust-064','2025-12-01','customer','2025-12-01T16:32:00Z','2025-12-01T17:02:00Z',-25.4615,30.9811,'collection','issue_resolved','','pending','2025-12-01T16:32:00Z');
INSERT OR IGNORE INTO visits (id,tenant_id,agent_id,customer_id,visit_date,visit_type,check_in_time,check_out_time,latitude,longitude,purpose,outcome,notes,status,created_at) VALUES ('visit-01437','default-tenant-001','agent-user-001','cust-062','2026-02-01','customer','2026-02-01T07:12:00Z','2026-02-01T07:47:00Z',-28.6891,24.7383,'new_customer','issue_resolved','Stock low','completed','2026-02-01T07:12:00Z');
INSERT OR IGNORE INTO visits (id,tenant_id,agent_id,customer_id,visit_date,visit_type,check_in_time,check_out_time,latitude,longitude,purpose,outcome,notes,status,created_at) VALUES ('visit-01438','default-tenant-001','agent-004','cust-005','2025-11-07','customer','2025-11-07T11:04:00Z','2025-11-07T12:00:00Z',-33.0035,27.8737,'customer_service','stock_checked','Shelf space increased','completed','2025-11-07T11:04:00Z');
INSERT OR IGNORE INTO visits (id,tenant_id,agent_id,customer_id,visit_date,visit_type,check_in_time,check_out_time,latitude,longitude,purpose,outcome,notes,status,created_at) VALUES ('visit-01439','default-tenant-001','agent-003','cust-030','2025-12-01','customer','2025-12-01T15:39:00Z','2025-12-01T15:57:00Z',-25.7445,28.2555,'audit','order_placed','Follow up needed','completed','2025-12-01T15:39:00Z');
INSERT OR IGNORE INTO visits (id,tenant_id,agent_id,customer_id,visit_date,visit_type,check_in_time,check_out_time,latitude,longitude,purpose,outcome,notes,status,created_at) VALUES ('visit-01440','default-tenant-001','agent-user-001','cust-033','2025-12-14','customer','2025-12-14T12:29:00Z','2025-12-14T13:41:00Z',-34.0087,25.6383,'new_customer','competitor_noted','','completed','2025-12-14T12:29:00Z');
INSERT OR IGNORE INTO visits (id,tenant_id,agent_id,customer_id,visit_date,visit_type,check_in_time,check_out_time,latitude,longitude,purpose,outcome,notes,status,created_at) VALUES ('visit-01441','default-tenant-001','agent-001','cust-089','2025-10-22','customer','2025-10-22T13:36:00Z','2025-10-22T14:52:00Z',-23.9164,29.4738,'collection','stock_checked','Customer happy','in_progress','2025-10-22T13:36:00Z');
INSERT OR IGNORE INTO visits (id,tenant_id,agent_id,customer_id,visit_date,visit_type,check_in_time,check_out_time,latitude,longitude,purpose,outcome,notes,status,created_at) VALUES ('visit-01442','default-tenant-001','agent-005','cust-094','2025-11-23','customer','2025-11-23T11:29:00Z','2025-11-23T12:54:00Z',-33.9129,18.4677,'sales','stock_checked','Stock low','completed','2025-11-23T11:29:00Z');
INSERT OR IGNORE INTO visits (id,tenant_id,agent_id,customer_id,visit_date,visit_type,check_in_time,check_out_time,latitude,longitude,purpose,outcome,notes,status,created_at) VALUES ('visit-01443','default-tenant-001','agent-001','cust-041','2025-10-31','customer','2025-10-31T10:23:00Z','2025-10-31T10:43:00Z',-33.0610,27.9095,'competitor_check','issue_resolved','Follow up needed','completed','2025-10-31T10:23:00Z');
INSERT OR IGNORE INTO visits (id,tenant_id,agent_id,customer_id,visit_date,visit_type,check_in_time,check_out_time,latitude,longitude,purpose,outcome,notes,status,created_at) VALUES ('visit-01444','default-tenant-001','agent-001','cust-022','2025-11-21','customer','2025-11-21T09:02:00Z','2025-11-21T10:29:00Z',-26.1844,28.0387,'sales','follow_up_needed','Follow up needed','completed','2025-11-21T09:02:00Z');
INSERT OR IGNORE INTO visits (id,tenant_id,agent_id,customer_id,visit_date,visit_type,check_in_time,check_out_time,latitude,longitude,purpose,outcome,notes,status,created_at) VALUES ('visit-01445','default-tenant-001','agent-001','cust-094','2026-01-29','customer','2026-01-29T16:09:00Z','2026-01-29T16:56:00Z',-26.2440,28.0683,'merchandising','issue_resolved','','pending','2026-01-29T16:09:00Z');
INSERT OR IGNORE INTO visits (id,tenant_id,agent_id,customer_id,visit_date,visit_type,check_in_time,check_out_time,latitude,longitude,purpose,outcome,notes,status,created_at) VALUES ('visit-01446','default-tenant-001','agent-004','cust-017','2026-02-08','customer','2026-02-08T14:04:00Z','2026-02-08T14:54:00Z',-29.1167,26.1800,'sales','order_placed','','completed','2026-02-08T14:04:00Z');
INSERT OR IGNORE INTO visits (id,tenant_id,agent_id,customer_id,visit_date,visit_type,check_in_time,check_out_time,latitude,longitude,purpose,outcome,notes,status,created_at) VALUES ('visit-01447','default-tenant-001','agent-005','cust-004','2025-12-03','customer','2025-12-03T13:43:00Z','2025-12-03T15:07:00Z',-33.9839,25.6422,'customer_service','order_placed','Placed large order','in_progress','2025-12-03T13:43:00Z');
INSERT OR IGNORE INTO visits (id,tenant_id,agent_id,customer_id,visit_date,visit_type,check_in_time,check_out_time,latitude,longitude,purpose,outcome,notes,status,created_at) VALUES ('visit-01448','default-tenant-001','agent-user-001','cust-031','2026-03-03','customer','2026-03-03T07:11:00Z','2026-03-03T08:11:00Z',-25.7424,28.2262,'collection','issue_resolved','','cancelled','2026-03-03T07:11:00Z');
INSERT OR IGNORE INTO visits (id,tenant_id,agent_id,customer_id,visit_date,visit_type,check_in_time,check_out_time,latitude,longitude,purpose,outcome,notes,status,created_at) VALUES ('visit-01449','default-tenant-001','agent-004','cust-023','2025-12-07','customer','2025-12-07T10:56:00Z','2025-12-07T11:20:00Z',-26.1988,28.0073,'merchandising','order_placed','Good visit','completed','2025-12-07T10:56:00Z');
INSERT OR IGNORE INTO visits (id,tenant_id,agent_id,customer_id,visit_date,visit_type,check_in_time,check_out_time,latitude,longitude,purpose,outcome,notes,status,created_at) VALUES ('visit-01450','default-tenant-001','agent-003','cust-058','2025-12-26','customer','2025-12-26T13:11:00Z','2025-12-26T14:10:00Z',-33.9894,25.6329,'sales','order_placed','Good visit','in_progress','2025-12-26T13:11:00Z');
INSERT OR IGNORE INTO visits (id,tenant_id,agent_id,customer_id,visit_date,visit_type,check_in_time,check_out_time,latitude,longitude,purpose,outcome,notes,status,created_at) VALUES ('visit-01451','default-tenant-001','agent-005','cust-040','2025-12-29','customer','2025-12-29T10:52:00Z','2025-12-29T11:02:00Z',-33.9159,18.4189,'new_customer','issue_resolved','','completed','2025-12-29T10:52:00Z');
INSERT OR IGNORE INTO visits (id,tenant_id,agent_id,customer_id,visit_date,visit_type,check_in_time,check_out_time,latitude,longitude,purpose,outcome,notes,status,created_at) VALUES ('visit-01452','default-tenant-001','agent-004','cust-004','2026-02-18','customer','2026-02-18T17:45:00Z','2026-02-18T18:59:00Z',-33.9202,18.4093,'merchandising','stock_checked','Stock low','pending','2026-02-18T17:45:00Z');
INSERT OR IGNORE INTO visits (id,tenant_id,agent_id,customer_id,visit_date,visit_type,check_in_time,check_out_time,latitude,longitude,purpose,outcome,notes,status,created_at) VALUES ('visit-01453','default-tenant-001','agent-002','cust-003','2026-02-04','customer','2026-02-04T07:27:00Z','2026-02-04T08:45:00Z',-33.9098,18.3776,'customer_service','competitor_noted','Customer happy','completed','2026-02-04T07:27:00Z');
INSERT OR IGNORE INTO visits (id,tenant_id,agent_id,customer_id,visit_date,visit_type,check_in_time,check_out_time,latitude,longitude,purpose,outcome,notes,status,created_at) VALUES ('visit-01454','default-tenant-001','agent-003','cust-068','2025-10-10','customer','2025-10-10T11:26:00Z','2025-10-10T12:18:00Z',-33.9818,25.5861,'customer_service','follow_up_needed','Shelf space increased','completed','2025-10-10T11:26:00Z');
INSERT OR IGNORE INTO visits (id,tenant_id,agent_id,customer_id,visit_date,visit_type,check_in_time,check_out_time,latitude,longitude,purpose,outcome,notes,status,created_at) VALUES ('visit-01455','default-tenant-001','agent-002','cust-081','2026-01-24','customer','2026-01-24T14:49:00Z','2026-01-24T15:01:00Z',-25.4346,30.9239,'audit','stock_checked','Good visit','completed','2026-01-24T14:49:00Z');
INSERT OR IGNORE INTO visits (id,tenant_id,agent_id,customer_id,visit_date,visit_type,check_in_time,check_out_time,latitude,longitude,purpose,outcome,notes,status,created_at) VALUES ('visit-01456','default-tenant-001','agent-005','cust-009','2026-01-13','customer','2026-01-13T14:05:00Z','2026-01-13T15:13:00Z',-33.0525,27.9420,'delivery','order_placed','','completed','2026-01-13T14:05:00Z');
INSERT OR IGNORE INTO visits (id,tenant_id,agent_id,customer_id,visit_date,visit_type,check_in_time,check_out_time,latitude,longitude,purpose,outcome,notes,status,created_at) VALUES ('visit-01457','default-tenant-001','agent-001','cust-053','2025-11-15','customer','2025-11-15T12:41:00Z','2025-11-15T13:10:00Z',-23.9438,29.4589,'merchandising','order_placed','Follow up needed','in_progress','2025-11-15T12:41:00Z');
INSERT OR IGNORE INTO visits (id,tenant_id,agent_id,customer_id,visit_date,visit_type,check_in_time,check_out_time,latitude,longitude,purpose,outcome,notes,status,created_at) VALUES ('visit-01458','default-tenant-001','agent-001','cust-045','2026-01-03','customer','2026-01-03T17:39:00Z','2026-01-03T18:33:00Z',-29.0706,26.1290,'new_customer','issue_resolved','Follow up needed','completed','2026-01-03T17:39:00Z');
INSERT OR IGNORE INTO visits (id,tenant_id,agent_id,customer_id,visit_date,visit_type,check_in_time,check_out_time,latitude,longitude,purpose,outcome,notes,status,created_at) VALUES ('visit-01459','default-tenant-001','agent-002','cust-080','2026-02-23','customer','2026-02-23T13:04:00Z','2026-02-23T13:58:00Z',-33.9713,25.6504,'delivery','follow_up_needed','Placed large order','completed','2026-02-23T13:04:00Z');
INSERT OR IGNORE INTO visits (id,tenant_id,agent_id,customer_id,visit_date,visit_type,check_in_time,check_out_time,latitude,longitude,purpose,outcome,notes,status,created_at) VALUES ('visit-01460','default-tenant-001','agent-005','cust-100','2026-01-12','customer','2026-01-12T14:45:00Z','2026-01-12T15:58:00Z',-29.1106,26.1444,'merchandising','competitor_noted','Customer happy','completed','2026-01-12T14:45:00Z');
INSERT OR IGNORE INTO visits (id,tenant_id,agent_id,customer_id,visit_date,visit_type,check_in_time,check_out_time,latitude,longitude,purpose,outcome,notes,status,created_at) VALUES ('visit-01461','default-tenant-001','agent-004','cust-052','2025-12-05','customer','2025-12-05T12:59:00Z','2025-12-05T14:25:00Z',-25.4640,31.0169,'merchandising','issue_resolved','Customer happy','completed','2025-12-05T12:59:00Z');
INSERT OR IGNORE INTO visits (id,tenant_id,agent_id,customer_id,visit_date,visit_type,check_in_time,check_out_time,latitude,longitude,purpose,outcome,notes,status,created_at) VALUES ('visit-01462','default-tenant-001','agent-004','cust-045','2025-11-14','customer','2025-11-14T15:58:00Z','2025-11-14T17:20:00Z',-29.8489,31.0430,'delivery','no_order','Placed large order','pending','2025-11-14T15:58:00Z');
INSERT OR IGNORE INTO visits (id,tenant_id,agent_id,customer_id,visit_date,visit_type,check_in_time,check_out_time,latitude,longitude,purpose,outcome,notes,status,created_at) VALUES ('visit-01463','default-tenant-001','agent-005','cust-083','2025-11-23','customer','2025-11-23T08:13:00Z','2025-11-23T09:07:00Z',-32.9886,27.8680,'customer_service','follow_up_needed','New display set up','cancelled','2025-11-23T08:13:00Z');
INSERT OR IGNORE INTO visits (id,tenant_id,agent_id,customer_id,visit_date,visit_type,check_in_time,check_out_time,latitude,longitude,purpose,outcome,notes,status,created_at) VALUES ('visit-01464','default-tenant-001','agent-001','cust-006','2026-02-15','customer','2026-02-15T15:40:00Z','2026-02-15T16:10:00Z',-26.1558,28.0797,'customer_service','order_placed','','completed','2026-02-15T15:40:00Z');
INSERT OR IGNORE INTO visits (id,tenant_id,agent_id,customer_id,visit_date,visit_type,check_in_time,check_out_time,latitude,longitude,purpose,outcome,notes,status,created_at) VALUES ('visit-01465','default-tenant-001','agent-001','cust-035','2025-11-07','customer','2025-11-07T11:28:00Z','2025-11-07T11:47:00Z',-28.6850,24.7476,'audit','competitor_noted','','completed','2025-11-07T11:28:00Z');
INSERT OR IGNORE INTO visits (id,tenant_id,agent_id,customer_id,visit_date,visit_type,check_in_time,check_out_time,latitude,longitude,purpose,outcome,notes,status,created_at) VALUES ('visit-01466','default-tenant-001','agent-005','cust-063','2025-11-29','customer','2025-11-29T07:22:00Z','2025-11-29T07:54:00Z',-25.7894,28.2399,'merchandising','order_placed','Customer happy','cancelled','2025-11-29T07:22:00Z');
INSERT OR IGNORE INTO visits (id,tenant_id,agent_id,customer_id,visit_date,visit_type,check_in_time,check_out_time,latitude,longitude,purpose,outcome,notes,status,created_at) VALUES ('visit-01467','default-tenant-001','agent-user-001','cust-058','2025-12-27','customer','2025-12-27T17:19:00Z','2025-12-27T18:02:00Z',-26.2539,28.0388,'collection','issue_resolved','Competitor promo spotted','completed','2025-12-27T17:19:00Z');
INSERT OR IGNORE INTO visits (id,tenant_id,agent_id,customer_id,visit_date,visit_type,check_in_time,check_out_time,latitude,longitude,purpose,outcome,notes,status,created_at) VALUES ('visit-01468','default-tenant-001','agent-user-001','cust-067','2025-12-28','customer','2025-12-28T12:40:00Z','2025-12-28T13:44:00Z',-33.0341,27.8851,'new_customer','stock_checked','Need more samples','completed','2025-12-28T12:40:00Z');
INSERT OR IGNORE INTO visits (id,tenant_id,agent_id,customer_id,visit_date,visit_type,check_in_time,check_out_time,latitude,longitude,purpose,outcome,notes,status,created_at) VALUES ('visit-01469','default-tenant-001','agent-002','cust-006','2026-03-08','customer','2026-03-08T14:43:00Z','2026-03-08T16:09:00Z',-25.4880,30.9484,'sales','follow_up_needed','New display set up','completed','2026-03-08T14:43:00Z');
INSERT OR IGNORE INTO visits (id,tenant_id,agent_id,customer_id,visit_date,visit_type,check_in_time,check_out_time,latitude,longitude,purpose,outcome,notes,status,created_at) VALUES ('visit-01470','default-tenant-001','agent-002','cust-037','2026-02-07','customer','2026-02-07T16:33:00Z','2026-02-07T17:00:00Z',-33.9685,25.6013,'new_customer','competitor_noted','','completed','2026-02-07T16:33:00Z');
INSERT OR IGNORE INTO visits (id,tenant_id,agent_id,customer_id,visit_date,visit_type,check_in_time,check_out_time,latitude,longitude,purpose,outcome,notes,status,created_at) VALUES ('visit-01471','default-tenant-001','agent-user-001','cust-062','2025-12-27','customer','2025-12-27T07:21:00Z','2025-12-27T08:31:00Z',-29.0670,26.1812,'delivery','no_order','','cancelled','2025-12-27T07:21:00Z');
INSERT OR IGNORE INTO visits (id,tenant_id,agent_id,customer_id,visit_date,visit_type,check_in_time,check_out_time,latitude,longitude,purpose,outcome,notes,status,created_at) VALUES ('visit-01472','default-tenant-001','agent-004','cust-025','2025-12-06','customer','2025-12-06T10:15:00Z','2025-12-06T11:14:00Z',-25.4431,31.0181,'sales','order_placed','Placed large order','completed','2025-12-06T10:15:00Z');
INSERT OR IGNORE INTO visits (id,tenant_id,agent_id,customer_id,visit_date,visit_type,check_in_time,check_out_time,latitude,longitude,purpose,outcome,notes,status,created_at) VALUES ('visit-01473','default-tenant-001','agent-003','cust-086','2026-03-07','customer','2026-03-07T07:07:00Z','2026-03-07T07:46:00Z',-26.1620,28.0506,'collection','order_placed','Customer happy','in_progress','2026-03-07T07:07:00Z');
INSERT OR IGNORE INTO visits (id,tenant_id,agent_id,customer_id,visit_date,visit_type,check_in_time,check_out_time,latitude,longitude,purpose,outcome,notes,status,created_at) VALUES ('visit-01474','default-tenant-001','agent-001','cust-009','2026-02-23','customer','2026-02-23T14:08:00Z','2026-02-23T15:23:00Z',-28.7282,24.7128,'audit','no_order','Placed large order','cancelled','2026-02-23T14:08:00Z');
INSERT OR IGNORE INTO visits (id,tenant_id,agent_id,customer_id,visit_date,visit_type,check_in_time,check_out_time,latitude,longitude,purpose,outcome,notes,status,created_at) VALUES ('visit-01475','default-tenant-001','agent-001','cust-078','2025-12-15','customer','2025-12-15T15:13:00Z','2025-12-15T16:00:00Z',-23.9443,29.4851,'sales','issue_resolved','New display set up','completed','2025-12-15T15:13:00Z');
INSERT OR IGNORE INTO visits (id,tenant_id,agent_id,customer_id,visit_date,visit_type,check_in_time,check_out_time,latitude,longitude,purpose,outcome,notes,status,created_at) VALUES ('visit-01476','default-tenant-001','agent-004','cust-044','2025-10-20','customer','2025-10-20T16:33:00Z','2025-10-20T17:53:00Z',-23.9106,29.5033,'customer_service','competitor_noted','Follow up needed','completed','2025-10-20T16:33:00Z');
INSERT OR IGNORE INTO visits (id,tenant_id,agent_id,customer_id,visit_date,visit_type,check_in_time,check_out_time,latitude,longitude,purpose,outcome,notes,status,created_at) VALUES ('visit-01477','default-tenant-001','agent-002','cust-091','2025-11-17','customer','2025-11-17T17:57:00Z','2025-11-17T19:09:00Z',-33.0154,27.9378,'audit','follow_up_needed','Follow up needed','pending','2025-11-17T17:57:00Z');
INSERT OR IGNORE INTO visits (id,tenant_id,agent_id,customer_id,visit_date,visit_type,check_in_time,check_out_time,latitude,longitude,purpose,outcome,notes,status,created_at) VALUES ('visit-01478','default-tenant-001','agent-002','cust-003','2026-02-20','customer','2026-02-20T13:48:00Z','2026-02-20T14:13:00Z',-23.9365,29.5046,'competitor_check','no_order','New display set up','completed','2026-02-20T13:48:00Z');
INSERT OR IGNORE INTO visits (id,tenant_id,agent_id,customer_id,visit_date,visit_type,check_in_time,check_out_time,latitude,longitude,purpose,outcome,notes,status,created_at) VALUES ('visit-01479','default-tenant-001','agent-user-001','cust-100','2026-01-11','customer','2026-01-11T11:23:00Z','2026-01-11T12:05:00Z',-23.9082,29.5166,'audit','no_order','Need more samples','cancelled','2026-01-11T11:23:00Z');
INSERT OR IGNORE INTO visits (id,tenant_id,agent_id,customer_id,visit_date,visit_type,check_in_time,check_out_time,latitude,longitude,purpose,outcome,notes,status,created_at) VALUES ('visit-01480','default-tenant-001','agent-004','cust-019','2025-12-12','customer','2025-12-12T17:15:00Z','2025-12-12T18:02:00Z',-33.9757,25.6048,'merchandising','competitor_noted','','pending','2025-12-12T17:15:00Z');
INSERT OR IGNORE INTO visits (id,tenant_id,agent_id,customer_id,visit_date,visit_type,check_in_time,check_out_time,latitude,longitude,purpose,outcome,notes,status,created_at) VALUES ('visit-01481','default-tenant-001','agent-003','cust-060','2025-10-02','customer','2025-10-02T13:15:00Z','2025-10-02T13:51:00Z',-32.9767,27.8756,'new_customer','competitor_noted','Need more samples','completed','2025-10-02T13:15:00Z');
INSERT OR IGNORE INTO visits (id,tenant_id,agent_id,customer_id,visit_date,visit_type,check_in_time,check_out_time,latitude,longitude,purpose,outcome,notes,status,created_at) VALUES ('visit-01482','default-tenant-001','agent-002','cust-066','2025-12-30','customer','2025-12-30T07:32:00Z','2025-12-30T08:05:00Z',-29.8748,31.0268,'collection','follow_up_needed','Need more samples','completed','2025-12-30T07:32:00Z');
INSERT OR IGNORE INTO visits (id,tenant_id,agent_id,customer_id,visit_date,visit_type,check_in_time,check_out_time,latitude,longitude,purpose,outcome,notes,status,created_at) VALUES ('visit-01483','default-tenant-001','agent-003','cust-002','2026-02-20','customer','2026-02-20T15:10:00Z','2026-02-20T16:07:00Z',-33.0190,27.8854,'new_customer','competitor_noted','Competitor promo spotted','completed','2026-02-20T15:10:00Z');
INSERT OR IGNORE INTO visits (id,tenant_id,agent_id,customer_id,visit_date,visit_type,check_in_time,check_out_time,latitude,longitude,purpose,outcome,notes,status,created_at) VALUES ('visit-01484','default-tenant-001','agent-003','cust-054','2025-11-15','customer','2025-11-15T16:48:00Z','2025-11-15T17:51:00Z',-25.7398,28.1996,'collection','competitor_noted','Customer happy','completed','2025-11-15T16:48:00Z');
INSERT OR IGNORE INTO visits (id,tenant_id,agent_id,customer_id,visit_date,visit_type,check_in_time,check_out_time,latitude,longitude,purpose,outcome,notes,status,created_at) VALUES ('visit-01485','default-tenant-001','agent-003','cust-017','2025-10-10','customer','2025-10-10T16:42:00Z','2025-10-10T17:40:00Z',-26.1878,28.0733,'audit','competitor_noted','Shelf space increased','pending','2025-10-10T16:42:00Z');
INSERT OR IGNORE INTO visits (id,tenant_id,agent_id,customer_id,visit_date,visit_type,check_in_time,check_out_time,latitude,longitude,purpose,outcome,notes,status,created_at) VALUES ('visit-01486','default-tenant-001','agent-user-001','cust-040','2025-11-02','customer','2025-11-02T08:20:00Z','2025-11-02T08:59:00Z',-29.0700,26.1144,'competitor_check','follow_up_needed','Customer happy','completed','2025-11-02T08:20:00Z');
INSERT OR IGNORE INTO visits (id,tenant_id,agent_id,customer_id,visit_date,visit_type,check_in_time,check_out_time,latitude,longitude,purpose,outcome,notes,status,created_at) VALUES ('visit-01487','default-tenant-001','agent-001','cust-027','2026-03-03','customer','2026-03-03T10:11:00Z','2026-03-03T10:39:00Z',-29.8811,31.0406,'new_customer','follow_up_needed','','completed','2026-03-03T10:11:00Z');
INSERT OR IGNORE INTO visits (id,tenant_id,agent_id,customer_id,visit_date,visit_type,check_in_time,check_out_time,latitude,longitude,purpose,outcome,notes,status,created_at) VALUES ('visit-01488','default-tenant-001','agent-005','cust-048','2026-01-13','customer','2026-01-13T17:19:00Z','2026-01-13T18:29:00Z',-29.0819,26.1506,'customer_service','competitor_noted','Stock low','pending','2026-01-13T17:19:00Z');
INSERT OR IGNORE INTO visits (id,tenant_id,agent_id,customer_id,visit_date,visit_type,check_in_time,check_out_time,latitude,longitude,purpose,outcome,notes,status,created_at) VALUES ('visit-01489','default-tenant-001','agent-001','cust-042','2026-01-04','customer','2026-01-04T12:03:00Z','2026-01-04T13:29:00Z',-29.8612,31.0661,'delivery','order_placed','Need more samples','completed','2026-01-04T12:03:00Z');
INSERT OR IGNORE INTO visits (id,tenant_id,agent_id,customer_id,visit_date,visit_type,check_in_time,check_out_time,latitude,longitude,purpose,outcome,notes,status,created_at) VALUES ('visit-01490','default-tenant-001','agent-005','cust-083','2026-01-30','customer','2026-01-30T17:37:00Z','2026-01-30T18:33:00Z',-29.0489,26.1316,'sales','competitor_noted','Need more samples','completed','2026-01-30T17:37:00Z');
INSERT OR IGNORE INTO visits (id,tenant_id,agent_id,customer_id,visit_date,visit_type,check_in_time,check_out_time,latitude,longitude,purpose,outcome,notes,status,created_at) VALUES ('visit-01491','default-tenant-001','agent-005','cust-018','2026-03-10','customer','2026-03-10T13:46:00Z','2026-03-10T13:57:00Z',-26.2008,27.9990,'new_customer','stock_checked','Customer happy','cancelled','2026-03-10T13:46:00Z');
INSERT OR IGNORE INTO visits (id,tenant_id,agent_id,customer_id,visit_date,visit_type,check_in_time,check_out_time,latitude,longitude,purpose,outcome,notes,status,created_at) VALUES ('visit-01492','default-tenant-001','agent-001','cust-029','2025-10-27','customer','2025-10-27T13:54:00Z','2025-10-27T15:18:00Z',-33.9525,25.5666,'collection','follow_up_needed','Follow up needed','completed','2025-10-27T13:54:00Z');
INSERT OR IGNORE INTO visits (id,tenant_id,agent_id,customer_id,visit_date,visit_type,check_in_time,check_out_time,latitude,longitude,purpose,outcome,notes,status,created_at) VALUES ('visit-01493','default-tenant-001','agent-001','cust-090','2025-12-07','customer','2025-12-07T10:20:00Z','2025-12-07T11:50:00Z',-28.6807,24.7677,'new_customer','competitor_noted','New display set up','completed','2025-12-07T10:20:00Z');
INSERT OR IGNORE INTO visits (id,tenant_id,agent_id,customer_id,visit_date,visit_type,check_in_time,check_out_time,latitude,longitude,purpose,outcome,notes,status,created_at) VALUES ('visit-01494','default-tenant-001','agent-005','cust-042','2026-02-13','customer','2026-02-13T13:08:00Z','2026-02-13T13:47:00Z',-29.1254,26.1349,'merchandising','issue_resolved','','cancelled','2026-02-13T13:08:00Z');
INSERT OR IGNORE INTO visits (id,tenant_id,agent_id,customer_id,visit_date,visit_type,check_in_time,check_out_time,latitude,longitude,purpose,outcome,notes,status,created_at) VALUES ('visit-01495','default-tenant-001','agent-user-001','cust-065','2026-01-28','customer','2026-01-28T11:43:00Z','2026-01-28T12:21:00Z',-25.4416,30.9681,'competitor_check','no_order','Customer happy','cancelled','2026-01-28T11:43:00Z');
INSERT OR IGNORE INTO visits (id,tenant_id,agent_id,customer_id,visit_date,visit_type,check_in_time,check_out_time,latitude,longitude,purpose,outcome,notes,status,created_at) VALUES ('visit-01496','default-tenant-001','agent-002','cust-092','2026-01-10','customer','2026-01-10T17:39:00Z','2026-01-10T18:01:00Z',-23.9325,29.4814,'delivery','issue_resolved','Good visit','cancelled','2026-01-10T17:39:00Z');
INSERT OR IGNORE INTO visits (id,tenant_id,agent_id,customer_id,visit_date,visit_type,check_in_time,check_out_time,latitude,longitude,purpose,outcome,notes,status,created_at) VALUES ('visit-01497','default-tenant-001','agent-004','cust-014','2025-10-03','customer','2025-10-03T10:04:00Z','2025-10-03T11:01:00Z',-29.0547,26.1183,'audit','competitor_noted','Need more samples','cancelled','2025-10-03T10:04:00Z');
INSERT OR IGNORE INTO visits (id,tenant_id,agent_id,customer_id,visit_date,visit_type,check_in_time,check_out_time,latitude,longitude,purpose,outcome,notes,status,created_at) VALUES ('visit-01498','default-tenant-001','agent-003','cust-055','2026-01-17','customer','2026-01-17T09:25:00Z','2026-01-17T09:54:00Z',-25.7034,28.2700,'audit','no_order','New display set up','pending','2026-01-17T09:25:00Z');
INSERT OR IGNORE INTO visits (id,tenant_id,agent_id,customer_id,visit_date,visit_type,check_in_time,check_out_time,latitude,longitude,purpose,outcome,notes,status,created_at) VALUES ('visit-01499','default-tenant-001','agent-005','cust-057','2025-12-01','customer','2025-12-01T08:55:00Z','2025-12-01T09:13:00Z',-25.4981,30.9391,'customer_service','stock_checked','Customer happy','completed','2025-12-01T08:55:00Z');
INSERT OR IGNORE INTO visits (id,tenant_id,agent_id,customer_id,visit_date,visit_type,check_in_time,check_out_time,latitude,longitude,purpose,outcome,notes,status,created_at) VALUES ('visit-01500','default-tenant-001','agent-004','cust-012','2025-10-12','customer','2025-10-12T14:38:00Z','2025-10-12T15:12:00Z',-28.7593,24.7477,'customer_service','order_placed','New display set up','completed','2025-10-12T14:38:00Z');
INSERT OR IGNORE INTO visits (id,tenant_id,agent_id,customer_id,visit_date,visit_type,check_in_time,check_out_time,latitude,longitude,purpose,outcome,notes,status,created_at) VALUES ('visit-01501','default-tenant-001','agent-005','cust-050','2025-11-19','customer','2025-11-19T10:25:00Z','2025-11-19T11:54:00Z',-23.9064,29.4647,'customer_service','order_placed','Follow up needed','in_progress','2025-11-19T10:25:00Z');
INSERT OR IGNORE INTO visits (id,tenant_id,agent_id,customer_id,visit_date,visit_type,check_in_time,check_out_time,latitude,longitude,purpose,outcome,notes,status,created_at) VALUES ('visit-01502','default-tenant-001','agent-user-001','cust-048','2025-10-08','customer','2025-10-08T10:37:00Z','2025-10-08T10:50:00Z',-29.8457,31.0343,'audit','follow_up_needed','Competitor promo spotted','completed','2025-10-08T10:37:00Z');
INSERT OR IGNORE INTO visits (id,tenant_id,agent_id,customer_id,visit_date,visit_type,check_in_time,check_out_time,latitude,longitude,purpose,outcome,notes,status,created_at) VALUES ('visit-01503','default-tenant-001','agent-003','cust-059','2025-10-09','customer','2025-10-09T13:14:00Z','2025-10-09T14:05:00Z',-29.8423,31.0390,'new_customer','stock_checked','Placed large order','cancelled','2025-10-09T13:14:00Z');
INSERT OR IGNORE INTO visits (id,tenant_id,agent_id,customer_id,visit_date,visit_type,check_in_time,check_out_time,latitude,longitude,purpose,outcome,notes,status,created_at) VALUES ('visit-01504','default-tenant-001','agent-004','cust-097','2025-10-05','customer','2025-10-05T10:55:00Z','2025-10-05T11:39:00Z',-29.8871,31.0262,'new_customer','stock_checked','Competitor promo spotted','pending','2025-10-05T10:55:00Z');
INSERT OR IGNORE INTO visits (id,tenant_id,agent_id,customer_id,visit_date,visit_type,check_in_time,check_out_time,latitude,longitude,purpose,outcome,notes,status,created_at) VALUES ('visit-01505','default-tenant-001','agent-003','cust-071','2025-11-24','customer','2025-11-24T11:26:00Z','2025-11-24T12:07:00Z',-29.8521,31.0564,'new_customer','follow_up_needed','Stock low','in_progress','2025-11-24T11:26:00Z');
INSERT OR IGNORE INTO visits (id,tenant_id,agent_id,customer_id,visit_date,visit_type,check_in_time,check_out_time,latitude,longitude,purpose,outcome,notes,status,created_at) VALUES ('visit-01506','default-tenant-001','agent-003','cust-089','2025-10-21','customer','2025-10-21T15:36:00Z','2025-10-21T16:03:00Z',-23.8903,29.4534,'delivery','order_placed','Placed large order','completed','2025-10-21T15:36:00Z');
INSERT OR IGNORE INTO visits (id,tenant_id,agent_id,customer_id,visit_date,visit_type,check_in_time,check_out_time,latitude,longitude,purpose,outcome,notes,status,created_at) VALUES ('visit-01507','default-tenant-001','agent-004','cust-025','2025-10-27','customer','2025-10-27T15:58:00Z','2025-10-27T16:58:00Z',-29.0809,26.1729,'delivery','issue_resolved','Placed large order','cancelled','2025-10-27T15:58:00Z');
INSERT OR IGNORE INTO visits (id,tenant_id,agent_id,customer_id,visit_date,visit_type,check_in_time,check_out_time,latitude,longitude,purpose,outcome,notes,status,created_at) VALUES ('visit-01508','default-tenant-001','agent-user-001','cust-056','2026-01-22','customer','2026-01-22T10:56:00Z','2026-01-22T11:41:00Z',-33.9689,18.4499,'sales','order_placed','','completed','2026-01-22T10:56:00Z');
INSERT OR IGNORE INTO visits (id,tenant_id,agent_id,customer_id,visit_date,visit_type,check_in_time,check_out_time,latitude,longitude,purpose,outcome,notes,status,created_at) VALUES ('visit-01509','default-tenant-001','agent-001','cust-081','2026-03-04','customer','2026-03-04T17:44:00Z','2026-03-04T18:03:00Z',-33.8949,18.3847,'new_customer','order_placed','Good visit','completed','2026-03-04T17:44:00Z');
INSERT OR IGNORE INTO visits (id,tenant_id,agent_id,customer_id,visit_date,visit_type,check_in_time,check_out_time,latitude,longitude,purpose,outcome,notes,status,created_at) VALUES ('visit-01510','default-tenant-001','agent-005','cust-057','2026-01-31','customer','2026-01-31T08:53:00Z','2026-01-31T10:20:00Z',-33.8778,18.4588,'collection','issue_resolved','Customer happy','pending','2026-01-31T08:53:00Z');
INSERT OR IGNORE INTO visits (id,tenant_id,agent_id,customer_id,visit_date,visit_type,check_in_time,check_out_time,latitude,longitude,purpose,outcome,notes,status,created_at) VALUES ('visit-01511','default-tenant-001','agent-001','cust-080','2026-01-11','customer','2026-01-11T16:16:00Z','2026-01-11T17:42:00Z',-34.0027,25.5724,'new_customer','follow_up_needed','Follow up needed','completed','2026-01-11T16:16:00Z');
INSERT OR IGNORE INTO visits (id,tenant_id,agent_id,customer_id,visit_date,visit_type,check_in_time,check_out_time,latitude,longitude,purpose,outcome,notes,status,created_at) VALUES ('visit-01512','default-tenant-001','agent-001','cust-039','2025-10-06','customer','2025-10-06T16:19:00Z','2025-10-06T17:09:00Z',-26.1559,28.0202,'new_customer','follow_up_needed','Shelf space increased','completed','2025-10-06T16:19:00Z');
INSERT OR IGNORE INTO visits (id,tenant_id,agent_id,customer_id,visit_date,visit_type,check_in_time,check_out_time,latitude,longitude,purpose,outcome,notes,status,created_at) VALUES ('visit-01513','default-tenant-001','agent-005','cust-061','2025-11-17','customer','2025-11-17T09:35:00Z','2025-11-17T10:17:00Z',-25.4989,30.9440,'customer_service','issue_resolved','Placed large order','completed','2025-11-17T09:35:00Z');
INSERT OR IGNORE INTO visits (id,tenant_id,agent_id,customer_id,visit_date,visit_type,check_in_time,check_out_time,latitude,longitude,purpose,outcome,notes,status,created_at) VALUES ('visit-01514','default-tenant-001','agent-005','cust-079','2026-02-19','customer','2026-02-19T13:29:00Z','2026-02-19T13:53:00Z',-33.9857,25.6217,'new_customer','competitor_noted','Follow up needed','completed','2026-02-19T13:29:00Z');
INSERT OR IGNORE INTO visits (id,tenant_id,agent_id,customer_id,visit_date,visit_type,check_in_time,check_out_time,latitude,longitude,purpose,outcome,notes,status,created_at) VALUES ('visit-01515','default-tenant-001','agent-005','cust-004','2025-10-08','customer','2025-10-08T17:36:00Z','2025-10-08T18:46:00Z',-25.7807,28.1934,'customer_service','follow_up_needed','','completed','2025-10-08T17:36:00Z');
INSERT OR IGNORE INTO visits (id,tenant_id,agent_id,customer_id,visit_date,visit_type,check_in_time,check_out_time,latitude,longitude,purpose,outcome,notes,status,created_at) VALUES ('visit-01516','default-tenant-001','agent-005','cust-093','2025-12-02','customer','2025-12-02T10:35:00Z','2025-12-02T11:15:00Z',-25.7453,28.2129,'collection','issue_resolved','Need more samples','completed','2025-12-02T10:35:00Z');
INSERT OR IGNORE INTO visits (id,tenant_id,agent_id,customer_id,visit_date,visit_type,check_in_time,check_out_time,latitude,longitude,purpose,outcome,notes,status,created_at) VALUES ('visit-01517','default-tenant-001','agent-003','cust-077','2025-11-24','customer','2025-11-24T14:23:00Z','2025-11-24T14:38:00Z',-26.2376,28.0446,'collection','issue_resolved','Placed large order','completed','2025-11-24T14:23:00Z');
INSERT OR IGNORE INTO visits (id,tenant_id,agent_id,customer_id,visit_date,visit_type,check_in_time,check_out_time,latitude,longitude,purpose,outcome,notes,status,created_at) VALUES ('visit-01518','default-tenant-001','agent-005','cust-048','2025-11-17','customer','2025-11-17T07:10:00Z','2025-11-17T07:20:00Z',-25.7471,28.1981,'competitor_check','competitor_noted','Shelf space increased','completed','2025-11-17T07:10:00Z');
INSERT OR IGNORE INTO visits (id,tenant_id,agent_id,customer_id,visit_date,visit_type,check_in_time,check_out_time,latitude,longitude,purpose,outcome,notes,status,created_at) VALUES ('visit-01519','default-tenant-001','agent-003','cust-017','2026-01-01','customer','2026-01-01T11:58:00Z','2026-01-01T12:28:00Z',-26.1544,28.0047,'competitor_check','order_placed','Shelf space increased','completed','2026-01-01T11:58:00Z');
INSERT OR IGNORE INTO visits (id,tenant_id,agent_id,customer_id,visit_date,visit_type,check_in_time,check_out_time,latitude,longitude,purpose,outcome,notes,status,created_at) VALUES ('visit-01520','default-tenant-001','agent-003','cust-056','2025-12-24','customer','2025-12-24T14:58:00Z','2025-12-24T16:06:00Z',-33.9410,18.4451,'sales','follow_up_needed','Shelf space increased','in_progress','2025-12-24T14:58:00Z');
INSERT OR IGNORE INTO visits (id,tenant_id,agent_id,customer_id,visit_date,visit_type,check_in_time,check_out_time,latitude,longitude,purpose,outcome,notes,status,created_at) VALUES ('visit-01521','default-tenant-001','agent-004','cust-070','2025-12-13','customer','2025-12-13T14:07:00Z','2025-12-13T14:18:00Z',-25.7717,28.2332,'customer_service','stock_checked','Follow up needed','completed','2025-12-13T14:07:00Z');
INSERT OR IGNORE INTO visits (id,tenant_id,agent_id,customer_id,visit_date,visit_type,check_in_time,check_out_time,latitude,longitude,purpose,outcome,notes,status,created_at) VALUES ('visit-01522','default-tenant-001','agent-001','cust-089','2025-11-22','customer','2025-11-22T12:35:00Z','2025-11-22T13:24:00Z',-29.8600,31.0600,'customer_service','issue_resolved','Competitor promo spotted','completed','2025-11-22T12:35:00Z');
INSERT OR IGNORE INTO visits (id,tenant_id,agent_id,customer_id,visit_date,visit_type,check_in_time,check_out_time,latitude,longitude,purpose,outcome,notes,status,created_at) VALUES ('visit-01523','default-tenant-001','agent-002','cust-014','2026-01-29','customer','2026-01-29T07:04:00Z','2026-01-29T07:23:00Z',-33.0026,27.9340,'merchandising','no_order','Customer happy','cancelled','2026-01-29T07:04:00Z');
INSERT OR IGNORE INTO visits (id,tenant_id,agent_id,customer_id,visit_date,visit_type,check_in_time,check_out_time,latitude,longitude,purpose,outcome,notes,status,created_at) VALUES ('visit-01524','default-tenant-001','agent-005','cust-073','2025-11-23','customer','2025-11-23T14:23:00Z','2025-11-23T15:24:00Z',-23.9523,29.5107,'sales','stock_checked','Need more samples','completed','2025-11-23T14:23:00Z');
INSERT OR IGNORE INTO visits (id,tenant_id,agent_id,customer_id,visit_date,visit_type,check_in_time,check_out_time,latitude,longitude,purpose,outcome,notes,status,created_at) VALUES ('visit-01525','default-tenant-001','agent-004','cust-080','2025-10-27','customer','2025-10-27T13:58:00Z','2025-10-27T14:37:00Z',-26.2069,28.0013,'audit','competitor_noted','Customer happy','in_progress','2025-10-27T13:58:00Z');
INSERT OR IGNORE INTO visits (id,tenant_id,agent_id,customer_id,visit_date,visit_type,check_in_time,check_out_time,latitude,longitude,purpose,outcome,notes,status,created_at) VALUES ('visit-01526','default-tenant-001','agent-004','cust-063','2025-11-01','customer','2025-11-01T15:02:00Z','2025-11-01T15:15:00Z',-25.7910,28.2239,'merchandising','order_placed','Follow up needed','completed','2025-11-01T15:02:00Z');
INSERT OR IGNORE INTO visits (id,tenant_id,agent_id,customer_id,visit_date,visit_type,check_in_time,check_out_time,latitude,longitude,purpose,outcome,notes,status,created_at) VALUES ('visit-01527','default-tenant-001','agent-005','cust-026','2025-11-19','customer','2025-11-19T08:40:00Z','2025-11-19T09:28:00Z',-29.0389,26.1977,'delivery','follow_up_needed','','completed','2025-11-19T08:40:00Z');
INSERT OR IGNORE INTO visits (id,tenant_id,agent_id,customer_id,visit_date,visit_type,check_in_time,check_out_time,latitude,longitude,purpose,outcome,notes,status,created_at) VALUES ('visit-01528','default-tenant-001','agent-002','cust-027','2026-02-05','customer','2026-02-05T07:26:00Z','2026-02-05T08:25:00Z',-25.4447,30.9935,'competitor_check','no_order','Good visit','completed','2026-02-05T07:26:00Z');
INSERT OR IGNORE INTO visits (id,tenant_id,agent_id,customer_id,visit_date,visit_type,check_in_time,check_out_time,latitude,longitude,purpose,outcome,notes,status,created_at) VALUES ('visit-01529','default-tenant-001','agent-user-001','cust-014','2026-01-01','customer','2026-01-01T17:09:00Z','2026-01-01T18:14:00Z',-33.0371,27.9074,'audit','order_placed','Placed large order','completed','2026-01-01T17:09:00Z');
INSERT OR IGNORE INTO visits (id,tenant_id,agent_id,customer_id,visit_date,visit_type,check_in_time,check_out_time,latitude,longitude,purpose,outcome,notes,status,created_at) VALUES ('visit-01530','default-tenant-001','agent-004','cust-060','2025-11-29','customer','2025-11-29T08:44:00Z','2025-11-29T09:56:00Z',-25.7638,28.2523,'customer_service','competitor_noted','Good visit','completed','2025-11-29T08:44:00Z');
INSERT OR IGNORE INTO visits (id,tenant_id,agent_id,customer_id,visit_date,visit_type,check_in_time,check_out_time,latitude,longitude,purpose,outcome,notes,status,created_at) VALUES ('visit-01531','default-tenant-001','agent-001','cust-056','2025-10-10','customer','2025-10-10T14:55:00Z','2025-10-10T15:23:00Z',-25.4840,30.9859,'customer_service','stock_checked','Shelf space increased','completed','2025-10-10T14:55:00Z');
INSERT OR IGNORE INTO visits (id,tenant_id,agent_id,customer_id,visit_date,visit_type,check_in_time,check_out_time,latitude,longitude,purpose,outcome,notes,status,created_at) VALUES ('visit-01532','default-tenant-001','agent-004','cust-098','2026-03-01','customer','2026-03-01T07:37:00Z','2026-03-01T07:54:00Z',-25.4774,30.9629,'delivery','stock_checked','Placed large order','completed','2026-03-01T07:37:00Z');
INSERT OR IGNORE INTO visits (id,tenant_id,agent_id,customer_id,visit_date,visit_type,check_in_time,check_out_time,latitude,longitude,purpose,outcome,notes,status,created_at) VALUES ('visit-01533','default-tenant-001','agent-005','cust-075','2026-02-10','customer','2026-02-10T11:52:00Z','2026-02-10T13:01:00Z',-29.0408,26.1302,'audit','order_placed','New display set up','pending','2026-02-10T11:52:00Z');
INSERT OR IGNORE INTO visits (id,tenant_id,agent_id,customer_id,visit_date,visit_type,check_in_time,check_out_time,latitude,longitude,purpose,outcome,notes,status,created_at) VALUES ('visit-01534','default-tenant-001','agent-004','cust-082','2025-10-21','customer','2025-10-21T17:49:00Z','2025-10-21T19:00:00Z',-29.8565,30.9971,'competitor_check','competitor_noted','Placed large order','completed','2025-10-21T17:49:00Z');
INSERT OR IGNORE INTO visits (id,tenant_id,agent_id,customer_id,visit_date,visit_type,check_in_time,check_out_time,latitude,longitude,purpose,outcome,notes,status,created_at) VALUES ('visit-01535','default-tenant-001','agent-001','cust-031','2025-11-24','customer','2025-11-24T12:16:00Z','2025-11-24T12:52:00Z',-29.8153,30.9857,'audit','follow_up_needed','Shelf space increased','completed','2025-11-24T12:16:00Z');
INSERT OR IGNORE INTO visits (id,tenant_id,agent_id,customer_id,visit_date,visit_type,check_in_time,check_out_time,latitude,longitude,purpose,outcome,notes,status,created_at) VALUES ('visit-01536','default-tenant-001','agent-001','cust-029','2026-02-25','customer','2026-02-25T17:19:00Z','2026-02-25T18:26:00Z',-32.9847,27.9106,'collection','stock_checked','Shelf space increased','completed','2026-02-25T17:19:00Z');
INSERT OR IGNORE INTO visits (id,tenant_id,agent_id,customer_id,visit_date,visit_type,check_in_time,check_out_time,latitude,longitude,purpose,outcome,notes,status,created_at) VALUES ('visit-01537','default-tenant-001','agent-003','cust-019','2025-11-29','customer','2025-11-29T16:02:00Z','2025-11-29T16:37:00Z',-28.7493,24.7444,'customer_service','no_order','Competitor promo spotted','pending','2025-11-29T16:02:00Z');
INSERT OR IGNORE INTO visits (id,tenant_id,agent_id,customer_id,visit_date,visit_type,check_in_time,check_out_time,latitude,longitude,purpose,outcome,notes,status,created_at) VALUES ('visit-01538','default-tenant-001','agent-003','cust-051','2026-03-07','customer','2026-03-07T07:36:00Z','2026-03-07T08:48:00Z',-23.9063,29.4839,'customer_service','follow_up_needed','Customer happy','pending','2026-03-07T07:36:00Z');
INSERT OR IGNORE INTO visits (id,tenant_id,agent_id,customer_id,visit_date,visit_type,check_in_time,check_out_time,latitude,longitude,purpose,outcome,notes,status,created_at) VALUES ('visit-01539','default-tenant-001','agent-003','cust-023','2025-12-29','customer','2025-12-29T10:05:00Z','2025-12-29T11:17:00Z',-33.9685,25.6143,'customer_service','follow_up_needed','Good visit','completed','2025-12-29T10:05:00Z');
INSERT OR IGNORE INTO visits (id,tenant_id,agent_id,customer_id,visit_date,visit_type,check_in_time,check_out_time,latitude,longitude,purpose,outcome,notes,status,created_at) VALUES ('visit-01540','default-tenant-001','agent-004','cust-015','2025-11-07','customer','2025-11-07T11:01:00Z','2025-11-07T11:57:00Z',-26.1566,28.0650,'audit','stock_checked','Competitor promo spotted','completed','2025-11-07T11:01:00Z');
INSERT OR IGNORE INTO visits (id,tenant_id,agent_id,customer_id,visit_date,visit_type,check_in_time,check_out_time,latitude,longitude,purpose,outcome,notes,status,created_at) VALUES ('visit-01541','default-tenant-001','agent-002','cust-028','2025-12-01','customer','2025-12-01T11:00:00Z','2025-12-01T12:13:00Z',-23.8971,29.4672,'merchandising','follow_up_needed','Good visit','pending','2025-12-01T11:00:00Z');
INSERT OR IGNORE INTO visits (id,tenant_id,agent_id,customer_id,visit_date,visit_type,check_in_time,check_out_time,latitude,longitude,purpose,outcome,notes,status,created_at) VALUES ('visit-01542','default-tenant-001','agent-004','cust-003','2025-12-20','customer','2025-12-20T09:55:00Z','2025-12-20T10:52:00Z',-25.4422,30.9570,'sales','issue_resolved','Need more samples','in_progress','2025-12-20T09:55:00Z');
INSERT OR IGNORE INTO visits (id,tenant_id,agent_id,customer_id,visit_date,visit_type,check_in_time,check_out_time,latitude,longitude,purpose,outcome,notes,status,created_at) VALUES ('visit-01543','default-tenant-001','agent-user-001','cust-048','2026-01-07','customer','2026-01-07T09:40:00Z','2026-01-07T10:33:00Z',-32.9764,27.9076,'new_customer','competitor_noted','Stock low','cancelled','2026-01-07T09:40:00Z');
INSERT OR IGNORE INTO visits (id,tenant_id,agent_id,customer_id,visit_date,visit_type,check_in_time,check_out_time,latitude,longitude,purpose,outcome,notes,status,created_at) VALUES ('visit-01544','default-tenant-001','agent-005','cust-020','2026-02-08','customer','2026-02-08T09:02:00Z','2026-02-08T10:00:00Z',-25.5170,31.0114,'delivery','follow_up_needed','Customer happy','cancelled','2026-02-08T09:02:00Z');
INSERT OR IGNORE INTO visits (id,tenant_id,agent_id,customer_id,visit_date,visit_type,check_in_time,check_out_time,latitude,longitude,purpose,outcome,notes,status,created_at) VALUES ('visit-01545','default-tenant-001','agent-004','cust-018','2026-01-12','customer','2026-01-12T16:51:00Z','2026-01-12T17:50:00Z',-25.7453,28.2409,'audit','issue_resolved','Stock low','completed','2026-01-12T16:51:00Z');
INSERT OR IGNORE INTO visits (id,tenant_id,agent_id,customer_id,visit_date,visit_type,check_in_time,check_out_time,latitude,longitude,purpose,outcome,notes,status,created_at) VALUES ('visit-01546','default-tenant-001','agent-user-001','cust-048','2026-02-27','customer','2026-02-27T12:00:00Z','2026-02-27T13:23:00Z',-26.2143,28.0575,'customer_service','stock_checked','Need more samples','pending','2026-02-27T12:00:00Z');
INSERT OR IGNORE INTO visits (id,tenant_id,agent_id,customer_id,visit_date,visit_type,check_in_time,check_out_time,latitude,longitude,purpose,outcome,notes,status,created_at) VALUES ('visit-01547','default-tenant-001','agent-005','cust-090','2026-01-30','customer','2026-01-30T15:45:00Z','2026-01-30T15:59:00Z',-33.9727,18.4182,'audit','no_order','Stock low','completed','2026-01-30T15:45:00Z');
INSERT OR IGNORE INTO visits (id,tenant_id,agent_id,customer_id,visit_date,visit_type,check_in_time,check_out_time,latitude,longitude,purpose,outcome,notes,status,created_at) VALUES ('visit-01548','default-tenant-001','agent-002','cust-018','2025-11-24','customer','2025-11-24T08:52:00Z','2025-11-24T09:52:00Z',-25.4667,31.0121,'audit','follow_up_needed','Customer happy','completed','2025-11-24T08:52:00Z');
INSERT OR IGNORE INTO visits (id,tenant_id,agent_id,customer_id,visit_date,visit_type,check_in_time,check_out_time,latitude,longitude,purpose,outcome,notes,status,created_at) VALUES ('visit-01549','default-tenant-001','agent-004','cust-087','2025-11-24','customer','2025-11-24T11:38:00Z','2025-11-24T12:43:00Z',-29.8153,31.0112,'audit','order_placed','','completed','2025-11-24T11:38:00Z');
INSERT OR IGNORE INTO visits (id,tenant_id,agent_id,customer_id,visit_date,visit_type,check_in_time,check_out_time,latitude,longitude,purpose,outcome,notes,status,created_at) VALUES ('visit-01550','default-tenant-001','agent-005','cust-031','2025-10-31','customer','2025-10-31T17:26:00Z','2025-10-31T18:36:00Z',-33.9892,25.5606,'new_customer','no_order','Competitor promo spotted','cancelled','2025-10-31T17:26:00Z');
INSERT OR IGNORE INTO visits (id,tenant_id,agent_id,customer_id,visit_date,visit_type,check_in_time,check_out_time,latitude,longitude,purpose,outcome,notes,status,created_at) VALUES ('visit-01551','default-tenant-001','agent-003','cust-001','2025-12-01','customer','2025-12-01T13:21:00Z','2025-12-01T14:46:00Z',-33.8838,18.4227,'customer_service','order_placed','Stock low','completed','2025-12-01T13:21:00Z');
INSERT OR IGNORE INTO visits (id,tenant_id,agent_id,customer_id,visit_date,visit_type,check_in_time,check_out_time,latitude,longitude,purpose,outcome,notes,status,created_at) VALUES ('visit-01552','default-tenant-001','agent-002','cust-051','2025-11-14','customer','2025-11-14T10:42:00Z','2025-11-14T11:56:00Z',-32.9893,27.9304,'customer_service','competitor_noted','Competitor promo spotted','completed','2025-11-14T10:42:00Z');
INSERT OR IGNORE INTO visits (id,tenant_id,agent_id,customer_id,visit_date,visit_type,check_in_time,check_out_time,latitude,longitude,purpose,outcome,notes,status,created_at) VALUES ('visit-01553','default-tenant-001','agent-002','cust-053','2025-10-11','customer','2025-10-11T15:43:00Z','2025-10-11T16:53:00Z',-25.7080,28.2085,'competitor_check','order_placed','Placed large order','completed','2025-10-11T15:43:00Z');
INSERT OR IGNORE INTO visits (id,tenant_id,agent_id,customer_id,visit_date,visit_type,check_in_time,check_out_time,latitude,longitude,purpose,outcome,notes,status,created_at) VALUES ('visit-01554','default-tenant-001','agent-001','cust-003','2025-10-02','customer','2025-10-02T09:33:00Z','2025-10-02T10:59:00Z',-29.0978,26.1303,'customer_service','no_order','Need more samples','in_progress','2025-10-02T09:33:00Z');
INSERT OR IGNORE INTO visits (id,tenant_id,agent_id,customer_id,visit_date,visit_type,check_in_time,check_out_time,latitude,longitude,purpose,outcome,notes,status,created_at) VALUES ('visit-01555','default-tenant-001','agent-003','cust-033','2026-01-16','customer','2026-01-16T10:51:00Z','2026-01-16T11:34:00Z',-29.8549,31.0599,'delivery','follow_up_needed','Competitor promo spotted','in_progress','2026-01-16T10:51:00Z');
INSERT OR IGNORE INTO visits (id,tenant_id,agent_id,customer_id,visit_date,visit_type,check_in_time,check_out_time,latitude,longitude,purpose,outcome,notes,status,created_at) VALUES ('visit-01556','default-tenant-001','agent-005','cust-030','2025-12-26','customer','2025-12-26T16:49:00Z','2025-12-26T17:05:00Z',-28.7053,24.7641,'audit','follow_up_needed','','completed','2025-12-26T16:49:00Z');
INSERT OR IGNORE INTO visits (id,tenant_id,agent_id,customer_id,visit_date,visit_type,check_in_time,check_out_time,latitude,longitude,purpose,outcome,notes,status,created_at) VALUES ('visit-01557','default-tenant-001','agent-003','cust-064','2026-01-06','customer','2026-01-06T11:58:00Z','2026-01-06T12:38:00Z',-23.8547,29.5100,'sales','issue_resolved','Stock low','completed','2026-01-06T11:58:00Z');
INSERT OR IGNORE INTO visits (id,tenant_id,agent_id,customer_id,visit_date,visit_type,check_in_time,check_out_time,latitude,longitude,purpose,outcome,notes,status,created_at) VALUES ('visit-01558','default-tenant-001','agent-004','cust-061','2026-01-18','customer','2026-01-18T16:54:00Z','2026-01-18T18:24:00Z',-33.9710,18.4685,'audit','stock_checked','Placed large order','completed','2026-01-18T16:54:00Z');
INSERT OR IGNORE INTO visits (id,tenant_id,agent_id,customer_id,visit_date,visit_type,check_in_time,check_out_time,latitude,longitude,purpose,outcome,notes,status,created_at) VALUES ('visit-01559','default-tenant-001','agent-001','cust-057','2025-11-03','customer','2025-11-03T16:58:00Z','2025-11-03T18:22:00Z',-26.1616,28.0472,'sales','follow_up_needed','New display set up','pending','2025-11-03T16:58:00Z');
INSERT OR IGNORE INTO visits (id,tenant_id,agent_id,customer_id,visit_date,visit_type,check_in_time,check_out_time,latitude,longitude,purpose,outcome,notes,status,created_at) VALUES ('visit-01560','default-tenant-001','agent-005','cust-013','2025-10-31','customer','2025-10-31T15:13:00Z','2025-10-31T15:23:00Z',-26.2370,28.0507,'merchandising','follow_up_needed','','pending','2025-10-31T15:13:00Z');
INSERT OR IGNORE INTO visits (id,tenant_id,agent_id,customer_id,visit_date,visit_type,check_in_time,check_out_time,latitude,longitude,purpose,outcome,notes,status,created_at) VALUES ('visit-01561','default-tenant-001','agent-001','cust-030','2025-12-28','customer','2025-12-28T11:51:00Z','2025-12-28T12:03:00Z',-29.0830,26.1768,'sales','issue_resolved','Need more samples','completed','2025-12-28T11:51:00Z');
INSERT OR IGNORE INTO visits (id,tenant_id,agent_id,customer_id,visit_date,visit_type,check_in_time,check_out_time,latitude,longitude,purpose,outcome,notes,status,created_at) VALUES ('visit-01562','default-tenant-001','agent-004','cust-023','2025-12-04','customer','2025-12-04T15:59:00Z','2025-12-04T16:29:00Z',-32.9786,27.8955,'audit','issue_resolved','Placed large order','completed','2025-12-04T15:59:00Z');
INSERT OR IGNORE INTO visits (id,tenant_id,agent_id,customer_id,visit_date,visit_type,check_in_time,check_out_time,latitude,longitude,purpose,outcome,notes,status,created_at) VALUES ('visit-01563','default-tenant-001','agent-003','cust-097','2025-12-25','customer','2025-12-25T11:02:00Z','2025-12-25T11:40:00Z',-25.7720,28.2508,'new_customer','no_order','New display set up','in_progress','2025-12-25T11:02:00Z');
INSERT OR IGNORE INTO visits (id,tenant_id,agent_id,customer_id,visit_date,visit_type,check_in_time,check_out_time,latitude,longitude,purpose,outcome,notes,status,created_at) VALUES ('visit-01564','default-tenant-001','agent-001','cust-011','2026-01-16','customer','2026-01-16T15:01:00Z','2026-01-16T15:56:00Z',-28.7599,24.7821,'new_customer','order_placed','Good visit','cancelled','2026-01-16T15:01:00Z');
INSERT OR IGNORE INTO visits (id,tenant_id,agent_id,customer_id,visit_date,visit_type,check_in_time,check_out_time,latitude,longitude,purpose,outcome,notes,status,created_at) VALUES ('visit-01565','default-tenant-001','agent-002','cust-042','2026-01-24','customer','2026-01-24T12:04:00Z','2026-01-24T12:43:00Z',-29.0358,26.2017,'delivery','competitor_noted','Placed large order','completed','2026-01-24T12:04:00Z');
INSERT OR IGNORE INTO visits (id,tenant_id,agent_id,customer_id,visit_date,visit_type,check_in_time,check_out_time,latitude,longitude,purpose,outcome,notes,status,created_at) VALUES ('visit-01566','default-tenant-001','agent-004','cust-088','2026-01-27','customer','2026-01-27T10:33:00Z','2026-01-27T11:43:00Z',-29.9065,31.0625,'customer_service','stock_checked','Competitor promo spotted','in_progress','2026-01-27T10:33:00Z');
INSERT OR IGNORE INTO visits (id,tenant_id,agent_id,customer_id,visit_date,visit_type,check_in_time,check_out_time,latitude,longitude,purpose,outcome,notes,status,created_at) VALUES ('visit-01567','default-tenant-001','agent-001','cust-068','2026-02-22','customer','2026-02-22T07:23:00Z','2026-02-22T08:45:00Z',-29.9045,31.0264,'delivery','stock_checked','New display set up','completed','2026-02-22T07:23:00Z');
INSERT OR IGNORE INTO visits (id,tenant_id,agent_id,customer_id,visit_date,visit_type,check_in_time,check_out_time,latitude,longitude,purpose,outcome,notes,status,created_at) VALUES ('visit-01568','default-tenant-001','agent-004','cust-030','2025-10-27','customer','2025-10-27T08:50:00Z','2025-10-27T09:45:00Z',-25.7395,28.1864,'collection','stock_checked','Good visit','in_progress','2025-10-27T08:50:00Z');
INSERT OR IGNORE INTO visits (id,tenant_id,agent_id,customer_id,visit_date,visit_type,check_in_time,check_out_time,latitude,longitude,purpose,outcome,notes,status,created_at) VALUES ('visit-01569','default-tenant-001','agent-user-001','cust-079','2026-01-25','customer','2026-01-25T17:32:00Z','2026-01-25T18:56:00Z',-28.7653,24.7964,'customer_service','competitor_noted','Good visit','cancelled','2026-01-25T17:32:00Z');
INSERT OR IGNORE INTO visits (id,tenant_id,agent_id,customer_id,visit_date,visit_type,check_in_time,check_out_time,latitude,longitude,purpose,outcome,notes,status,created_at) VALUES ('visit-01570','default-tenant-001','agent-005','cust-083','2026-02-11','customer','2026-02-11T16:21:00Z','2026-02-11T16:54:00Z',-33.8770,18.4607,'merchandising','no_order','','completed','2026-02-11T16:21:00Z');
INSERT OR IGNORE INTO visits (id,tenant_id,agent_id,customer_id,visit_date,visit_type,check_in_time,check_out_time,latitude,longitude,purpose,outcome,notes,status,created_at) VALUES ('visit-01571','default-tenant-001','agent-005','cust-054','2025-12-06','customer','2025-12-06T13:20:00Z','2025-12-06T14:07:00Z',-32.9964,27.9460,'sales','order_placed','Shelf space increased','completed','2025-12-06T13:20:00Z');
INSERT OR IGNORE INTO visits (id,tenant_id,agent_id,customer_id,visit_date,visit_type,check_in_time,check_out_time,latitude,longitude,purpose,outcome,notes,status,created_at) VALUES ('visit-01572','default-tenant-001','agent-004','cust-020','2025-11-15','customer','2025-11-15T08:37:00Z','2025-11-15T10:04:00Z',-29.8856,30.9793,'collection','competitor_noted','Follow up needed','completed','2025-11-15T08:37:00Z');
INSERT OR IGNORE INTO visits (id,tenant_id,agent_id,customer_id,visit_date,visit_type,check_in_time,check_out_time,latitude,longitude,purpose,outcome,notes,status,created_at) VALUES ('visit-01573','default-tenant-001','agent-004','cust-016','2025-12-23','customer','2025-12-23T09:32:00Z','2025-12-23T10:36:00Z',-26.2258,28.0231,'audit','follow_up_needed','Good visit','cancelled','2025-12-23T09:32:00Z');
INSERT OR IGNORE INTO visits (id,tenant_id,agent_id,customer_id,visit_date,visit_type,check_in_time,check_out_time,latitude,longitude,purpose,outcome,notes,status,created_at) VALUES ('visit-01574','default-tenant-001','agent-004','cust-053','2026-03-02','customer','2026-03-02T17:26:00Z','2026-03-02T18:52:00Z',-25.4468,30.9990,'customer_service','stock_checked','Shelf space increased','in_progress','2026-03-02T17:26:00Z');
INSERT OR IGNORE INTO visits (id,tenant_id,agent_id,customer_id,visit_date,visit_type,check_in_time,check_out_time,latitude,longitude,purpose,outcome,notes,status,created_at) VALUES ('visit-01575','default-tenant-001','agent-001','cust-054','2025-10-04','customer','2025-10-04T13:41:00Z','2025-10-04T14:07:00Z',-33.0259,27.8801,'customer_service','follow_up_needed','New display set up','in_progress','2025-10-04T13:41:00Z');
INSERT OR IGNORE INTO visits (id,tenant_id,agent_id,customer_id,visit_date,visit_type,check_in_time,check_out_time,latitude,longitude,purpose,outcome,notes,status,created_at) VALUES ('visit-01576','default-tenant-001','agent-003','cust-087','2026-02-23','customer','2026-02-23T12:47:00Z','2026-02-23T12:58:00Z',-26.2220,28.0361,'sales','issue_resolved','Shelf space increased','completed','2026-02-23T12:47:00Z');
INSERT OR IGNORE INTO visits (id,tenant_id,agent_id,customer_id,visit_date,visit_type,check_in_time,check_out_time,latitude,longitude,purpose,outcome,notes,status,created_at) VALUES ('visit-01577','default-tenant-001','agent-004','cust-022','2025-11-10','customer','2025-11-10T09:50:00Z','2025-11-10T11:10:00Z',-33.9489,18.4050,'new_customer','issue_resolved','','pending','2025-11-10T09:50:00Z');
INSERT OR IGNORE INTO visits (id,tenant_id,agent_id,customer_id,visit_date,visit_type,check_in_time,check_out_time,latitude,longitude,purpose,outcome,notes,status,created_at) VALUES ('visit-01578','default-tenant-001','agent-002','cust-059','2025-12-02','customer','2025-12-02T17:33:00Z','2025-12-02T17:51:00Z',-25.7678,28.2759,'new_customer','stock_checked','Shelf space increased','completed','2025-12-02T17:33:00Z');
INSERT OR IGNORE INTO visits (id,tenant_id,agent_id,customer_id,visit_date,visit_type,check_in_time,check_out_time,latitude,longitude,purpose,outcome,notes,status,created_at) VALUES ('visit-01579','default-tenant-001','agent-003','cust-036','2025-12-23','customer','2025-12-23T17:41:00Z','2025-12-23T18:47:00Z',-33.0647,27.9185,'customer_service','follow_up_needed','Customer happy','completed','2025-12-23T17:41:00Z');
INSERT OR IGNORE INTO visits (id,tenant_id,agent_id,customer_id,visit_date,visit_type,check_in_time,check_out_time,latitude,longitude,purpose,outcome,notes,status,created_at) VALUES ('visit-01580','default-tenant-001','agent-004','cust-089','2025-12-05','customer','2025-12-05T16:38:00Z','2025-12-05T17:37:00Z',-25.7821,28.2198,'delivery','no_order','New display set up','completed','2025-12-05T16:38:00Z');
INSERT OR IGNORE INTO visits (id,tenant_id,agent_id,customer_id,visit_date,visit_type,check_in_time,check_out_time,latitude,longitude,purpose,outcome,notes,status,created_at) VALUES ('visit-01581','default-tenant-001','agent-005','cust-087','2025-11-24','customer','2025-11-24T09:59:00Z','2025-11-24T10:33:00Z',-28.7406,24.7593,'new_customer','order_placed','New display set up','completed','2025-11-24T09:59:00Z');
INSERT OR IGNORE INTO visits (id,tenant_id,agent_id,customer_id,visit_date,visit_type,check_in_time,check_out_time,latitude,longitude,purpose,outcome,notes,status,created_at) VALUES ('visit-01582','default-tenant-001','agent-005','cust-057','2026-01-05','customer','2026-01-05T09:42:00Z','2026-01-05T10:12:00Z',-23.9292,29.4728,'merchandising','order_placed','Competitor promo spotted','pending','2026-01-05T09:42:00Z');
INSERT OR IGNORE INTO visits (id,tenant_id,agent_id,customer_id,visit_date,visit_type,check_in_time,check_out_time,latitude,longitude,purpose,outcome,notes,status,created_at) VALUES ('visit-01583','default-tenant-001','agent-003','cust-013','2025-12-04','customer','2025-12-04T13:58:00Z','2025-12-04T14:33:00Z',-25.5184,30.9356,'collection','issue_resolved','','completed','2025-12-04T13:58:00Z');
INSERT OR IGNORE INTO visits (id,tenant_id,agent_id,customer_id,visit_date,visit_type,check_in_time,check_out_time,latitude,longitude,purpose,outcome,notes,status,created_at) VALUES ('visit-01584','default-tenant-001','agent-001','cust-055','2025-11-29','customer','2025-11-29T13:03:00Z','2025-11-29T13:41:00Z',-25.7117,28.2039,'customer_service','competitor_noted','Good visit','completed','2025-11-29T13:03:00Z');
INSERT OR IGNORE INTO visits (id,tenant_id,agent_id,customer_id,visit_date,visit_type,check_in_time,check_out_time,latitude,longitude,purpose,outcome,notes,status,created_at) VALUES ('visit-01585','default-tenant-001','agent-003','cust-031','2026-02-25','customer','2026-02-25T10:18:00Z','2026-02-25T11:31:00Z',-33.9741,25.6186,'sales','follow_up_needed','Stock low','cancelled','2026-02-25T10:18:00Z');
INSERT OR IGNORE INTO visits (id,tenant_id,agent_id,customer_id,visit_date,visit_type,check_in_time,check_out_time,latitude,longitude,purpose,outcome,notes,status,created_at) VALUES ('visit-01586','default-tenant-001','agent-user-001','cust-090','2026-02-11','customer','2026-02-11T13:18:00Z','2026-02-11T14:36:00Z',-23.9176,29.4397,'collection','order_placed','Follow up needed','completed','2026-02-11T13:18:00Z');
INSERT OR IGNORE INTO visits (id,tenant_id,agent_id,customer_id,visit_date,visit_type,check_in_time,check_out_time,latitude,longitude,purpose,outcome,notes,status,created_at) VALUES ('visit-01587','default-tenant-001','agent-003','cust-031','2026-01-13','customer','2026-01-13T16:59:00Z','2026-01-13T17:36:00Z',-25.7746,28.2455,'audit','competitor_noted','','cancelled','2026-01-13T16:59:00Z');
INSERT OR IGNORE INTO visits (id,tenant_id,agent_id,customer_id,visit_date,visit_type,check_in_time,check_out_time,latitude,longitude,purpose,outcome,notes,status,created_at) VALUES ('visit-01588','default-tenant-001','agent-002','cust-087','2026-01-01','customer','2026-01-01T10:17:00Z','2026-01-01T11:38:00Z',-33.0159,27.8832,'sales','competitor_noted','Customer happy','completed','2026-01-01T10:17:00Z');
INSERT OR IGNORE INTO visits (id,tenant_id,agent_id,customer_id,visit_date,visit_type,check_in_time,check_out_time,latitude,longitude,purpose,outcome,notes,status,created_at) VALUES ('visit-01589','default-tenant-001','agent-002','cust-022','2025-11-26','customer','2025-11-26T16:27:00Z','2025-11-26T16:39:00Z',-28.6984,24.7562,'delivery','stock_checked','','completed','2025-11-26T16:27:00Z');
INSERT OR IGNORE INTO visits (id,tenant_id,agent_id,customer_id,visit_date,visit_type,check_in_time,check_out_time,latitude,longitude,purpose,outcome,notes,status,created_at) VALUES ('visit-01590','default-tenant-001','agent-002','cust-015','2025-12-16','customer','2025-12-16T17:02:00Z','2025-12-16T17:12:00Z',-29.0714,26.1720,'collection','stock_checked','Customer happy','completed','2025-12-16T17:02:00Z');
INSERT OR IGNORE INTO visits (id,tenant_id,agent_id,customer_id,visit_date,visit_type,check_in_time,check_out_time,latitude,longitude,purpose,outcome,notes,status,created_at) VALUES ('visit-01591','default-tenant-001','agent-005','cust-060','2025-12-17','customer','2025-12-17T10:03:00Z','2025-12-17T10:13:00Z',-25.7979,28.1891,'customer_service','order_placed','Shelf space increased','cancelled','2025-12-17T10:03:00Z');
INSERT OR IGNORE INTO visits (id,tenant_id,agent_id,customer_id,visit_date,visit_type,check_in_time,check_out_time,latitude,longitude,purpose,outcome,notes,status,created_at) VALUES ('visit-01592','default-tenant-001','agent-001','cust-071','2025-12-03','customer','2025-12-03T08:12:00Z','2025-12-03T08:34:00Z',-26.2003,28.0973,'new_customer','stock_checked','Customer happy','completed','2025-12-03T08:12:00Z');
INSERT OR IGNORE INTO visits (id,tenant_id,agent_id,customer_id,visit_date,visit_type,check_in_time,check_out_time,latitude,longitude,purpose,outcome,notes,status,created_at) VALUES ('visit-01593','default-tenant-001','agent-001','cust-031','2025-12-04','customer','2025-12-04T17:47:00Z','2025-12-04T18:22:00Z',-29.8615,31.0529,'merchandising','order_placed','Good visit','completed','2025-12-04T17:47:00Z');
INSERT OR IGNORE INTO visits (id,tenant_id,agent_id,customer_id,visit_date,visit_type,check_in_time,check_out_time,latitude,longitude,purpose,outcome,notes,status,created_at) VALUES ('visit-01594','default-tenant-001','agent-001','cust-093','2026-01-25','customer','2026-01-25T13:29:00Z','2026-01-25T13:41:00Z',-33.9340,18.4439,'collection','no_order','Need more samples','completed','2026-01-25T13:29:00Z');
INSERT OR IGNORE INTO visits (id,tenant_id,agent_id,customer_id,visit_date,visit_type,check_in_time,check_out_time,latitude,longitude,purpose,outcome,notes,status,created_at) VALUES ('visit-01595','default-tenant-001','agent-004','cust-077','2025-12-04','customer','2025-12-04T12:06:00Z','2025-12-04T12:56:00Z',-23.9109,29.4868,'collection','order_placed','Competitor promo spotted','completed','2025-12-04T12:06:00Z');
INSERT OR IGNORE INTO visits (id,tenant_id,agent_id,customer_id,visit_date,visit_type,check_in_time,check_out_time,latitude,longitude,purpose,outcome,notes,status,created_at) VALUES ('visit-01596','default-tenant-001','agent-user-001','cust-087','2025-10-30','customer','2025-10-30T13:29:00Z','2025-10-30T13:43:00Z',-33.9618,18.3757,'merchandising','follow_up_needed','Follow up needed','completed','2025-10-30T13:29:00Z');
INSERT OR IGNORE INTO visits (id,tenant_id,agent_id,customer_id,visit_date,visit_type,check_in_time,check_out_time,latitude,longitude,purpose,outcome,notes,status,created_at) VALUES ('visit-01597','default-tenant-001','agent-user-001','cust-032','2026-01-30','customer','2026-01-30T10:48:00Z','2026-01-30T11:14:00Z',-25.7735,28.2613,'collection','order_placed','Competitor promo spotted','completed','2026-01-30T10:48:00Z');
INSERT OR IGNORE INTO visits (id,tenant_id,agent_id,customer_id,visit_date,visit_type,check_in_time,check_out_time,latitude,longitude,purpose,outcome,notes,status,created_at) VALUES ('visit-01598','default-tenant-001','agent-005','cust-001','2025-10-09','customer','2025-10-09T15:26:00Z','2025-10-09T15:55:00Z',-33.9602,25.5915,'customer_service','competitor_noted','','cancelled','2025-10-09T15:26:00Z');
INSERT OR IGNORE INTO visits (id,tenant_id,agent_id,customer_id,visit_date,visit_type,check_in_time,check_out_time,latitude,longitude,purpose,outcome,notes,status,created_at) VALUES ('visit-01599','default-tenant-001','agent-003','cust-085','2025-12-14','customer','2025-12-14T08:53:00Z','2025-12-14T09:26:00Z',-32.9790,27.8829,'competitor_check','no_order','Follow up needed','pending','2025-12-14T08:53:00Z');
INSERT OR IGNORE INTO visits (id,tenant_id,agent_id,customer_id,visit_date,visit_type,check_in_time,check_out_time,latitude,longitude,purpose,outcome,notes,status,created_at) VALUES ('visit-01600','default-tenant-001','agent-001','cust-001','2026-01-11','customer','2026-01-11T11:17:00Z','2026-01-11T11:36:00Z',-29.0833,26.1351,'customer_service','no_order','Shelf space increased','completed','2026-01-11T11:17:00Z');
INSERT OR IGNORE INTO visits (id,tenant_id,agent_id,customer_id,visit_date,visit_type,check_in_time,check_out_time,latitude,longitude,purpose,outcome,notes,status,created_at) VALUES ('visit-01601','default-tenant-001','agent-002','cust-092','2025-11-23','customer','2025-11-23T12:50:00Z','2025-11-23T13:08:00Z',-29.8525,30.9899,'collection','competitor_noted','Stock low','completed','2025-11-23T12:50:00Z');
INSERT OR IGNORE INTO visits (id,tenant_id,agent_id,customer_id,visit_date,visit_type,check_in_time,check_out_time,latitude,longitude,purpose,outcome,notes,status,created_at) VALUES ('visit-01602','default-tenant-001','agent-003','cust-049','2025-11-13','customer','2025-11-13T16:47:00Z','2025-11-13T17:04:00Z',-32.9825,27.8871,'delivery','competitor_noted','Need more samples','completed','2025-11-13T16:47:00Z');
INSERT OR IGNORE INTO visits (id,tenant_id,agent_id,customer_id,visit_date,visit_type,check_in_time,check_out_time,latitude,longitude,purpose,outcome,notes,status,created_at) VALUES ('visit-01603','default-tenant-001','agent-002','cust-081','2026-03-03','customer','2026-03-03T14:56:00Z','2026-03-03T15:37:00Z',-23.8546,29.4278,'customer_service','stock_checked','New display set up','completed','2026-03-03T14:56:00Z');
INSERT OR IGNORE INTO visits (id,tenant_id,agent_id,customer_id,visit_date,visit_type,check_in_time,check_out_time,latitude,longitude,purpose,outcome,notes,status,created_at) VALUES ('visit-01604','default-tenant-001','agent-005','cust-076','2025-11-04','customer','2025-11-04T10:54:00Z','2025-11-04T12:03:00Z',-25.5035,30.9580,'delivery','no_order','Customer happy','completed','2025-11-04T10:54:00Z');
INSERT OR IGNORE INTO visits (id,tenant_id,agent_id,customer_id,visit_date,visit_type,check_in_time,check_out_time,latitude,longitude,purpose,outcome,notes,status,created_at) VALUES ('visit-01605','default-tenant-001','agent-003','cust-047','2026-03-10','customer','2026-03-10T08:54:00Z','2026-03-10T09:05:00Z',-26.2510,28.0157,'competitor_check','issue_resolved','Customer happy','cancelled','2026-03-10T08:54:00Z');
INSERT OR IGNORE INTO visits (id,tenant_id,agent_id,customer_id,visit_date,visit_type,check_in_time,check_out_time,latitude,longitude,purpose,outcome,notes,status,created_at) VALUES ('visit-01606','default-tenant-001','agent-003','cust-067','2026-01-30','customer','2026-01-30T11:28:00Z','2026-01-30T12:51:00Z',-28.7529,24.7227,'customer_service','no_order','Follow up needed','completed','2026-01-30T11:28:00Z');
INSERT OR IGNORE INTO visits (id,tenant_id,agent_id,customer_id,visit_date,visit_type,check_in_time,check_out_time,latitude,longitude,purpose,outcome,notes,status,created_at) VALUES ('visit-01607','default-tenant-001','agent-002','cust-058','2025-11-05','customer','2025-11-05T12:21:00Z','2025-11-05T12:36:00Z',-26.2409,28.0219,'audit','order_placed','Shelf space increased','completed','2025-11-05T12:21:00Z');
INSERT OR IGNORE INTO visits (id,tenant_id,agent_id,customer_id,visit_date,visit_type,check_in_time,check_out_time,latitude,longitude,purpose,outcome,notes,status,created_at) VALUES ('visit-01608','default-tenant-001','agent-001','cust-058','2025-10-28','customer','2025-10-28T13:14:00Z','2025-10-28T13:51:00Z',-34.0048,25.6391,'audit','order_placed','New display set up','completed','2025-10-28T13:14:00Z');
INSERT OR IGNORE INTO visits (id,tenant_id,agent_id,customer_id,visit_date,visit_type,check_in_time,check_out_time,latitude,longitude,purpose,outcome,notes,status,created_at) VALUES ('visit-01609','default-tenant-001','agent-004','cust-038','2026-03-05','customer','2026-03-05T15:40:00Z','2026-03-05T17:09:00Z',-28.6966,24.7729,'delivery','no_order','Good visit','cancelled','2026-03-05T15:40:00Z');
INSERT OR IGNORE INTO visits (id,tenant_id,agent_id,customer_id,visit_date,visit_type,check_in_time,check_out_time,latitude,longitude,purpose,outcome,notes,status,created_at) VALUES ('visit-01610','default-tenant-001','agent-001','cust-012','2026-01-08','customer','2026-01-08T10:29:00Z','2026-01-08T11:44:00Z',-33.9114,18.3995,'delivery','stock_checked','Good visit','completed','2026-01-08T10:29:00Z');
INSERT OR IGNORE INTO visits (id,tenant_id,agent_id,customer_id,visit_date,visit_type,check_in_time,check_out_time,latitude,longitude,purpose,outcome,notes,status,created_at) VALUES ('visit-01611','default-tenant-001','agent-003','cust-024','2026-02-07','customer','2026-02-07T15:36:00Z','2026-02-07T16:34:00Z',-33.9199,18.3877,'delivery','no_order','Placed large order','cancelled','2026-02-07T15:36:00Z');
INSERT OR IGNORE INTO visits (id,tenant_id,agent_id,customer_id,visit_date,visit_type,check_in_time,check_out_time,latitude,longitude,purpose,outcome,notes,status,created_at) VALUES ('visit-01612','default-tenant-001','agent-003','cust-053','2026-02-11','customer','2026-02-11T09:42:00Z','2026-02-11T10:23:00Z',-33.9678,25.6388,'sales','no_order','New display set up','pending','2026-02-11T09:42:00Z');
INSERT OR IGNORE INTO visits (id,tenant_id,agent_id,customer_id,visit_date,visit_type,check_in_time,check_out_time,latitude,longitude,purpose,outcome,notes,status,created_at) VALUES ('visit-01613','default-tenant-001','agent-user-001','cust-087','2025-11-05','customer','2025-11-05T15:48:00Z','2025-11-05T16:43:00Z',-26.1823,28.0301,'new_customer','order_placed','Customer happy','completed','2025-11-05T15:48:00Z');
INSERT OR IGNORE INTO visits (id,tenant_id,agent_id,customer_id,visit_date,visit_type,check_in_time,check_out_time,latitude,longitude,purpose,outcome,notes,status,created_at) VALUES ('visit-01614','default-tenant-001','agent-004','cust-059','2025-12-09','customer','2025-12-09T08:29:00Z','2025-12-09T09:05:00Z',-23.9327,29.5036,'customer_service','order_placed','Customer happy','completed','2025-12-09T08:29:00Z');
INSERT OR IGNORE INTO visits (id,tenant_id,agent_id,customer_id,visit_date,visit_type,check_in_time,check_out_time,latitude,longitude,purpose,outcome,notes,status,created_at) VALUES ('visit-01615','default-tenant-001','agent-001','cust-018','2026-01-17','customer','2026-01-17T15:29:00Z','2026-01-17T16:56:00Z',-28.6819,24.7877,'new_customer','competitor_noted','Competitor promo spotted','completed','2026-01-17T15:29:00Z');
INSERT OR IGNORE INTO visits (id,tenant_id,agent_id,customer_id,visit_date,visit_type,check_in_time,check_out_time,latitude,longitude,purpose,outcome,notes,status,created_at) VALUES ('visit-01616','default-tenant-001','agent-user-001','cust-089','2026-02-05','customer','2026-02-05T09:25:00Z','2026-02-05T10:22:00Z',-32.9834,27.9267,'new_customer','order_placed','Customer happy','pending','2026-02-05T09:25:00Z');
INSERT OR IGNORE INTO visits (id,tenant_id,agent_id,customer_id,visit_date,visit_type,check_in_time,check_out_time,latitude,longitude,purpose,outcome,notes,status,created_at) VALUES ('visit-01617','default-tenant-001','agent-005','cust-011','2025-11-24','customer','2025-11-24T12:54:00Z','2025-11-24T13:13:00Z',-29.0592,26.1221,'customer_service','no_order','','cancelled','2025-11-24T12:54:00Z');
INSERT OR IGNORE INTO visits (id,tenant_id,agent_id,customer_id,visit_date,visit_type,check_in_time,check_out_time,latitude,longitude,purpose,outcome,notes,status,created_at) VALUES ('visit-01618','default-tenant-001','agent-user-001','cust-094','2026-02-11','customer','2026-02-11T09:20:00Z','2026-02-11T10:36:00Z',-26.1935,27.9998,'delivery','competitor_noted','Stock low','completed','2026-02-11T09:20:00Z');
INSERT OR IGNORE INTO visits (id,tenant_id,agent_id,customer_id,visit_date,visit_type,check_in_time,check_out_time,latitude,longitude,purpose,outcome,notes,status,created_at) VALUES ('visit-01619','default-tenant-001','agent-004','cust-082','2026-01-04','customer','2026-01-04T11:56:00Z','2026-01-04T13:15:00Z',-25.6983,28.1881,'delivery','follow_up_needed','Placed large order','completed','2026-01-04T11:56:00Z');
INSERT OR IGNORE INTO visits (id,tenant_id,agent_id,customer_id,visit_date,visit_type,check_in_time,check_out_time,latitude,longitude,purpose,outcome,notes,status,created_at) VALUES ('visit-01620','default-tenant-001','agent-001','cust-002','2025-10-31','customer','2025-10-31T08:02:00Z','2025-10-31T08:47:00Z',-33.8986,18.4262,'customer_service','issue_resolved','Follow up needed','cancelled','2025-10-31T08:02:00Z');
INSERT OR IGNORE INTO visits (id,tenant_id,agent_id,customer_id,visit_date,visit_type,check_in_time,check_out_time,latitude,longitude,purpose,outcome,notes,status,created_at) VALUES ('visit-01621','default-tenant-001','agent-005','cust-067','2026-01-07','customer','2026-01-07T15:37:00Z','2026-01-07T16:33:00Z',-25.4289,30.9482,'delivery','stock_checked','Good visit','completed','2026-01-07T15:37:00Z');
INSERT OR IGNORE INTO visits (id,tenant_id,agent_id,customer_id,visit_date,visit_type,check_in_time,check_out_time,latitude,longitude,purpose,outcome,notes,status,created_at) VALUES ('visit-01622','default-tenant-001','agent-002','cust-017','2025-10-14','customer','2025-10-14T13:52:00Z','2025-10-14T14:58:00Z',-29.8664,31.0431,'competitor_check','issue_resolved','Stock low','completed','2025-10-14T13:52:00Z');
INSERT OR IGNORE INTO visits (id,tenant_id,agent_id,customer_id,visit_date,visit_type,check_in_time,check_out_time,latitude,longitude,purpose,outcome,notes,status,created_at) VALUES ('visit-01623','default-tenant-001','agent-005','cust-009','2025-12-26','customer','2025-12-26T17:04:00Z','2025-12-26T17:40:00Z',-33.0378,27.8647,'customer_service','order_placed','Good visit','in_progress','2025-12-26T17:04:00Z');
INSERT OR IGNORE INTO visits (id,tenant_id,agent_id,customer_id,visit_date,visit_type,check_in_time,check_out_time,latitude,longitude,purpose,outcome,notes,status,created_at) VALUES ('visit-01624','default-tenant-001','agent-001','cust-025','2026-02-16','customer','2026-02-16T11:45:00Z','2026-02-16T12:01:00Z',-29.8582,31.0089,'competitor_check','competitor_noted','Good visit','completed','2026-02-16T11:45:00Z');
INSERT OR IGNORE INTO visits (id,tenant_id,agent_id,customer_id,visit_date,visit_type,check_in_time,check_out_time,latitude,longitude,purpose,outcome,notes,status,created_at) VALUES ('visit-01625','default-tenant-001','agent-002','cust-095','2025-12-15','customer','2025-12-15T10:16:00Z','2025-12-15T10:27:00Z',-25.7140,28.2417,'audit','order_placed','Good visit','completed','2025-12-15T10:16:00Z');
INSERT OR IGNORE INTO visits (id,tenant_id,agent_id,customer_id,visit_date,visit_type,check_in_time,check_out_time,latitude,longitude,purpose,outcome,notes,status,created_at) VALUES ('visit-01626','default-tenant-001','agent-004','cust-052','2026-01-09','customer','2026-01-09T07:57:00Z','2026-01-09T08:08:00Z',-33.9305,18.3832,'competitor_check','order_placed','','cancelled','2026-01-09T07:57:00Z');
INSERT OR IGNORE INTO visits (id,tenant_id,agent_id,customer_id,visit_date,visit_type,check_in_time,check_out_time,latitude,longitude,purpose,outcome,notes,status,created_at) VALUES ('visit-01627','default-tenant-001','agent-004','cust-047','2026-02-24','customer','2026-02-24T10:52:00Z','2026-02-24T11:48:00Z',-28.7266,24.7040,'sales','order_placed','New display set up','in_progress','2026-02-24T10:52:00Z');
INSERT OR IGNORE INTO visits (id,tenant_id,agent_id,customer_id,visit_date,visit_type,check_in_time,check_out_time,latitude,longitude,purpose,outcome,notes,status,created_at) VALUES ('visit-01628','default-tenant-001','agent-user-001','cust-056','2025-11-10','customer','2025-11-10T10:07:00Z','2025-11-10T10:57:00Z',-25.7701,28.2715,'sales','follow_up_needed','Follow up needed','in_progress','2025-11-10T10:07:00Z');
INSERT OR IGNORE INTO visits (id,tenant_id,agent_id,customer_id,visit_date,visit_type,check_in_time,check_out_time,latitude,longitude,purpose,outcome,notes,status,created_at) VALUES ('visit-01629','default-tenant-001','agent-user-001','cust-047','2025-10-02','customer','2025-10-02T11:11:00Z','2025-10-02T12:36:00Z',-29.8946,30.9828,'merchandising','order_placed','Follow up needed','completed','2025-10-02T11:11:00Z');
INSERT OR IGNORE INTO visits (id,tenant_id,agent_id,customer_id,visit_date,visit_type,check_in_time,check_out_time,latitude,longitude,purpose,outcome,notes,status,created_at) VALUES ('visit-01630','default-tenant-001','agent-user-001','cust-091','2026-01-20','customer','2026-01-20T15:25:00Z','2026-01-20T16:26:00Z',-29.8805,31.0219,'new_customer','order_placed','Need more samples','completed','2026-01-20T15:25:00Z');
INSERT OR IGNORE INTO visits (id,tenant_id,agent_id,customer_id,visit_date,visit_type,check_in_time,check_out_time,latitude,longitude,purpose,outcome,notes,status,created_at) VALUES ('visit-01631','default-tenant-001','agent-003','cust-058','2026-03-07','customer','2026-03-07T13:22:00Z','2026-03-07T14:46:00Z',-33.9209,18.4040,'collection','issue_resolved','Shelf space increased','completed','2026-03-07T13:22:00Z');
INSERT OR IGNORE INTO visits (id,tenant_id,agent_id,customer_id,visit_date,visit_type,check_in_time,check_out_time,latitude,longitude,purpose,outcome,notes,status,created_at) VALUES ('visit-01632','default-tenant-001','agent-004','cust-082','2026-01-28','customer','2026-01-28T11:47:00Z','2026-01-28T12:10:00Z',-25.7154,28.2326,'competitor_check','issue_resolved','New display set up','completed','2026-01-28T11:47:00Z');
INSERT OR IGNORE INTO visits (id,tenant_id,agent_id,customer_id,visit_date,visit_type,check_in_time,check_out_time,latitude,longitude,purpose,outcome,notes,status,created_at) VALUES ('visit-01633','default-tenant-001','agent-004','cust-036','2025-12-14','customer','2025-12-14T16:31:00Z','2025-12-14T18:00:00Z',-23.8744,29.4496,'collection','follow_up_needed','Customer happy','in_progress','2025-12-14T16:31:00Z');
INSERT OR IGNORE INTO visits (id,tenant_id,agent_id,customer_id,visit_date,visit_type,check_in_time,check_out_time,latitude,longitude,purpose,outcome,notes,status,created_at) VALUES ('visit-01634','default-tenant-001','agent-005','cust-031','2025-11-26','customer','2025-11-26T17:19:00Z','2025-11-26T17:51:00Z',-25.7939,28.2379,'sales','stock_checked','Placed large order','in_progress','2025-11-26T17:19:00Z');
INSERT OR IGNORE INTO visits (id,tenant_id,agent_id,customer_id,visit_date,visit_type,check_in_time,check_out_time,latitude,longitude,purpose,outcome,notes,status,created_at) VALUES ('visit-01635','default-tenant-001','agent-005','cust-022','2026-02-12','customer','2026-02-12T11:06:00Z','2026-02-12T12:21:00Z',-33.9273,25.5921,'delivery','competitor_noted','Customer happy','cancelled','2026-02-12T11:06:00Z');
INSERT OR IGNORE INTO visits (id,tenant_id,agent_id,customer_id,visit_date,visit_type,check_in_time,check_out_time,latitude,longitude,purpose,outcome,notes,status,created_at) VALUES ('visit-01636','default-tenant-001','agent-001','cust-007','2025-11-17','customer','2025-11-17T07:39:00Z','2025-11-17T07:50:00Z',-33.9504,18.4297,'delivery','order_placed','Placed large order','completed','2025-11-17T07:39:00Z');
INSERT OR IGNORE INTO visits (id,tenant_id,agent_id,customer_id,visit_date,visit_type,check_in_time,check_out_time,latitude,longitude,purpose,outcome,notes,status,created_at) VALUES ('visit-01637','default-tenant-001','agent-005','cust-013','2025-10-02','customer','2025-10-02T13:47:00Z','2025-10-02T14:32:00Z',-26.2291,27.9987,'delivery','no_order','Good visit','in_progress','2025-10-02T13:47:00Z');
INSERT OR IGNORE INTO visits (id,tenant_id,agent_id,customer_id,visit_date,visit_type,check_in_time,check_out_time,latitude,longitude,purpose,outcome,notes,status,created_at) VALUES ('visit-01638','default-tenant-001','agent-001','cust-099','2026-01-02','customer','2026-01-02T13:19:00Z','2026-01-02T13:50:00Z',-26.2020,28.0397,'sales','order_placed','Stock low','completed','2026-01-02T13:19:00Z');
INSERT OR IGNORE INTO visits (id,tenant_id,agent_id,customer_id,visit_date,visit_type,check_in_time,check_out_time,latitude,longitude,purpose,outcome,notes,status,created_at) VALUES ('visit-01639','default-tenant-001','agent-003','cust-049','2025-12-27','customer','2025-12-27T07:24:00Z','2025-12-27T07:57:00Z',-28.7288,24.7129,'merchandising','competitor_noted','Need more samples','cancelled','2025-12-27T07:24:00Z');
INSERT OR IGNORE INTO visits (id,tenant_id,agent_id,customer_id,visit_date,visit_type,check_in_time,check_out_time,latitude,longitude,purpose,outcome,notes,status,created_at) VALUES ('visit-01640','default-tenant-001','agent-005','cust-087','2026-01-25','customer','2026-01-25T08:51:00Z','2026-01-25T09:57:00Z',-29.1068,26.1236,'delivery','competitor_noted','Placed large order','completed','2026-01-25T08:51:00Z');
INSERT OR IGNORE INTO visits (id,tenant_id,agent_id,customer_id,visit_date,visit_type,check_in_time,check_out_time,latitude,longitude,purpose,outcome,notes,status,created_at) VALUES ('visit-01641','default-tenant-001','agent-004','cust-039','2025-11-26','customer','2025-11-26T14:25:00Z','2025-11-26T15:07:00Z',-25.7685,28.2609,'collection','stock_checked','Stock low','cancelled','2025-11-26T14:25:00Z');
INSERT OR IGNORE INTO visits (id,tenant_id,agent_id,customer_id,visit_date,visit_type,check_in_time,check_out_time,latitude,longitude,purpose,outcome,notes,status,created_at) VALUES ('visit-01642','default-tenant-001','agent-user-001','cust-074','2026-02-07','customer','2026-02-07T08:05:00Z','2026-02-07T09:03:00Z',-23.9049,29.4645,'merchandising','order_placed','Good visit','cancelled','2026-02-07T08:05:00Z');
INSERT OR IGNORE INTO visits (id,tenant_id,agent_id,customer_id,visit_date,visit_type,check_in_time,check_out_time,latitude,longitude,purpose,outcome,notes,status,created_at) VALUES ('visit-01643','default-tenant-001','agent-user-001','cust-091','2026-01-02','customer','2026-01-02T10:32:00Z','2026-01-02T11:53:00Z',-26.2481,28.0767,'merchandising','no_order','Follow up needed','in_progress','2026-01-02T10:32:00Z');
INSERT OR IGNORE INTO visits (id,tenant_id,agent_id,customer_id,visit_date,visit_type,check_in_time,check_out_time,latitude,longitude,purpose,outcome,notes,status,created_at) VALUES ('visit-01644','default-tenant-001','agent-003','cust-095','2025-12-25','customer','2025-12-25T12:09:00Z','2025-12-25T12:19:00Z',-32.9773,27.9154,'audit','order_placed','Shelf space increased','completed','2025-12-25T12:09:00Z');
INSERT OR IGNORE INTO visits (id,tenant_id,agent_id,customer_id,visit_date,visit_type,check_in_time,check_out_time,latitude,longitude,purpose,outcome,notes,status,created_at) VALUES ('visit-01645','default-tenant-001','agent-001','cust-087','2026-02-15','customer','2026-02-15T16:45:00Z','2026-02-15T17:14:00Z',-29.8110,31.0189,'delivery','follow_up_needed','Placed large order','in_progress','2026-02-15T16:45:00Z');
INSERT OR IGNORE INTO visits (id,tenant_id,agent_id,customer_id,visit_date,visit_type,check_in_time,check_out_time,latitude,longitude,purpose,outcome,notes,status,created_at) VALUES ('visit-01646','default-tenant-001','agent-004','cust-098','2026-01-10','customer','2026-01-10T11:15:00Z','2026-01-10T12:23:00Z',-29.0924,26.1992,'delivery','follow_up_needed','Need more samples','completed','2026-01-10T11:15:00Z');
INSERT OR IGNORE INTO visits (id,tenant_id,agent_id,customer_id,visit_date,visit_type,check_in_time,check_out_time,latitude,longitude,purpose,outcome,notes,status,created_at) VALUES ('visit-01647','default-tenant-001','agent-user-001','cust-003','2025-12-04','customer','2025-12-04T15:20:00Z','2025-12-04T16:12:00Z',-26.2073,28.0777,'customer_service','no_order','Follow up needed','cancelled','2025-12-04T15:20:00Z');
INSERT OR IGNORE INTO visits (id,tenant_id,agent_id,customer_id,visit_date,visit_type,check_in_time,check_out_time,latitude,longitude,purpose,outcome,notes,status,created_at) VALUES ('visit-01648','default-tenant-001','agent-user-001','cust-024','2025-11-18','customer','2025-11-18T09:12:00Z','2025-11-18T09:46:00Z',-29.1129,26.1897,'new_customer','order_placed','Stock low','completed','2025-11-18T09:12:00Z');
INSERT OR IGNORE INTO visits (id,tenant_id,agent_id,customer_id,visit_date,visit_type,check_in_time,check_out_time,latitude,longitude,purpose,outcome,notes,status,created_at) VALUES ('visit-01649','default-tenant-001','agent-005','cust-055','2026-03-08','customer','2026-03-08T09:58:00Z','2026-03-08T11:06:00Z',-28.6816,24.7321,'sales','no_order','Competitor promo spotted','cancelled','2026-03-08T09:58:00Z');
INSERT OR IGNORE INTO visits (id,tenant_id,agent_id,customer_id,visit_date,visit_type,check_in_time,check_out_time,latitude,longitude,purpose,outcome,notes,status,created_at) VALUES ('visit-01650','default-tenant-001','agent-004','cust-023','2026-02-20','customer','2026-02-20T16:55:00Z','2026-02-20T17:28:00Z',-25.7207,28.2109,'delivery','competitor_noted','Good visit','completed','2026-02-20T16:55:00Z');
INSERT OR IGNORE INTO visits (id,tenant_id,agent_id,customer_id,visit_date,visit_type,check_in_time,check_out_time,latitude,longitude,purpose,outcome,notes,status,created_at) VALUES ('visit-01651','default-tenant-001','agent-003','cust-006','2026-01-10','customer','2026-01-10T16:04:00Z','2026-01-10T17:17:00Z',-34.0033,25.6192,'new_customer','no_order','Placed large order','completed','2026-01-10T16:04:00Z');
INSERT OR IGNORE INTO visits (id,tenant_id,agent_id,customer_id,visit_date,visit_type,check_in_time,check_out_time,latitude,longitude,purpose,outcome,notes,status,created_at) VALUES ('visit-01652','default-tenant-001','agent-003','cust-068','2025-11-05','customer','2025-11-05T17:52:00Z','2025-11-05T18:20:00Z',-28.7081,24.7377,'merchandising','stock_checked','Shelf space increased','completed','2025-11-05T17:52:00Z');
INSERT OR IGNORE INTO visits (id,tenant_id,agent_id,customer_id,visit_date,visit_type,check_in_time,check_out_time,latitude,longitude,purpose,outcome,notes,status,created_at) VALUES ('visit-01653','default-tenant-001','agent-user-001','cust-030','2026-03-01','customer','2026-03-01T13:03:00Z','2026-03-01T13:45:00Z',-29.1004,26.2069,'competitor_check','no_order','Placed large order','completed','2026-03-01T13:03:00Z');
INSERT OR IGNORE INTO visits (id,tenant_id,agent_id,customer_id,visit_date,visit_type,check_in_time,check_out_time,latitude,longitude,purpose,outcome,notes,status,created_at) VALUES ('visit-01654','default-tenant-001','agent-003','cust-044','2026-02-09','customer','2026-02-09T12:02:00Z','2026-02-09T13:32:00Z',-33.9619,18.4363,'customer_service','issue_resolved','','cancelled','2026-02-09T12:02:00Z');
INSERT OR IGNORE INTO visits (id,tenant_id,agent_id,customer_id,visit_date,visit_type,check_in_time,check_out_time,latitude,longitude,purpose,outcome,notes,status,created_at) VALUES ('visit-01655','default-tenant-001','agent-003','cust-074','2025-10-26','customer','2025-10-26T10:09:00Z','2025-10-26T10:57:00Z',-23.9243,29.4415,'delivery','issue_resolved','Need more samples','completed','2025-10-26T10:09:00Z');
INSERT OR IGNORE INTO visits (id,tenant_id,agent_id,customer_id,visit_date,visit_type,check_in_time,check_out_time,latitude,longitude,purpose,outcome,notes,status,created_at) VALUES ('visit-01656','default-tenant-001','agent-001','cust-027','2026-01-11','customer','2026-01-11T13:45:00Z','2026-01-11T14:15:00Z',-25.4309,30.9329,'merchandising','issue_resolved','','completed','2026-01-11T13:45:00Z');
INSERT OR IGNORE INTO visits (id,tenant_id,agent_id,customer_id,visit_date,visit_type,check_in_time,check_out_time,latitude,longitude,purpose,outcome,notes,status,created_at) VALUES ('visit-01657','default-tenant-001','agent-003','cust-053','2026-03-01','customer','2026-03-01T17:56:00Z','2026-03-01T19:07:00Z',-33.9520,18.4479,'audit','no_order','Shelf space increased','completed','2026-03-01T17:56:00Z');
INSERT OR IGNORE INTO visits (id,tenant_id,agent_id,customer_id,visit_date,visit_type,check_in_time,check_out_time,latitude,longitude,purpose,outcome,notes,status,created_at) VALUES ('visit-01658','default-tenant-001','agent-004','cust-083','2025-10-22','customer','2025-10-22T09:34:00Z','2025-10-22T09:57:00Z',-29.0364,26.1654,'sales','order_placed','New display set up','completed','2025-10-22T09:34:00Z');
INSERT OR IGNORE INTO visits (id,tenant_id,agent_id,customer_id,visit_date,visit_type,check_in_time,check_out_time,latitude,longitude,purpose,outcome,notes,status,created_at) VALUES ('visit-01659','default-tenant-001','agent-004','cust-044','2026-01-07','customer','2026-01-07T12:14:00Z','2026-01-07T13:15:00Z',-34.0082,25.5928,'competitor_check','follow_up_needed','Competitor promo spotted','pending','2026-01-07T12:14:00Z');
INSERT OR IGNORE INTO visits (id,tenant_id,agent_id,customer_id,visit_date,visit_type,check_in_time,check_out_time,latitude,longitude,purpose,outcome,notes,status,created_at) VALUES ('visit-01660','default-tenant-001','agent-003','cust-047','2025-10-02','customer','2025-10-02T08:25:00Z','2025-10-02T09:06:00Z',-25.5105,30.9609,'delivery','follow_up_needed','Customer happy','in_progress','2025-10-02T08:25:00Z');
INSERT OR IGNORE INTO visits (id,tenant_id,agent_id,customer_id,visit_date,visit_type,check_in_time,check_out_time,latitude,longitude,purpose,outcome,notes,status,created_at) VALUES ('visit-01661','default-tenant-001','agent-user-001','cust-075','2025-10-28','customer','2025-10-28T11:12:00Z','2025-10-28T11:31:00Z',-29.8639,30.9915,'customer_service','order_placed','Placed large order','completed','2025-10-28T11:12:00Z');
INSERT OR IGNORE INTO visits (id,tenant_id,agent_id,customer_id,visit_date,visit_type,check_in_time,check_out_time,latitude,longitude,purpose,outcome,notes,status,created_at) VALUES ('visit-01662','default-tenant-001','agent-004','cust-084','2025-11-27','customer','2025-11-27T13:05:00Z','2025-11-27T14:31:00Z',-26.2126,27.9984,'audit','stock_checked','Shelf space increased','in_progress','2025-11-27T13:05:00Z');
INSERT OR IGNORE INTO visits (id,tenant_id,agent_id,customer_id,visit_date,visit_type,check_in_time,check_out_time,latitude,longitude,purpose,outcome,notes,status,created_at) VALUES ('visit-01663','default-tenant-001','agent-005','cust-012','2025-10-21','customer','2025-10-21T12:48:00Z','2025-10-21T13:55:00Z',-23.9123,29.5120,'audit','no_order','Need more samples','in_progress','2025-10-21T12:48:00Z');
INSERT OR IGNORE INTO visits (id,tenant_id,agent_id,customer_id,visit_date,visit_type,check_in_time,check_out_time,latitude,longitude,purpose,outcome,notes,status,created_at) VALUES ('visit-01664','default-tenant-001','agent-004','cust-038','2025-12-26','customer','2025-12-26T17:55:00Z','2025-12-26T18:39:00Z',-26.2073,28.0126,'sales','stock_checked','Shelf space increased','cancelled','2025-12-26T17:55:00Z');
INSERT OR IGNORE INTO visits (id,tenant_id,agent_id,customer_id,visit_date,visit_type,check_in_time,check_out_time,latitude,longitude,purpose,outcome,notes,status,created_at) VALUES ('visit-01665','default-tenant-001','agent-001','cust-042','2025-10-20','customer','2025-10-20T10:39:00Z','2025-10-20T11:29:00Z',-34.0102,25.5802,'competitor_check','no_order','Placed large order','completed','2025-10-20T10:39:00Z');
INSERT OR IGNORE INTO visits (id,tenant_id,agent_id,customer_id,visit_date,visit_type,check_in_time,check_out_time,latitude,longitude,purpose,outcome,notes,status,created_at) VALUES ('visit-01666','default-tenant-001','agent-005','cust-023','2025-11-16','customer','2025-11-16T09:16:00Z','2025-11-16T09:37:00Z',-25.7740,28.2399,'delivery','no_order','','completed','2025-11-16T09:16:00Z');
INSERT OR IGNORE INTO visits (id,tenant_id,agent_id,customer_id,visit_date,visit_type,check_in_time,check_out_time,latitude,longitude,purpose,outcome,notes,status,created_at) VALUES ('visit-01667','default-tenant-001','agent-004','cust-048','2026-02-18','customer','2026-02-18T10:11:00Z','2026-02-18T10:33:00Z',-33.0582,27.8792,'audit','no_order','Stock low','in_progress','2026-02-18T10:11:00Z');
INSERT OR IGNORE INTO visits (id,tenant_id,agent_id,customer_id,visit_date,visit_type,check_in_time,check_out_time,latitude,longitude,purpose,outcome,notes,status,created_at) VALUES ('visit-01668','default-tenant-001','agent-002','cust-017','2025-10-06','customer','2025-10-06T14:51:00Z','2025-10-06T15:37:00Z',-33.0505,27.8933,'competitor_check','follow_up_needed','Good visit','in_progress','2025-10-06T14:51:00Z');
INSERT OR IGNORE INTO visits (id,tenant_id,agent_id,customer_id,visit_date,visit_type,check_in_time,check_out_time,latitude,longitude,purpose,outcome,notes,status,created_at) VALUES ('visit-01669','default-tenant-001','agent-004','cust-054','2026-01-29','customer','2026-01-29T09:38:00Z','2026-01-29T10:44:00Z',-25.7026,28.2592,'sales','follow_up_needed','Placed large order','completed','2026-01-29T09:38:00Z');
INSERT OR IGNORE INTO visits (id,tenant_id,agent_id,customer_id,visit_date,visit_type,check_in_time,check_out_time,latitude,longitude,purpose,outcome,notes,status,created_at) VALUES ('visit-01670','default-tenant-001','agent-user-001','cust-053','2025-10-19','customer','2025-10-19T09:12:00Z','2025-10-19T09:45:00Z',-33.9707,25.5591,'collection','no_order','Stock low','pending','2025-10-19T09:12:00Z');
INSERT OR IGNORE INTO visits (id,tenant_id,agent_id,customer_id,visit_date,visit_type,check_in_time,check_out_time,latitude,longitude,purpose,outcome,notes,status,created_at) VALUES ('visit-01671','default-tenant-001','agent-005','cust-050','2026-03-07','customer','2026-03-07T11:09:00Z','2026-03-07T11:39:00Z',-23.8934,29.4326,'collection','stock_checked','Customer happy','in_progress','2026-03-07T11:09:00Z');
INSERT OR IGNORE INTO visits (id,tenant_id,agent_id,customer_id,visit_date,visit_type,check_in_time,check_out_time,latitude,longitude,purpose,outcome,notes,status,created_at) VALUES ('visit-01672','default-tenant-001','agent-001','cust-052','2026-02-08','customer','2026-02-08T09:45:00Z','2026-02-08T10:48:00Z',-28.7011,24.7881,'competitor_check','order_placed','Placed large order','pending','2026-02-08T09:45:00Z');
INSERT OR IGNORE INTO visits (id,tenant_id,agent_id,customer_id,visit_date,visit_type,check_in_time,check_out_time,latitude,longitude,purpose,outcome,notes,status,created_at) VALUES ('visit-01673','default-tenant-001','agent-002','cust-064','2025-10-26','customer','2025-10-26T11:48:00Z','2025-10-26T13:18:00Z',-34.0045,25.6269,'delivery','issue_resolved','','completed','2025-10-26T11:48:00Z');
INSERT OR IGNORE INTO visits (id,tenant_id,agent_id,customer_id,visit_date,visit_type,check_in_time,check_out_time,latitude,longitude,purpose,outcome,notes,status,created_at) VALUES ('visit-01674','default-tenant-001','agent-user-001','cust-042','2025-12-13','customer','2025-12-13T15:43:00Z','2025-12-13T16:52:00Z',-29.1274,26.2040,'collection','stock_checked','','completed','2025-12-13T15:43:00Z');
INSERT OR IGNORE INTO visits (id,tenant_id,agent_id,customer_id,visit_date,visit_type,check_in_time,check_out_time,latitude,longitude,purpose,outcome,notes,status,created_at) VALUES ('visit-01675','default-tenant-001','agent-004','cust-054','2025-11-10','customer','2025-11-10T11:42:00Z','2025-11-10T12:13:00Z',-23.8711,29.4369,'delivery','no_order','Good visit','completed','2025-11-10T11:42:00Z');
INSERT OR IGNORE INTO visits (id,tenant_id,agent_id,customer_id,visit_date,visit_type,check_in_time,check_out_time,latitude,longitude,purpose,outcome,notes,status,created_at) VALUES ('visit-01676','default-tenant-001','agent-user-001','cust-028','2025-11-13','customer','2025-11-13T11:14:00Z','2025-11-13T11:45:00Z',-25.7273,28.2606,'delivery','issue_resolved','Customer happy','completed','2025-11-13T11:14:00Z');
INSERT OR IGNORE INTO visits (id,tenant_id,agent_id,customer_id,visit_date,visit_type,check_in_time,check_out_time,latitude,longitude,purpose,outcome,notes,status,created_at) VALUES ('visit-01677','default-tenant-001','agent-004','cust-072','2026-02-18','customer','2026-02-18T10:15:00Z','2026-02-18T10:44:00Z',-28.7151,24.7504,'collection','stock_checked','New display set up','completed','2026-02-18T10:15:00Z');
INSERT OR IGNORE INTO visits (id,tenant_id,agent_id,customer_id,visit_date,visit_type,check_in_time,check_out_time,latitude,longitude,purpose,outcome,notes,status,created_at) VALUES ('visit-01678','default-tenant-001','agent-user-001','cust-098','2026-01-06','customer','2026-01-06T13:59:00Z','2026-01-06T15:06:00Z',-29.9067,31.0124,'merchandising','no_order','Shelf space increased','in_progress','2026-01-06T13:59:00Z');
INSERT OR IGNORE INTO visits (id,tenant_id,agent_id,customer_id,visit_date,visit_type,check_in_time,check_out_time,latitude,longitude,purpose,outcome,notes,status,created_at) VALUES ('visit-01679','default-tenant-001','agent-005','cust-032','2025-10-05','customer','2025-10-05T14:18:00Z','2025-10-05T15:30:00Z',-33.0119,27.8891,'audit','order_placed','Shelf space increased','completed','2025-10-05T14:18:00Z');
INSERT OR IGNORE INTO visits (id,tenant_id,agent_id,customer_id,visit_date,visit_type,check_in_time,check_out_time,latitude,longitude,purpose,outcome,notes,status,created_at) VALUES ('visit-01680','default-tenant-001','agent-003','cust-025','2026-02-03','customer','2026-02-03T08:22:00Z','2026-02-03T09:36:00Z',-23.9131,29.4335,'new_customer','no_order','','completed','2026-02-03T08:22:00Z');
INSERT OR IGNORE INTO visits (id,tenant_id,agent_id,customer_id,visit_date,visit_type,check_in_time,check_out_time,latitude,longitude,purpose,outcome,notes,status,created_at) VALUES ('visit-01681','default-tenant-001','agent-005','cust-058','2026-01-23','customer','2026-01-23T15:31:00Z','2026-01-23T16:44:00Z',-33.9040,18.4118,'new_customer','issue_resolved','Stock low','completed','2026-01-23T15:31:00Z');
INSERT OR IGNORE INTO visits (id,tenant_id,agent_id,customer_id,visit_date,visit_type,check_in_time,check_out_time,latitude,longitude,purpose,outcome,notes,status,created_at) VALUES ('visit-01682','default-tenant-001','agent-001','cust-057','2026-01-16','customer','2026-01-16T13:07:00Z','2026-01-16T13:44:00Z',-33.0642,27.9572,'new_customer','no_order','Stock low','in_progress','2026-01-16T13:07:00Z');
INSERT OR IGNORE INTO visits (id,tenant_id,agent_id,customer_id,visit_date,visit_type,check_in_time,check_out_time,latitude,longitude,purpose,outcome,notes,status,created_at) VALUES ('visit-01683','default-tenant-001','agent-002','cust-051','2026-02-16','customer','2026-02-16T10:36:00Z','2026-02-16T11:47:00Z',-26.1561,28.0933,'collection','issue_resolved','Follow up needed','completed','2026-02-16T10:36:00Z');
INSERT OR IGNORE INTO visits (id,tenant_id,agent_id,customer_id,visit_date,visit_type,check_in_time,check_out_time,latitude,longitude,purpose,outcome,notes,status,created_at) VALUES ('visit-01684','default-tenant-001','agent-002','cust-011','2026-02-09','customer','2026-02-09T11:24:00Z','2026-02-09T11:35:00Z',-29.8931,31.0616,'collection','no_order','','pending','2026-02-09T11:24:00Z');
INSERT OR IGNORE INTO visits (id,tenant_id,agent_id,customer_id,visit_date,visit_type,check_in_time,check_out_time,latitude,longitude,purpose,outcome,notes,status,created_at) VALUES ('visit-01685','default-tenant-001','agent-user-001','cust-021','2025-12-08','customer','2025-12-08T09:50:00Z','2025-12-08T11:13:00Z',-28.7114,24.7949,'audit','stock_checked','Need more samples','in_progress','2025-12-08T09:50:00Z');
INSERT OR IGNORE INTO visits (id,tenant_id,agent_id,customer_id,visit_date,visit_type,check_in_time,check_out_time,latitude,longitude,purpose,outcome,notes,status,created_at) VALUES ('visit-01686','default-tenant-001','agent-user-001','cust-012','2025-10-06','customer','2025-10-06T08:07:00Z','2025-10-06T08:42:00Z',-33.9677,25.5794,'merchandising','no_order','Good visit','in_progress','2025-10-06T08:07:00Z');
INSERT OR IGNORE INTO visits (id,tenant_id,agent_id,customer_id,visit_date,visit_type,check_in_time,check_out_time,latitude,longitude,purpose,outcome,notes,status,created_at) VALUES ('visit-01687','default-tenant-001','agent-001','cust-025','2025-11-01','customer','2025-11-01T12:39:00Z','2025-11-01T13:24:00Z',-25.7564,28.2351,'sales','order_placed','','completed','2025-11-01T12:39:00Z');
INSERT OR IGNORE INTO visits (id,tenant_id,agent_id,customer_id,visit_date,visit_type,check_in_time,check_out_time,latitude,longitude,purpose,outcome,notes,status,created_at) VALUES ('visit-01688','default-tenant-001','agent-003','cust-005','2026-02-09','customer','2026-02-09T14:17:00Z','2026-02-09T15:29:00Z',-32.9709,27.9309,'collection','order_placed','','completed','2026-02-09T14:17:00Z');
INSERT OR IGNORE INTO visits (id,tenant_id,agent_id,customer_id,visit_date,visit_type,check_in_time,check_out_time,latitude,longitude,purpose,outcome,notes,status,created_at) VALUES ('visit-01689','default-tenant-001','agent-001','cust-051','2025-11-15','customer','2025-11-15T13:33:00Z','2025-11-15T14:42:00Z',-33.9926,25.6358,'sales','follow_up_needed','Follow up needed','completed','2025-11-15T13:33:00Z');
INSERT OR IGNORE INTO visits (id,tenant_id,agent_id,customer_id,visit_date,visit_type,check_in_time,check_out_time,latitude,longitude,purpose,outcome,notes,status,created_at) VALUES ('visit-01690','default-tenant-001','agent-user-001','cust-019','2026-01-08','customer','2026-01-08T13:54:00Z','2026-01-08T14:54:00Z',-25.7907,28.2742,'collection','stock_checked','Shelf space increased','pending','2026-01-08T13:54:00Z');
INSERT OR IGNORE INTO visits (id,tenant_id,agent_id,customer_id,visit_date,visit_type,check_in_time,check_out_time,latitude,longitude,purpose,outcome,notes,status,created_at) VALUES ('visit-01691','default-tenant-001','agent-001','cust-084','2025-12-02','customer','2025-12-02T13:17:00Z','2025-12-02T13:58:00Z',-33.9143,25.5714,'new_customer','order_placed','Shelf space increased','completed','2025-12-02T13:17:00Z');
INSERT OR IGNORE INTO visits (id,tenant_id,agent_id,customer_id,visit_date,visit_type,check_in_time,check_out_time,latitude,longitude,purpose,outcome,notes,status,created_at) VALUES ('visit-01692','default-tenant-001','agent-001','cust-016','2026-03-08','customer','2026-03-08T12:08:00Z','2026-03-08T13:36:00Z',-23.8725,29.4633,'new_customer','no_order','Customer happy','completed','2026-03-08T12:08:00Z');
INSERT OR IGNORE INTO visits (id,tenant_id,agent_id,customer_id,visit_date,visit_type,check_in_time,check_out_time,latitude,longitude,purpose,outcome,notes,status,created_at) VALUES ('visit-01693','default-tenant-001','agent-002','cust-064','2026-02-16','customer','2026-02-16T08:33:00Z','2026-02-16T09:59:00Z',-29.1107,26.2067,'competitor_check','competitor_noted','Shelf space increased','cancelled','2026-02-16T08:33:00Z');
INSERT OR IGNORE INTO visits (id,tenant_id,agent_id,customer_id,visit_date,visit_type,check_in_time,check_out_time,latitude,longitude,purpose,outcome,notes,status,created_at) VALUES ('visit-01694','default-tenant-001','agent-user-001','cust-026','2026-02-04','customer','2026-02-04T09:49:00Z','2026-02-04T10:32:00Z',-33.9280,25.6180,'merchandising','order_placed','New display set up','completed','2026-02-04T09:49:00Z');
INSERT OR IGNORE INTO visits (id,tenant_id,agent_id,customer_id,visit_date,visit_type,check_in_time,check_out_time,latitude,longitude,purpose,outcome,notes,status,created_at) VALUES ('visit-01695','default-tenant-001','agent-001','cust-025','2025-11-20','customer','2025-11-20T09:30:00Z','2025-11-20T10:33:00Z',-25.7205,28.2780,'sales','issue_resolved','Competitor promo spotted','completed','2025-11-20T09:30:00Z');
INSERT OR IGNORE INTO visits (id,tenant_id,agent_id,customer_id,visit_date,visit_type,check_in_time,check_out_time,latitude,longitude,purpose,outcome,notes,status,created_at) VALUES ('visit-01696','default-tenant-001','agent-005','cust-005','2025-11-01','customer','2025-11-01T10:13:00Z','2025-11-01T10:48:00Z',-29.1243,26.1886,'delivery','no_order','','in_progress','2025-11-01T10:13:00Z');
INSERT OR IGNORE INTO visits (id,tenant_id,agent_id,customer_id,visit_date,visit_type,check_in_time,check_out_time,latitude,longitude,purpose,outcome,notes,status,created_at) VALUES ('visit-01697','default-tenant-001','agent-003','cust-027','2025-11-12','customer','2025-11-12T07:22:00Z','2025-11-12T08:07:00Z',-23.8696,29.4939,'merchandising','issue_resolved','Stock low','completed','2025-11-12T07:22:00Z');
INSERT OR IGNORE INTO visits (id,tenant_id,agent_id,customer_id,visit_date,visit_type,check_in_time,check_out_time,latitude,longitude,purpose,outcome,notes,status,created_at) VALUES ('visit-01698','default-tenant-001','agent-004','cust-065','2026-03-05','customer','2026-03-05T12:17:00Z','2026-03-05T13:04:00Z',-29.1154,26.1468,'delivery','follow_up_needed','Competitor promo spotted','completed','2026-03-05T12:17:00Z');
INSERT OR IGNORE INTO visits (id,tenant_id,agent_id,customer_id,visit_date,visit_type,check_in_time,check_out_time,latitude,longitude,purpose,outcome,notes,status,created_at) VALUES ('visit-01699','default-tenant-001','agent-003','cust-020','2026-02-18','customer','2026-02-18T10:52:00Z','2026-02-18T12:02:00Z',-28.7743,24.7057,'audit','follow_up_needed','Shelf space increased','completed','2026-02-18T10:52:00Z');
INSERT OR IGNORE INTO visits (id,tenant_id,agent_id,customer_id,visit_date,visit_type,check_in_time,check_out_time,latitude,longitude,purpose,outcome,notes,status,created_at) VALUES ('visit-01700','default-tenant-001','agent-005','cust-076','2026-01-15','customer','2026-01-15T16:55:00Z','2026-01-15T18:14:00Z',-29.8138,31.0381,'delivery','follow_up_needed','Good visit','completed','2026-01-15T16:55:00Z');
INSERT OR IGNORE INTO visits (id,tenant_id,agent_id,customer_id,visit_date,visit_type,check_in_time,check_out_time,latitude,longitude,purpose,outcome,notes,status,created_at) VALUES ('visit-01701','default-tenant-001','agent-005','cust-100','2025-10-13','customer','2025-10-13T13:11:00Z','2025-10-13T13:57:00Z',-26.2237,28.0457,'new_customer','follow_up_needed','Stock low','cancelled','2025-10-13T13:11:00Z');
INSERT OR IGNORE INTO visits (id,tenant_id,agent_id,customer_id,visit_date,visit_type,check_in_time,check_out_time,latitude,longitude,purpose,outcome,notes,status,created_at) VALUES ('visit-01702','default-tenant-001','agent-002','cust-099','2026-02-21','customer','2026-02-21T12:31:00Z','2026-02-21T13:02:00Z',-28.6951,24.7857,'customer_service','stock_checked','Shelf space increased','completed','2026-02-21T12:31:00Z');
INSERT OR IGNORE INTO visits (id,tenant_id,agent_id,customer_id,visit_date,visit_type,check_in_time,check_out_time,latitude,longitude,purpose,outcome,notes,status,created_at) VALUES ('visit-01703','default-tenant-001','agent-004','cust-018','2026-01-14','customer','2026-01-14T13:06:00Z','2026-01-14T13:41:00Z',-28.7779,24.7308,'merchandising','stock_checked','Good visit','completed','2026-01-14T13:06:00Z');
INSERT OR IGNORE INTO visits (id,tenant_id,agent_id,customer_id,visit_date,visit_type,check_in_time,check_out_time,latitude,longitude,purpose,outcome,notes,status,created_at) VALUES ('visit-01704','default-tenant-001','agent-004','cust-030','2025-12-13','customer','2025-12-13T08:04:00Z','2025-12-13T08:44:00Z',-25.4486,31.0090,'delivery','follow_up_needed','Follow up needed','pending','2025-12-13T08:04:00Z');
INSERT OR IGNORE INTO visits (id,tenant_id,agent_id,customer_id,visit_date,visit_type,check_in_time,check_out_time,latitude,longitude,purpose,outcome,notes,status,created_at) VALUES ('visit-01705','default-tenant-001','agent-001','cust-034','2026-01-05','customer','2026-01-05T16:20:00Z','2026-01-05T16:38:00Z',-33.8821,18.4149,'delivery','competitor_noted','Good visit','in_progress','2026-01-05T16:20:00Z');
INSERT OR IGNORE INTO visits (id,tenant_id,agent_id,customer_id,visit_date,visit_type,check_in_time,check_out_time,latitude,longitude,purpose,outcome,notes,status,created_at) VALUES ('visit-01706','default-tenant-001','agent-005','cust-015','2025-10-03','customer','2025-10-03T16:16:00Z','2025-10-03T17:36:00Z',-28.6830,24.7518,'new_customer','stock_checked','Placed large order','pending','2025-10-03T16:16:00Z');
INSERT OR IGNORE INTO visits (id,tenant_id,agent_id,customer_id,visit_date,visit_type,check_in_time,check_out_time,latitude,longitude,purpose,outcome,notes,status,created_at) VALUES ('visit-01707','default-tenant-001','agent-003','cust-004','2025-10-06','customer','2025-10-06T17:53:00Z','2025-10-06T19:21:00Z',-25.7867,28.2159,'competitor_check','competitor_noted','','completed','2025-10-06T17:53:00Z');
INSERT OR IGNORE INTO visits (id,tenant_id,agent_id,customer_id,visit_date,visit_type,check_in_time,check_out_time,latitude,longitude,purpose,outcome,notes,status,created_at) VALUES ('visit-01708','default-tenant-001','agent-003','cust-091','2026-03-02','customer','2026-03-02T08:49:00Z','2026-03-02T09:26:00Z',-29.8234,31.0098,'merchandising','competitor_noted','Follow up needed','completed','2026-03-02T08:49:00Z');
INSERT OR IGNORE INTO visits (id,tenant_id,agent_id,customer_id,visit_date,visit_type,check_in_time,check_out_time,latitude,longitude,purpose,outcome,notes,status,created_at) VALUES ('visit-01709','default-tenant-001','agent-001','cust-015','2026-01-25','customer','2026-01-25T08:25:00Z','2026-01-25T09:35:00Z',-33.0277,27.8886,'customer_service','follow_up_needed','Competitor promo spotted','completed','2026-01-25T08:25:00Z');
INSERT OR IGNORE INTO visits (id,tenant_id,agent_id,customer_id,visit_date,visit_type,check_in_time,check_out_time,latitude,longitude,purpose,outcome,notes,status,created_at) VALUES ('visit-01710','default-tenant-001','agent-001','cust-019','2025-12-26','customer','2025-12-26T07:45:00Z','2025-12-26T08:35:00Z',-33.0554,27.8750,'delivery','no_order','Placed large order','completed','2025-12-26T07:45:00Z');
INSERT OR IGNORE INTO visits (id,tenant_id,agent_id,customer_id,visit_date,visit_type,check_in_time,check_out_time,latitude,longitude,purpose,outcome,notes,status,created_at) VALUES ('visit-01711','default-tenant-001','agent-003','cust-027','2026-02-21','customer','2026-02-21T17:25:00Z','2026-02-21T17:50:00Z',-33.9402,18.3903,'sales','follow_up_needed','Placed large order','completed','2026-02-21T17:25:00Z');
INSERT OR IGNORE INTO visits (id,tenant_id,agent_id,customer_id,visit_date,visit_type,check_in_time,check_out_time,latitude,longitude,purpose,outcome,notes,status,created_at) VALUES ('visit-01712','default-tenant-001','agent-002','cust-057','2025-10-01','customer','2025-10-01T09:38:00Z','2025-10-01T09:58:00Z',-29.0594,26.1459,'competitor_check','competitor_noted','Follow up needed','in_progress','2025-10-01T09:38:00Z');
INSERT OR IGNORE INTO visits (id,tenant_id,agent_id,customer_id,visit_date,visit_type,check_in_time,check_out_time,latitude,longitude,purpose,outcome,notes,status,created_at) VALUES ('visit-01713','default-tenant-001','agent-user-001','cust-008','2026-02-19','customer','2026-02-19T11:14:00Z','2026-02-19T11:32:00Z',-33.8935,18.4289,'collection','order_placed','Placed large order','completed','2026-02-19T11:14:00Z');
INSERT OR IGNORE INTO visits (id,tenant_id,agent_id,customer_id,visit_date,visit_type,check_in_time,check_out_time,latitude,longitude,purpose,outcome,notes,status,created_at) VALUES ('visit-01714','default-tenant-001','agent-user-001','cust-046','2026-01-16','customer','2026-01-16T07:37:00Z','2026-01-16T07:52:00Z',-29.0927,26.1524,'competitor_check','stock_checked','Shelf space increased','completed','2026-01-16T07:37:00Z');
INSERT OR IGNORE INTO visits (id,tenant_id,agent_id,customer_id,visit_date,visit_type,check_in_time,check_out_time,latitude,longitude,purpose,outcome,notes,status,created_at) VALUES ('visit-01715','default-tenant-001','agent-001','cust-083','2025-11-01','customer','2025-11-01T15:00:00Z','2025-11-01T15:37:00Z',-28.7176,24.7151,'delivery','stock_checked','Shelf space increased','in_progress','2025-11-01T15:00:00Z');
INSERT OR IGNORE INTO visits (id,tenant_id,agent_id,customer_id,visit_date,visit_type,check_in_time,check_out_time,latitude,longitude,purpose,outcome,notes,status,created_at) VALUES ('visit-01716','default-tenant-001','agent-005','cust-098','2025-10-30','customer','2025-10-30T14:39:00Z','2025-10-30T15:52:00Z',-29.0733,26.1500,'sales','stock_checked','New display set up','completed','2025-10-30T14:39:00Z');
INSERT OR IGNORE INTO visits (id,tenant_id,agent_id,customer_id,visit_date,visit_type,check_in_time,check_out_time,latitude,longitude,purpose,outcome,notes,status,created_at) VALUES ('visit-01717','default-tenant-001','agent-user-001','cust-023','2026-01-05','customer','2026-01-05T14:59:00Z','2026-01-05T15:14:00Z',-25.4692,30.9429,'competitor_check','stock_checked','Customer happy','pending','2026-01-05T14:59:00Z');
INSERT OR IGNORE INTO visits (id,tenant_id,agent_id,customer_id,visit_date,visit_type,check_in_time,check_out_time,latitude,longitude,purpose,outcome,notes,status,created_at) VALUES ('visit-01718','default-tenant-001','agent-003','cust-054','2025-11-21','customer','2025-11-21T12:27:00Z','2025-11-21T12:57:00Z',-29.8469,31.0411,'customer_service','stock_checked','Follow up needed','in_progress','2025-11-21T12:27:00Z');
INSERT OR IGNORE INTO visits (id,tenant_id,agent_id,customer_id,visit_date,visit_type,check_in_time,check_out_time,latitude,longitude,purpose,outcome,notes,status,created_at) VALUES ('visit-01719','default-tenant-001','agent-user-001','cust-011','2025-12-23','customer','2025-12-23T12:44:00Z','2025-12-23T14:14:00Z',-33.9572,25.5943,'customer_service','competitor_noted','','in_progress','2025-12-23T12:44:00Z');
INSERT OR IGNORE INTO visits (id,tenant_id,agent_id,customer_id,visit_date,visit_type,check_in_time,check_out_time,latitude,longitude,purpose,outcome,notes,status,created_at) VALUES ('visit-01720','default-tenant-001','agent-001','cust-080','2025-10-24','customer','2025-10-24T16:06:00Z','2025-10-24T16:47:00Z',-33.9721,25.6030,'delivery','follow_up_needed','Placed large order','completed','2025-10-24T16:06:00Z');
INSERT OR IGNORE INTO visits (id,tenant_id,agent_id,customer_id,visit_date,visit_type,check_in_time,check_out_time,latitude,longitude,purpose,outcome,notes,status,created_at) VALUES ('visit-01721','default-tenant-001','agent-001','cust-007','2026-02-11','customer','2026-02-11T11:25:00Z','2026-02-11T12:33:00Z',-29.1094,26.2078,'delivery','stock_checked','Need more samples','in_progress','2026-02-11T11:25:00Z');
INSERT OR IGNORE INTO visits (id,tenant_id,agent_id,customer_id,visit_date,visit_type,check_in_time,check_out_time,latitude,longitude,purpose,outcome,notes,status,created_at) VALUES ('visit-01722','default-tenant-001','agent-003','cust-005','2026-01-04','customer','2026-01-04T15:17:00Z','2026-01-04T15:33:00Z',-25.4499,30.9653,'new_customer','issue_resolved','Placed large order','completed','2026-01-04T15:17:00Z');
INSERT OR IGNORE INTO visits (id,tenant_id,agent_id,customer_id,visit_date,visit_type,check_in_time,check_out_time,latitude,longitude,purpose,outcome,notes,status,created_at) VALUES ('visit-01723','default-tenant-001','agent-002','cust-089','2025-10-06','customer','2025-10-06T17:08:00Z','2025-10-06T17:53:00Z',-33.0261,27.9436,'competitor_check','no_order','Placed large order','completed','2025-10-06T17:08:00Z');
INSERT OR IGNORE INTO visits (id,tenant_id,agent_id,customer_id,visit_date,visit_type,check_in_time,check_out_time,latitude,longitude,purpose,outcome,notes,status,created_at) VALUES ('visit-01724','default-tenant-001','agent-001','cust-064','2025-10-13','customer','2025-10-13T08:34:00Z','2025-10-13T09:54:00Z',-25.4588,30.9721,'collection','stock_checked','Competitor promo spotted','cancelled','2025-10-13T08:34:00Z');
INSERT OR IGNORE INTO visits (id,tenant_id,agent_id,customer_id,visit_date,visit_type,check_in_time,check_out_time,latitude,longitude,purpose,outcome,notes,status,created_at) VALUES ('visit-01725','default-tenant-001','agent-user-001','cust-005','2026-01-02','customer','2026-01-02T09:54:00Z','2026-01-02T10:56:00Z',-28.7381,24.7529,'merchandising','order_placed','Competitor promo spotted','completed','2026-01-02T09:54:00Z');
INSERT OR IGNORE INTO visits (id,tenant_id,agent_id,customer_id,visit_date,visit_type,check_in_time,check_out_time,latitude,longitude,purpose,outcome,notes,status,created_at) VALUES ('visit-01726','default-tenant-001','agent-004','cust-026','2026-03-02','customer','2026-03-02T16:35:00Z','2026-03-02T17:02:00Z',-25.7918,28.2433,'audit','stock_checked','','completed','2026-03-02T16:35:00Z');
INSERT OR IGNORE INTO visits (id,tenant_id,agent_id,customer_id,visit_date,visit_type,check_in_time,check_out_time,latitude,longitude,purpose,outcome,notes,status,created_at) VALUES ('visit-01727','default-tenant-001','agent-004','cust-023','2026-02-01','customer','2026-02-01T17:24:00Z','2026-02-01T17:46:00Z',-33.9407,18.4635,'delivery','order_placed','Follow up needed','completed','2026-02-01T17:24:00Z');
INSERT OR IGNORE INTO visits (id,tenant_id,agent_id,customer_id,visit_date,visit_type,check_in_time,check_out_time,latitude,longitude,purpose,outcome,notes,status,created_at) VALUES ('visit-01728','default-tenant-001','agent-004','cust-005','2026-01-28','customer','2026-01-28T11:20:00Z','2026-01-28T11:48:00Z',-33.9367,18.4425,'merchandising','order_placed','','pending','2026-01-28T11:20:00Z');
INSERT OR IGNORE INTO visits (id,tenant_id,agent_id,customer_id,visit_date,visit_type,check_in_time,check_out_time,latitude,longitude,purpose,outcome,notes,status,created_at) VALUES ('visit-01729','default-tenant-001','agent-001','cust-048','2025-11-07','customer','2025-11-07T07:12:00Z','2025-11-07T07:51:00Z',-29.0953,26.1684,'sales','no_order','Placed large order','completed','2025-11-07T07:12:00Z');
INSERT OR IGNORE INTO visits (id,tenant_id,agent_id,customer_id,visit_date,visit_type,check_in_time,check_out_time,latitude,longitude,purpose,outcome,notes,status,created_at) VALUES ('visit-01730','default-tenant-001','agent-005','cust-038','2026-01-13','customer','2026-01-13T11:53:00Z','2026-01-13T12:04:00Z',-23.9117,29.4696,'sales','competitor_noted','','completed','2026-01-13T11:53:00Z');
INSERT OR IGNORE INTO visits (id,tenant_id,agent_id,customer_id,visit_date,visit_type,check_in_time,check_out_time,latitude,longitude,purpose,outcome,notes,status,created_at) VALUES ('visit-01731','default-tenant-001','agent-004','cust-016','2025-12-19','customer','2025-12-19T07:23:00Z','2025-12-19T08:13:00Z',-26.1575,28.0335,'new_customer','no_order','Follow up needed','in_progress','2025-12-19T07:23:00Z');
INSERT OR IGNORE INTO visits (id,tenant_id,agent_id,customer_id,visit_date,visit_type,check_in_time,check_out_time,latitude,longitude,purpose,outcome,notes,status,created_at) VALUES ('visit-01732','default-tenant-001','agent-004','cust-043','2026-01-08','customer','2026-01-08T17:46:00Z','2026-01-08T19:10:00Z',-26.2081,28.0248,'competitor_check','competitor_noted','New display set up','cancelled','2026-01-08T17:46:00Z');
INSERT OR IGNORE INTO visits (id,tenant_id,agent_id,customer_id,visit_date,visit_type,check_in_time,check_out_time,latitude,longitude,purpose,outcome,notes,status,created_at) VALUES ('visit-01733','default-tenant-001','agent-002','cust-008','2025-11-21','customer','2025-11-21T09:44:00Z','2025-11-21T11:06:00Z',-29.1218,26.1546,'merchandising','follow_up_needed','Follow up needed','cancelled','2025-11-21T09:44:00Z');
INSERT OR IGNORE INTO visits (id,tenant_id,agent_id,customer_id,visit_date,visit_type,check_in_time,check_out_time,latitude,longitude,purpose,outcome,notes,status,created_at) VALUES ('visit-01734','default-tenant-001','agent-003','cust-050','2026-01-31','customer','2026-01-31T11:03:00Z','2026-01-31T11:30:00Z',-29.1060,26.1788,'new_customer','issue_resolved','Stock low','pending','2026-01-31T11:03:00Z');
INSERT OR IGNORE INTO visits (id,tenant_id,agent_id,customer_id,visit_date,visit_type,check_in_time,check_out_time,latitude,longitude,purpose,outcome,notes,status,created_at) VALUES ('visit-01735','default-tenant-001','agent-002','cust-084','2025-11-23','customer','2025-11-23T07:13:00Z','2025-11-23T08:10:00Z',-23.9151,29.4703,'merchandising','no_order','New display set up','completed','2025-11-23T07:13:00Z');
INSERT OR IGNORE INTO visits (id,tenant_id,agent_id,customer_id,visit_date,visit_type,check_in_time,check_out_time,latitude,longitude,purpose,outcome,notes,status,created_at) VALUES ('visit-01736','default-tenant-001','agent-002','cust-036','2026-01-18','customer','2026-01-18T17:20:00Z','2026-01-18T17:56:00Z',-23.8617,29.4741,'collection','competitor_noted','Shelf space increased','pending','2026-01-18T17:20:00Z');
INSERT OR IGNORE INTO visits (id,tenant_id,agent_id,customer_id,visit_date,visit_type,check_in_time,check_out_time,latitude,longitude,purpose,outcome,notes,status,created_at) VALUES ('visit-01737','default-tenant-001','agent-005','cust-093','2025-11-10','customer','2025-11-10T12:19:00Z','2025-11-10T13:32:00Z',-29.1324,26.1264,'delivery','issue_resolved','Good visit','completed','2025-11-10T12:19:00Z');
INSERT OR IGNORE INTO visits (id,tenant_id,agent_id,customer_id,visit_date,visit_type,check_in_time,check_out_time,latitude,longitude,purpose,outcome,notes,status,created_at) VALUES ('visit-01738','default-tenant-001','agent-002','cust-099','2026-02-09','customer','2026-02-09T13:25:00Z','2026-02-09T14:12:00Z',-25.7404,28.2180,'delivery','no_order','Customer happy','completed','2026-02-09T13:25:00Z');
INSERT OR IGNORE INTO visits (id,tenant_id,agent_id,customer_id,visit_date,visit_type,check_in_time,check_out_time,latitude,longitude,purpose,outcome,notes,status,created_at) VALUES ('visit-01739','default-tenant-001','agent-user-001','cust-078','2025-12-21','customer','2025-12-21T14:15:00Z','2025-12-21T15:35:00Z',-26.1989,28.0456,'competitor_check','issue_resolved','Stock low','completed','2025-12-21T14:15:00Z');
INSERT OR IGNORE INTO visits (id,tenant_id,agent_id,customer_id,visit_date,visit_type,check_in_time,check_out_time,latitude,longitude,purpose,outcome,notes,status,created_at) VALUES ('visit-01740','default-tenant-001','agent-user-001','cust-074','2026-03-10','customer','2026-03-10T11:25:00Z','2026-03-10T12:12:00Z',-33.0112,27.9391,'collection','follow_up_needed','Good visit','completed','2026-03-10T11:25:00Z');
INSERT OR IGNORE INTO visits (id,tenant_id,agent_id,customer_id,visit_date,visit_type,check_in_time,check_out_time,latitude,longitude,purpose,outcome,notes,status,created_at) VALUES ('visit-01741','default-tenant-001','agent-002','cust-085','2026-02-14','customer','2026-02-14T17:42:00Z','2026-02-14T19:00:00Z',-23.8888,29.4825,'new_customer','no_order','Competitor promo spotted','completed','2026-02-14T17:42:00Z');
INSERT OR IGNORE INTO visits (id,tenant_id,agent_id,customer_id,visit_date,visit_type,check_in_time,check_out_time,latitude,longitude,purpose,outcome,notes,status,created_at) VALUES ('visit-01742','default-tenant-001','agent-005','cust-067','2026-02-28','customer','2026-02-28T11:31:00Z','2026-02-28T12:01:00Z',-33.9880,25.6326,'merchandising','stock_checked','Good visit','completed','2026-02-28T11:31:00Z');
INSERT OR IGNORE INTO visits (id,tenant_id,agent_id,customer_id,visit_date,visit_type,check_in_time,check_out_time,latitude,longitude,purpose,outcome,notes,status,created_at) VALUES ('visit-01743','default-tenant-001','agent-002','cust-030','2026-01-22','customer','2026-01-22T08:59:00Z','2026-01-22T09:47:00Z',-33.9794,25.6003,'customer_service','order_placed','Competitor promo spotted','completed','2026-01-22T08:59:00Z');
INSERT OR IGNORE INTO visits (id,tenant_id,agent_id,customer_id,visit_date,visit_type,check_in_time,check_out_time,latitude,longitude,purpose,outcome,notes,status,created_at) VALUES ('visit-01744','default-tenant-001','agent-001','cust-056','2025-11-23','customer','2025-11-23T08:47:00Z','2025-11-23T09:57:00Z',-23.9500,29.5118,'delivery','order_placed','','completed','2025-11-23T08:47:00Z');
INSERT OR IGNORE INTO visits (id,tenant_id,agent_id,customer_id,visit_date,visit_type,check_in_time,check_out_time,latitude,longitude,purpose,outcome,notes,status,created_at) VALUES ('visit-01745','default-tenant-001','agent-002','cust-015','2026-02-13','customer','2026-02-13T13:26:00Z','2026-02-13T13:55:00Z',-33.0111,27.8621,'customer_service','follow_up_needed','Customer happy','cancelled','2026-02-13T13:26:00Z');
INSERT OR IGNORE INTO visits (id,tenant_id,agent_id,customer_id,visit_date,visit_type,check_in_time,check_out_time,latitude,longitude,purpose,outcome,notes,status,created_at) VALUES ('visit-01746','default-tenant-001','agent-user-001','cust-017','2025-10-07','customer','2025-10-07T08:21:00Z','2025-10-07T09:30:00Z',-23.9503,29.4659,'sales','follow_up_needed','New display set up','completed','2025-10-07T08:21:00Z');
INSERT OR IGNORE INTO visits (id,tenant_id,agent_id,customer_id,visit_date,visit_type,check_in_time,check_out_time,latitude,longitude,purpose,outcome,notes,status,created_at) VALUES ('visit-01747','default-tenant-001','agent-004','cust-095','2026-02-27','customer','2026-02-27T15:56:00Z','2026-02-27T16:24:00Z',-33.0430,27.8818,'new_customer','order_placed','Placed large order','completed','2026-02-27T15:56:00Z');
INSERT OR IGNORE INTO visits (id,tenant_id,agent_id,customer_id,visit_date,visit_type,check_in_time,check_out_time,latitude,longitude,purpose,outcome,notes,status,created_at) VALUES ('visit-01748','default-tenant-001','agent-004','cust-016','2025-10-07','customer','2025-10-07T12:52:00Z','2025-10-07T14:19:00Z',-32.9661,27.9519,'merchandising','follow_up_needed','Follow up needed','pending','2025-10-07T12:52:00Z');
INSERT OR IGNORE INTO visits (id,tenant_id,agent_id,customer_id,visit_date,visit_type,check_in_time,check_out_time,latitude,longitude,purpose,outcome,notes,status,created_at) VALUES ('visit-01749','default-tenant-001','agent-003','cust-027','2025-10-02','customer','2025-10-02T12:58:00Z','2025-10-02T13:19:00Z',-28.7181,24.7524,'new_customer','follow_up_needed','Follow up needed','completed','2025-10-02T12:58:00Z');
INSERT OR IGNORE INTO visits (id,tenant_id,agent_id,customer_id,visit_date,visit_type,check_in_time,check_out_time,latitude,longitude,purpose,outcome,notes,status,created_at) VALUES ('visit-01750','default-tenant-001','agent-004','cust-003','2025-12-13','customer','2025-12-13T09:26:00Z','2025-12-13T09:44:00Z',-33.9595,25.6047,'audit','order_placed','Customer happy','completed','2025-12-13T09:26:00Z');
INSERT OR IGNORE INTO visits (id,tenant_id,agent_id,customer_id,visit_date,visit_type,check_in_time,check_out_time,latitude,longitude,purpose,outcome,notes,status,created_at) VALUES ('visit-01751','default-tenant-001','agent-004','cust-071','2025-11-25','customer','2025-11-25T16:26:00Z','2025-11-25T16:46:00Z',-25.7880,28.2658,'customer_service','competitor_noted','Customer happy','completed','2025-11-25T16:26:00Z');
INSERT OR IGNORE INTO visits (id,tenant_id,agent_id,customer_id,visit_date,visit_type,check_in_time,check_out_time,latitude,longitude,purpose,outcome,notes,status,created_at) VALUES ('visit-01752','default-tenant-001','agent-user-001','cust-014','2025-12-08','customer','2025-12-08T09:47:00Z','2025-12-08T10:16:00Z',-33.9454,25.6046,'sales','follow_up_needed','Competitor promo spotted','cancelled','2025-12-08T09:47:00Z');
INSERT OR IGNORE INTO visits (id,tenant_id,agent_id,customer_id,visit_date,visit_type,check_in_time,check_out_time,latitude,longitude,purpose,outcome,notes,status,created_at) VALUES ('visit-01753','default-tenant-001','agent-005','cust-025','2025-12-18','customer','2025-12-18T09:58:00Z','2025-12-18T11:20:00Z',-28.6813,24.7834,'delivery','competitor_noted','Competitor promo spotted','completed','2025-12-18T09:58:00Z');
INSERT OR IGNORE INTO visits (id,tenant_id,agent_id,customer_id,visit_date,visit_type,check_in_time,check_out_time,latitude,longitude,purpose,outcome,notes,status,created_at) VALUES ('visit-01754','default-tenant-001','agent-004','cust-066','2025-12-27','customer','2025-12-27T10:15:00Z','2025-12-27T11:44:00Z',-23.8859,29.4313,'customer_service','follow_up_needed','Follow up needed','completed','2025-12-27T10:15:00Z');
INSERT OR IGNORE INTO visits (id,tenant_id,agent_id,customer_id,visit_date,visit_type,check_in_time,check_out_time,latitude,longitude,purpose,outcome,notes,status,created_at) VALUES ('visit-01755','default-tenant-001','agent-002','cust-063','2025-10-17','customer','2025-10-17T11:41:00Z','2025-10-17T12:15:00Z',-33.9098,18.4405,'delivery','follow_up_needed','New display set up','in_progress','2025-10-17T11:41:00Z');
INSERT OR IGNORE INTO visits (id,tenant_id,agent_id,customer_id,visit_date,visit_type,check_in_time,check_out_time,latitude,longitude,purpose,outcome,notes,status,created_at) VALUES ('visit-01756','default-tenant-001','agent-001','cust-046','2025-12-23','customer','2025-12-23T08:47:00Z','2025-12-23T09:09:00Z',-25.7358,28.1848,'sales','order_placed','Follow up needed','completed','2025-12-23T08:47:00Z');
INSERT OR IGNORE INTO visits (id,tenant_id,agent_id,customer_id,visit_date,visit_type,check_in_time,check_out_time,latitude,longitude,purpose,outcome,notes,status,created_at) VALUES ('visit-01757','default-tenant-001','agent-003','cust-072','2025-12-09','customer','2025-12-09T16:08:00Z','2025-12-09T16:24:00Z',-29.0649,26.1292,'competitor_check','follow_up_needed','Shelf space increased','completed','2025-12-09T16:08:00Z');
INSERT OR IGNORE INTO visits (id,tenant_id,agent_id,customer_id,visit_date,visit_type,check_in_time,check_out_time,latitude,longitude,purpose,outcome,notes,status,created_at) VALUES ('visit-01758','default-tenant-001','agent-user-001','cust-023','2026-01-10','customer','2026-01-10T15:06:00Z','2026-01-10T16:13:00Z',-25.4526,31.0179,'new_customer','no_order','Need more samples','completed','2026-01-10T15:06:00Z');
INSERT OR IGNORE INTO visits (id,tenant_id,agent_id,customer_id,visit_date,visit_type,check_in_time,check_out_time,latitude,longitude,purpose,outcome,notes,status,created_at) VALUES ('visit-01759','default-tenant-001','agent-001','cust-074','2026-01-01','customer','2026-01-01T11:03:00Z','2026-01-01T12:17:00Z',-33.9877,25.6151,'sales','follow_up_needed','Follow up needed','in_progress','2026-01-01T11:03:00Z');
INSERT OR IGNORE INTO visits (id,tenant_id,agent_id,customer_id,visit_date,visit_type,check_in_time,check_out_time,latitude,longitude,purpose,outcome,notes,status,created_at) VALUES ('visit-01760','default-tenant-001','agent-005','cust-066','2025-11-17','customer','2025-11-17T15:12:00Z','2025-11-17T16:02:00Z',-33.9272,18.4186,'customer_service','follow_up_needed','Placed large order','completed','2025-11-17T15:12:00Z');
INSERT OR IGNORE INTO visits (id,tenant_id,agent_id,customer_id,visit_date,visit_type,check_in_time,check_out_time,latitude,longitude,purpose,outcome,notes,status,created_at) VALUES ('visit-01761','default-tenant-001','agent-004','cust-085','2026-02-10','customer','2026-02-10T09:21:00Z','2026-02-10T09:48:00Z',-23.8644,29.4951,'new_customer','no_order','Shelf space increased','completed','2026-02-10T09:21:00Z');
INSERT OR IGNORE INTO visits (id,tenant_id,agent_id,customer_id,visit_date,visit_type,check_in_time,check_out_time,latitude,longitude,purpose,outcome,notes,status,created_at) VALUES ('visit-01762','default-tenant-001','agent-user-001','cust-083','2026-02-18','customer','2026-02-18T13:10:00Z','2026-02-18T13:46:00Z',-26.2431,28.0468,'delivery','competitor_noted','Shelf space increased','completed','2026-02-18T13:10:00Z');
INSERT OR IGNORE INTO visits (id,tenant_id,agent_id,customer_id,visit_date,visit_type,check_in_time,check_out_time,latitude,longitude,purpose,outcome,notes,status,created_at) VALUES ('visit-01763','default-tenant-001','agent-001','cust-063','2026-01-11','customer','2026-01-11T10:16:00Z','2026-01-11T10:54:00Z',-33.0277,27.9332,'competitor_check','follow_up_needed','Shelf space increased','completed','2026-01-11T10:16:00Z');
INSERT OR IGNORE INTO visits (id,tenant_id,agent_id,customer_id,visit_date,visit_type,check_in_time,check_out_time,latitude,longitude,purpose,outcome,notes,status,created_at) VALUES ('visit-01764','default-tenant-001','agent-005','cust-100','2025-11-06','customer','2025-11-06T07:58:00Z','2025-11-06T09:12:00Z',-23.8816,29.4196,'competitor_check','competitor_noted','New display set up','completed','2025-11-06T07:58:00Z');
INSERT OR IGNORE INTO visits (id,tenant_id,agent_id,customer_id,visit_date,visit_type,check_in_time,check_out_time,latitude,longitude,purpose,outcome,notes,status,created_at) VALUES ('visit-01765','default-tenant-001','agent-004','cust-029','2025-10-19','customer','2025-10-19T07:15:00Z','2025-10-19T07:38:00Z',-28.7158,24.7849,'customer_service','issue_resolved','New display set up','completed','2025-10-19T07:15:00Z');
INSERT OR IGNORE INTO visits (id,tenant_id,agent_id,customer_id,visit_date,visit_type,check_in_time,check_out_time,latitude,longitude,purpose,outcome,notes,status,created_at) VALUES ('visit-01766','default-tenant-001','agent-005','cust-001','2026-03-05','customer','2026-03-05T17:30:00Z','2026-03-05T18:10:00Z',-23.8926,29.4572,'collection','order_placed','Placed large order','completed','2026-03-05T17:30:00Z');
INSERT OR IGNORE INTO visits (id,tenant_id,agent_id,customer_id,visit_date,visit_type,check_in_time,check_out_time,latitude,longitude,purpose,outcome,notes,status,created_at) VALUES ('visit-01767','default-tenant-001','agent-user-001','cust-047','2025-11-02','customer','2025-11-02T15:28:00Z','2025-11-02T16:46:00Z',-33.0506,27.8969,'audit','order_placed','New display set up','pending','2025-11-02T15:28:00Z');
INSERT OR IGNORE INTO visits (id,tenant_id,agent_id,customer_id,visit_date,visit_type,check_in_time,check_out_time,latitude,longitude,purpose,outcome,notes,status,created_at) VALUES ('visit-01768','default-tenant-001','agent-001','cust-034','2026-02-24','customer','2026-02-24T16:34:00Z','2026-02-24T17:51:00Z',-25.4909,30.9878,'new_customer','no_order','Stock low','completed','2026-02-24T16:34:00Z');
INSERT OR IGNORE INTO visits (id,tenant_id,agent_id,customer_id,visit_date,visit_type,check_in_time,check_out_time,latitude,longitude,purpose,outcome,notes,status,created_at) VALUES ('visit-01769','default-tenant-001','agent-user-001','cust-061','2025-11-08','customer','2025-11-08T12:17:00Z','2025-11-08T12:41:00Z',-23.9248,29.4977,'delivery','order_placed','Need more samples','completed','2025-11-08T12:17:00Z');
INSERT OR IGNORE INTO visits (id,tenant_id,agent_id,customer_id,visit_date,visit_type,check_in_time,check_out_time,latitude,longitude,purpose,outcome,notes,status,created_at) VALUES ('visit-01770','default-tenant-001','agent-003','cust-072','2026-02-01','customer','2026-02-01T10:46:00Z','2026-02-01T11:28:00Z',-28.7525,24.7259,'competitor_check','follow_up_needed','Good visit','in_progress','2026-02-01T10:46:00Z');
INSERT OR IGNORE INTO visits (id,tenant_id,agent_id,customer_id,visit_date,visit_type,check_in_time,check_out_time,latitude,longitude,purpose,outcome,notes,status,created_at) VALUES ('visit-01771','default-tenant-001','agent-user-001','cust-017','2026-02-16','customer','2026-02-16T17:02:00Z','2026-02-16T17:58:00Z',-25.7538,28.1940,'customer_service','issue_resolved','Need more samples','completed','2026-02-16T17:02:00Z');
INSERT OR IGNORE INTO visits (id,tenant_id,agent_id,customer_id,visit_date,visit_type,check_in_time,check_out_time,latitude,longitude,purpose,outcome,notes,status,created_at) VALUES ('visit-01772','default-tenant-001','agent-user-001','cust-100','2025-11-27','customer','2025-11-27T10:51:00Z','2025-11-27T12:17:00Z',-25.4773,31.0090,'competitor_check','stock_checked','Shelf space increased','pending','2025-11-27T10:51:00Z');
INSERT OR IGNORE INTO visits (id,tenant_id,agent_id,customer_id,visit_date,visit_type,check_in_time,check_out_time,latitude,longitude,purpose,outcome,notes,status,created_at) VALUES ('visit-01773','default-tenant-001','agent-003','cust-090','2026-01-31','customer','2026-01-31T16:37:00Z','2026-01-31T17:04:00Z',-29.0967,26.1202,'new_customer','issue_resolved','Customer happy','in_progress','2026-01-31T16:37:00Z');
INSERT OR IGNORE INTO visits (id,tenant_id,agent_id,customer_id,visit_date,visit_type,check_in_time,check_out_time,latitude,longitude,purpose,outcome,notes,status,created_at) VALUES ('visit-01774','default-tenant-001','agent-005','cust-077','2025-11-25','customer','2025-11-25T13:25:00Z','2025-11-25T13:52:00Z',-29.8335,31.0162,'audit','issue_resolved','Good visit','completed','2025-11-25T13:25:00Z');
INSERT OR IGNORE INTO visits (id,tenant_id,agent_id,customer_id,visit_date,visit_type,check_in_time,check_out_time,latitude,longitude,purpose,outcome,notes,status,created_at) VALUES ('visit-01775','default-tenant-001','agent-002','cust-065','2025-11-29','customer','2025-11-29T12:52:00Z','2025-11-29T14:04:00Z',-29.9080,30.9883,'collection','order_placed','Good visit','pending','2025-11-29T12:52:00Z');
INSERT OR IGNORE INTO visits (id,tenant_id,agent_id,customer_id,visit_date,visit_type,check_in_time,check_out_time,latitude,longitude,purpose,outcome,notes,status,created_at) VALUES ('visit-01776','default-tenant-001','agent-005','cust-012','2025-10-07','customer','2025-10-07T07:01:00Z','2025-10-07T07:37:00Z',-25.4280,30.9574,'competitor_check','follow_up_needed','Good visit','completed','2025-10-07T07:01:00Z');
INSERT OR IGNORE INTO visits (id,tenant_id,agent_id,customer_id,visit_date,visit_type,check_in_time,check_out_time,latitude,longitude,purpose,outcome,notes,status,created_at) VALUES ('visit-01777','default-tenant-001','agent-004','cust-096','2026-01-04','customer','2026-01-04T14:29:00Z','2026-01-04T14:44:00Z',-28.6822,24.7000,'customer_service','issue_resolved','Placed large order','completed','2026-01-04T14:29:00Z');
INSERT OR IGNORE INTO visits (id,tenant_id,agent_id,customer_id,visit_date,visit_type,check_in_time,check_out_time,latitude,longitude,purpose,outcome,notes,status,created_at) VALUES ('visit-01778','default-tenant-001','agent-003','cust-050','2025-12-18','customer','2025-12-18T13:48:00Z','2025-12-18T14:03:00Z',-33.9757,25.6178,'delivery','competitor_noted','Follow up needed','in_progress','2025-12-18T13:48:00Z');
INSERT OR IGNORE INTO visits (id,tenant_id,agent_id,customer_id,visit_date,visit_type,check_in_time,check_out_time,latitude,longitude,purpose,outcome,notes,status,created_at) VALUES ('visit-01779','default-tenant-001','agent-005','cust-035','2026-03-01','customer','2026-03-01T12:09:00Z','2026-03-01T13:10:00Z',-25.4749,30.9223,'competitor_check','competitor_noted','New display set up','completed','2026-03-01T12:09:00Z');
INSERT OR IGNORE INTO visits (id,tenant_id,agent_id,customer_id,visit_date,visit_type,check_in_time,check_out_time,latitude,longitude,purpose,outcome,notes,status,created_at) VALUES ('visit-01780','default-tenant-001','agent-user-001','cust-071','2025-12-19','customer','2025-12-19T10:02:00Z','2025-12-19T11:03:00Z',-23.9460,29.4620,'competitor_check','competitor_noted','Follow up needed','completed','2025-12-19T10:02:00Z');
INSERT OR IGNORE INTO visits (id,tenant_id,agent_id,customer_id,visit_date,visit_type,check_in_time,check_out_time,latitude,longitude,purpose,outcome,notes,status,created_at) VALUES ('visit-01781','default-tenant-001','agent-001','cust-012','2025-12-18','customer','2025-12-18T10:00:00Z','2025-12-18T10:48:00Z',-25.4372,30.9984,'sales','follow_up_needed','','completed','2025-12-18T10:00:00Z');
INSERT OR IGNORE INTO visits (id,tenant_id,agent_id,customer_id,visit_date,visit_type,check_in_time,check_out_time,latitude,longitude,purpose,outcome,notes,status,created_at) VALUES ('visit-01782','default-tenant-001','agent-user-001','cust-090','2025-10-07','customer','2025-10-07T09:30:00Z','2025-10-07T10:14:00Z',-29.0977,26.2050,'customer_service','no_order','Shelf space increased','pending','2025-10-07T09:30:00Z');
INSERT OR IGNORE INTO visits (id,tenant_id,agent_id,customer_id,visit_date,visit_type,check_in_time,check_out_time,latitude,longitude,purpose,outcome,notes,status,created_at) VALUES ('visit-01783','default-tenant-001','agent-004','cust-022','2025-10-15','customer','2025-10-15T14:35:00Z','2025-10-15T14:47:00Z',-25.5093,30.9826,'audit','order_placed','Shelf space increased','pending','2025-10-15T14:35:00Z');
INSERT OR IGNORE INTO visits (id,tenant_id,agent_id,customer_id,visit_date,visit_type,check_in_time,check_out_time,latitude,longitude,purpose,outcome,notes,status,created_at) VALUES ('visit-01784','default-tenant-001','agent-002','cust-055','2026-02-16','customer','2026-02-16T07:05:00Z','2026-02-16T07:56:00Z',-25.4791,30.9429,'audit','no_order','','pending','2026-02-16T07:05:00Z');
INSERT OR IGNORE INTO visits (id,tenant_id,agent_id,customer_id,visit_date,visit_type,check_in_time,check_out_time,latitude,longitude,purpose,outcome,notes,status,created_at) VALUES ('visit-01785','default-tenant-001','agent-002','cust-042','2025-10-12','customer','2025-10-12T16:40:00Z','2025-10-12T17:50:00Z',-33.9075,18.4273,'customer_service','competitor_noted','Placed large order','completed','2025-10-12T16:40:00Z');
INSERT OR IGNORE INTO visits (id,tenant_id,agent_id,customer_id,visit_date,visit_type,check_in_time,check_out_time,latitude,longitude,purpose,outcome,notes,status,created_at) VALUES ('visit-01786','default-tenant-001','agent-003','cust-090','2026-03-08','customer','2026-03-08T16:04:00Z','2026-03-08T16:44:00Z',-23.9250,29.4489,'new_customer','follow_up_needed','Customer happy','completed','2026-03-08T16:04:00Z');
INSERT OR IGNORE INTO visits (id,tenant_id,agent_id,customer_id,visit_date,visit_type,check_in_time,check_out_time,latitude,longitude,purpose,outcome,notes,status,created_at) VALUES ('visit-01787','default-tenant-001','agent-001','cust-066','2025-10-21','customer','2025-10-21T13:59:00Z','2025-10-21T15:00:00Z',-25.7077,28.2716,'collection','order_placed','Placed large order','in_progress','2025-10-21T13:59:00Z');
INSERT OR IGNORE INTO visits (id,tenant_id,agent_id,customer_id,visit_date,visit_type,check_in_time,check_out_time,latitude,longitude,purpose,outcome,notes,status,created_at) VALUES ('visit-01788','default-tenant-001','agent-003','cust-057','2025-11-21','customer','2025-11-21T11:16:00Z','2025-11-21T11:28:00Z',-26.2303,28.0808,'collection','competitor_noted','','completed','2025-11-21T11:16:00Z');
INSERT OR IGNORE INTO visits (id,tenant_id,agent_id,customer_id,visit_date,visit_type,check_in_time,check_out_time,latitude,longitude,purpose,outcome,notes,status,created_at) VALUES ('visit-01789','default-tenant-001','agent-001','cust-084','2025-11-27','customer','2025-11-27T08:54:00Z','2025-11-27T10:03:00Z',-28.7044,24.7122,'merchandising','order_placed','','completed','2025-11-27T08:54:00Z');
INSERT OR IGNORE INTO visits (id,tenant_id,agent_id,customer_id,visit_date,visit_type,check_in_time,check_out_time,latitude,longitude,purpose,outcome,notes,status,created_at) VALUES ('visit-01790','default-tenant-001','agent-001','cust-078','2025-12-26','customer','2025-12-26T08:37:00Z','2025-12-26T09:22:00Z',-26.1994,28.0241,'delivery','stock_checked','Placed large order','completed','2025-12-26T08:37:00Z');
INSERT OR IGNORE INTO visits (id,tenant_id,agent_id,customer_id,visit_date,visit_type,check_in_time,check_out_time,latitude,longitude,purpose,outcome,notes,status,created_at) VALUES ('visit-01791','default-tenant-001','agent-005','cust-048','2026-02-26','customer','2026-02-26T07:09:00Z','2026-02-26T07:24:00Z',-28.7684,24.7606,'new_customer','no_order','Competitor promo spotted','completed','2026-02-26T07:09:00Z');
INSERT OR IGNORE INTO visits (id,tenant_id,agent_id,customer_id,visit_date,visit_type,check_in_time,check_out_time,latitude,longitude,purpose,outcome,notes,status,created_at) VALUES ('visit-01792','default-tenant-001','agent-user-001','cust-041','2026-02-15','customer','2026-02-15T14:41:00Z','2026-02-15T14:57:00Z',-26.1675,28.0673,'audit','order_placed','Shelf space increased','pending','2026-02-15T14:41:00Z');
INSERT OR IGNORE INTO visits (id,tenant_id,agent_id,customer_id,visit_date,visit_type,check_in_time,check_out_time,latitude,longitude,purpose,outcome,notes,status,created_at) VALUES ('visit-01793','default-tenant-001','agent-004','cust-097','2025-10-20','customer','2025-10-20T10:49:00Z','2025-10-20T12:08:00Z',-25.7025,28.2329,'delivery','no_order','Stock low','cancelled','2025-10-20T10:49:00Z');
INSERT OR IGNORE INTO visits (id,tenant_id,agent_id,customer_id,visit_date,visit_type,check_in_time,check_out_time,latitude,longitude,purpose,outcome,notes,status,created_at) VALUES ('visit-01794','default-tenant-001','agent-user-001','cust-002','2026-01-04','customer','2026-01-04T11:30:00Z','2026-01-04T11:55:00Z',-25.7820,28.2749,'customer_service','follow_up_needed','Shelf space increased','cancelled','2026-01-04T11:30:00Z');
INSERT OR IGNORE INTO visits (id,tenant_id,agent_id,customer_id,visit_date,visit_type,check_in_time,check_out_time,latitude,longitude,purpose,outcome,notes,status,created_at) VALUES ('visit-01795','default-tenant-001','agent-004','cust-092','2025-11-07','customer','2025-11-07T12:44:00Z','2025-11-07T13:23:00Z',-33.0154,27.9249,'customer_service','issue_resolved','Follow up needed','pending','2025-11-07T12:44:00Z');
INSERT OR IGNORE INTO visits (id,tenant_id,agent_id,customer_id,visit_date,visit_type,check_in_time,check_out_time,latitude,longitude,purpose,outcome,notes,status,created_at) VALUES ('visit-01796','default-tenant-001','agent-001','cust-035','2025-11-18','customer','2025-11-18T08:01:00Z','2025-11-18T09:17:00Z',-32.9835,27.8992,'new_customer','competitor_noted','Shelf space increased','pending','2025-11-18T08:01:00Z');
INSERT OR IGNORE INTO visits (id,tenant_id,agent_id,customer_id,visit_date,visit_type,check_in_time,check_out_time,latitude,longitude,purpose,outcome,notes,status,created_at) VALUES ('visit-01797','default-tenant-001','agent-user-001','cust-013','2025-12-18','customer','2025-12-18T12:00:00Z','2025-12-18T12:35:00Z',-23.9453,29.4480,'delivery','order_placed','Shelf space increased','in_progress','2025-12-18T12:00:00Z');
INSERT OR IGNORE INTO visits (id,tenant_id,agent_id,customer_id,visit_date,visit_type,check_in_time,check_out_time,latitude,longitude,purpose,outcome,notes,status,created_at) VALUES ('visit-01798','default-tenant-001','agent-002','cust-069','2026-02-10','customer','2026-02-10T07:52:00Z','2026-02-10T08:52:00Z',-25.4446,30.9990,'sales','competitor_noted','Follow up needed','completed','2026-02-10T07:52:00Z');
INSERT OR IGNORE INTO visits (id,tenant_id,agent_id,customer_id,visit_date,visit_type,check_in_time,check_out_time,latitude,longitude,purpose,outcome,notes,status,created_at) VALUES ('visit-01799','default-tenant-001','agent-003','cust-033','2026-01-01','customer','2026-01-01T09:34:00Z','2026-01-01T10:26:00Z',-25.4494,30.9472,'delivery','no_order','Good visit','completed','2026-01-01T09:34:00Z');
INSERT OR IGNORE INTO visits (id,tenant_id,agent_id,customer_id,visit_date,visit_type,check_in_time,check_out_time,latitude,longitude,purpose,outcome,notes,status,created_at) VALUES ('visit-01800','default-tenant-001','agent-003','cust-048','2026-02-23','customer','2026-02-23T08:35:00Z','2026-02-23T09:39:00Z',-26.2378,28.0956,'delivery','no_order','Good visit','completed','2026-02-23T08:35:00Z');
INSERT OR IGNORE INTO visits (id,tenant_id,agent_id,customer_id,visit_date,visit_type,check_in_time,check_out_time,latitude,longitude,purpose,outcome,notes,status,created_at) VALUES ('visit-01801','default-tenant-001','agent-005','cust-085','2026-02-16','customer','2026-02-16T10:46:00Z','2026-02-16T11:52:00Z',-33.0236,27.9546,'audit','stock_checked','','cancelled','2026-02-16T10:46:00Z');
INSERT OR IGNORE INTO visits (id,tenant_id,agent_id,customer_id,visit_date,visit_type,check_in_time,check_out_time,latitude,longitude,purpose,outcome,notes,status,created_at) VALUES ('visit-01802','default-tenant-001','agent-004','cust-017','2026-02-21','customer','2026-02-21T07:25:00Z','2026-02-21T07:52:00Z',-33.0290,27.9482,'collection','order_placed','Placed large order','cancelled','2026-02-21T07:25:00Z');
INSERT OR IGNORE INTO visits (id,tenant_id,agent_id,customer_id,visit_date,visit_type,check_in_time,check_out_time,latitude,longitude,purpose,outcome,notes,status,created_at) VALUES ('visit-01803','default-tenant-001','agent-user-001','cust-022','2026-02-22','customer','2026-02-22T15:47:00Z','2026-02-22T16:09:00Z',-28.7721,24.7401,'merchandising','no_order','Need more samples','completed','2026-02-22T15:47:00Z');
INSERT OR IGNORE INTO visits (id,tenant_id,agent_id,customer_id,visit_date,visit_type,check_in_time,check_out_time,latitude,longitude,purpose,outcome,notes,status,created_at) VALUES ('visit-01804','default-tenant-001','agent-001','cust-068','2026-01-05','customer','2026-01-05T16:29:00Z','2026-01-05T17:30:00Z',-33.9689,18.4070,'delivery','no_order','Customer happy','cancelled','2026-01-05T16:29:00Z');
INSERT OR IGNORE INTO visits (id,tenant_id,agent_id,customer_id,visit_date,visit_type,check_in_time,check_out_time,latitude,longitude,purpose,outcome,notes,status,created_at) VALUES ('visit-01805','default-tenant-001','agent-001','cust-063','2026-02-12','customer','2026-02-12T08:10:00Z','2026-02-12T08:57:00Z',-33.9952,25.5978,'new_customer','issue_resolved','Competitor promo spotted','cancelled','2026-02-12T08:10:00Z');
INSERT OR IGNORE INTO visits (id,tenant_id,agent_id,customer_id,visit_date,visit_type,check_in_time,check_out_time,latitude,longitude,purpose,outcome,notes,status,created_at) VALUES ('visit-01806','default-tenant-001','agent-002','cust-099','2026-03-01','customer','2026-03-01T07:25:00Z','2026-03-01T08:49:00Z',-33.0454,27.9053,'merchandising','stock_checked','Follow up needed','completed','2026-03-01T07:25:00Z');
INSERT OR IGNORE INTO visits (id,tenant_id,agent_id,customer_id,visit_date,visit_type,check_in_time,check_out_time,latitude,longitude,purpose,outcome,notes,status,created_at) VALUES ('visit-01807','default-tenant-001','agent-003','cust-093','2026-01-29','customer','2026-01-29T14:33:00Z','2026-01-29T15:28:00Z',-32.9975,27.9591,'customer_service','issue_resolved','Shelf space increased','completed','2026-01-29T14:33:00Z');
INSERT OR IGNORE INTO visits (id,tenant_id,agent_id,customer_id,visit_date,visit_type,check_in_time,check_out_time,latitude,longitude,purpose,outcome,notes,status,created_at) VALUES ('visit-01808','default-tenant-001','agent-003','cust-081','2025-10-30','customer','2025-10-30T15:56:00Z','2025-10-30T16:50:00Z',-29.0471,26.2011,'collection','no_order','','completed','2025-10-30T15:56:00Z');
INSERT OR IGNORE INTO visits (id,tenant_id,agent_id,customer_id,visit_date,visit_type,check_in_time,check_out_time,latitude,longitude,purpose,outcome,notes,status,created_at) VALUES ('visit-01809','default-tenant-001','agent-001','cust-016','2025-12-17','customer','2025-12-17T14:01:00Z','2025-12-17T14:58:00Z',-33.9580,25.6275,'audit','stock_checked','Customer happy','cancelled','2025-12-17T14:01:00Z');
INSERT OR IGNORE INTO visits (id,tenant_id,agent_id,customer_id,visit_date,visit_type,check_in_time,check_out_time,latitude,longitude,purpose,outcome,notes,status,created_at) VALUES ('visit-01810','default-tenant-001','agent-003','cust-025','2026-02-26','customer','2026-02-26T17:12:00Z','2026-02-26T18:18:00Z',-33.9315,18.4410,'competitor_check','no_order','Competitor promo spotted','completed','2026-02-26T17:12:00Z');
INSERT OR IGNORE INTO visits (id,tenant_id,agent_id,customer_id,visit_date,visit_type,check_in_time,check_out_time,latitude,longitude,purpose,outcome,notes,status,created_at) VALUES ('visit-01811','default-tenant-001','agent-004','cust-089','2025-11-21','customer','2025-11-21T13:04:00Z','2025-11-21T14:31:00Z',-33.9526,25.6379,'collection','issue_resolved','Shelf space increased','completed','2025-11-21T13:04:00Z');
INSERT OR IGNORE INTO visits (id,tenant_id,agent_id,customer_id,visit_date,visit_type,check_in_time,check_out_time,latitude,longitude,purpose,outcome,notes,status,created_at) VALUES ('visit-01812','default-tenant-001','agent-004','cust-014','2025-12-14','customer','2025-12-14T08:36:00Z','2025-12-14T09:37:00Z',-33.8911,18.4275,'merchandising','issue_resolved','Follow up needed','cancelled','2025-12-14T08:36:00Z');
INSERT OR IGNORE INTO visits (id,tenant_id,agent_id,customer_id,visit_date,visit_type,check_in_time,check_out_time,latitude,longitude,purpose,outcome,notes,status,created_at) VALUES ('visit-01813','default-tenant-001','agent-user-001','cust-077','2025-10-15','customer','2025-10-15T10:18:00Z','2025-10-15T11:40:00Z',-29.0378,26.2062,'new_customer','follow_up_needed','New display set up','completed','2025-10-15T10:18:00Z');
INSERT OR IGNORE INTO visits (id,tenant_id,agent_id,customer_id,visit_date,visit_type,check_in_time,check_out_time,latitude,longitude,purpose,outcome,notes,status,created_at) VALUES ('visit-01814','default-tenant-001','agent-005','cust-027','2025-10-29','customer','2025-10-29T12:42:00Z','2025-10-29T13:12:00Z',-29.0638,26.1926,'audit','no_order','Placed large order','pending','2025-10-29T12:42:00Z');
INSERT OR IGNORE INTO visits (id,tenant_id,agent_id,customer_id,visit_date,visit_type,check_in_time,check_out_time,latitude,longitude,purpose,outcome,notes,status,created_at) VALUES ('visit-01815','default-tenant-001','agent-002','cust-098','2025-10-29','customer','2025-10-29T15:24:00Z','2025-10-29T16:10:00Z',-26.2519,28.0148,'audit','order_placed','Stock low','completed','2025-10-29T15:24:00Z');
INSERT OR IGNORE INTO visits (id,tenant_id,agent_id,customer_id,visit_date,visit_type,check_in_time,check_out_time,latitude,longitude,purpose,outcome,notes,status,created_at) VALUES ('visit-01816','default-tenant-001','agent-002','cust-042','2026-02-24','customer','2026-02-24T08:16:00Z','2026-02-24T09:22:00Z',-23.8659,29.4499,'new_customer','follow_up_needed','Follow up needed','completed','2026-02-24T08:16:00Z');
INSERT OR IGNORE INTO visits (id,tenant_id,agent_id,customer_id,visit_date,visit_type,check_in_time,check_out_time,latitude,longitude,purpose,outcome,notes,status,created_at) VALUES ('visit-01817','default-tenant-001','agent-005','cust-090','2025-11-06','customer','2025-11-06T09:00:00Z','2025-11-06T09:33:00Z',-33.9047,18.4486,'new_customer','follow_up_needed','Stock low','completed','2025-11-06T09:00:00Z');
INSERT OR IGNORE INTO visits (id,tenant_id,agent_id,customer_id,visit_date,visit_type,check_in_time,check_out_time,latitude,longitude,purpose,outcome,notes,status,created_at) VALUES ('visit-01818','default-tenant-001','agent-003','cust-026','2025-12-29','customer','2025-12-29T14:50:00Z','2025-12-29T16:08:00Z',-29.9020,30.9941,'new_customer','competitor_noted','Competitor promo spotted','completed','2025-12-29T14:50:00Z');
INSERT OR IGNORE INTO visits (id,tenant_id,agent_id,customer_id,visit_date,visit_type,check_in_time,check_out_time,latitude,longitude,purpose,outcome,notes,status,created_at) VALUES ('visit-01819','default-tenant-001','agent-005','cust-031','2026-01-10','customer','2026-01-10T14:55:00Z','2026-01-10T15:33:00Z',-25.4366,30.9288,'merchandising','no_order','Good visit','completed','2026-01-10T14:55:00Z');
INSERT OR IGNORE INTO visits (id,tenant_id,agent_id,customer_id,visit_date,visit_type,check_in_time,check_out_time,latitude,longitude,purpose,outcome,notes,status,created_at) VALUES ('visit-01820','default-tenant-001','agent-user-001','cust-002','2025-12-04','customer','2025-12-04T10:57:00Z','2025-12-04T12:07:00Z',-25.5012,30.9804,'competitor_check','competitor_noted','Follow up needed','completed','2025-12-04T10:57:00Z');
INSERT OR IGNORE INTO visits (id,tenant_id,agent_id,customer_id,visit_date,visit_type,check_in_time,check_out_time,latitude,longitude,purpose,outcome,notes,status,created_at) VALUES ('visit-01821','default-tenant-001','agent-002','cust-071','2025-12-19','customer','2025-12-19T13:22:00Z','2025-12-19T14:33:00Z',-29.8424,31.0171,'sales','follow_up_needed','New display set up','completed','2025-12-19T13:22:00Z');
INSERT OR IGNORE INTO visits (id,tenant_id,agent_id,customer_id,visit_date,visit_type,check_in_time,check_out_time,latitude,longitude,purpose,outcome,notes,status,created_at) VALUES ('visit-01822','default-tenant-001','agent-002','cust-061','2025-12-19','customer','2025-12-19T12:21:00Z','2025-12-19T13:21:00Z',-29.8785,31.0607,'new_customer','stock_checked','Need more samples','completed','2025-12-19T12:21:00Z');
INSERT OR IGNORE INTO visits (id,tenant_id,agent_id,customer_id,visit_date,visit_type,check_in_time,check_out_time,latitude,longitude,purpose,outcome,notes,status,created_at) VALUES ('visit-01823','default-tenant-001','agent-004','cust-056','2026-01-03','customer','2026-01-03T16:57:00Z','2026-01-03T18:22:00Z',-26.1588,28.0351,'audit','competitor_noted','Shelf space increased','completed','2026-01-03T16:57:00Z');
INSERT OR IGNORE INTO visits (id,tenant_id,agent_id,customer_id,visit_date,visit_type,check_in_time,check_out_time,latitude,longitude,purpose,outcome,notes,status,created_at) VALUES ('visit-01824','default-tenant-001','agent-004','cust-005','2026-03-02','customer','2026-03-02T15:27:00Z','2026-03-02T16:53:00Z',-25.7155,28.2709,'competitor_check','stock_checked','Good visit','completed','2026-03-02T15:27:00Z');
INSERT OR IGNORE INTO visits (id,tenant_id,agent_id,customer_id,visit_date,visit_type,check_in_time,check_out_time,latitude,longitude,purpose,outcome,notes,status,created_at) VALUES ('visit-01825','default-tenant-001','agent-002','cust-014','2026-01-17','customer','2026-01-17T12:43:00Z','2026-01-17T13:21:00Z',-26.2428,28.0607,'sales','follow_up_needed','','completed','2026-01-17T12:43:00Z');
INSERT OR IGNORE INTO visits (id,tenant_id,agent_id,customer_id,visit_date,visit_type,check_in_time,check_out_time,latitude,longitude,purpose,outcome,notes,status,created_at) VALUES ('visit-01826','default-tenant-001','agent-002','cust-077','2025-11-14','customer','2025-11-14T08:12:00Z','2025-11-14T09:13:00Z',-29.8371,31.0185,'audit','competitor_noted','New display set up','completed','2025-11-14T08:12:00Z');
INSERT OR IGNORE INTO visits (id,tenant_id,agent_id,customer_id,visit_date,visit_type,check_in_time,check_out_time,latitude,longitude,purpose,outcome,notes,status,created_at) VALUES ('visit-01827','default-tenant-001','agent-user-001','cust-018','2026-01-03','customer','2026-01-03T10:52:00Z','2026-01-03T11:04:00Z',-33.9019,18.4570,'merchandising','issue_resolved','Competitor promo spotted','cancelled','2026-01-03T10:52:00Z');
INSERT OR IGNORE INTO visits (id,tenant_id,agent_id,customer_id,visit_date,visit_type,check_in_time,check_out_time,latitude,longitude,purpose,outcome,notes,status,created_at) VALUES ('visit-01828','default-tenant-001','agent-004','cust-002','2026-03-02','customer','2026-03-02T16:10:00Z','2026-03-02T16:49:00Z',-23.9192,29.4691,'merchandising','follow_up_needed','New display set up','completed','2026-03-02T16:10:00Z');
INSERT OR IGNORE INTO visits (id,tenant_id,agent_id,customer_id,visit_date,visit_type,check_in_time,check_out_time,latitude,longitude,purpose,outcome,notes,status,created_at) VALUES ('visit-01829','default-tenant-001','agent-005','cust-083','2026-01-22','customer','2026-01-22T09:17:00Z','2026-01-22T10:36:00Z',-25.4317,31.0096,'delivery','order_placed','New display set up','completed','2026-01-22T09:17:00Z');
INSERT OR IGNORE INTO visits (id,tenant_id,agent_id,customer_id,visit_date,visit_type,check_in_time,check_out_time,latitude,longitude,purpose,outcome,notes,status,created_at) VALUES ('visit-01830','default-tenant-001','agent-002','cust-007','2025-11-06','customer','2025-11-06T14:46:00Z','2025-11-06T15:24:00Z',-25.7571,28.1809,'sales','issue_resolved','Stock low','completed','2025-11-06T14:46:00Z');
INSERT OR IGNORE INTO visits (id,tenant_id,agent_id,customer_id,visit_date,visit_type,check_in_time,check_out_time,latitude,longitude,purpose,outcome,notes,status,created_at) VALUES ('visit-01831','default-tenant-001','agent-004','cust-049','2026-01-18','customer','2026-01-18T13:34:00Z','2026-01-18T14:19:00Z',-25.7106,28.2546,'audit','issue_resolved','Good visit','completed','2026-01-18T13:34:00Z');
INSERT OR IGNORE INTO visits (id,tenant_id,agent_id,customer_id,visit_date,visit_type,check_in_time,check_out_time,latitude,longitude,purpose,outcome,notes,status,created_at) VALUES ('visit-01832','default-tenant-001','agent-user-001','cust-023','2025-10-29','customer','2025-10-29T14:30:00Z','2025-10-29T15:59:00Z',-25.4294,30.9749,'sales','follow_up_needed','New display set up','completed','2025-10-29T14:30:00Z');
INSERT OR IGNORE INTO visits (id,tenant_id,agent_id,customer_id,visit_date,visit_type,check_in_time,check_out_time,latitude,longitude,purpose,outcome,notes,status,created_at) VALUES ('visit-01833','default-tenant-001','agent-001','cust-070','2025-12-05','customer','2025-12-05T16:30:00Z','2025-12-05T16:49:00Z',-33.0441,27.8636,'competitor_check','no_order','New display set up','completed','2025-12-05T16:30:00Z');
INSERT OR IGNORE INTO visits (id,tenant_id,agent_id,customer_id,visit_date,visit_type,check_in_time,check_out_time,latitude,longitude,purpose,outcome,notes,status,created_at) VALUES ('visit-01834','default-tenant-001','agent-user-001','cust-006','2026-02-18','customer','2026-02-18T16:56:00Z','2026-02-18T18:24:00Z',-29.8517,31.0102,'customer_service','stock_checked','Need more samples','in_progress','2026-02-18T16:56:00Z');
INSERT OR IGNORE INTO visits (id,tenant_id,agent_id,customer_id,visit_date,visit_type,check_in_time,check_out_time,latitude,longitude,purpose,outcome,notes,status,created_at) VALUES ('visit-01835','default-tenant-001','agent-004','cust-013','2025-12-02','customer','2025-12-02T10:34:00Z','2025-12-02T10:55:00Z',-32.9796,27.9314,'customer_service','order_placed','New display set up','cancelled','2025-12-02T10:34:00Z');
INSERT OR IGNORE INTO visits (id,tenant_id,agent_id,customer_id,visit_date,visit_type,check_in_time,check_out_time,latitude,longitude,purpose,outcome,notes,status,created_at) VALUES ('visit-01836','default-tenant-001','agent-user-001','cust-085','2025-11-23','customer','2025-11-23T09:30:00Z','2025-11-23T10:29:00Z',-32.9950,27.9481,'audit','issue_resolved','Good visit','cancelled','2025-11-23T09:30:00Z');
INSERT OR IGNORE INTO visits (id,tenant_id,agent_id,customer_id,visit_date,visit_type,check_in_time,check_out_time,latitude,longitude,purpose,outcome,notes,status,created_at) VALUES ('visit-01837','default-tenant-001','agent-user-001','cust-074','2025-11-08','customer','2025-11-08T09:45:00Z','2025-11-08T10:59:00Z',-33.9352,18.4404,'delivery','no_order','Shelf space increased','cancelled','2025-11-08T09:45:00Z');
INSERT OR IGNORE INTO visits (id,tenant_id,agent_id,customer_id,visit_date,visit_type,check_in_time,check_out_time,latitude,longitude,purpose,outcome,notes,status,created_at) VALUES ('visit-01838','default-tenant-001','agent-003','cust-094','2025-10-01','customer','2025-10-01T12:08:00Z','2025-10-01T12:18:00Z',-28.7198,24.7282,'collection','order_placed','','completed','2025-10-01T12:08:00Z');
INSERT OR IGNORE INTO visits (id,tenant_id,agent_id,customer_id,visit_date,visit_type,check_in_time,check_out_time,latitude,longitude,purpose,outcome,notes,status,created_at) VALUES ('visit-01839','default-tenant-001','agent-003','cust-063','2026-01-13','customer','2026-01-13T14:06:00Z','2026-01-13T14:18:00Z',-26.2263,28.0034,'delivery','stock_checked','Need more samples','cancelled','2026-01-13T14:06:00Z');
INSERT OR IGNORE INTO visits (id,tenant_id,agent_id,customer_id,visit_date,visit_type,check_in_time,check_out_time,latitude,longitude,purpose,outcome,notes,status,created_at) VALUES ('visit-01840','default-tenant-001','agent-005','cust-017','2025-12-31','customer','2025-12-31T14:36:00Z','2025-12-31T15:16:00Z',-33.9789,25.5997,'collection','order_placed','Shelf space increased','in_progress','2025-12-31T14:36:00Z');
INSERT OR IGNORE INTO visits (id,tenant_id,agent_id,customer_id,visit_date,visit_type,check_in_time,check_out_time,latitude,longitude,purpose,outcome,notes,status,created_at) VALUES ('visit-01841','default-tenant-001','agent-user-001','cust-093','2025-11-02','customer','2025-11-02T12:02:00Z','2025-11-02T13:05:00Z',-33.8905,18.4142,'competitor_check','stock_checked','Need more samples','completed','2025-11-02T12:02:00Z');
INSERT OR IGNORE INTO visits (id,tenant_id,agent_id,customer_id,visit_date,visit_type,check_in_time,check_out_time,latitude,longitude,purpose,outcome,notes,status,created_at) VALUES ('visit-01842','default-tenant-001','agent-003','cust-043','2026-02-04','customer','2026-02-04T09:15:00Z','2026-02-04T10:44:00Z',-28.7099,24.7435,'audit','order_placed','Stock low','in_progress','2026-02-04T09:15:00Z');
INSERT OR IGNORE INTO visits (id,tenant_id,agent_id,customer_id,visit_date,visit_type,check_in_time,check_out_time,latitude,longitude,purpose,outcome,notes,status,created_at) VALUES ('visit-01843','default-tenant-001','agent-user-001','cust-100','2025-12-09','customer','2025-12-09T13:59:00Z','2025-12-09T14:10:00Z',-32.9805,27.8723,'sales','follow_up_needed','Follow up needed','cancelled','2025-12-09T13:59:00Z');
INSERT OR IGNORE INTO visits (id,tenant_id,agent_id,customer_id,visit_date,visit_type,check_in_time,check_out_time,latitude,longitude,purpose,outcome,notes,status,created_at) VALUES ('visit-01844','default-tenant-001','agent-002','cust-025','2025-11-03','customer','2025-11-03T11:29:00Z','2025-11-03T12:25:00Z',-29.0373,26.1767,'new_customer','order_placed','Shelf space increased','cancelled','2025-11-03T11:29:00Z');
INSERT OR IGNORE INTO visits (id,tenant_id,agent_id,customer_id,visit_date,visit_type,check_in_time,check_out_time,latitude,longitude,purpose,outcome,notes,status,created_at) VALUES ('visit-01845','default-tenant-001','agent-002','cust-069','2025-12-26','customer','2025-12-26T08:42:00Z','2025-12-26T09:43:00Z',-28.6953,24.7686,'new_customer','order_placed','Follow up needed','completed','2025-12-26T08:42:00Z');
INSERT OR IGNORE INTO visits (id,tenant_id,agent_id,customer_id,visit_date,visit_type,check_in_time,check_out_time,latitude,longitude,purpose,outcome,notes,status,created_at) VALUES ('visit-01846','default-tenant-001','agent-002','cust-096','2025-10-20','customer','2025-10-20T17:35:00Z','2025-10-20T18:26:00Z',-23.9314,29.4973,'new_customer','issue_resolved','Placed large order','pending','2025-10-20T17:35:00Z');
INSERT OR IGNORE INTO visits (id,tenant_id,agent_id,customer_id,visit_date,visit_type,check_in_time,check_out_time,latitude,longitude,purpose,outcome,notes,status,created_at) VALUES ('visit-01847','default-tenant-001','agent-user-001','cust-095','2025-10-26','customer','2025-10-26T16:09:00Z','2025-10-26T16:38:00Z',-29.8493,31.0014,'merchandising','order_placed','Placed large order','in_progress','2025-10-26T16:09:00Z');
INSERT OR IGNORE INTO visits (id,tenant_id,agent_id,customer_id,visit_date,visit_type,check_in_time,check_out_time,latitude,longitude,purpose,outcome,notes,status,created_at) VALUES ('visit-01848','default-tenant-001','agent-001','cust-072','2026-02-24','customer','2026-02-24T13:14:00Z','2026-02-24T13:50:00Z',-23.9094,29.4216,'new_customer','follow_up_needed','Shelf space increased','completed','2026-02-24T13:14:00Z');
INSERT OR IGNORE INTO visits (id,tenant_id,agent_id,customer_id,visit_date,visit_type,check_in_time,check_out_time,latitude,longitude,purpose,outcome,notes,status,created_at) VALUES ('visit-01849','default-tenant-001','agent-005','cust-066','2026-02-15','customer','2026-02-15T07:13:00Z','2026-02-15T08:27:00Z',-33.8882,18.3803,'sales','follow_up_needed','Shelf space increased','completed','2026-02-15T07:13:00Z');
INSERT OR IGNORE INTO visits (id,tenant_id,agent_id,customer_id,visit_date,visit_type,check_in_time,check_out_time,latitude,longitude,purpose,outcome,notes,status,created_at) VALUES ('visit-01850','default-tenant-001','agent-user-001','cust-044','2025-10-28','customer','2025-10-28T11:26:00Z','2025-10-28T11:54:00Z',-25.7072,28.1968,'merchandising','order_placed','Competitor promo spotted','in_progress','2025-10-28T11:26:00Z');
INSERT OR IGNORE INTO visits (id,tenant_id,agent_id,customer_id,visit_date,visit_type,check_in_time,check_out_time,latitude,longitude,purpose,outcome,notes,status,created_at) VALUES ('visit-01851','default-tenant-001','agent-001','cust-073','2025-12-29','customer','2025-12-29T10:34:00Z','2025-12-29T11:40:00Z',-26.2284,28.0773,'audit','competitor_noted','','in_progress','2025-12-29T10:34:00Z');
INSERT OR IGNORE INTO visits (id,tenant_id,agent_id,customer_id,visit_date,visit_type,check_in_time,check_out_time,latitude,longitude,purpose,outcome,notes,status,created_at) VALUES ('visit-01852','default-tenant-001','agent-004','cust-020','2026-02-04','customer','2026-02-04T16:16:00Z','2026-02-04T16:42:00Z',-28.7063,24.7843,'new_customer','stock_checked','Stock low','cancelled','2026-02-04T16:16:00Z');
INSERT OR IGNORE INTO visits (id,tenant_id,agent_id,customer_id,visit_date,visit_type,check_in_time,check_out_time,latitude,longitude,purpose,outcome,notes,status,created_at) VALUES ('visit-01853','default-tenant-001','agent-user-001','cust-032','2025-12-12','customer','2025-12-12T08:15:00Z','2025-12-12T08:51:00Z',-23.9301,29.4489,'customer_service','no_order','','completed','2025-12-12T08:15:00Z');
INSERT OR IGNORE INTO visits (id,tenant_id,agent_id,customer_id,visit_date,visit_type,check_in_time,check_out_time,latitude,longitude,purpose,outcome,notes,status,created_at) VALUES ('visit-01854','default-tenant-001','agent-002','cust-083','2025-10-07','customer','2025-10-07T16:22:00Z','2025-10-07T16:55:00Z',-26.2072,28.0618,'new_customer','order_placed','Customer happy','cancelled','2025-10-07T16:22:00Z');
INSERT OR IGNORE INTO visits (id,tenant_id,agent_id,customer_id,visit_date,visit_type,check_in_time,check_out_time,latitude,longitude,purpose,outcome,notes,status,created_at) VALUES ('visit-01855','default-tenant-001','agent-user-001','cust-035','2025-10-01','customer','2025-10-01T10:56:00Z','2025-10-01T11:58:00Z',-29.8537,30.9787,'collection','stock_checked','Stock low','completed','2025-10-01T10:56:00Z');
INSERT OR IGNORE INTO visits (id,tenant_id,agent_id,customer_id,visit_date,visit_type,check_in_time,check_out_time,latitude,longitude,purpose,outcome,notes,status,created_at) VALUES ('visit-01856','default-tenant-001','agent-003','cust-058','2026-02-15','customer','2026-02-15T14:48:00Z','2026-02-15T16:10:00Z',-33.9921,25.6154,'audit','no_order','New display set up','completed','2026-02-15T14:48:00Z');
INSERT OR IGNORE INTO visits (id,tenant_id,agent_id,customer_id,visit_date,visit_type,check_in_time,check_out_time,latitude,longitude,purpose,outcome,notes,status,created_at) VALUES ('visit-01857','default-tenant-001','agent-002','cust-028','2026-01-25','customer','2026-01-25T16:56:00Z','2026-01-25T17:20:00Z',-25.4269,30.9451,'competitor_check','stock_checked','','completed','2026-01-25T16:56:00Z');
INSERT OR IGNORE INTO visits (id,tenant_id,agent_id,customer_id,visit_date,visit_type,check_in_time,check_out_time,latitude,longitude,purpose,outcome,notes,status,created_at) VALUES ('visit-01858','default-tenant-001','agent-001','cust-053','2026-02-16','customer','2026-02-16T16:53:00Z','2026-02-16T17:37:00Z',-33.9380,18.3887,'collection','competitor_noted','Need more samples','in_progress','2026-02-16T16:53:00Z');
INSERT OR IGNORE INTO visits (id,tenant_id,agent_id,customer_id,visit_date,visit_type,check_in_time,check_out_time,latitude,longitude,purpose,outcome,notes,status,created_at) VALUES ('visit-01859','default-tenant-001','agent-user-001','cust-034','2025-10-07','customer','2025-10-07T15:19:00Z','2025-10-07T16:10:00Z',-25.7711,28.2011,'sales','stock_checked','Follow up needed','completed','2025-10-07T15:19:00Z');
INSERT OR IGNORE INTO visits (id,tenant_id,agent_id,customer_id,visit_date,visit_type,check_in_time,check_out_time,latitude,longitude,purpose,outcome,notes,status,created_at) VALUES ('visit-01860','default-tenant-001','agent-005','cust-073','2026-01-06','customer','2026-01-06T17:23:00Z','2026-01-06T17:35:00Z',-29.8133,30.9755,'audit','order_placed','Competitor promo spotted','cancelled','2026-01-06T17:23:00Z');
INSERT OR IGNORE INTO visits (id,tenant_id,agent_id,customer_id,visit_date,visit_type,check_in_time,check_out_time,latitude,longitude,purpose,outcome,notes,status,created_at) VALUES ('visit-01861','default-tenant-001','agent-005','cust-056','2025-11-29','customer','2025-11-29T08:34:00Z','2025-11-29T08:49:00Z',-32.9694,27.9507,'audit','order_placed','Competitor promo spotted','cancelled','2025-11-29T08:34:00Z');
INSERT OR IGNORE INTO visits (id,tenant_id,agent_id,customer_id,visit_date,visit_type,check_in_time,check_out_time,latitude,longitude,purpose,outcome,notes,status,created_at) VALUES ('visit-01862','default-tenant-001','agent-005','cust-018','2026-01-21','customer','2026-01-21T09:49:00Z','2026-01-21T10:20:00Z',-33.9064,18.3883,'delivery','competitor_noted','New display set up','completed','2026-01-21T09:49:00Z');
INSERT OR IGNORE INTO visits (id,tenant_id,agent_id,customer_id,visit_date,visit_type,check_in_time,check_out_time,latitude,longitude,purpose,outcome,notes,status,created_at) VALUES ('visit-01863','default-tenant-001','agent-user-001','cust-027','2026-01-23','customer','2026-01-23T08:36:00Z','2026-01-23T09:05:00Z',-29.0976,26.1774,'sales','order_placed','Need more samples','completed','2026-01-23T08:36:00Z');
INSERT OR IGNORE INTO visits (id,tenant_id,agent_id,customer_id,visit_date,visit_type,check_in_time,check_out_time,latitude,longitude,purpose,outcome,notes,status,created_at) VALUES ('visit-01864','default-tenant-001','agent-005','cust-076','2025-11-25','customer','2025-11-25T16:00:00Z','2025-11-25T16:52:00Z',-29.8278,31.0271,'audit','competitor_noted','New display set up','completed','2025-11-25T16:00:00Z');
INSERT OR IGNORE INTO visits (id,tenant_id,agent_id,customer_id,visit_date,visit_type,check_in_time,check_out_time,latitude,longitude,purpose,outcome,notes,status,created_at) VALUES ('visit-01865','default-tenant-001','agent-user-001','cust-003','2026-02-24','customer','2026-02-24T08:30:00Z','2026-02-24T09:14:00Z',-29.1072,26.1554,'collection','competitor_noted','Customer happy','completed','2026-02-24T08:30:00Z');
INSERT OR IGNORE INTO visits (id,tenant_id,agent_id,customer_id,visit_date,visit_type,check_in_time,check_out_time,latitude,longitude,purpose,outcome,notes,status,created_at) VALUES ('visit-01866','default-tenant-001','agent-004','cust-051','2025-10-27','customer','2025-10-27T14:50:00Z','2025-10-27T15:07:00Z',-32.9804,27.9580,'merchandising','follow_up_needed','Customer happy','cancelled','2025-10-27T14:50:00Z');
INSERT OR IGNORE INTO visits (id,tenant_id,agent_id,customer_id,visit_date,visit_type,check_in_time,check_out_time,latitude,longitude,purpose,outcome,notes,status,created_at) VALUES ('visit-01867','default-tenant-001','agent-004','cust-006','2025-12-15','customer','2025-12-15T11:01:00Z','2025-12-15T11:11:00Z',-29.0547,26.1803,'merchandising','stock_checked','Stock low','completed','2025-12-15T11:01:00Z');
INSERT OR IGNORE INTO visits (id,tenant_id,agent_id,customer_id,visit_date,visit_type,check_in_time,check_out_time,latitude,longitude,purpose,outcome,notes,status,created_at) VALUES ('visit-01868','default-tenant-001','agent-004','cust-094','2026-03-02','customer','2026-03-02T10:04:00Z','2026-03-02T10:45:00Z',-33.9284,18.3776,'sales','issue_resolved','New display set up','completed','2026-03-02T10:04:00Z');
INSERT OR IGNORE INTO visits (id,tenant_id,agent_id,customer_id,visit_date,visit_type,check_in_time,check_out_time,latitude,longitude,purpose,outcome,notes,status,created_at) VALUES ('visit-01869','default-tenant-001','agent-003','cust-044','2026-02-09','customer','2026-02-09T11:13:00Z','2026-02-09T12:40:00Z',-25.7630,28.1942,'customer_service','stock_checked','Competitor promo spotted','pending','2026-02-09T11:13:00Z');
INSERT OR IGNORE INTO visits (id,tenant_id,agent_id,customer_id,visit_date,visit_type,check_in_time,check_out_time,latitude,longitude,purpose,outcome,notes,status,created_at) VALUES ('visit-01870','default-tenant-001','agent-user-001','cust-017','2025-12-30','customer','2025-12-30T13:48:00Z','2025-12-30T15:10:00Z',-25.7369,28.2752,'new_customer','order_placed','Shelf space increased','completed','2025-12-30T13:48:00Z');
INSERT OR IGNORE INTO visits (id,tenant_id,agent_id,customer_id,visit_date,visit_type,check_in_time,check_out_time,latitude,longitude,purpose,outcome,notes,status,created_at) VALUES ('visit-01871','default-tenant-001','agent-user-001','cust-032','2026-02-09','customer','2026-02-09T15:06:00Z','2026-02-09T15:43:00Z',-25.7860,28.2218,'delivery','no_order','Follow up needed','completed','2026-02-09T15:06:00Z');
INSERT OR IGNORE INTO visits (id,tenant_id,agent_id,customer_id,visit_date,visit_type,check_in_time,check_out_time,latitude,longitude,purpose,outcome,notes,status,created_at) VALUES ('visit-01872','default-tenant-001','agent-004','cust-074','2025-10-30','customer','2025-10-30T15:45:00Z','2025-10-30T15:57:00Z',-33.9926,25.5614,'customer_service','follow_up_needed','Competitor promo spotted','pending','2025-10-30T15:45:00Z');
INSERT OR IGNORE INTO visits (id,tenant_id,agent_id,customer_id,visit_date,visit_type,check_in_time,check_out_time,latitude,longitude,purpose,outcome,notes,status,created_at) VALUES ('visit-01873','default-tenant-001','agent-003','cust-083','2025-10-10','customer','2025-10-10T16:04:00Z','2025-10-10T17:33:00Z',-26.1941,28.0872,'collection','no_order','Follow up needed','completed','2025-10-10T16:04:00Z');
INSERT OR IGNORE INTO visits (id,tenant_id,agent_id,customer_id,visit_date,visit_type,check_in_time,check_out_time,latitude,longitude,purpose,outcome,notes,status,created_at) VALUES ('visit-01874','default-tenant-001','agent-001','cust-084','2026-02-11','customer','2026-02-11T09:39:00Z','2026-02-11T10:39:00Z',-25.4284,30.9819,'new_customer','issue_resolved','Stock low','completed','2026-02-11T09:39:00Z');
INSERT OR IGNORE INTO visits (id,tenant_id,agent_id,customer_id,visit_date,visit_type,check_in_time,check_out_time,latitude,longitude,purpose,outcome,notes,status,created_at) VALUES ('visit-01875','default-tenant-001','agent-user-001','cust-063','2026-03-05','customer','2026-03-05T08:02:00Z','2026-03-05T08:45:00Z',-33.9356,25.6156,'audit','issue_resolved','Need more samples','completed','2026-03-05T08:02:00Z');
INSERT OR IGNORE INTO visits (id,tenant_id,agent_id,customer_id,visit_date,visit_type,check_in_time,check_out_time,latitude,longitude,purpose,outcome,notes,status,created_at) VALUES ('visit-01876','default-tenant-001','agent-002','cust-081','2025-12-28','customer','2025-12-28T16:25:00Z','2025-12-28T16:45:00Z',-26.2162,28.0426,'sales','stock_checked','Shelf space increased','completed','2025-12-28T16:25:00Z');
INSERT OR IGNORE INTO visits (id,tenant_id,agent_id,customer_id,visit_date,visit_type,check_in_time,check_out_time,latitude,longitude,purpose,outcome,notes,status,created_at) VALUES ('visit-01877','default-tenant-001','agent-005','cust-034','2026-03-01','customer','2026-03-01T13:54:00Z','2026-03-01T15:08:00Z',-29.8623,30.9810,'customer_service','issue_resolved','Good visit','completed','2026-03-01T13:54:00Z');
INSERT OR IGNORE INTO visits (id,tenant_id,agent_id,customer_id,visit_date,visit_type,check_in_time,check_out_time,latitude,longitude,purpose,outcome,notes,status,created_at) VALUES ('visit-01878','default-tenant-001','agent-user-001','cust-052','2025-11-27','customer','2025-11-27T08:55:00Z','2025-11-27T10:14:00Z',-33.9642,18.4084,'new_customer','order_placed','Placed large order','completed','2025-11-27T08:55:00Z');
INSERT OR IGNORE INTO visits (id,tenant_id,agent_id,customer_id,visit_date,visit_type,check_in_time,check_out_time,latitude,longitude,purpose,outcome,notes,status,created_at) VALUES ('visit-01879','default-tenant-001','agent-002','cust-014','2025-10-13','customer','2025-10-13T12:55:00Z','2025-10-13T13:25:00Z',-32.9801,27.8740,'audit','no_order','Good visit','completed','2025-10-13T12:55:00Z');
INSERT OR IGNORE INTO visits (id,tenant_id,agent_id,customer_id,visit_date,visit_type,check_in_time,check_out_time,latitude,longitude,purpose,outcome,notes,status,created_at) VALUES ('visit-01880','default-tenant-001','agent-005','cust-046','2025-11-17','customer','2025-11-17T13:21:00Z','2025-11-17T14:49:00Z',-33.9160,25.5843,'collection','follow_up_needed','Shelf space increased','in_progress','2025-11-17T13:21:00Z');
INSERT OR IGNORE INTO visits (id,tenant_id,agent_id,customer_id,visit_date,visit_type,check_in_time,check_out_time,latitude,longitude,purpose,outcome,notes,status,created_at) VALUES ('visit-01881','default-tenant-001','agent-001','cust-018','2026-01-10','customer','2026-01-10T13:05:00Z','2026-01-10T14:31:00Z',-28.6861,24.7693,'delivery','stock_checked','Stock low','pending','2026-01-10T13:05:00Z');
INSERT OR IGNORE INTO visits (id,tenant_id,agent_id,customer_id,visit_date,visit_type,check_in_time,check_out_time,latitude,longitude,purpose,outcome,notes,status,created_at) VALUES ('visit-01882','default-tenant-001','agent-user-001','cust-072','2026-01-30','customer','2026-01-30T08:37:00Z','2026-01-30T09:13:00Z',-28.6867,24.7674,'collection','no_order','','completed','2026-01-30T08:37:00Z');
INSERT OR IGNORE INTO visits (id,tenant_id,agent_id,customer_id,visit_date,visit_type,check_in_time,check_out_time,latitude,longitude,purpose,outcome,notes,status,created_at) VALUES ('visit-01883','default-tenant-001','agent-user-001','cust-061','2025-12-29','customer','2025-12-29T10:05:00Z','2025-12-29T10:55:00Z',-33.9517,18.4638,'competitor_check','follow_up_needed','Competitor promo spotted','completed','2025-12-29T10:05:00Z');
INSERT OR IGNORE INTO visits (id,tenant_id,agent_id,customer_id,visit_date,visit_type,check_in_time,check_out_time,latitude,longitude,purpose,outcome,notes,status,created_at) VALUES ('visit-01884','default-tenant-001','agent-user-001','cust-005','2026-01-24','customer','2026-01-24T13:33:00Z','2026-01-24T14:54:00Z',-33.9435,25.6130,'merchandising','competitor_noted','Need more samples','cancelled','2026-01-24T13:33:00Z');
INSERT OR IGNORE INTO visits (id,tenant_id,agent_id,customer_id,visit_date,visit_type,check_in_time,check_out_time,latitude,longitude,purpose,outcome,notes,status,created_at) VALUES ('visit-01885','default-tenant-001','agent-003','cust-067','2026-02-28','customer','2026-02-28T08:04:00Z','2026-02-28T08:59:00Z',-25.5035,30.9920,'new_customer','order_placed','Placed large order','completed','2026-02-28T08:04:00Z');
INSERT OR IGNORE INTO visits (id,tenant_id,agent_id,customer_id,visit_date,visit_type,check_in_time,check_out_time,latitude,longitude,purpose,outcome,notes,status,created_at) VALUES ('visit-01886','default-tenant-001','agent-003','cust-050','2025-10-27','customer','2025-10-27T15:44:00Z','2025-10-27T16:19:00Z',-25.7456,28.2728,'delivery','no_order','Placed large order','in_progress','2025-10-27T15:44:00Z');
INSERT OR IGNORE INTO visits (id,tenant_id,agent_id,customer_id,visit_date,visit_type,check_in_time,check_out_time,latitude,longitude,purpose,outcome,notes,status,created_at) VALUES ('visit-01887','default-tenant-001','agent-004','cust-029','2025-12-06','customer','2025-12-06T08:38:00Z','2025-12-06T09:23:00Z',-25.4473,30.9364,'merchandising','no_order','Follow up needed','completed','2025-12-06T08:38:00Z');
INSERT OR IGNORE INTO visits (id,tenant_id,agent_id,customer_id,visit_date,visit_type,check_in_time,check_out_time,latitude,longitude,purpose,outcome,notes,status,created_at) VALUES ('visit-01888','default-tenant-001','agent-003','cust-024','2025-11-08','customer','2025-11-08T14:04:00Z','2025-11-08T15:18:00Z',-23.9384,29.4824,'audit','no_order','Follow up needed','completed','2025-11-08T14:04:00Z');
INSERT OR IGNORE INTO visits (id,tenant_id,agent_id,customer_id,visit_date,visit_type,check_in_time,check_out_time,latitude,longitude,purpose,outcome,notes,status,created_at) VALUES ('visit-01889','default-tenant-001','agent-user-001','cust-100','2026-01-24','customer','2026-01-24T16:29:00Z','2026-01-24T17:11:00Z',-29.0430,26.1567,'sales','issue_resolved','Need more samples','pending','2026-01-24T16:29:00Z');
INSERT OR IGNORE INTO visits (id,tenant_id,agent_id,customer_id,visit_date,visit_type,check_in_time,check_out_time,latitude,longitude,purpose,outcome,notes,status,created_at) VALUES ('visit-01890','default-tenant-001','agent-005','cust-068','2025-11-23','customer','2025-11-23T11:29:00Z','2025-11-23T12:56:00Z',-33.9167,25.6249,'competitor_check','stock_checked','New display set up','pending','2025-11-23T11:29:00Z');
INSERT OR IGNORE INTO visits (id,tenant_id,agent_id,customer_id,visit_date,visit_type,check_in_time,check_out_time,latitude,longitude,purpose,outcome,notes,status,created_at) VALUES ('visit-01891','default-tenant-001','agent-002','cust-030','2025-11-13','customer','2025-11-13T17:40:00Z','2025-11-13T18:41:00Z',-25.7826,28.1930,'customer_service','issue_resolved','Customer happy','pending','2025-11-13T17:40:00Z');
INSERT OR IGNORE INTO visits (id,tenant_id,agent_id,customer_id,visit_date,visit_type,check_in_time,check_out_time,latitude,longitude,purpose,outcome,notes,status,created_at) VALUES ('visit-01892','default-tenant-001','agent-003','cust-097','2026-01-09','customer','2026-01-09T12:20:00Z','2026-01-09T12:42:00Z',-26.2380,28.0213,'delivery','issue_resolved','Shelf space increased','in_progress','2026-01-09T12:20:00Z');
INSERT OR IGNORE INTO visits (id,tenant_id,agent_id,customer_id,visit_date,visit_type,check_in_time,check_out_time,latitude,longitude,purpose,outcome,notes,status,created_at) VALUES ('visit-01893','default-tenant-001','agent-001','cust-088','2026-03-10','customer','2026-03-10T09:50:00Z','2026-03-10T10:40:00Z',-29.0693,26.1491,'audit','stock_checked','Placed large order','completed','2026-03-10T09:50:00Z');
INSERT OR IGNORE INTO visits (id,tenant_id,agent_id,customer_id,visit_date,visit_type,check_in_time,check_out_time,latitude,longitude,purpose,outcome,notes,status,created_at) VALUES ('visit-01894','default-tenant-001','agent-001','cust-069','2026-01-17','customer','2026-01-17T09:24:00Z','2026-01-17T10:28:00Z',-33.9440,25.5571,'audit','order_placed','Placed large order','in_progress','2026-01-17T09:24:00Z');
INSERT OR IGNORE INTO visits (id,tenant_id,agent_id,customer_id,visit_date,visit_type,check_in_time,check_out_time,latitude,longitude,purpose,outcome,notes,status,created_at) VALUES ('visit-01895','default-tenant-001','agent-001','cust-035','2025-12-18','customer','2025-12-18T13:38:00Z','2025-12-18T14:02:00Z',-23.8570,29.4763,'competitor_check','no_order','New display set up','completed','2025-12-18T13:38:00Z');
INSERT OR IGNORE INTO visits (id,tenant_id,agent_id,customer_id,visit_date,visit_type,check_in_time,check_out_time,latitude,longitude,purpose,outcome,notes,status,created_at) VALUES ('visit-01896','default-tenant-001','agent-005','cust-050','2026-02-08','customer','2026-02-08T11:57:00Z','2026-02-08T13:25:00Z',-25.4453,30.9734,'collection','no_order','Good visit','completed','2026-02-08T11:57:00Z');
INSERT OR IGNORE INTO visits (id,tenant_id,agent_id,customer_id,visit_date,visit_type,check_in_time,check_out_time,latitude,longitude,purpose,outcome,notes,status,created_at) VALUES ('visit-01897','default-tenant-001','agent-004','cust-100','2026-02-02','customer','2026-02-02T13:12:00Z','2026-02-02T13:53:00Z',-33.9793,25.6105,'merchandising','order_placed','Placed large order','completed','2026-02-02T13:12:00Z');
INSERT OR IGNORE INTO visits (id,tenant_id,agent_id,customer_id,visit_date,visit_type,check_in_time,check_out_time,latitude,longitude,purpose,outcome,notes,status,created_at) VALUES ('visit-01898','default-tenant-001','agent-005','cust-066','2026-01-15','customer','2026-01-15T13:14:00Z','2026-01-15T13:30:00Z',-23.8905,29.4191,'new_customer','no_order','Customer happy','completed','2026-01-15T13:14:00Z');
INSERT OR IGNORE INTO visits (id,tenant_id,agent_id,customer_id,visit_date,visit_type,check_in_time,check_out_time,latitude,longitude,purpose,outcome,notes,status,created_at) VALUES ('visit-01899','default-tenant-001','agent-005','cust-052','2026-01-01','customer','2026-01-01T14:45:00Z','2026-01-01T15:45:00Z',-23.9196,29.4443,'new_customer','order_placed','Competitor promo spotted','pending','2026-01-01T14:45:00Z');
INSERT OR IGNORE INTO visits (id,tenant_id,agent_id,customer_id,visit_date,visit_type,check_in_time,check_out_time,latitude,longitude,purpose,outcome,notes,status,created_at) VALUES ('visit-01900','default-tenant-001','agent-003','cust-099','2026-02-04','customer','2026-02-04T16:01:00Z','2026-02-04T17:11:00Z',-25.7765,28.2052,'collection','competitor_noted','Follow up needed','in_progress','2026-02-04T16:01:00Z');
INSERT OR IGNORE INTO visits (id,tenant_id,agent_id,customer_id,visit_date,visit_type,check_in_time,check_out_time,latitude,longitude,purpose,outcome,notes,status,created_at) VALUES ('visit-01901','default-tenant-001','agent-002','cust-045','2026-02-13','customer','2026-02-13T10:19:00Z','2026-02-13T11:03:00Z',-25.7399,28.2070,'delivery','competitor_noted','Placed large order','completed','2026-02-13T10:19:00Z');
INSERT OR IGNORE INTO visits (id,tenant_id,agent_id,customer_id,visit_date,visit_type,check_in_time,check_out_time,latitude,longitude,purpose,outcome,notes,status,created_at) VALUES ('visit-01902','default-tenant-001','agent-004','cust-055','2026-01-13','customer','2026-01-13T17:48:00Z','2026-01-13T18:48:00Z',-29.0825,26.1846,'customer_service','competitor_noted','','completed','2026-01-13T17:48:00Z');
INSERT OR IGNORE INTO visits (id,tenant_id,agent_id,customer_id,visit_date,visit_type,check_in_time,check_out_time,latitude,longitude,purpose,outcome,notes,status,created_at) VALUES ('visit-01903','default-tenant-001','agent-001','cust-042','2026-01-31','customer','2026-01-31T11:23:00Z','2026-01-31T12:41:00Z',-29.8772,31.0564,'new_customer','order_placed','New display set up','in_progress','2026-01-31T11:23:00Z');
INSERT OR IGNORE INTO visits (id,tenant_id,agent_id,customer_id,visit_date,visit_type,check_in_time,check_out_time,latitude,longitude,purpose,outcome,notes,status,created_at) VALUES ('visit-01904','default-tenant-001','agent-003','cust-084','2026-02-17','customer','2026-02-17T16:17:00Z','2026-02-17T17:11:00Z',-23.8590,29.4586,'new_customer','competitor_noted','Competitor promo spotted','cancelled','2026-02-17T16:17:00Z');
INSERT OR IGNORE INTO visits (id,tenant_id,agent_id,customer_id,visit_date,visit_type,check_in_time,check_out_time,latitude,longitude,purpose,outcome,notes,status,created_at) VALUES ('visit-01905','default-tenant-001','agent-004','cust-015','2026-03-10','customer','2026-03-10T09:58:00Z','2026-03-10T10:13:00Z',-25.5079,30.9504,'delivery','follow_up_needed','Need more samples','pending','2026-03-10T09:58:00Z');
INSERT OR IGNORE INTO visits (id,tenant_id,agent_id,customer_id,visit_date,visit_type,check_in_time,check_out_time,latitude,longitude,purpose,outcome,notes,status,created_at) VALUES ('visit-01906','default-tenant-001','agent-user-001','cust-015','2026-02-05','customer','2026-02-05T13:49:00Z','2026-02-05T14:28:00Z',-29.1172,26.1641,'sales','competitor_noted','Competitor promo spotted','cancelled','2026-02-05T13:49:00Z');
INSERT OR IGNORE INTO visits (id,tenant_id,agent_id,customer_id,visit_date,visit_type,check_in_time,check_out_time,latitude,longitude,purpose,outcome,notes,status,created_at) VALUES ('visit-01907','default-tenant-001','agent-004','cust-042','2025-11-23','customer','2025-11-23T14:02:00Z','2025-11-23T15:06:00Z',-28.7520,24.7118,'new_customer','follow_up_needed','Stock low','cancelled','2025-11-23T14:02:00Z');
INSERT OR IGNORE INTO visits (id,tenant_id,agent_id,customer_id,visit_date,visit_type,check_in_time,check_out_time,latitude,longitude,purpose,outcome,notes,status,created_at) VALUES ('visit-01908','default-tenant-001','agent-002','cust-092','2026-01-19','customer','2026-01-19T14:01:00Z','2026-01-19T15:16:00Z',-33.9348,18.4494,'delivery','follow_up_needed','','completed','2026-01-19T14:01:00Z');
INSERT OR IGNORE INTO visits (id,tenant_id,agent_id,customer_id,visit_date,visit_type,check_in_time,check_out_time,latitude,longitude,purpose,outcome,notes,status,created_at) VALUES ('visit-01909','default-tenant-001','agent-005','cust-035','2026-02-10','customer','2026-02-10T12:38:00Z','2026-02-10T14:00:00Z',-28.7494,24.7516,'merchandising','stock_checked','Follow up needed','pending','2026-02-10T12:38:00Z');
INSERT OR IGNORE INTO visits (id,tenant_id,agent_id,customer_id,visit_date,visit_type,check_in_time,check_out_time,latitude,longitude,purpose,outcome,notes,status,created_at) VALUES ('visit-01910','default-tenant-001','agent-001','cust-097','2026-01-14','customer','2026-01-14T15:22:00Z','2026-01-14T16:13:00Z',-33.0456,27.8805,'sales','no_order','Shelf space increased','completed','2026-01-14T15:22:00Z');
INSERT OR IGNORE INTO visits (id,tenant_id,agent_id,customer_id,visit_date,visit_type,check_in_time,check_out_time,latitude,longitude,purpose,outcome,notes,status,created_at) VALUES ('visit-01911','default-tenant-001','agent-002','cust-061','2025-11-20','customer','2025-11-20T08:07:00Z','2025-11-20T08:57:00Z',-23.9306,29.4949,'competitor_check','issue_resolved','Follow up needed','completed','2025-11-20T08:07:00Z');
INSERT OR IGNORE INTO visits (id,tenant_id,agent_id,customer_id,visit_date,visit_type,check_in_time,check_out_time,latitude,longitude,purpose,outcome,notes,status,created_at) VALUES ('visit-01912','default-tenant-001','agent-004','cust-036','2025-12-08','customer','2025-12-08T17:29:00Z','2025-12-08T18:48:00Z',-33.9811,25.6434,'customer_service','issue_resolved','Stock low','completed','2025-12-08T17:29:00Z');
INSERT OR IGNORE INTO visits (id,tenant_id,agent_id,customer_id,visit_date,visit_type,check_in_time,check_out_time,latitude,longitude,purpose,outcome,notes,status,created_at) VALUES ('visit-01913','default-tenant-001','agent-001','cust-032','2025-10-23','customer','2025-10-23T08:33:00Z','2025-10-23T09:49:00Z',-29.0520,26.1710,'new_customer','stock_checked','Good visit','completed','2025-10-23T08:33:00Z');
INSERT OR IGNORE INTO visits (id,tenant_id,agent_id,customer_id,visit_date,visit_type,check_in_time,check_out_time,latitude,longitude,purpose,outcome,notes,status,created_at) VALUES ('visit-01914','default-tenant-001','agent-002','cust-051','2026-03-02','customer','2026-03-02T17:04:00Z','2026-03-02T18:16:00Z',-33.0252,27.9194,'delivery','stock_checked','Shelf space increased','completed','2026-03-02T17:04:00Z');
INSERT OR IGNORE INTO visits (id,tenant_id,agent_id,customer_id,visit_date,visit_type,check_in_time,check_out_time,latitude,longitude,purpose,outcome,notes,status,created_at) VALUES ('visit-01915','default-tenant-001','agent-003','cust-055','2025-11-22','customer','2025-11-22T08:35:00Z','2025-11-22T10:01:00Z',-33.0390,27.8886,'sales','issue_resolved','Competitor promo spotted','completed','2025-11-22T08:35:00Z');
INSERT OR IGNORE INTO visits (id,tenant_id,agent_id,customer_id,visit_date,visit_type,check_in_time,check_out_time,latitude,longitude,purpose,outcome,notes,status,created_at) VALUES ('visit-01916','default-tenant-001','agent-user-001','cust-074','2025-11-24','customer','2025-11-24T13:24:00Z','2025-11-24T14:25:00Z',-23.8746,29.4261,'audit','order_placed','Stock low','pending','2025-11-24T13:24:00Z');
INSERT OR IGNORE INTO visits (id,tenant_id,agent_id,customer_id,visit_date,visit_type,check_in_time,check_out_time,latitude,longitude,purpose,outcome,notes,status,created_at) VALUES ('visit-01917','default-tenant-001','agent-001','cust-024','2025-11-02','customer','2025-11-02T15:34:00Z','2025-11-02T16:10:00Z',-23.9511,29.4487,'merchandising','competitor_noted','Stock low','completed','2025-11-02T15:34:00Z');
INSERT OR IGNORE INTO visits (id,tenant_id,agent_id,customer_id,visit_date,visit_type,check_in_time,check_out_time,latitude,longitude,purpose,outcome,notes,status,created_at) VALUES ('visit-01918','default-tenant-001','agent-003','cust-089','2025-11-27','customer','2025-11-27T11:56:00Z','2025-11-27T12:09:00Z',-26.1578,28.0036,'sales','stock_checked','','completed','2025-11-27T11:56:00Z');
INSERT OR IGNORE INTO visits (id,tenant_id,agent_id,customer_id,visit_date,visit_type,check_in_time,check_out_time,latitude,longitude,purpose,outcome,notes,status,created_at) VALUES ('visit-01919','default-tenant-001','agent-002','cust-004','2025-11-18','customer','2025-11-18T11:41:00Z','2025-11-18T12:58:00Z',-23.8606,29.4347,'merchandising','competitor_noted','Placed large order','completed','2025-11-18T11:41:00Z');
INSERT OR IGNORE INTO visits (id,tenant_id,agent_id,customer_id,visit_date,visit_type,check_in_time,check_out_time,latitude,longitude,purpose,outcome,notes,status,created_at) VALUES ('visit-01920','default-tenant-001','agent-005','cust-027','2025-12-27','customer','2025-12-27T13:09:00Z','2025-12-27T13:43:00Z',-34.0004,25.6165,'delivery','issue_resolved','New display set up','completed','2025-12-27T13:09:00Z');
INSERT OR IGNORE INTO visits (id,tenant_id,agent_id,customer_id,visit_date,visit_type,check_in_time,check_out_time,latitude,longitude,purpose,outcome,notes,status,created_at) VALUES ('visit-01921','default-tenant-001','agent-005','cust-061','2025-12-18','customer','2025-12-18T08:57:00Z','2025-12-18T09:12:00Z',-23.8662,29.5017,'sales','follow_up_needed','','completed','2025-12-18T08:57:00Z');
INSERT OR IGNORE INTO visits (id,tenant_id,agent_id,customer_id,visit_date,visit_type,check_in_time,check_out_time,latitude,longitude,purpose,outcome,notes,status,created_at) VALUES ('visit-01922','default-tenant-001','agent-user-001','cust-022','2026-03-09','customer','2026-03-09T16:29:00Z','2026-03-09T17:20:00Z',-33.9882,25.5954,'sales','stock_checked','Customer happy','completed','2026-03-09T16:29:00Z');
INSERT OR IGNORE INTO visits (id,tenant_id,agent_id,customer_id,visit_date,visit_type,check_in_time,check_out_time,latitude,longitude,purpose,outcome,notes,status,created_at) VALUES ('visit-01923','default-tenant-001','agent-user-001','cust-085','2025-11-07','customer','2025-11-07T10:12:00Z','2025-11-07T11:11:00Z',-29.8769,31.0484,'audit','stock_checked','Stock low','completed','2025-11-07T10:12:00Z');
INSERT OR IGNORE INTO visits (id,tenant_id,agent_id,customer_id,visit_date,visit_type,check_in_time,check_out_time,latitude,longitude,purpose,outcome,notes,status,created_at) VALUES ('visit-01924','default-tenant-001','agent-003','cust-036','2026-03-03','customer','2026-03-03T11:04:00Z','2026-03-03T11:15:00Z',-33.0406,27.9528,'collection','issue_resolved','Customer happy','completed','2026-03-03T11:04:00Z');
INSERT OR IGNORE INTO visits (id,tenant_id,agent_id,customer_id,visit_date,visit_type,check_in_time,check_out_time,latitude,longitude,purpose,outcome,notes,status,created_at) VALUES ('visit-01925','default-tenant-001','agent-002','cust-058','2026-01-22','customer','2026-01-22T08:44:00Z','2026-01-22T09:39:00Z',-29.8354,31.0603,'new_customer','stock_checked','Follow up needed','completed','2026-01-22T08:44:00Z');
INSERT OR IGNORE INTO visits (id,tenant_id,agent_id,customer_id,visit_date,visit_type,check_in_time,check_out_time,latitude,longitude,purpose,outcome,notes,status,created_at) VALUES ('visit-01926','default-tenant-001','agent-003','cust-027','2026-01-22','customer','2026-01-22T15:13:00Z','2026-01-22T15:35:00Z',-25.6995,28.2038,'new_customer','issue_resolved','','in_progress','2026-01-22T15:13:00Z');
INSERT OR IGNORE INTO visits (id,tenant_id,agent_id,customer_id,visit_date,visit_type,check_in_time,check_out_time,latitude,longitude,purpose,outcome,notes,status,created_at) VALUES ('visit-01927','default-tenant-001','agent-004','cust-091','2026-03-09','customer','2026-03-09T12:58:00Z','2026-03-09T13:27:00Z',-26.1928,28.0531,'new_customer','no_order','New display set up','cancelled','2026-03-09T12:58:00Z');
INSERT OR IGNORE INTO visits (id,tenant_id,agent_id,customer_id,visit_date,visit_type,check_in_time,check_out_time,latitude,longitude,purpose,outcome,notes,status,created_at) VALUES ('visit-01928','default-tenant-001','agent-005','cust-003','2026-02-21','customer','2026-02-21T11:02:00Z','2026-02-21T11:46:00Z',-29.0767,26.1645,'merchandising','order_placed','Follow up needed','completed','2026-02-21T11:02:00Z');
INSERT OR IGNORE INTO visits (id,tenant_id,agent_id,customer_id,visit_date,visit_type,check_in_time,check_out_time,latitude,longitude,purpose,outcome,notes,status,created_at) VALUES ('visit-01929','default-tenant-001','agent-005','cust-032','2025-10-12','customer','2025-10-12T10:59:00Z','2025-10-12T11:37:00Z',-29.1002,26.1210,'merchandising','competitor_noted','','completed','2025-10-12T10:59:00Z');
INSERT OR IGNORE INTO visits (id,tenant_id,agent_id,customer_id,visit_date,visit_type,check_in_time,check_out_time,latitude,longitude,purpose,outcome,notes,status,created_at) VALUES ('visit-01930','default-tenant-001','agent-user-001','cust-066','2026-02-22','customer','2026-02-22T10:14:00Z','2026-02-22T11:20:00Z',-25.7269,28.2255,'customer_service','order_placed','Shelf space increased','completed','2026-02-22T10:14:00Z');
INSERT OR IGNORE INTO visits (id,tenant_id,agent_id,customer_id,visit_date,visit_type,check_in_time,check_out_time,latitude,longitude,purpose,outcome,notes,status,created_at) VALUES ('visit-01931','default-tenant-001','agent-001','cust-095','2025-12-13','customer','2025-12-13T10:28:00Z','2025-12-13T10:44:00Z',-33.9596,18.4643,'collection','competitor_noted','Shelf space increased','pending','2025-12-13T10:28:00Z');
INSERT OR IGNORE INTO visits (id,tenant_id,agent_id,customer_id,visit_date,visit_type,check_in_time,check_out_time,latitude,longitude,purpose,outcome,notes,status,created_at) VALUES ('visit-01932','default-tenant-001','agent-003','cust-046','2025-11-24','customer','2025-11-24T08:31:00Z','2025-11-24T09:45:00Z',-26.2164,28.0949,'audit','stock_checked','Placed large order','in_progress','2025-11-24T08:31:00Z');
INSERT OR IGNORE INTO visits (id,tenant_id,agent_id,customer_id,visit_date,visit_type,check_in_time,check_out_time,latitude,longitude,purpose,outcome,notes,status,created_at) VALUES ('visit-01933','default-tenant-001','agent-003','cust-086','2026-02-07','customer','2026-02-07T13:11:00Z','2026-02-07T14:01:00Z',-33.9458,25.6006,'new_customer','issue_resolved','Competitor promo spotted','completed','2026-02-07T13:11:00Z');
INSERT OR IGNORE INTO visits (id,tenant_id,agent_id,customer_id,visit_date,visit_type,check_in_time,check_out_time,latitude,longitude,purpose,outcome,notes,status,created_at) VALUES ('visit-01934','default-tenant-001','agent-001','cust-016','2025-12-03','customer','2025-12-03T14:00:00Z','2025-12-03T14:16:00Z',-23.9249,29.4930,'merchandising','follow_up_needed','Placed large order','in_progress','2025-12-03T14:00:00Z');
INSERT OR IGNORE INTO visits (id,tenant_id,agent_id,customer_id,visit_date,visit_type,check_in_time,check_out_time,latitude,longitude,purpose,outcome,notes,status,created_at) VALUES ('visit-01935','default-tenant-001','agent-user-001','cust-054','2025-12-14','customer','2025-12-14T15:54:00Z','2025-12-14T16:44:00Z',-26.2516,28.0316,'new_customer','no_order','Customer happy','completed','2025-12-14T15:54:00Z');
INSERT OR IGNORE INTO visits (id,tenant_id,agent_id,customer_id,visit_date,visit_type,check_in_time,check_out_time,latitude,longitude,purpose,outcome,notes,status,created_at) VALUES ('visit-01936','default-tenant-001','agent-003','cust-075','2026-01-21','customer','2026-01-21T14:31:00Z','2026-01-21T14:45:00Z',-25.7701,28.1951,'delivery','stock_checked','Placed large order','completed','2026-01-21T14:31:00Z');
INSERT OR IGNORE INTO visits (id,tenant_id,agent_id,customer_id,visit_date,visit_type,check_in_time,check_out_time,latitude,longitude,purpose,outcome,notes,status,created_at) VALUES ('visit-01937','default-tenant-001','agent-003','cust-033','2026-02-03','customer','2026-02-03T10:34:00Z','2026-02-03T10:58:00Z',-25.7929,28.1995,'delivery','stock_checked','Placed large order','completed','2026-02-03T10:34:00Z');
INSERT OR IGNORE INTO visits (id,tenant_id,agent_id,customer_id,visit_date,visit_type,check_in_time,check_out_time,latitude,longitude,purpose,outcome,notes,status,created_at) VALUES ('visit-01938','default-tenant-001','agent-004','cust-059','2026-01-03','customer','2026-01-03T12:52:00Z','2026-01-03T14:10:00Z',-32.9997,27.9101,'collection','follow_up_needed','Competitor promo spotted','completed','2026-01-03T12:52:00Z');
INSERT OR IGNORE INTO visits (id,tenant_id,agent_id,customer_id,visit_date,visit_type,check_in_time,check_out_time,latitude,longitude,purpose,outcome,notes,status,created_at) VALUES ('visit-01939','default-tenant-001','agent-002','cust-049','2026-01-24','customer','2026-01-24T16:54:00Z','2026-01-24T17:37:00Z',-26.2327,28.0368,'merchandising','issue_resolved','New display set up','cancelled','2026-01-24T16:54:00Z');
INSERT OR IGNORE INTO visits (id,tenant_id,agent_id,customer_id,visit_date,visit_type,check_in_time,check_out_time,latitude,longitude,purpose,outcome,notes,status,created_at) VALUES ('visit-01940','default-tenant-001','agent-002','cust-093','2025-12-14','customer','2025-12-14T16:24:00Z','2025-12-14T16:38:00Z',-29.0481,26.1113,'new_customer','stock_checked','Stock low','completed','2025-12-14T16:24:00Z');
INSERT OR IGNORE INTO visits (id,tenant_id,agent_id,customer_id,visit_date,visit_type,check_in_time,check_out_time,latitude,longitude,purpose,outcome,notes,status,created_at) VALUES ('visit-01941','default-tenant-001','agent-user-001','cust-077','2026-02-03','customer','2026-02-03T12:41:00Z','2026-02-03T13:12:00Z',-33.9426,25.5732,'new_customer','no_order','Shelf space increased','completed','2026-02-03T12:41:00Z');
INSERT OR IGNORE INTO visits (id,tenant_id,agent_id,customer_id,visit_date,visit_type,check_in_time,check_out_time,latitude,longitude,purpose,outcome,notes,status,created_at) VALUES ('visit-01942','default-tenant-001','agent-004','cust-096','2025-12-04','customer','2025-12-04T10:54:00Z','2025-12-04T12:00:00Z',-25.7292,28.2356,'sales','issue_resolved','Competitor promo spotted','in_progress','2025-12-04T10:54:00Z');
INSERT OR IGNORE INTO visits (id,tenant_id,agent_id,customer_id,visit_date,visit_type,check_in_time,check_out_time,latitude,longitude,purpose,outcome,notes,status,created_at) VALUES ('visit-01943','default-tenant-001','agent-001','cust-049','2025-10-10','customer','2025-10-10T16:08:00Z','2025-10-10T16:59:00Z',-29.0583,26.1975,'customer_service','issue_resolved','Good visit','pending','2025-10-10T16:08:00Z');
INSERT OR IGNORE INTO visits (id,tenant_id,agent_id,customer_id,visit_date,visit_type,check_in_time,check_out_time,latitude,longitude,purpose,outcome,notes,status,created_at) VALUES ('visit-01944','default-tenant-001','agent-005','cust-028','2026-02-25','customer','2026-02-25T08:08:00Z','2026-02-25T09:22:00Z',-28.7738,24.7656,'collection','no_order','Need more samples','completed','2026-02-25T08:08:00Z');
INSERT OR IGNORE INTO visits (id,tenant_id,agent_id,customer_id,visit_date,visit_type,check_in_time,check_out_time,latitude,longitude,purpose,outcome,notes,status,created_at) VALUES ('visit-01945','default-tenant-001','agent-001','cust-099','2025-12-22','customer','2025-12-22T14:40:00Z','2025-12-22T15:30:00Z',-33.9288,18.4151,'new_customer','order_placed','Competitor promo spotted','completed','2025-12-22T14:40:00Z');
INSERT OR IGNORE INTO visits (id,tenant_id,agent_id,customer_id,visit_date,visit_type,check_in_time,check_out_time,latitude,longitude,purpose,outcome,notes,status,created_at) VALUES ('visit-01946','default-tenant-001','agent-004','cust-010','2025-10-22','customer','2025-10-22T08:11:00Z','2025-10-22T08:42:00Z',-23.9507,29.4559,'new_customer','issue_resolved','Customer happy','completed','2025-10-22T08:11:00Z');
INSERT OR IGNORE INTO visits (id,tenant_id,agent_id,customer_id,visit_date,visit_type,check_in_time,check_out_time,latitude,longitude,purpose,outcome,notes,status,created_at) VALUES ('visit-01947','default-tenant-001','agent-005','cust-004','2026-02-11','customer','2026-02-11T16:22:00Z','2026-02-11T17:13:00Z',-32.9874,27.8803,'audit','order_placed','Stock low','pending','2026-02-11T16:22:00Z');
INSERT OR IGNORE INTO visits (id,tenant_id,agent_id,customer_id,visit_date,visit_type,check_in_time,check_out_time,latitude,longitude,purpose,outcome,notes,status,created_at) VALUES ('visit-01948','default-tenant-001','agent-user-001','cust-067','2026-02-13','customer','2026-02-13T15:54:00Z','2026-02-13T17:07:00Z',-26.2098,28.0905,'new_customer','no_order','Shelf space increased','completed','2026-02-13T15:54:00Z');
INSERT OR IGNORE INTO visits (id,tenant_id,agent_id,customer_id,visit_date,visit_type,check_in_time,check_out_time,latitude,longitude,purpose,outcome,notes,status,created_at) VALUES ('visit-01949','default-tenant-001','agent-004','cust-079','2026-01-12','customer','2026-01-12T17:47:00Z','2026-01-12T18:18:00Z',-25.4400,30.9748,'sales','stock_checked','Customer happy','completed','2026-01-12T17:47:00Z');
INSERT OR IGNORE INTO visits (id,tenant_id,agent_id,customer_id,visit_date,visit_type,check_in_time,check_out_time,latitude,longitude,purpose,outcome,notes,status,created_at) VALUES ('visit-01950','default-tenant-001','agent-002','cust-095','2025-10-21','customer','2025-10-21T14:44:00Z','2025-10-21T15:04:00Z',-26.1699,28.0308,'customer_service','stock_checked','Need more samples','pending','2025-10-21T14:44:00Z');
INSERT OR IGNORE INTO visits (id,tenant_id,agent_id,customer_id,visit_date,visit_type,check_in_time,check_out_time,latitude,longitude,purpose,outcome,notes,status,created_at) VALUES ('visit-01951','default-tenant-001','agent-003','cust-071','2025-11-26','customer','2025-11-26T09:34:00Z','2025-11-26T10:19:00Z',-23.8697,29.4328,'audit','competitor_noted','Need more samples','pending','2025-11-26T09:34:00Z');
INSERT OR IGNORE INTO visits (id,tenant_id,agent_id,customer_id,visit_date,visit_type,check_in_time,check_out_time,latitude,longitude,purpose,outcome,notes,status,created_at) VALUES ('visit-01952','default-tenant-001','agent-user-001','cust-076','2025-12-13','customer','2025-12-13T17:30:00Z','2025-12-13T18:31:00Z',-33.9690,18.3990,'new_customer','competitor_noted','Competitor promo spotted','in_progress','2025-12-13T17:30:00Z');
INSERT OR IGNORE INTO visits (id,tenant_id,agent_id,customer_id,visit_date,visit_type,check_in_time,check_out_time,latitude,longitude,purpose,outcome,notes,status,created_at) VALUES ('visit-01953','default-tenant-001','agent-004','cust-066','2025-11-06','customer','2025-11-06T10:42:00Z','2025-11-06T11:30:00Z',-33.9515,25.6404,'sales','no_order','Good visit','in_progress','2025-11-06T10:42:00Z');
INSERT OR IGNORE INTO visits (id,tenant_id,agent_id,customer_id,visit_date,visit_type,check_in_time,check_out_time,latitude,longitude,purpose,outcome,notes,status,created_at) VALUES ('visit-01954','default-tenant-001','agent-user-001','cust-028','2025-11-03','customer','2025-11-03T08:19:00Z','2025-11-03T08:41:00Z',-33.0261,27.9013,'customer_service','competitor_noted','Good visit','pending','2025-11-03T08:19:00Z');
INSERT OR IGNORE INTO visits (id,tenant_id,agent_id,customer_id,visit_date,visit_type,check_in_time,check_out_time,latitude,longitude,purpose,outcome,notes,status,created_at) VALUES ('visit-01955','default-tenant-001','agent-user-001','cust-013','2025-11-07','customer','2025-11-07T12:01:00Z','2025-11-07T13:31:00Z',-23.8879,29.5024,'customer_service','no_order','Need more samples','completed','2025-11-07T12:01:00Z');
INSERT OR IGNORE INTO visits (id,tenant_id,agent_id,customer_id,visit_date,visit_type,check_in_time,check_out_time,latitude,longitude,purpose,outcome,notes,status,created_at) VALUES ('visit-01956','default-tenant-001','agent-004','cust-093','2025-12-06','customer','2025-12-06T14:52:00Z','2025-12-06T16:17:00Z',-32.9758,27.9261,'competitor_check','no_order','Good visit','in_progress','2025-12-06T14:52:00Z');
INSERT OR IGNORE INTO visits (id,tenant_id,agent_id,customer_id,visit_date,visit_type,check_in_time,check_out_time,latitude,longitude,purpose,outcome,notes,status,created_at) VALUES ('visit-01957','default-tenant-001','agent-002','cust-079','2025-12-06','customer','2025-12-06T12:33:00Z','2025-12-06T13:25:00Z',-28.7704,24.7392,'competitor_check','order_placed','','cancelled','2025-12-06T12:33:00Z');
INSERT OR IGNORE INTO visits (id,tenant_id,agent_id,customer_id,visit_date,visit_type,check_in_time,check_out_time,latitude,longitude,purpose,outcome,notes,status,created_at) VALUES ('visit-01958','default-tenant-001','agent-002','cust-054','2026-01-21','customer','2026-01-21T08:25:00Z','2026-01-21T09:11:00Z',-26.1887,28.0717,'merchandising','competitor_noted','Customer happy','completed','2026-01-21T08:25:00Z');
INSERT OR IGNORE INTO visits (id,tenant_id,agent_id,customer_id,visit_date,visit_type,check_in_time,check_out_time,latitude,longitude,purpose,outcome,notes,status,created_at) VALUES ('visit-01959','default-tenant-001','agent-001','cust-082','2025-10-20','customer','2025-10-20T14:35:00Z','2025-10-20T15:22:00Z',-33.0455,27.9363,'customer_service','stock_checked','','pending','2025-10-20T14:35:00Z');
INSERT OR IGNORE INTO visits (id,tenant_id,agent_id,customer_id,visit_date,visit_type,check_in_time,check_out_time,latitude,longitude,purpose,outcome,notes,status,created_at) VALUES ('visit-01960','default-tenant-001','agent-user-001','cust-079','2025-12-16','customer','2025-12-16T07:20:00Z','2025-12-16T08:34:00Z',-25.7018,28.2236,'competitor_check','stock_checked','Stock low','cancelled','2025-12-16T07:20:00Z');
INSERT OR IGNORE INTO visits (id,tenant_id,agent_id,customer_id,visit_date,visit_type,check_in_time,check_out_time,latitude,longitude,purpose,outcome,notes,status,created_at) VALUES ('visit-01961','default-tenant-001','agent-003','cust-038','2026-02-10','customer','2026-02-10T14:37:00Z','2026-02-10T15:38:00Z',-26.1618,28.0520,'customer_service','competitor_noted','Need more samples','cancelled','2026-02-10T14:37:00Z');
INSERT OR IGNORE INTO visits (id,tenant_id,agent_id,customer_id,visit_date,visit_type,check_in_time,check_out_time,latitude,longitude,purpose,outcome,notes,status,created_at) VALUES ('visit-01962','default-tenant-001','agent-user-001','cust-074','2026-02-15','customer','2026-02-15T13:53:00Z','2026-02-15T14:43:00Z',-33.9082,18.4081,'customer_service','follow_up_needed','Shelf space increased','pending','2026-02-15T13:53:00Z');
INSERT OR IGNORE INTO visits (id,tenant_id,agent_id,customer_id,visit_date,visit_type,check_in_time,check_out_time,latitude,longitude,purpose,outcome,notes,status,created_at) VALUES ('visit-01963','default-tenant-001','agent-005','cust-094','2026-03-10','customer','2026-03-10T16:49:00Z','2026-03-10T16:59:00Z',-23.8598,29.4896,'sales','order_placed','New display set up','completed','2026-03-10T16:49:00Z');
INSERT OR IGNORE INTO visits (id,tenant_id,agent_id,customer_id,visit_date,visit_type,check_in_time,check_out_time,latitude,longitude,purpose,outcome,notes,status,created_at) VALUES ('visit-01964','default-tenant-001','agent-user-001','cust-082','2025-12-30','customer','2025-12-30T15:13:00Z','2025-12-30T16:32:00Z',-33.0288,27.9241,'audit','no_order','Stock low','completed','2025-12-30T15:13:00Z');
INSERT OR IGNORE INTO visits (id,tenant_id,agent_id,customer_id,visit_date,visit_type,check_in_time,check_out_time,latitude,longitude,purpose,outcome,notes,status,created_at) VALUES ('visit-01965','default-tenant-001','agent-user-001','cust-020','2025-12-12','customer','2025-12-12T11:22:00Z','2025-12-12T11:53:00Z',-33.9477,25.6164,'delivery','follow_up_needed','Shelf space increased','completed','2025-12-12T11:22:00Z');
INSERT OR IGNORE INTO visits (id,tenant_id,agent_id,customer_id,visit_date,visit_type,check_in_time,check_out_time,latitude,longitude,purpose,outcome,notes,status,created_at) VALUES ('visit-01966','default-tenant-001','agent-004','cust-005','2025-11-16','customer','2025-11-16T08:39:00Z','2025-11-16T09:36:00Z',-33.9304,18.4283,'delivery','follow_up_needed','Customer happy','completed','2025-11-16T08:39:00Z');
INSERT OR IGNORE INTO visits (id,tenant_id,agent_id,customer_id,visit_date,visit_type,check_in_time,check_out_time,latitude,longitude,purpose,outcome,notes,status,created_at) VALUES ('visit-01967','default-tenant-001','agent-004','cust-068','2026-02-12','customer','2026-02-12T12:47:00Z','2026-02-12T13:24:00Z',-28.7626,24.7737,'delivery','no_order','Stock low','completed','2026-02-12T12:47:00Z');
INSERT OR IGNORE INTO visits (id,tenant_id,agent_id,customer_id,visit_date,visit_type,check_in_time,check_out_time,latitude,longitude,purpose,outcome,notes,status,created_at) VALUES ('visit-01968','default-tenant-001','agent-005','cust-092','2025-11-21','customer','2025-11-21T13:46:00Z','2025-11-21T14:09:00Z',-28.7579,24.7665,'delivery','competitor_noted','Placed large order','in_progress','2025-11-21T13:46:00Z');
INSERT OR IGNORE INTO visits (id,tenant_id,agent_id,customer_id,visit_date,visit_type,check_in_time,check_out_time,latitude,longitude,purpose,outcome,notes,status,created_at) VALUES ('visit-01969','default-tenant-001','agent-005','cust-073','2025-12-14','customer','2025-12-14T09:30:00Z','2025-12-14T10:58:00Z',-25.4984,30.9447,'sales','stock_checked','Customer happy','completed','2025-12-14T09:30:00Z');
INSERT OR IGNORE INTO visits (id,tenant_id,agent_id,customer_id,visit_date,visit_type,check_in_time,check_out_time,latitude,longitude,purpose,outcome,notes,status,created_at) VALUES ('visit-01970','default-tenant-001','agent-002','cust-090','2025-10-15','customer','2025-10-15T09:22:00Z','2025-10-15T10:04:00Z',-23.8880,29.5032,'delivery','follow_up_needed','Competitor promo spotted','completed','2025-10-15T09:22:00Z');
INSERT OR IGNORE INTO visits (id,tenant_id,agent_id,customer_id,visit_date,visit_type,check_in_time,check_out_time,latitude,longitude,purpose,outcome,notes,status,created_at) VALUES ('visit-01971','default-tenant-001','agent-003','cust-019','2025-11-01','customer','2025-11-01T10:02:00Z','2025-11-01T10:56:00Z',-32.9694,27.8627,'merchandising','issue_resolved','New display set up','pending','2025-11-01T10:02:00Z');
INSERT OR IGNORE INTO visits (id,tenant_id,agent_id,customer_id,visit_date,visit_type,check_in_time,check_out_time,latitude,longitude,purpose,outcome,notes,status,created_at) VALUES ('visit-01972','default-tenant-001','agent-002','cust-030','2026-01-09','customer','2026-01-09T13:08:00Z','2026-01-09T14:38:00Z',-28.7579,24.7183,'audit','issue_resolved','Shelf space increased','completed','2026-01-09T13:08:00Z');
INSERT OR IGNORE INTO visits (id,tenant_id,agent_id,customer_id,visit_date,visit_type,check_in_time,check_out_time,latitude,longitude,purpose,outcome,notes,status,created_at) VALUES ('visit-01973','default-tenant-001','agent-005','cust-063','2025-12-11','customer','2025-12-11T15:56:00Z','2025-12-11T17:16:00Z',-28.7494,24.7785,'delivery','no_order','Follow up needed','in_progress','2025-12-11T15:56:00Z');
INSERT OR IGNORE INTO visits (id,tenant_id,agent_id,customer_id,visit_date,visit_type,check_in_time,check_out_time,latitude,longitude,purpose,outcome,notes,status,created_at) VALUES ('visit-01974','default-tenant-001','agent-004','cust-070','2026-01-04','customer','2026-01-04T12:39:00Z','2026-01-04T12:49:00Z',-29.8402,30.9735,'new_customer','order_placed','Competitor promo spotted','completed','2026-01-04T12:39:00Z');
INSERT OR IGNORE INTO visits (id,tenant_id,agent_id,customer_id,visit_date,visit_type,check_in_time,check_out_time,latitude,longitude,purpose,outcome,notes,status,created_at) VALUES ('visit-01975','default-tenant-001','agent-user-001','cust-075','2026-01-25','customer','2026-01-25T10:46:00Z','2026-01-25T11:43:00Z',-23.8596,29.4716,'new_customer','issue_resolved','Good visit','completed','2026-01-25T10:46:00Z');
INSERT OR IGNORE INTO visits (id,tenant_id,agent_id,customer_id,visit_date,visit_type,check_in_time,check_out_time,latitude,longitude,purpose,outcome,notes,status,created_at) VALUES ('visit-01976','default-tenant-001','agent-004','cust-060','2026-02-21','customer','2026-02-21T16:56:00Z','2026-02-21T18:01:00Z',-23.8797,29.4397,'collection','no_order','Customer happy','completed','2026-02-21T16:56:00Z');
INSERT OR IGNORE INTO visits (id,tenant_id,agent_id,customer_id,visit_date,visit_type,check_in_time,check_out_time,latitude,longitude,purpose,outcome,notes,status,created_at) VALUES ('visit-01977','default-tenant-001','agent-005','cust-097','2025-12-14','customer','2025-12-14T13:25:00Z','2025-12-14T13:39:00Z',-26.2241,28.0204,'collection','order_placed','Shelf space increased','completed','2025-12-14T13:25:00Z');
INSERT OR IGNORE INTO visits (id,tenant_id,agent_id,customer_id,visit_date,visit_type,check_in_time,check_out_time,latitude,longitude,purpose,outcome,notes,status,created_at) VALUES ('visit-01978','default-tenant-001','agent-004','cust-028','2026-02-14','customer','2026-02-14T07:24:00Z','2026-02-14T07:48:00Z',-33.9643,18.4087,'audit','order_placed','Need more samples','completed','2026-02-14T07:24:00Z');
INSERT OR IGNORE INTO visits (id,tenant_id,agent_id,customer_id,visit_date,visit_type,check_in_time,check_out_time,latitude,longitude,purpose,outcome,notes,status,created_at) VALUES ('visit-01979','default-tenant-001','agent-004','cust-049','2025-12-03','customer','2025-12-03T11:27:00Z','2025-12-03T12:45:00Z',-25.7913,28.1877,'competitor_check','stock_checked','Need more samples','pending','2025-12-03T11:27:00Z');
INSERT OR IGNORE INTO visits (id,tenant_id,agent_id,customer_id,visit_date,visit_type,check_in_time,check_out_time,latitude,longitude,purpose,outcome,notes,status,created_at) VALUES ('visit-01980','default-tenant-001','agent-user-001','cust-057','2025-10-09','customer','2025-10-09T11:34:00Z','2025-10-09T12:51:00Z',-33.9676,18.4595,'delivery','issue_resolved','Follow up needed','completed','2025-10-09T11:34:00Z');
INSERT OR IGNORE INTO visits (id,tenant_id,agent_id,customer_id,visit_date,visit_type,check_in_time,check_out_time,latitude,longitude,purpose,outcome,notes,status,created_at) VALUES ('visit-01981','default-tenant-001','agent-user-001','cust-020','2026-02-06','customer','2026-02-06T10:22:00Z','2026-02-06T10:46:00Z',-29.1316,26.1830,'sales','issue_resolved','Stock low','cancelled','2026-02-06T10:22:00Z');
INSERT OR IGNORE INTO visits (id,tenant_id,agent_id,customer_id,visit_date,visit_type,check_in_time,check_out_time,latitude,longitude,purpose,outcome,notes,status,created_at) VALUES ('visit-01982','default-tenant-001','agent-004','cust-073','2025-12-04','customer','2025-12-04T12:32:00Z','2025-12-04T13:17:00Z',-33.9540,18.3866,'new_customer','order_placed','Good visit','completed','2025-12-04T12:32:00Z');
INSERT OR IGNORE INTO visits (id,tenant_id,agent_id,customer_id,visit_date,visit_type,check_in_time,check_out_time,latitude,longitude,purpose,outcome,notes,status,created_at) VALUES ('visit-01983','default-tenant-001','agent-003','cust-050','2026-01-29','customer','2026-01-29T09:38:00Z','2026-01-29T10:24:00Z',-25.7270,28.2763,'merchandising','stock_checked','Competitor promo spotted','pending','2026-01-29T09:38:00Z');
INSERT OR IGNORE INTO visits (id,tenant_id,agent_id,customer_id,visit_date,visit_type,check_in_time,check_out_time,latitude,longitude,purpose,outcome,notes,status,created_at) VALUES ('visit-01984','default-tenant-001','agent-004','cust-055','2025-10-17','customer','2025-10-17T15:36:00Z','2025-10-17T16:27:00Z',-33.9591,18.4377,'collection','no_order','Customer happy','completed','2025-10-17T15:36:00Z');
INSERT OR IGNORE INTO visits (id,tenant_id,agent_id,customer_id,visit_date,visit_type,check_in_time,check_out_time,latitude,longitude,purpose,outcome,notes,status,created_at) VALUES ('visit-01985','default-tenant-001','agent-004','cust-059','2025-11-17','customer','2025-11-17T07:40:00Z','2025-11-17T08:22:00Z',-29.1178,26.1335,'delivery','stock_checked','Good visit','completed','2025-11-17T07:40:00Z');
INSERT OR IGNORE INTO visits (id,tenant_id,agent_id,customer_id,visit_date,visit_type,check_in_time,check_out_time,latitude,longitude,purpose,outcome,notes,status,created_at) VALUES ('visit-01986','default-tenant-001','agent-user-001','cust-032','2025-10-09','customer','2025-10-09T12:43:00Z','2025-10-09T12:53:00Z',-29.9015,31.0493,'competitor_check','no_order','Competitor promo spotted','completed','2025-10-09T12:43:00Z');
INSERT OR IGNORE INTO visits (id,tenant_id,agent_id,customer_id,visit_date,visit_type,check_in_time,check_out_time,latitude,longitude,purpose,outcome,notes,status,created_at) VALUES ('visit-01987','default-tenant-001','agent-002','cust-094','2026-01-15','customer','2026-01-15T14:50:00Z','2026-01-15T15:01:00Z',-23.9177,29.4717,'delivery','competitor_noted','Placed large order','completed','2026-01-15T14:50:00Z');
INSERT OR IGNORE INTO visits (id,tenant_id,agent_id,customer_id,visit_date,visit_type,check_in_time,check_out_time,latitude,longitude,purpose,outcome,notes,status,created_at) VALUES ('visit-01988','default-tenant-001','agent-user-001','cust-040','2025-12-23','customer','2025-12-23T08:39:00Z','2025-12-23T09:04:00Z',-29.8612,31.0064,'delivery','no_order','Follow up needed','completed','2025-12-23T08:39:00Z');
INSERT OR IGNORE INTO visits (id,tenant_id,agent_id,customer_id,visit_date,visit_type,check_in_time,check_out_time,latitude,longitude,purpose,outcome,notes,status,created_at) VALUES ('visit-01989','default-tenant-001','agent-001','cust-097','2026-02-24','customer','2026-02-24T09:20:00Z','2026-02-24T10:09:00Z',-25.7030,28.1821,'sales','stock_checked','Competitor promo spotted','completed','2026-02-24T09:20:00Z');
INSERT OR IGNORE INTO visits (id,tenant_id,agent_id,customer_id,visit_date,visit_type,check_in_time,check_out_time,latitude,longitude,purpose,outcome,notes,status,created_at) VALUES ('visit-01990','default-tenant-001','agent-004','cust-009','2025-10-18','customer','2025-10-18T14:11:00Z','2025-10-18T14:42:00Z',-26.2098,28.0782,'merchandising','issue_resolved','Stock low','in_progress','2025-10-18T14:11:00Z');
INSERT OR IGNORE INTO visits (id,tenant_id,agent_id,customer_id,visit_date,visit_type,check_in_time,check_out_time,latitude,longitude,purpose,outcome,notes,status,created_at) VALUES ('visit-01991','default-tenant-001','agent-001','cust-036','2026-03-01','customer','2026-03-01T09:02:00Z','2026-03-01T10:01:00Z',-33.9116,25.6239,'competitor_check','order_placed','Follow up needed','in_progress','2026-03-01T09:02:00Z');
INSERT OR IGNORE INTO visits (id,tenant_id,agent_id,customer_id,visit_date,visit_type,check_in_time,check_out_time,latitude,longitude,purpose,outcome,notes,status,created_at) VALUES ('visit-01992','default-tenant-001','agent-user-001','cust-017','2026-02-23','customer','2026-02-23T10:47:00Z','2026-02-23T11:50:00Z',-26.1840,28.0257,'competitor_check','order_placed','Good visit','completed','2026-02-23T10:47:00Z');
INSERT OR IGNORE INTO visits (id,tenant_id,agent_id,customer_id,visit_date,visit_type,check_in_time,check_out_time,latitude,longitude,purpose,outcome,notes,status,created_at) VALUES ('visit-01993','default-tenant-001','agent-001','cust-065','2026-03-07','customer','2026-03-07T16:16:00Z','2026-03-07T16:37:00Z',-28.7328,24.7719,'merchandising','follow_up_needed','New display set up','in_progress','2026-03-07T16:16:00Z');
INSERT OR IGNORE INTO visits (id,tenant_id,agent_id,customer_id,visit_date,visit_type,check_in_time,check_out_time,latitude,longitude,purpose,outcome,notes,status,created_at) VALUES ('visit-01994','default-tenant-001','agent-004','cust-012','2025-10-09','customer','2025-10-09T12:28:00Z','2025-10-09T13:28:00Z',-29.0899,26.2031,'collection','no_order','Good visit','cancelled','2025-10-09T12:28:00Z');
INSERT OR IGNORE INTO visits (id,tenant_id,agent_id,customer_id,visit_date,visit_type,check_in_time,check_out_time,latitude,longitude,purpose,outcome,notes,status,created_at) VALUES ('visit-01995','default-tenant-001','agent-003','cust-073','2026-02-06','customer','2026-02-06T10:07:00Z','2026-02-06T10:28:00Z',-25.4664,31.0008,'new_customer','no_order','Placed large order','completed','2026-02-06T10:07:00Z');
INSERT OR IGNORE INTO visits (id,tenant_id,agent_id,customer_id,visit_date,visit_type,check_in_time,check_out_time,latitude,longitude,purpose,outcome,notes,status,created_at) VALUES ('visit-01996','default-tenant-001','agent-user-001','cust-016','2026-01-02','customer','2026-01-02T14:06:00Z','2026-01-02T15:12:00Z',-26.1675,28.0247,'audit','issue_resolved','Follow up needed','completed','2026-01-02T14:06:00Z');
INSERT OR IGNORE INTO visits (id,tenant_id,agent_id,customer_id,visit_date,visit_type,check_in_time,check_out_time,latitude,longitude,purpose,outcome,notes,status,created_at) VALUES ('visit-01997','default-tenant-001','agent-user-001','cust-078','2025-11-02','customer','2025-11-02T15:01:00Z','2025-11-02T15:26:00Z',-33.9235,18.4395,'delivery','competitor_noted','Follow up needed','completed','2025-11-02T15:01:00Z');
INSERT OR IGNORE INTO visits (id,tenant_id,agent_id,customer_id,visit_date,visit_type,check_in_time,check_out_time,latitude,longitude,purpose,outcome,notes,status,created_at) VALUES ('visit-01998','default-tenant-001','agent-user-001','cust-080','2025-11-01','customer','2025-11-01T14:52:00Z','2025-11-01T15:15:00Z',-23.8846,29.5057,'new_customer','stock_checked','Customer happy','completed','2025-11-01T14:52:00Z');
INSERT OR IGNORE INTO visits (id,tenant_id,agent_id,customer_id,visit_date,visit_type,check_in_time,check_out_time,latitude,longitude,purpose,outcome,notes,status,created_at) VALUES ('visit-01999','default-tenant-001','agent-002','cust-019','2025-10-13','customer','2025-10-13T09:30:00Z','2025-10-13T10:40:00Z',-26.1563,28.0198,'competitor_check','order_placed','Good visit','completed','2025-10-13T09:30:00Z');
INSERT OR IGNORE INTO visits (id,tenant_id,agent_id,customer_id,visit_date,visit_type,check_in_time,check_out_time,latitude,longitude,purpose,outcome,notes,status,created_at) VALUES ('visit-02000','default-tenant-001','agent-004','cust-054','2025-10-01','customer','2025-10-01T10:18:00Z','2025-10-01T10:31:00Z',-29.8680,30.9878,'sales','no_order','Good visit','completed','2025-10-01T10:18:00Z');
INSERT OR IGNORE INTO commission_earnings (id,tenant_id,earner_id,source_type,source_id,rate,base_amount,amount,status,period_start,period_end,created_at) VALUES ('comm-001','default-tenant-001','agent-003','sales_order','order-0235',0.1,2495.95,249.59,'pending','2026-02-01','2026-02-28','2026-02-23T12:00:00Z');
INSERT OR IGNORE INTO commission_earnings (id,tenant_id,earner_id,source_type,source_id,rate,base_amount,amount,status,period_start,period_end,created_at) VALUES ('comm-002','default-tenant-001','agent-002','sales_order','order-0457',0.1,571.75,57.18,'pending','2025-12-01','2025-12-28','2025-12-24T12:00:00Z');
INSERT OR IGNORE INTO commission_earnings (id,tenant_id,earner_id,source_type,source_id,rate,base_amount,amount,status,period_start,period_end,created_at) VALUES ('comm-003','default-tenant-001','agent-003','sales_order','order-0485',0.05,1513.33,75.67,'pending','2025-12-01','2025-12-28','2025-12-16T12:00:00Z');
INSERT OR IGNORE INTO commission_earnings (id,tenant_id,earner_id,source_type,source_id,rate,base_amount,amount,status,period_start,period_end,created_at) VALUES ('comm-004','default-tenant-001','agent-005','sales_order','order-0071',0.1,1391.6,139.16,'approved','2026-03-01','2026-03-28','2026-03-05T12:00:00Z');
INSERT OR IGNORE INTO commission_earnings (id,tenant_id,earner_id,source_type,source_id,rate,base_amount,amount,status,period_start,period_end,created_at) VALUES ('comm-005','default-tenant-001','agent-004','sales_order','order-0180',0.05,2222.58,111.13,'approved','2025-12-01','2025-12-28','2025-12-03T12:00:00Z');
INSERT OR IGNORE INTO commission_earnings (id,tenant_id,earner_id,source_type,source_id,rate,base_amount,amount,status,period_start,period_end,created_at) VALUES ('comm-006','default-tenant-001','agent-004','sales_order','order-0198',0.03,4299.59,128.99,'pending','2026-01-01','2026-01-28','2026-01-31T12:00:00Z');
INSERT OR IGNORE INTO commission_earnings (id,tenant_id,earner_id,source_type,source_id,rate,base_amount,amount,status,period_start,period_end,created_at) VALUES ('comm-007','default-tenant-001','agent-001','sales_order','order-0267',0.08,1821.22,145.7,'paid','2026-01-01','2026-01-28','2026-01-18T12:00:00Z');
INSERT OR IGNORE INTO commission_earnings (id,tenant_id,earner_id,source_type,source_id,rate,base_amount,amount,status,period_start,period_end,created_at) VALUES ('comm-008','default-tenant-001','agent-003','sales_order','order-0054',0.03,3352.34,100.57,'approved','2026-02-01','2026-02-28','2026-02-18T12:00:00Z');
INSERT OR IGNORE INTO commission_earnings (id,tenant_id,earner_id,source_type,source_id,rate,base_amount,amount,status,period_start,period_end,created_at) VALUES ('comm-009','default-tenant-001','agent-005','sales_order','order-0432',0.02,4326.87,86.54,'pending','2025-12-01','2025-12-28','2025-12-18T12:00:00Z');
INSERT OR IGNORE INTO commission_earnings (id,tenant_id,earner_id,source_type,source_id,rate,base_amount,amount,status,period_start,period_end,created_at) VALUES ('comm-010','default-tenant-001','agent-005','sales_order','order-0142',0.08,2285.88,182.87,'approved','2025-12-01','2025-12-28','2025-12-27T12:00:00Z');
INSERT OR IGNORE INTO commission_earnings (id,tenant_id,earner_id,source_type,source_id,rate,base_amount,amount,status,period_start,period_end,created_at) VALUES ('comm-011','default-tenant-001','agent-005','sales_order','order-0026',0.05,891.24,44.56,'pending','2026-03-01','2026-03-28','2026-03-03T12:00:00Z');
INSERT OR IGNORE INTO commission_earnings (id,tenant_id,earner_id,source_type,source_id,rate,base_amount,amount,status,period_start,period_end,created_at) VALUES ('comm-012','default-tenant-001','agent-004','sales_order','order-0092',0.08,1683.26,134.66,'pending','2026-03-01','2026-03-28','2026-03-07T12:00:00Z');
INSERT OR IGNORE INTO commission_earnings (id,tenant_id,earner_id,source_type,source_id,rate,base_amount,amount,status,period_start,period_end,created_at) VALUES ('comm-013','default-tenant-001','agent-001','sales_order','order-0257',0.02,1582.2,31.64,'pending','2025-10-01','2025-10-28','2025-10-31T12:00:00Z');
INSERT OR IGNORE INTO commission_earnings (id,tenant_id,earner_id,source_type,source_id,rate,base_amount,amount,status,period_start,period_end,created_at) VALUES ('comm-014','default-tenant-001','agent-user-001','sales_order','order-0471',0.03,3787.94,113.64,'paid','2026-01-01','2026-01-28','2026-01-19T12:00:00Z');
INSERT OR IGNORE INTO commission_earnings (id,tenant_id,earner_id,source_type,source_id,rate,base_amount,amount,status,period_start,period_end,created_at) VALUES ('comm-015','default-tenant-001','agent-005','sales_order','order-0387',0.08,1793.24,143.46,'paid','2026-01-01','2026-01-28','2026-01-10T12:00:00Z');
INSERT OR IGNORE INTO commission_earnings (id,tenant_id,earner_id,source_type,source_id,rate,base_amount,amount,status,period_start,period_end,created_at) VALUES ('comm-016','default-tenant-001','agent-003','sales_order','order-0242',0.02,2866.65,57.33,'pending','2025-12-01','2025-12-28','2025-12-24T12:00:00Z');
INSERT OR IGNORE INTO commission_earnings (id,tenant_id,earner_id,source_type,source_id,rate,base_amount,amount,status,period_start,period_end,created_at) VALUES ('comm-017','default-tenant-001','agent-user-001','sales_order','order-0059',0.05,3469.58,173.48,'pending','2025-10-01','2025-10-28','2025-10-29T12:00:00Z');
INSERT OR IGNORE INTO commission_earnings (id,tenant_id,earner_id,source_type,source_id,rate,base_amount,amount,status,period_start,period_end,created_at) VALUES ('comm-018','default-tenant-001','agent-003','sales_order','order-0299',0.03,4948.78,148.46,'approved','2025-12-01','2025-12-28','2025-12-10T12:00:00Z');
INSERT OR IGNORE INTO commission_earnings (id,tenant_id,earner_id,source_type,source_id,rate,base_amount,amount,status,period_start,period_end,created_at) VALUES ('comm-019','default-tenant-001','agent-004','sales_order','order-0171',0.1,3673.59,367.36,'paid','2025-10-01','2025-10-28','2025-10-13T12:00:00Z');
INSERT OR IGNORE INTO commission_earnings (id,tenant_id,earner_id,source_type,source_id,rate,base_amount,amount,status,period_start,period_end,created_at) VALUES ('comm-020','default-tenant-001','agent-user-001','sales_order','order-0374',0.1,1707.96,170.8,'approved','2026-02-01','2026-02-28','2026-02-07T12:00:00Z');
INSERT OR IGNORE INTO commission_earnings (id,tenant_id,earner_id,source_type,source_id,rate,base_amount,amount,status,period_start,period_end,created_at) VALUES ('comm-021','default-tenant-001','agent-005','sales_order','order-0335',0.08,1091.56,87.32,'approved','2026-01-01','2026-01-28','2026-01-26T12:00:00Z');
INSERT OR IGNORE INTO commission_earnings (id,tenant_id,earner_id,source_type,source_id,rate,base_amount,amount,status,period_start,period_end,created_at) VALUES ('comm-022','default-tenant-001','agent-001','sales_order','order-0214',0.02,3880.44,77.61,'paid','2025-12-01','2025-12-28','2025-12-20T12:00:00Z');
INSERT OR IGNORE INTO commission_earnings (id,tenant_id,earner_id,source_type,source_id,rate,base_amount,amount,status,period_start,period_end,created_at) VALUES ('comm-023','default-tenant-001','agent-003','sales_order','order-0399',0.03,1545.13,46.35,'paid','2026-02-01','2026-02-28','2026-02-11T12:00:00Z');
INSERT OR IGNORE INTO commission_earnings (id,tenant_id,earner_id,source_type,source_id,rate,base_amount,amount,status,period_start,period_end,created_at) VALUES ('comm-024','default-tenant-001','agent-003','sales_order','order-0029',0.03,933.72,28.01,'paid','2026-01-01','2026-01-28','2026-01-08T12:00:00Z');
INSERT OR IGNORE INTO commission_earnings (id,tenant_id,earner_id,source_type,source_id,rate,base_amount,amount,status,period_start,period_end,created_at) VALUES ('comm-025','default-tenant-001','agent-003','sales_order','order-0395',0.1,1794.64,179.46,'pending','2025-12-01','2025-12-28','2025-12-07T12:00:00Z');
INSERT OR IGNORE INTO commission_earnings (id,tenant_id,earner_id,source_type,source_id,rate,base_amount,amount,status,period_start,period_end,created_at) VALUES ('comm-026','default-tenant-001','agent-005','sales_order','order-0386',0.03,4052.51,121.58,'pending','2025-11-01','2025-11-28','2025-11-20T12:00:00Z');
INSERT OR IGNORE INTO commission_earnings (id,tenant_id,earner_id,source_type,source_id,rate,base_amount,amount,status,period_start,period_end,created_at) VALUES ('comm-027','default-tenant-001','agent-003','sales_order','order-0199',0.1,816.79,81.68,'pending','2025-12-01','2025-12-28','2025-12-07T12:00:00Z');
INSERT OR IGNORE INTO commission_earnings (id,tenant_id,earner_id,source_type,source_id,rate,base_amount,amount,status,period_start,period_end,created_at) VALUES ('comm-028','default-tenant-001','agent-002','sales_order','order-0495',0.03,3037.2,91.12,'approved','2025-12-01','2025-12-28','2025-12-09T12:00:00Z');
INSERT OR IGNORE INTO commission_earnings (id,tenant_id,earner_id,source_type,source_id,rate,base_amount,amount,status,period_start,period_end,created_at) VALUES ('comm-029','default-tenant-001','agent-001','sales_order','order-0109',0.08,4641.4,371.31,'pending','2025-11-01','2025-11-28','2025-11-06T12:00:00Z');
INSERT OR IGNORE INTO commission_earnings (id,tenant_id,earner_id,source_type,source_id,rate,base_amount,amount,status,period_start,period_end,created_at) VALUES ('comm-030','default-tenant-001','agent-005','sales_order','order-0022',0.03,2195.42,65.86,'pending','2025-11-01','2025-11-28','2025-11-10T12:00:00Z');
INSERT OR IGNORE INTO commission_earnings (id,tenant_id,earner_id,source_type,source_id,rate,base_amount,amount,status,period_start,period_end,created_at) VALUES ('comm-031','default-tenant-001','agent-002','sales_order','order-0276',0.03,3241.22,97.24,'pending','2026-01-01','2026-01-28','2026-01-02T12:00:00Z');
INSERT OR IGNORE INTO commission_earnings (id,tenant_id,earner_id,source_type,source_id,rate,base_amount,amount,status,period_start,period_end,created_at) VALUES ('comm-032','default-tenant-001','agent-004','sales_order','order-0482',0.08,2755.67,220.45,'pending','2026-03-01','2026-03-28','2026-03-09T12:00:00Z');
INSERT OR IGNORE INTO commission_earnings (id,tenant_id,earner_id,source_type,source_id,rate,base_amount,amount,status,period_start,period_end,created_at) VALUES ('comm-033','default-tenant-001','agent-004','sales_order','order-0402',0.08,3574.0,285.92,'pending','2026-01-01','2026-01-28','2026-01-13T12:00:00Z');
INSERT OR IGNORE INTO commission_earnings (id,tenant_id,earner_id,source_type,source_id,rate,base_amount,amount,status,period_start,period_end,created_at) VALUES ('comm-034','default-tenant-001','agent-002','sales_order','order-0010',0.1,4391.06,439.11,'pending','2025-11-01','2025-11-28','2025-11-22T12:00:00Z');
INSERT OR IGNORE INTO commission_earnings (id,tenant_id,earner_id,source_type,source_id,rate,base_amount,amount,status,period_start,period_end,created_at) VALUES ('comm-035','default-tenant-001','agent-001','sales_order','order-0109',0.05,2095.83,104.79,'pending','2025-10-01','2025-10-28','2025-10-16T12:00:00Z');
INSERT OR IGNORE INTO commission_earnings (id,tenant_id,earner_id,source_type,source_id,rate,base_amount,amount,status,period_start,period_end,created_at) VALUES ('comm-036','default-tenant-001','agent-002','sales_order','order-0352',0.03,2674.02,80.22,'pending','2025-10-01','2025-10-28','2025-10-28T12:00:00Z');
INSERT OR IGNORE INTO commission_earnings (id,tenant_id,earner_id,source_type,source_id,rate,base_amount,amount,status,period_start,period_end,created_at) VALUES ('comm-037','default-tenant-001','agent-003','sales_order','order-0321',0.02,3828.06,76.56,'pending','2025-10-01','2025-10-28','2025-10-22T12:00:00Z');
INSERT OR IGNORE INTO commission_earnings (id,tenant_id,earner_id,source_type,source_id,rate,base_amount,amount,status,period_start,period_end,created_at) VALUES ('comm-038','default-tenant-001','agent-005','sales_order','order-0222',0.1,4728.77,472.88,'approved','2025-12-01','2025-12-28','2025-12-27T12:00:00Z');
INSERT OR IGNORE INTO commission_earnings (id,tenant_id,earner_id,source_type,source_id,rate,base_amount,amount,status,period_start,period_end,created_at) VALUES ('comm-039','default-tenant-001','agent-003','sales_order','order-0075',0.02,4170.22,83.4,'pending','2025-12-01','2025-12-28','2025-12-03T12:00:00Z');
INSERT OR IGNORE INTO commission_earnings (id,tenant_id,earner_id,source_type,source_id,rate,base_amount,amount,status,period_start,period_end,created_at) VALUES ('comm-040','default-tenant-001','agent-005','sales_order','order-0202',0.05,2364.87,118.24,'pending','2025-12-01','2025-12-28','2025-12-06T12:00:00Z');
INSERT OR IGNORE INTO commission_earnings (id,tenant_id,earner_id,source_type,source_id,rate,base_amount,amount,status,period_start,period_end,created_at) VALUES ('comm-041','default-tenant-001','agent-005','sales_order','order-0127',0.02,4548.06,90.96,'paid','2025-11-01','2025-11-28','2025-11-28T12:00:00Z');
INSERT OR IGNORE INTO commission_earnings (id,tenant_id,earner_id,source_type,source_id,rate,base_amount,amount,status,period_start,period_end,created_at) VALUES ('comm-042','default-tenant-001','agent-user-001','sales_order','order-0448',0.1,3648.97,364.9,'pending','2026-02-01','2026-02-28','2026-02-14T12:00:00Z');
INSERT OR IGNORE INTO commission_earnings (id,tenant_id,earner_id,source_type,source_id,rate,base_amount,amount,status,period_start,period_end,created_at) VALUES ('comm-043','default-tenant-001','agent-002','sales_order','order-0208',0.05,2095.96,104.8,'pending','2026-02-01','2026-02-28','2026-02-02T12:00:00Z');
INSERT OR IGNORE INTO commission_earnings (id,tenant_id,earner_id,source_type,source_id,rate,base_amount,amount,status,period_start,period_end,created_at) VALUES ('comm-044','default-tenant-001','agent-user-001','sales_order','order-0075',0.05,4546.71,227.34,'pending','2026-01-01','2026-01-28','2026-01-29T12:00:00Z');
INSERT OR IGNORE INTO commission_earnings (id,tenant_id,earner_id,source_type,source_id,rate,base_amount,amount,status,period_start,period_end,created_at) VALUES ('comm-045','default-tenant-001','agent-003','sales_order','order-0070',0.1,2533.98,253.4,'approved','2026-01-01','2026-01-28','2026-01-21T12:00:00Z');
INSERT OR IGNORE INTO commission_earnings (id,tenant_id,earner_id,source_type,source_id,rate,base_amount,amount,status,period_start,period_end,created_at) VALUES ('comm-046','default-tenant-001','agent-005','sales_order','order-0054',0.03,4923.66,147.71,'paid','2026-01-01','2026-01-28','2026-01-13T12:00:00Z');
INSERT OR IGNORE INTO commission_earnings (id,tenant_id,earner_id,source_type,source_id,rate,base_amount,amount,status,period_start,period_end,created_at) VALUES ('comm-047','default-tenant-001','agent-001','sales_order','order-0239',0.02,4024.3,80.49,'pending','2025-11-01','2025-11-28','2025-11-29T12:00:00Z');
INSERT OR IGNORE INTO commission_earnings (id,tenant_id,earner_id,source_type,source_id,rate,base_amount,amount,status,period_start,period_end,created_at) VALUES ('comm-048','default-tenant-001','agent-002','sales_order','order-0233',0.02,1714.76,34.3,'pending','2025-11-01','2025-11-28','2025-11-04T12:00:00Z');
INSERT OR IGNORE INTO commission_earnings (id,tenant_id,earner_id,source_type,source_id,rate,base_amount,amount,status,period_start,period_end,created_at) VALUES ('comm-049','default-tenant-001','agent-001','sales_order','order-0041',0.03,1660.8,49.82,'approved','2025-11-01','2025-11-28','2025-11-25T12:00:00Z');
INSERT OR IGNORE INTO commission_earnings (id,tenant_id,earner_id,source_type,source_id,rate,base_amount,amount,status,period_start,period_end,created_at) VALUES ('comm-050','default-tenant-001','agent-004','sales_order','order-0429',0.02,1252.74,25.05,'approved','2025-12-01','2025-12-28','2025-12-11T12:00:00Z');
INSERT OR IGNORE INTO commission_earnings (id,tenant_id,earner_id,source_type,source_id,rate,base_amount,amount,status,period_start,period_end,created_at) VALUES ('comm-051','default-tenant-001','agent-002','sales_order','order-0235',0.03,3360.64,100.82,'pending','2026-02-01','2026-02-28','2026-02-05T12:00:00Z');
INSERT OR IGNORE INTO commission_earnings (id,tenant_id,earner_id,source_type,source_id,rate,base_amount,amount,status,period_start,period_end,created_at) VALUES ('comm-052','default-tenant-001','agent-003','sales_order','order-0255',0.03,2592.0,77.76,'pending','2026-01-01','2026-01-28','2026-01-28T12:00:00Z');
INSERT OR IGNORE INTO commission_earnings (id,tenant_id,earner_id,source_type,source_id,rate,base_amount,amount,status,period_start,period_end,created_at) VALUES ('comm-053','default-tenant-001','agent-005','sales_order','order-0109',0.08,3079.36,246.35,'paid','2026-02-01','2026-02-28','2026-02-14T12:00:00Z');
INSERT OR IGNORE INTO commission_earnings (id,tenant_id,earner_id,source_type,source_id,rate,base_amount,amount,status,period_start,period_end,created_at) VALUES ('comm-054','default-tenant-001','agent-002','sales_order','order-0295',0.1,3847.31,384.73,'pending','2026-01-01','2026-01-28','2026-01-07T12:00:00Z');
INSERT OR IGNORE INTO commission_earnings (id,tenant_id,earner_id,source_type,source_id,rate,base_amount,amount,status,period_start,period_end,created_at) VALUES ('comm-055','default-tenant-001','agent-002','sales_order','order-0118',0.08,2819.33,225.55,'paid','2025-10-01','2025-10-28','2025-10-26T12:00:00Z');
INSERT OR IGNORE INTO commission_earnings (id,tenant_id,earner_id,source_type,source_id,rate,base_amount,amount,status,period_start,period_end,created_at) VALUES ('comm-056','default-tenant-001','agent-003','sales_order','order-0287',0.03,3749.03,112.47,'pending','2026-01-01','2026-01-28','2026-01-06T12:00:00Z');
INSERT OR IGNORE INTO commission_earnings (id,tenant_id,earner_id,source_type,source_id,rate,base_amount,amount,status,period_start,period_end,created_at) VALUES ('comm-057','default-tenant-001','agent-003','sales_order','order-0034',0.02,4706.7,94.13,'pending','2026-02-01','2026-02-28','2026-02-01T12:00:00Z');
INSERT OR IGNORE INTO commission_earnings (id,tenant_id,earner_id,source_type,source_id,rate,base_amount,amount,status,period_start,period_end,created_at) VALUES ('comm-058','default-tenant-001','agent-002','sales_order','order-0404',0.03,1156.79,34.7,'approved','2025-12-01','2025-12-28','2025-12-05T12:00:00Z');
INSERT OR IGNORE INTO commission_earnings (id,tenant_id,earner_id,source_type,source_id,rate,base_amount,amount,status,period_start,period_end,created_at) VALUES ('comm-059','default-tenant-001','agent-user-001','sales_order','order-0126',0.08,2284.1,182.73,'pending','2025-12-01','2025-12-28','2025-12-31T12:00:00Z');
INSERT OR IGNORE INTO commission_earnings (id,tenant_id,earner_id,source_type,source_id,rate,base_amount,amount,status,period_start,period_end,created_at) VALUES ('comm-060','default-tenant-001','agent-user-001','sales_order','order-0260',0.08,502.35,40.19,'approved','2026-02-01','2026-02-28','2026-02-01T12:00:00Z');
INSERT OR IGNORE INTO commission_earnings (id,tenant_id,earner_id,source_type,source_id,rate,base_amount,amount,status,period_start,period_end,created_at) VALUES ('comm-061','default-tenant-001','agent-003','sales_order','order-0016',0.08,1037.59,83.01,'approved','2026-02-01','2026-02-28','2026-02-17T12:00:00Z');
INSERT OR IGNORE INTO commission_earnings (id,tenant_id,earner_id,source_type,source_id,rate,base_amount,amount,status,period_start,period_end,created_at) VALUES ('comm-062','default-tenant-001','agent-004','sales_order','order-0165',0.02,3877.12,77.54,'paid','2025-12-01','2025-12-28','2025-12-15T12:00:00Z');
INSERT OR IGNORE INTO commission_earnings (id,tenant_id,earner_id,source_type,source_id,rate,base_amount,amount,status,period_start,period_end,created_at) VALUES ('comm-063','default-tenant-001','agent-user-001','sales_order','order-0397',0.1,3390.87,339.09,'pending','2025-12-01','2025-12-28','2025-12-03T12:00:00Z');
INSERT OR IGNORE INTO commission_earnings (id,tenant_id,earner_id,source_type,source_id,rate,base_amount,amount,status,period_start,period_end,created_at) VALUES ('comm-064','default-tenant-001','agent-001','sales_order','order-0387',0.02,2954.4,59.09,'approved','2025-12-01','2025-12-28','2025-12-28T12:00:00Z');
INSERT OR IGNORE INTO commission_earnings (id,tenant_id,earner_id,source_type,source_id,rate,base_amount,amount,status,period_start,period_end,created_at) VALUES ('comm-065','default-tenant-001','agent-user-001','sales_order','order-0344',0.02,939.82,18.8,'pending','2025-11-01','2025-11-28','2025-11-02T12:00:00Z');
INSERT OR IGNORE INTO commission_earnings (id,tenant_id,earner_id,source_type,source_id,rate,base_amount,amount,status,period_start,period_end,created_at) VALUES ('comm-066','default-tenant-001','agent-001','sales_order','order-0395',0.08,2097.62,167.81,'paid','2026-01-01','2026-01-28','2026-01-13T12:00:00Z');
INSERT OR IGNORE INTO commission_earnings (id,tenant_id,earner_id,source_type,source_id,rate,base_amount,amount,status,period_start,period_end,created_at) VALUES ('comm-067','default-tenant-001','agent-001','sales_order','order-0105',0.03,4705.22,141.16,'pending','2025-11-01','2025-11-28','2025-11-19T12:00:00Z');
INSERT OR IGNORE INTO commission_earnings (id,tenant_id,earner_id,source_type,source_id,rate,base_amount,amount,status,period_start,period_end,created_at) VALUES ('comm-068','default-tenant-001','agent-005','sales_order','order-0056',0.08,2808.69,224.7,'paid','2025-10-01','2025-10-28','2025-10-25T12:00:00Z');
INSERT OR IGNORE INTO commission_earnings (id,tenant_id,earner_id,source_type,source_id,rate,base_amount,amount,status,period_start,period_end,created_at) VALUES ('comm-069','default-tenant-001','agent-002','sales_order','order-0206',0.03,2423.77,72.71,'paid','2026-02-01','2026-02-28','2026-02-16T12:00:00Z');
INSERT OR IGNORE INTO commission_earnings (id,tenant_id,earner_id,source_type,source_id,rate,base_amount,amount,status,period_start,period_end,created_at) VALUES ('comm-070','default-tenant-001','agent-003','sales_order','order-0189',0.02,538.64,10.77,'approved','2025-11-01','2025-11-28','2025-11-29T12:00:00Z');
INSERT OR IGNORE INTO commission_earnings (id,tenant_id,earner_id,source_type,source_id,rate,base_amount,amount,status,period_start,period_end,created_at) VALUES ('comm-071','default-tenant-001','agent-002','sales_order','order-0086',0.05,2871.38,143.57,'paid','2025-11-01','2025-11-28','2025-11-07T12:00:00Z');
INSERT OR IGNORE INTO commission_earnings (id,tenant_id,earner_id,source_type,source_id,rate,base_amount,amount,status,period_start,period_end,created_at) VALUES ('comm-072','default-tenant-001','agent-001','sales_order','order-0169',0.03,3102.33,93.07,'pending','2026-02-01','2026-02-28','2026-02-17T12:00:00Z');
INSERT OR IGNORE INTO commission_earnings (id,tenant_id,earner_id,source_type,source_id,rate,base_amount,amount,status,period_start,period_end,created_at) VALUES ('comm-073','default-tenant-001','agent-001','sales_order','order-0437',0.03,2415.37,72.46,'pending','2026-01-01','2026-01-28','2026-01-12T12:00:00Z');
INSERT OR IGNORE INTO commission_earnings (id,tenant_id,earner_id,source_type,source_id,rate,base_amount,amount,status,period_start,period_end,created_at) VALUES ('comm-074','default-tenant-001','agent-004','sales_order','order-0088',0.08,1821.66,145.73,'paid','2026-02-01','2026-02-28','2026-02-22T12:00:00Z');
INSERT OR IGNORE INTO commission_earnings (id,tenant_id,earner_id,source_type,source_id,rate,base_amount,amount,status,period_start,period_end,created_at) VALUES ('comm-075','default-tenant-001','agent-user-001','sales_order','order-0071',0.1,1390.11,139.01,'approved','2026-02-01','2026-02-28','2026-02-13T12:00:00Z');
INSERT OR IGNORE INTO commission_earnings (id,tenant_id,earner_id,source_type,source_id,rate,base_amount,amount,status,period_start,period_end,created_at) VALUES ('comm-076','default-tenant-001','agent-003','sales_order','order-0206',0.03,3640.9,109.23,'paid','2026-02-01','2026-02-28','2026-02-19T12:00:00Z');
INSERT OR IGNORE INTO commission_earnings (id,tenant_id,earner_id,source_type,source_id,rate,base_amount,amount,status,period_start,period_end,created_at) VALUES ('comm-077','default-tenant-001','agent-user-001','sales_order','order-0435',0.02,3467.06,69.34,'approved','2026-02-01','2026-02-28','2026-02-13T12:00:00Z');
INSERT OR IGNORE INTO commission_earnings (id,tenant_id,earner_id,source_type,source_id,rate,base_amount,amount,status,period_start,period_end,created_at) VALUES ('comm-078','default-tenant-001','agent-005','sales_order','order-0349',0.02,4667.42,93.35,'paid','2025-10-01','2025-10-28','2025-10-03T12:00:00Z');
INSERT OR IGNORE INTO commission_earnings (id,tenant_id,earner_id,source_type,source_id,rate,base_amount,amount,status,period_start,period_end,created_at) VALUES ('comm-079','default-tenant-001','agent-003','sales_order','order-0062',0.1,1597.14,159.71,'pending','2026-02-01','2026-02-28','2026-02-14T12:00:00Z');
INSERT OR IGNORE INTO commission_earnings (id,tenant_id,earner_id,source_type,source_id,rate,base_amount,amount,status,period_start,period_end,created_at) VALUES ('comm-080','default-tenant-001','agent-003','sales_order','order-0422',0.03,4274.33,128.23,'paid','2026-02-01','2026-02-28','2026-02-13T12:00:00Z');
INSERT OR IGNORE INTO commission_earnings (id,tenant_id,earner_id,source_type,source_id,rate,base_amount,amount,status,period_start,period_end,created_at) VALUES ('comm-081','default-tenant-001','agent-003','sales_order','order-0389',0.1,1891.14,189.11,'approved','2025-12-01','2025-12-28','2025-12-24T12:00:00Z');
INSERT OR IGNORE INTO commission_earnings (id,tenant_id,earner_id,source_type,source_id,rate,base_amount,amount,status,period_start,period_end,created_at) VALUES ('comm-082','default-tenant-001','agent-001','sales_order','order-0396',0.08,576.24,46.1,'pending','2026-01-01','2026-01-28','2026-01-13T12:00:00Z');
INSERT OR IGNORE INTO commission_earnings (id,tenant_id,earner_id,source_type,source_id,rate,base_amount,amount,status,period_start,period_end,created_at) VALUES ('comm-083','default-tenant-001','agent-003','sales_order','order-0212',0.05,2843.14,142.16,'pending','2025-12-01','2025-12-28','2025-12-24T12:00:00Z');
INSERT OR IGNORE INTO commission_earnings (id,tenant_id,earner_id,source_type,source_id,rate,base_amount,amount,status,period_start,period_end,created_at) VALUES ('comm-084','default-tenant-001','agent-001','sales_order','order-0383',0.08,2638.0,211.04,'pending','2026-01-01','2026-01-28','2026-01-31T12:00:00Z');
INSERT OR IGNORE INTO commission_earnings (id,tenant_id,earner_id,source_type,source_id,rate,base_amount,amount,status,period_start,period_end,created_at) VALUES ('comm-085','default-tenant-001','agent-user-001','sales_order','order-0492',0.08,2248.62,179.89,'approved','2025-10-01','2025-10-28','2025-10-03T12:00:00Z');
INSERT OR IGNORE INTO commission_earnings (id,tenant_id,earner_id,source_type,source_id,rate,base_amount,amount,status,period_start,period_end,created_at) VALUES ('comm-086','default-tenant-001','agent-user-001','sales_order','order-0067',0.08,3416.39,273.31,'pending','2025-10-01','2025-10-28','2025-10-22T12:00:00Z');
INSERT OR IGNORE INTO commission_earnings (id,tenant_id,earner_id,source_type,source_id,rate,base_amount,amount,status,period_start,period_end,created_at) VALUES ('comm-087','default-tenant-001','agent-005','sales_order','order-0177',0.08,4103.35,328.27,'paid','2025-12-01','2025-12-28','2025-12-04T12:00:00Z');
INSERT OR IGNORE INTO commission_earnings (id,tenant_id,earner_id,source_type,source_id,rate,base_amount,amount,status,period_start,period_end,created_at) VALUES ('comm-088','default-tenant-001','agent-002','sales_order','order-0131',0.02,4695.47,93.91,'approved','2025-12-01','2025-12-28','2025-12-31T12:00:00Z');
INSERT OR IGNORE INTO commission_earnings (id,tenant_id,earner_id,source_type,source_id,rate,base_amount,amount,status,period_start,period_end,created_at) VALUES ('comm-089','default-tenant-001','agent-user-001','sales_order','order-0325',0.05,1662.41,83.12,'pending','2026-02-01','2026-02-28','2026-02-17T12:00:00Z');
INSERT OR IGNORE INTO commission_earnings (id,tenant_id,earner_id,source_type,source_id,rate,base_amount,amount,status,period_start,period_end,created_at) VALUES ('comm-090','default-tenant-001','agent-001','sales_order','order-0330',0.1,2149.39,214.94,'paid','2025-11-01','2025-11-28','2025-11-24T12:00:00Z');
INSERT OR IGNORE INTO commission_earnings (id,tenant_id,earner_id,source_type,source_id,rate,base_amount,amount,status,period_start,period_end,created_at) VALUES ('comm-091','default-tenant-001','agent-004','sales_order','order-0228',0.05,3644.72,182.24,'pending','2025-10-01','2025-10-28','2025-10-07T12:00:00Z');
INSERT OR IGNORE INTO commission_earnings (id,tenant_id,earner_id,source_type,source_id,rate,base_amount,amount,status,period_start,period_end,created_at) VALUES ('comm-092','default-tenant-001','agent-001','sales_order','order-0032',0.03,2652.63,79.58,'pending','2025-10-01','2025-10-28','2025-10-19T12:00:00Z');
INSERT OR IGNORE INTO commission_earnings (id,tenant_id,earner_id,source_type,source_id,rate,base_amount,amount,status,period_start,period_end,created_at) VALUES ('comm-093','default-tenant-001','agent-001','sales_order','order-0208',0.05,2442.44,122.12,'approved','2025-11-01','2025-11-28','2025-11-02T12:00:00Z');
INSERT OR IGNORE INTO commission_earnings (id,tenant_id,earner_id,source_type,source_id,rate,base_amount,amount,status,period_start,period_end,created_at) VALUES ('comm-094','default-tenant-001','agent-003','sales_order','order-0406',0.02,1090.14,21.8,'pending','2025-12-01','2025-12-28','2025-12-14T12:00:00Z');
INSERT OR IGNORE INTO commission_earnings (id,tenant_id,earner_id,source_type,source_id,rate,base_amount,amount,status,period_start,period_end,created_at) VALUES ('comm-095','default-tenant-001','agent-005','sales_order','order-0308',0.1,1218.3,121.83,'pending','2026-02-01','2026-02-28','2026-02-09T12:00:00Z');
INSERT OR IGNORE INTO commission_earnings (id,tenant_id,earner_id,source_type,source_id,rate,base_amount,amount,status,period_start,period_end,created_at) VALUES ('comm-096','default-tenant-001','agent-002','sales_order','order-0396',0.02,1493.71,29.87,'pending','2025-10-01','2025-10-28','2025-10-18T12:00:00Z');
INSERT OR IGNORE INTO commission_earnings (id,tenant_id,earner_id,source_type,source_id,rate,base_amount,amount,status,period_start,period_end,created_at) VALUES ('comm-097','default-tenant-001','agent-002','sales_order','order-0028',0.1,867.14,86.71,'approved','2026-01-01','2026-01-28','2026-01-09T12:00:00Z');
INSERT OR IGNORE INTO commission_earnings (id,tenant_id,earner_id,source_type,source_id,rate,base_amount,amount,status,period_start,period_end,created_at) VALUES ('comm-098','default-tenant-001','agent-user-001','sales_order','order-0419',0.1,4850.91,485.09,'pending','2025-12-01','2025-12-28','2025-12-14T12:00:00Z');
INSERT OR IGNORE INTO commission_earnings (id,tenant_id,earner_id,source_type,source_id,rate,base_amount,amount,status,period_start,period_end,created_at) VALUES ('comm-099','default-tenant-001','agent-user-001','sales_order','order-0110',0.02,846.73,16.93,'approved','2025-11-01','2025-11-28','2025-11-09T12:00:00Z');
INSERT OR IGNORE INTO commission_earnings (id,tenant_id,earner_id,source_type,source_id,rate,base_amount,amount,status,period_start,period_end,created_at) VALUES ('comm-100','default-tenant-001','agent-002','sales_order','order-0274',0.03,4017.34,120.52,'paid','2025-11-01','2025-11-28','2025-11-20T12:00:00Z');
INSERT OR IGNORE INTO competitor_sightings (id,tenant_id,customer_id,agent_id,competitor_brand,activity_type,observed_price,impact_assessment,gps_latitude,gps_longitude,sighting_date) VALUES ('cs-001','default-tenant-001','cust-020','agent-002','Tiger Brands','PROMOTION',108.61,'medium',-33.0289,27.9119,'2026-02-20T10:00:00Z');
INSERT OR IGNORE INTO competitor_sightings (id,tenant_id,customer_id,agent_id,competitor_brand,activity_type,observed_price,impact_assessment,gps_latitude,gps_longitude,sighting_date) VALUES ('cs-002','default-tenant-001','cust-070','agent-003','Clover','PROMOTION',18.37,'medium',-29.8522,31.0217,'2026-02-04T10:00:00Z');
INSERT OR IGNORE INTO competitor_sightings (id,tenant_id,customer_id,agent_id,competitor_brand,activity_type,observed_price,impact_assessment,gps_latitude,gps_longitude,sighting_date) VALUES ('cs-003','default-tenant-001','cust-059','agent-002','ABI','DISPLAY',23.38,'medium',-28.7145,24.7388,'2025-11-14T10:00:00Z');
INSERT OR IGNORE INTO competitor_sightings (id,tenant_id,customer_id,agent_id,competitor_brand,activity_type,observed_price,impact_assessment,gps_latitude,gps_longitude,sighting_date) VALUES ('cs-004','default-tenant-001','cust-041','agent-005','Tiger Brands','NEW_PRODUCT',10.61,'medium',-33.9384,18.4388,'2026-01-31T10:00:00Z');
INSERT OR IGNORE INTO competitor_sightings (id,tenant_id,customer_id,agent_id,competitor_brand,activity_type,observed_price,impact_assessment,gps_latitude,gps_longitude,sighting_date) VALUES ('cs-005','default-tenant-001','cust-028','agent-002','Clover','PRICE_DROP',11.76,'medium',-33.9353,18.4393,'2025-12-19T10:00:00Z');
INSERT OR IGNORE INTO competitor_sightings (id,tenant_id,customer_id,agent_id,competitor_brand,activity_type,observed_price,impact_assessment,gps_latitude,gps_longitude,sighting_date) VALUES ('cs-006','default-tenant-001','cust-070','agent-004','Pioneer Foods','PROMOTION',39.48,'medium',-33.9762,25.5855,'2026-01-23T10:00:00Z');
INSERT OR IGNORE INTO competitor_sightings (id,tenant_id,customer_id,agent_id,competitor_brand,activity_type,observed_price,impact_assessment,gps_latitude,gps_longitude,sighting_date) VALUES ('cs-007','default-tenant-001','cust-047','agent-002','Pepsi','NEW_PRODUCT',29.04,'medium',-33.9230,18.4351,'2026-02-12T10:00:00Z');
INSERT OR IGNORE INTO competitor_sightings (id,tenant_id,customer_id,agent_id,competitor_brand,activity_type,observed_price,impact_assessment,gps_latitude,gps_longitude,sighting_date) VALUES ('cs-008','default-tenant-001','cust-065','agent-user-001','RCL Foods','DISPLAY',135.9,'medium',-33.9441,18.4281,'2026-03-09T10:00:00Z');
INSERT OR IGNORE INTO competitor_sightings (id,tenant_id,customer_id,agent_id,competitor_brand,activity_type,observed_price,impact_assessment,gps_latitude,gps_longitude,sighting_date) VALUES ('cs-009','default-tenant-001','cust-025','agent-003','Coca-Cola','DISPLAY',137.21,'medium',-28.7279,24.7479,'2025-12-23T10:00:00Z');
INSERT OR IGNORE INTO competitor_sightings (id,tenant_id,customer_id,agent_id,competitor_brand,activity_type,observed_price,impact_assessment,gps_latitude,gps_longitude,sighting_date) VALUES ('cs-010','default-tenant-001','cust-016','agent-005','Distell','SHELF_TAKEOVER',72.89,'medium',-33.9421,18.4321,'2026-03-03T10:00:00Z');
INSERT OR IGNORE INTO competitor_sightings (id,tenant_id,customer_id,agent_id,competitor_brand,activity_type,observed_price,impact_assessment,gps_latitude,gps_longitude,sighting_date) VALUES ('cs-011','default-tenant-001','cust-099','agent-004','Tiger Brands','PROMOTION',43.84,'medium',-25.7659,28.2418,'2025-12-04T10:00:00Z');
INSERT OR IGNORE INTO competitor_sightings (id,tenant_id,customer_id,agent_id,competitor_brand,activity_type,observed_price,impact_assessment,gps_latitude,gps_longitude,sighting_date) VALUES ('cs-012','default-tenant-001','cust-001','agent-004','Coca-Cola','PRICE_DROP',61.45,'medium',-33.0002,27.9157,'2025-12-04T10:00:00Z');
INSERT OR IGNORE INTO competitor_sightings (id,tenant_id,customer_id,agent_id,competitor_brand,activity_type,observed_price,impact_assessment,gps_latitude,gps_longitude,sighting_date) VALUES ('cs-013','default-tenant-001','cust-008','agent-005','Clover','PRICE_DROP',100.52,'medium',-33.0303,27.9050,'2026-01-27T10:00:00Z');
INSERT OR IGNORE INTO competitor_sightings (id,tenant_id,customer_id,agent_id,competitor_brand,activity_type,observed_price,impact_assessment,gps_latitude,gps_longitude,sighting_date) VALUES ('cs-014','default-tenant-001','cust-029','agent-002','Tiger Brands','SHELF_TAKEOVER',125.96,'medium',-23.9206,29.4585,'2026-01-15T10:00:00Z');
INSERT OR IGNORE INTO competitor_sightings (id,tenant_id,customer_id,agent_id,competitor_brand,activity_type,observed_price,impact_assessment,gps_latitude,gps_longitude,sighting_date) VALUES ('cs-015','default-tenant-001','cust-013','agent-002','Pepsi','SHELF_TAKEOVER',22.06,'medium',-28.7367,24.7333,'2025-12-16T10:00:00Z');
INSERT OR IGNORE INTO competitor_sightings (id,tenant_id,customer_id,agent_id,competitor_brand,activity_type,observed_price,impact_assessment,gps_latitude,gps_longitude,sighting_date) VALUES ('cs-016','default-tenant-001','cust-094','agent-002','Pepsi','NEW_PRODUCT',105.68,'medium',-33.0031,27.9090,'2026-01-16T10:00:00Z');
INSERT OR IGNORE INTO competitor_sightings (id,tenant_id,customer_id,agent_id,competitor_brand,activity_type,observed_price,impact_assessment,gps_latitude,gps_longitude,sighting_date) VALUES ('cs-017','default-tenant-001','cust-006','agent-user-001','Tiger Brands','NEW_PRODUCT',17.52,'medium',-29.0758,26.1761,'2025-11-25T10:00:00Z');
INSERT OR IGNORE INTO competitor_sightings (id,tenant_id,customer_id,agent_id,competitor_brand,activity_type,observed_price,impact_assessment,gps_latitude,gps_longitude,sighting_date) VALUES ('cs-018','default-tenant-001','cust-064','agent-001','Distell','PRICE_DROP',110.63,'medium',-29.0766,26.1673,'2025-12-24T10:00:00Z');
INSERT OR IGNORE INTO competitor_sightings (id,tenant_id,customer_id,agent_id,competitor_brand,activity_type,observed_price,impact_assessment,gps_latitude,gps_longitude,sighting_date) VALUES ('cs-019','default-tenant-001','cust-010','agent-003','Nestle','PROMOTION',93.32,'medium',-25.7421,28.2189,'2025-10-21T10:00:00Z');
INSERT OR IGNORE INTO competitor_sightings (id,tenant_id,customer_id,agent_id,competitor_brand,activity_type,observed_price,impact_assessment,gps_latitude,gps_longitude,sighting_date) VALUES ('cs-020','default-tenant-001','cust-058','agent-002','ABI','NEW_PRODUCT',27.09,'medium',-26.2096,28.0495,'2025-12-07T10:00:00Z');
INSERT OR IGNORE INTO competitor_sightings (id,tenant_id,customer_id,agent_id,competitor_brand,activity_type,observed_price,impact_assessment,gps_latitude,gps_longitude,sighting_date) VALUES ('cs-021','default-tenant-001','cust-005','agent-004','Nestle','PROMOTION',77.31,'medium',-29.8429,31.0328,'2025-11-10T10:00:00Z');
INSERT OR IGNORE INTO competitor_sightings (id,tenant_id,customer_id,agent_id,competitor_brand,activity_type,observed_price,impact_assessment,gps_latitude,gps_longitude,sighting_date) VALUES ('cs-022','default-tenant-001','cust-085','agent-001','Distell','PRICE_DROP',116.06,'medium',-33.9128,18.4249,'2025-11-25T10:00:00Z');
INSERT OR IGNORE INTO competitor_sightings (id,tenant_id,customer_id,agent_id,competitor_brand,activity_type,observed_price,impact_assessment,gps_latitude,gps_longitude,sighting_date) VALUES ('cs-023','default-tenant-001','cust-004','agent-005','Coca-Cola','SHELF_TAKEOVER',147.21,'medium',-28.7226,24.7685,'2025-10-25T10:00:00Z');
INSERT OR IGNORE INTO competitor_sightings (id,tenant_id,customer_id,agent_id,competitor_brand,activity_type,observed_price,impact_assessment,gps_latitude,gps_longitude,sighting_date) VALUES ('cs-024','default-tenant-001','cust-016','agent-002','Pepsi','PRICE_DROP',138.41,'medium',-33.9418,25.5863,'2025-11-09T10:00:00Z');
INSERT OR IGNORE INTO competitor_sightings (id,tenant_id,customer_id,agent_id,competitor_brand,activity_type,observed_price,impact_assessment,gps_latitude,gps_longitude,sighting_date) VALUES ('cs-025','default-tenant-001','cust-017','agent-user-001','Clover','NEW_PRODUCT',69.02,'medium',-25.7555,28.2107,'2025-11-08T10:00:00Z');
INSERT OR IGNORE INTO competitor_sightings (id,tenant_id,customer_id,agent_id,competitor_brand,activity_type,observed_price,impact_assessment,gps_latitude,gps_longitude,sighting_date) VALUES ('cs-026','default-tenant-001','cust-065','agent-003','Unilever','NEW_PRODUCT',75.54,'medium',-33.0202,27.9061,'2026-01-08T10:00:00Z');
INSERT OR IGNORE INTO competitor_sightings (id,tenant_id,customer_id,agent_id,competitor_brand,activity_type,observed_price,impact_assessment,gps_latitude,gps_longitude,sighting_date) VALUES ('cs-027','default-tenant-001','cust-071','agent-002','Coca-Cola','DISPLAY',45.83,'medium',-29.0760,26.1729,'2026-01-04T10:00:00Z');
INSERT OR IGNORE INTO competitor_sightings (id,tenant_id,customer_id,agent_id,competitor_brand,activity_type,observed_price,impact_assessment,gps_latitude,gps_longitude,sighting_date) VALUES ('cs-028','default-tenant-001','cust-041','agent-002','Pepsi','SHELF_TAKEOVER',111.81,'medium',-29.0703,26.1651,'2026-01-11T10:00:00Z');
INSERT OR IGNORE INTO competitor_sightings (id,tenant_id,customer_id,agent_id,competitor_brand,activity_type,observed_price,impact_assessment,gps_latitude,gps_longitude,sighting_date) VALUES ('cs-029','default-tenant-001','cust-098','agent-004','Unilever','NEW_PRODUCT',45.11,'medium',-29.0981,26.1716,'2025-10-02T10:00:00Z');
INSERT OR IGNORE INTO competitor_sightings (id,tenant_id,customer_id,agent_id,competitor_brand,activity_type,observed_price,impact_assessment,gps_latitude,gps_longitude,sighting_date) VALUES ('cs-030','default-tenant-001','cust-020','agent-001','Distell','NEW_PRODUCT',24.65,'medium',-33.9292,18.4426,'2025-10-22T10:00:00Z');
INSERT OR IGNORE INTO competitor_sightings (id,tenant_id,customer_id,agent_id,competitor_brand,activity_type,observed_price,impact_assessment,gps_latitude,gps_longitude,sighting_date) VALUES ('cs-031','default-tenant-001','cust-024','agent-003','Coca-Cola','PRICE_DROP',122.86,'medium',-29.0776,26.1756,'2025-12-07T10:00:00Z');
INSERT OR IGNORE INTO competitor_sightings (id,tenant_id,customer_id,agent_id,competitor_brand,activity_type,observed_price,impact_assessment,gps_latitude,gps_longitude,sighting_date) VALUES ('cs-032','default-tenant-001','cust-031','agent-005','Distell','DISPLAY',47.67,'medium',-23.9063,29.4861,'2026-03-09T10:00:00Z');
INSERT OR IGNORE INTO competitor_sightings (id,tenant_id,customer_id,agent_id,competitor_brand,activity_type,observed_price,impact_assessment,gps_latitude,gps_longitude,sighting_date) VALUES ('cs-033','default-tenant-001','cust-029','agent-002','ABI','NEW_PRODUCT',136.32,'medium',-33.9580,25.6056,'2025-12-10T10:00:00Z');
INSERT OR IGNORE INTO competitor_sightings (id,tenant_id,customer_id,agent_id,competitor_brand,activity_type,observed_price,impact_assessment,gps_latitude,gps_longitude,sighting_date) VALUES ('cs-034','default-tenant-001','cust-036','agent-005','Unilever','DISPLAY',106.97,'medium',-25.4810,30.9872,'2026-01-27T10:00:00Z');
INSERT OR IGNORE INTO competitor_sightings (id,tenant_id,customer_id,agent_id,competitor_brand,activity_type,observed_price,impact_assessment,gps_latitude,gps_longitude,sighting_date) VALUES ('cs-035','default-tenant-001','cust-087','agent-004','Clover','NEW_PRODUCT',67.66,'medium',-23.9028,29.4547,'2025-11-12T10:00:00Z');
INSERT OR IGNORE INTO competitor_sightings (id,tenant_id,customer_id,agent_id,competitor_brand,activity_type,observed_price,impact_assessment,gps_latitude,gps_longitude,sighting_date) VALUES ('cs-036','default-tenant-001','cust-032','agent-001','Pepsi','PROMOTION',86.93,'medium',-28.7290,24.7515,'2025-10-28T10:00:00Z');
INSERT OR IGNORE INTO competitor_sightings (id,tenant_id,customer_id,agent_id,competitor_brand,activity_type,observed_price,impact_assessment,gps_latitude,gps_longitude,sighting_date) VALUES ('cs-037','default-tenant-001','cust-086','agent-001','Unilever','PRICE_DROP',25.16,'medium',-25.4685,30.9650,'2026-01-01T10:00:00Z');
INSERT OR IGNORE INTO competitor_sightings (id,tenant_id,customer_id,agent_id,competitor_brand,activity_type,observed_price,impact_assessment,gps_latitude,gps_longitude,sighting_date) VALUES ('cs-038','default-tenant-001','cust-026','agent-001','Coca-Cola','PRICE_DROP',50.67,'medium',-26.2142,28.0516,'2026-01-29T10:00:00Z');
INSERT OR IGNORE INTO competitor_sightings (id,tenant_id,customer_id,agent_id,competitor_brand,activity_type,observed_price,impact_assessment,gps_latitude,gps_longitude,sighting_date) VALUES ('cs-039','default-tenant-001','cust-082','agent-005','Coca-Cola','SHELF_TAKEOVER',127.14,'medium',-23.9081,29.4612,'2025-12-09T10:00:00Z');
INSERT OR IGNORE INTO competitor_sightings (id,tenant_id,customer_id,agent_id,competitor_brand,activity_type,observed_price,impact_assessment,gps_latitude,gps_longitude,sighting_date) VALUES ('cs-040','default-tenant-001','cust-033','agent-004','Clover','DISPLAY',70.23,'medium',-33.0232,27.9307,'2025-12-23T10:00:00Z');
INSERT OR IGNORE INTO competitor_sightings (id,tenant_id,customer_id,agent_id,competitor_brand,activity_type,observed_price,impact_assessment,gps_latitude,gps_longitude,sighting_date) VALUES ('cs-041','default-tenant-001','cust-077','agent-003','Clover','SHELF_TAKEOVER',130.04,'medium',-23.9055,29.4777,'2026-03-08T10:00:00Z');
INSERT OR IGNORE INTO competitor_sightings (id,tenant_id,customer_id,agent_id,competitor_brand,activity_type,observed_price,impact_assessment,gps_latitude,gps_longitude,sighting_date) VALUES ('cs-042','default-tenant-001','cust-019','agent-004','Nestle','PROMOTION',127.69,'medium',-26.2042,28.0400,'2025-11-13T10:00:00Z');
INSERT OR IGNORE INTO competitor_sightings (id,tenant_id,customer_id,agent_id,competitor_brand,activity_type,observed_price,impact_assessment,gps_latitude,gps_longitude,sighting_date) VALUES ('cs-043','default-tenant-001','cust-091','agent-003','Unilever','PRICE_DROP',66.2,'medium',-33.0340,27.9187,'2026-02-02T10:00:00Z');
INSERT OR IGNORE INTO competitor_sightings (id,tenant_id,customer_id,agent_id,competitor_brand,activity_type,observed_price,impact_assessment,gps_latitude,gps_longitude,sighting_date) VALUES ('cs-044','default-tenant-001','cust-093','agent-005','RCL Foods','PROMOTION',80.94,'medium',-33.0139,27.9072,'2026-01-24T10:00:00Z');
INSERT OR IGNORE INTO competitor_sightings (id,tenant_id,customer_id,agent_id,competitor_brand,activity_type,observed_price,impact_assessment,gps_latitude,gps_longitude,sighting_date) VALUES ('cs-045','default-tenant-001','cust-093','agent-005','Coca-Cola','SHELF_TAKEOVER',85.55,'medium',-25.7283,28.2109,'2025-12-27T10:00:00Z');
INSERT OR IGNORE INTO competitor_sightings (id,tenant_id,customer_id,agent_id,competitor_brand,activity_type,observed_price,impact_assessment,gps_latitude,gps_longitude,sighting_date) VALUES ('cs-046','default-tenant-001','cust-005','agent-004','Unilever','SHELF_TAKEOVER',55.73,'medium',-29.8537,31.0253,'2025-11-30T10:00:00Z');
INSERT OR IGNORE INTO competitor_sightings (id,tenant_id,customer_id,agent_id,competitor_brand,activity_type,observed_price,impact_assessment,gps_latitude,gps_longitude,sighting_date) VALUES ('cs-047','default-tenant-001','cust-066','agent-002','Unilever','PRICE_DROP',129.72,'medium',-26.2239,28.0569,'2025-12-01T10:00:00Z');
INSERT OR IGNORE INTO competitor_sightings (id,tenant_id,customer_id,agent_id,competitor_brand,activity_type,observed_price,impact_assessment,gps_latitude,gps_longitude,sighting_date) VALUES ('cs-048','default-tenant-001','cust-089','agent-005','Nestle','PROMOTION',129.51,'medium',-33.0216,27.9081,'2025-10-31T10:00:00Z');
INSERT OR IGNORE INTO competitor_sightings (id,tenant_id,customer_id,agent_id,competitor_brand,activity_type,observed_price,impact_assessment,gps_latitude,gps_longitude,sighting_date) VALUES ('cs-049','default-tenant-001','cust-042','agent-005','Pioneer Foods','SHELF_TAKEOVER',97.4,'medium',-33.9715,25.6033,'2025-10-13T10:00:00Z');
INSERT OR IGNORE INTO competitor_sightings (id,tenant_id,customer_id,agent_id,competitor_brand,activity_type,observed_price,impact_assessment,gps_latitude,gps_longitude,sighting_date) VALUES ('cs-050','default-tenant-001','cust-064','agent-001','Nestle','SHELF_TAKEOVER',80.33,'medium',-29.8439,31.0068,'2026-01-08T10:00:00Z');
INSERT OR IGNORE INTO anomaly_flags (id,tenant_id,agent_id,anomaly_type,severity,description,status,created_at) VALUES ('anom-001','default-tenant-001','agent-002','ROUTE_DEVIATION','LOW','Detected route deviation for agent activity','OPEN','2026-01-26T12:00:00Z');
INSERT OR IGNORE INTO anomaly_flags (id,tenant_id,agent_id,anomaly_type,severity,description,status,created_at) VALUES ('anom-002','default-tenant-001','agent-004','GPS_MISMATCH','HIGH','Detected gps mismatch for agent activity','OPEN','2025-10-22T12:00:00Z');
INSERT OR IGNORE INTO anomaly_flags (id,tenant_id,agent_id,anomaly_type,severity,description,status,created_at) VALUES ('anom-003','default-tenant-001','agent-002','AFTER_HOURS_ACTIVITY','CRITICAL','Detected after hours activity for agent activity','OPEN','2025-11-17T12:00:00Z');
INSERT OR IGNORE INTO anomaly_flags (id,tenant_id,agent_id,anomaly_type,severity,description,status,created_at) VALUES ('anom-004','default-tenant-001','agent-user-001','EXCESSIVE_RETURNS','HIGH','Detected excessive returns for agent activity','OPEN','2025-12-09T12:00:00Z');
INSERT OR IGNORE INTO anomaly_flags (id,tenant_id,agent_id,anomaly_type,severity,description,status,created_at) VALUES ('anom-005','default-tenant-001','agent-005','AFTER_HOURS_ACTIVITY','LOW','Detected after hours activity for agent activity','OPEN','2026-03-06T12:00:00Z');
INSERT OR IGNORE INTO anomaly_flags (id,tenant_id,agent_id,anomaly_type,severity,description,status,created_at) VALUES ('anom-006','default-tenant-001','agent-003','GPS_MISMATCH','MEDIUM','Detected gps mismatch for agent activity','OPEN','2026-02-21T12:00:00Z');
INSERT OR IGNORE INTO anomaly_flags (id,tenant_id,agent_id,anomaly_type,severity,description,status,created_at) VALUES ('anom-007','default-tenant-001','agent-001','HIGH_VALUE_ORDER','MEDIUM','Detected high value order for agent activity','OPEN','2025-10-22T12:00:00Z');
INSERT OR IGNORE INTO anomaly_flags (id,tenant_id,agent_id,anomaly_type,severity,description,status,created_at) VALUES ('anom-008','default-tenant-001','agent-003','EXCESSIVE_RETURNS','MEDIUM','Detected excessive returns for agent activity','OPEN','2025-10-15T12:00:00Z');
INSERT OR IGNORE INTO anomaly_flags (id,tenant_id,agent_id,anomaly_type,severity,description,status,created_at) VALUES ('anom-009','default-tenant-001','agent-001','GPS_MISMATCH','CRITICAL','Detected gps mismatch for agent activity','OPEN','2025-10-13T12:00:00Z');
INSERT OR IGNORE INTO anomaly_flags (id,tenant_id,agent_id,anomaly_type,severity,description,status,created_at) VALUES ('anom-010','default-tenant-001','agent-005','UNUSUAL_DISCOUNT','LOW','Detected unusual discount for agent activity','OPEN','2026-01-11T12:00:00Z');
INSERT OR IGNORE INTO van_stock_loads (id,tenant_id,agent_id,vehicle_reg,warehouse_id,status,load_date,created_by,created_at) VALUES ('vl-001','default-tenant-001','agent-user-001','WC-901-234','wh-001','returned','2025-11-15T07:00:00Z','admin-user-001','2025-11-15T07:00:00Z');
INSERT OR IGNORE INTO van_stock_loads (id,tenant_id,agent_id,vehicle_reg,warehouse_id,status,load_date,created_by,created_at) VALUES ('vl-002','default-tenant-001','agent-002','GP-789-012','wh-001','in_transit','2025-10-04T07:00:00Z','admin-user-001','2025-10-04T07:00:00Z');
INSERT OR IGNORE INTO van_stock_loads (id,tenant_id,agent_id,vehicle_reg,warehouse_id,status,load_date,created_by,created_at) VALUES ('vl-003','default-tenant-001','agent-003','EC-567-890','wh-002','completed','2025-11-17T07:00:00Z','admin-user-001','2025-11-17T07:00:00Z');
INSERT OR IGNORE INTO van_stock_loads (id,tenant_id,agent_id,vehicle_reg,warehouse_id,status,load_date,created_by,created_at) VALUES ('vl-004','default-tenant-001','agent-003','CA-123-456','wh-002','loaded','2025-10-27T07:00:00Z','admin-user-001','2025-10-27T07:00:00Z');
INSERT OR IGNORE INTO van_stock_loads (id,tenant_id,agent_id,vehicle_reg,warehouse_id,status,load_date,created_by,created_at) VALUES ('vl-005','default-tenant-001','agent-003','GP-789-012','wh-001','returned','2025-10-14T07:00:00Z','admin-user-001','2025-10-14T07:00:00Z');
INSERT OR IGNORE INTO van_stock_loads (id,tenant_id,agent_id,vehicle_reg,warehouse_id,status,load_date,created_by,created_at) VALUES ('vl-006','default-tenant-001','agent-004','CA-123-456','wh-002','completed','2025-12-06T07:00:00Z','admin-user-001','2025-12-06T07:00:00Z');
INSERT OR IGNORE INTO van_stock_loads (id,tenant_id,agent_id,vehicle_reg,warehouse_id,status,load_date,created_by,created_at) VALUES ('vl-007','default-tenant-001','agent-001','KZN-345-678','wh-002','completed','2025-11-02T07:00:00Z','admin-user-001','2025-11-02T07:00:00Z');
INSERT OR IGNORE INTO van_stock_loads (id,tenant_id,agent_id,vehicle_reg,warehouse_id,status,load_date,created_by,created_at) VALUES ('vl-008','default-tenant-001','agent-user-001','GP-789-012','wh-002','in_transit','2025-12-25T07:00:00Z','admin-user-001','2025-12-25T07:00:00Z');
INSERT OR IGNORE INTO van_stock_loads (id,tenant_id,agent_id,vehicle_reg,warehouse_id,status,load_date,created_by,created_at) VALUES ('vl-009','default-tenant-001','agent-user-001','WC-901-234','wh-001','completed','2026-01-12T07:00:00Z','admin-user-001','2026-01-12T07:00:00Z');
INSERT OR IGNORE INTO van_stock_loads (id,tenant_id,agent_id,vehicle_reg,warehouse_id,status,load_date,created_by,created_at) VALUES ('vl-010','default-tenant-001','agent-user-001','KZN-345-678','wh-003','completed','2025-10-23T07:00:00Z','admin-user-001','2025-10-23T07:00:00Z');
INSERT OR IGNORE INTO van_stock_loads (id,tenant_id,agent_id,vehicle_reg,warehouse_id,status,load_date,created_by,created_at) VALUES ('vl-011','default-tenant-001','agent-003','CA-123-456','wh-001','returned','2025-11-11T07:00:00Z','admin-user-001','2025-11-11T07:00:00Z');
INSERT OR IGNORE INTO van_stock_loads (id,tenant_id,agent_id,vehicle_reg,warehouse_id,status,load_date,created_by,created_at) VALUES ('vl-012','default-tenant-001','agent-005','GP-789-012','wh-002','completed','2025-12-11T07:00:00Z','admin-user-001','2025-12-11T07:00:00Z');
INSERT OR IGNORE INTO van_stock_loads (id,tenant_id,agent_id,vehicle_reg,warehouse_id,status,load_date,created_by,created_at) VALUES ('vl-013','default-tenant-001','agent-004','GP-789-012','wh-001','completed','2026-03-06T07:00:00Z','admin-user-001','2026-03-06T07:00:00Z');
INSERT OR IGNORE INTO van_stock_loads (id,tenant_id,agent_id,vehicle_reg,warehouse_id,status,load_date,created_by,created_at) VALUES ('vl-014','default-tenant-001','agent-003','GP-789-012','wh-002','returned','2025-11-10T07:00:00Z','admin-user-001','2025-11-10T07:00:00Z');
INSERT OR IGNORE INTO van_stock_loads (id,tenant_id,agent_id,vehicle_reg,warehouse_id,status,load_date,created_by,created_at) VALUES ('vl-015','default-tenant-001','agent-002','WC-901-234','wh-003','in_transit','2026-01-18T07:00:00Z','admin-user-001','2026-01-18T07:00:00Z');
INSERT OR IGNORE INTO van_stock_loads (id,tenant_id,agent_id,vehicle_reg,warehouse_id,status,load_date,created_by,created_at) VALUES ('vl-016','default-tenant-001','agent-001','KZN-345-678','wh-002','completed','2026-02-23T07:00:00Z','admin-user-001','2026-02-23T07:00:00Z');
INSERT OR IGNORE INTO van_stock_loads (id,tenant_id,agent_id,vehicle_reg,warehouse_id,status,load_date,created_by,created_at) VALUES ('vl-017','default-tenant-001','agent-001','WC-901-234','wh-001','returned','2026-02-26T07:00:00Z','admin-user-001','2026-02-26T07:00:00Z');
INSERT OR IGNORE INTO van_stock_loads (id,tenant_id,agent_id,vehicle_reg,warehouse_id,status,load_date,created_by,created_at) VALUES ('vl-018','default-tenant-001','agent-003','WC-901-234','wh-001','completed','2025-12-23T07:00:00Z','admin-user-001','2025-12-23T07:00:00Z');
INSERT OR IGNORE INTO van_stock_loads (id,tenant_id,agent_id,vehicle_reg,warehouse_id,status,load_date,created_by,created_at) VALUES ('vl-019','default-tenant-001','agent-user-001','EC-567-890','wh-003','completed','2026-01-21T07:00:00Z','admin-user-001','2026-01-21T07:00:00Z');
INSERT OR IGNORE INTO van_stock_loads (id,tenant_id,agent_id,vehicle_reg,warehouse_id,status,load_date,created_by,created_at) VALUES ('vl-020','default-tenant-001','agent-004','GP-789-012','wh-003','in_transit','2026-01-07T07:00:00Z','admin-user-001','2026-01-07T07:00:00Z');
INSERT OR IGNORE INTO van_stock_loads (id,tenant_id,agent_id,vehicle_reg,warehouse_id,status,load_date,created_by,created_at) VALUES ('vl-021','default-tenant-001','agent-004','KZN-345-678','wh-003','in_transit','2026-01-26T07:00:00Z','admin-user-001','2026-01-26T07:00:00Z');
INSERT OR IGNORE INTO van_stock_loads (id,tenant_id,agent_id,vehicle_reg,warehouse_id,status,load_date,created_by,created_at) VALUES ('vl-022','default-tenant-001','agent-005','EC-567-890','wh-002','in_transit','2026-01-09T07:00:00Z','admin-user-001','2026-01-09T07:00:00Z');
INSERT OR IGNORE INTO van_stock_loads (id,tenant_id,agent_id,vehicle_reg,warehouse_id,status,load_date,created_by,created_at) VALUES ('vl-023','default-tenant-001','agent-user-001','WC-901-234','wh-001','completed','2025-12-11T07:00:00Z','admin-user-001','2025-12-11T07:00:00Z');
INSERT OR IGNORE INTO van_stock_loads (id,tenant_id,agent_id,vehicle_reg,warehouse_id,status,load_date,created_by,created_at) VALUES ('vl-024','default-tenant-001','agent-003','CA-123-456','wh-001','completed','2026-02-21T07:00:00Z','admin-user-001','2026-02-21T07:00:00Z');
INSERT OR IGNORE INTO van_stock_loads (id,tenant_id,agent_id,vehicle_reg,warehouse_id,status,load_date,created_by,created_at) VALUES ('vl-025','default-tenant-001','agent-003','WC-901-234','wh-003','loaded','2026-03-09T07:00:00Z','admin-user-001','2026-03-09T07:00:00Z');
INSERT OR IGNORE INTO van_stock_loads (id,tenant_id,agent_id,vehicle_reg,warehouse_id,status,load_date,created_by,created_at) VALUES ('vl-026','default-tenant-001','agent-002','KZN-345-678','wh-001','in_transit','2025-12-22T07:00:00Z','admin-user-001','2025-12-22T07:00:00Z');
INSERT OR IGNORE INTO van_stock_loads (id,tenant_id,agent_id,vehicle_reg,warehouse_id,status,load_date,created_by,created_at) VALUES ('vl-027','default-tenant-001','agent-user-001','EC-567-890','wh-003','returned','2026-01-31T07:00:00Z','admin-user-001','2026-01-31T07:00:00Z');
INSERT OR IGNORE INTO van_stock_loads (id,tenant_id,agent_id,vehicle_reg,warehouse_id,status,load_date,created_by,created_at) VALUES ('vl-028','default-tenant-001','agent-002','WC-901-234','wh-003','completed','2025-12-26T07:00:00Z','admin-user-001','2025-12-26T07:00:00Z');
INSERT OR IGNORE INTO van_stock_loads (id,tenant_id,agent_id,vehicle_reg,warehouse_id,status,load_date,created_by,created_at) VALUES ('vl-029','default-tenant-001','agent-005','WC-901-234','wh-002','loaded','2025-10-31T07:00:00Z','admin-user-001','2025-10-31T07:00:00Z');
INSERT OR IGNORE INTO van_stock_loads (id,tenant_id,agent_id,vehicle_reg,warehouse_id,status,load_date,created_by,created_at) VALUES ('vl-030','default-tenant-001','agent-004','CA-123-456','wh-002','completed','2025-12-03T07:00:00Z','admin-user-001','2025-12-03T07:00:00Z');
INSERT OR IGNORE INTO van_stock_loads (id,tenant_id,agent_id,vehicle_reg,warehouse_id,status,load_date,created_by,created_at) VALUES ('vl-031','default-tenant-001','agent-001','WC-901-234','wh-003','completed','2025-10-14T07:00:00Z','admin-user-001','2025-10-14T07:00:00Z');
INSERT OR IGNORE INTO van_stock_loads (id,tenant_id,agent_id,vehicle_reg,warehouse_id,status,load_date,created_by,created_at) VALUES ('vl-032','default-tenant-001','agent-004','EC-567-890','wh-003','completed','2025-12-18T07:00:00Z','admin-user-001','2025-12-18T07:00:00Z');
INSERT OR IGNORE INTO van_stock_loads (id,tenant_id,agent_id,vehicle_reg,warehouse_id,status,load_date,created_by,created_at) VALUES ('vl-033','default-tenant-001','agent-005','WC-901-234','wh-003','completed','2026-02-13T07:00:00Z','admin-user-001','2026-02-13T07:00:00Z');
INSERT OR IGNORE INTO van_stock_loads (id,tenant_id,agent_id,vehicle_reg,warehouse_id,status,load_date,created_by,created_at) VALUES ('vl-034','default-tenant-001','agent-user-001','CA-123-456','wh-002','in_transit','2025-11-30T07:00:00Z','admin-user-001','2025-11-30T07:00:00Z');
INSERT OR IGNORE INTO van_stock_loads (id,tenant_id,agent_id,vehicle_reg,warehouse_id,status,load_date,created_by,created_at) VALUES ('vl-035','default-tenant-001','agent-004','WC-901-234','wh-003','completed','2026-01-24T07:00:00Z','admin-user-001','2026-01-24T07:00:00Z');
INSERT OR IGNORE INTO van_stock_loads (id,tenant_id,agent_id,vehicle_reg,warehouse_id,status,load_date,created_by,created_at) VALUES ('vl-036','default-tenant-001','agent-002','GP-789-012','wh-003','in_transit','2025-10-16T07:00:00Z','admin-user-001','2025-10-16T07:00:00Z');
INSERT OR IGNORE INTO van_stock_loads (id,tenant_id,agent_id,vehicle_reg,warehouse_id,status,load_date,created_by,created_at) VALUES ('vl-037','default-tenant-001','agent-003','EC-567-890','wh-002','in_transit','2025-11-08T07:00:00Z','admin-user-001','2025-11-08T07:00:00Z');
INSERT OR IGNORE INTO van_stock_loads (id,tenant_id,agent_id,vehicle_reg,warehouse_id,status,load_date,created_by,created_at) VALUES ('vl-038','default-tenant-001','agent-004','EC-567-890','wh-001','loaded','2025-10-25T07:00:00Z','admin-user-001','2025-10-25T07:00:00Z');
INSERT OR IGNORE INTO van_stock_loads (id,tenant_id,agent_id,vehicle_reg,warehouse_id,status,load_date,created_by,created_at) VALUES ('vl-039','default-tenant-001','agent-001','KZN-345-678','wh-003','completed','2025-10-28T07:00:00Z','admin-user-001','2025-10-28T07:00:00Z');
INSERT OR IGNORE INTO van_stock_loads (id,tenant_id,agent_id,vehicle_reg,warehouse_id,status,load_date,created_by,created_at) VALUES ('vl-040','default-tenant-001','agent-004','EC-567-890','wh-001','in_transit','2026-01-25T07:00:00Z','admin-user-001','2026-01-25T07:00:00Z');
INSERT OR IGNORE INTO van_stock_loads (id,tenant_id,agent_id,vehicle_reg,warehouse_id,status,load_date,created_by,created_at) VALUES ('vl-041','default-tenant-001','agent-004','GP-789-012','wh-003','in_transit','2026-01-22T07:00:00Z','admin-user-001','2026-01-22T07:00:00Z');
INSERT OR IGNORE INTO van_stock_loads (id,tenant_id,agent_id,vehicle_reg,warehouse_id,status,load_date,created_by,created_at) VALUES ('vl-042','default-tenant-001','agent-user-001','KZN-345-678','wh-002','loaded','2026-02-09T07:00:00Z','admin-user-001','2026-02-09T07:00:00Z');
INSERT OR IGNORE INTO van_stock_loads (id,tenant_id,agent_id,vehicle_reg,warehouse_id,status,load_date,created_by,created_at) VALUES ('vl-043','default-tenant-001','agent-005','CA-123-456','wh-002','completed','2025-10-07T07:00:00Z','admin-user-001','2025-10-07T07:00:00Z');
INSERT OR IGNORE INTO van_stock_loads (id,tenant_id,agent_id,vehicle_reg,warehouse_id,status,load_date,created_by,created_at) VALUES ('vl-044','default-tenant-001','agent-005','KZN-345-678','wh-003','loaded','2026-02-05T07:00:00Z','admin-user-001','2026-02-05T07:00:00Z');
INSERT OR IGNORE INTO van_stock_loads (id,tenant_id,agent_id,vehicle_reg,warehouse_id,status,load_date,created_by,created_at) VALUES ('vl-045','default-tenant-001','agent-004','EC-567-890','wh-002','completed','2026-01-26T07:00:00Z','admin-user-001','2026-01-26T07:00:00Z');
INSERT OR IGNORE INTO van_stock_loads (id,tenant_id,agent_id,vehicle_reg,warehouse_id,status,load_date,created_by,created_at) VALUES ('vl-046','default-tenant-001','agent-001','CA-123-456','wh-003','completed','2025-12-28T07:00:00Z','admin-user-001','2025-12-28T07:00:00Z');
INSERT OR IGNORE INTO van_stock_loads (id,tenant_id,agent_id,vehicle_reg,warehouse_id,status,load_date,created_by,created_at) VALUES ('vl-047','default-tenant-001','agent-003','GP-789-012','wh-001','completed','2026-01-04T07:00:00Z','admin-user-001','2026-01-04T07:00:00Z');
INSERT OR IGNORE INTO van_stock_loads (id,tenant_id,agent_id,vehicle_reg,warehouse_id,status,load_date,created_by,created_at) VALUES ('vl-048','default-tenant-001','agent-003','KZN-345-678','wh-003','returned','2026-02-02T07:00:00Z','admin-user-001','2026-02-02T07:00:00Z');
INSERT OR IGNORE INTO van_stock_loads (id,tenant_id,agent_id,vehicle_reg,warehouse_id,status,load_date,created_by,created_at) VALUES ('vl-049','default-tenant-001','agent-002','GP-789-012','wh-003','completed','2026-01-17T07:00:00Z','admin-user-001','2026-01-17T07:00:00Z');
INSERT OR IGNORE INTO van_stock_loads (id,tenant_id,agent_id,vehicle_reg,warehouse_id,status,load_date,created_by,created_at) VALUES ('vl-050','default-tenant-001','agent-003','KZN-345-678','wh-003','returned','2025-10-11T07:00:00Z','admin-user-001','2025-10-11T07:00:00Z');